geoid,county_name,state,risk_score,eal_score,eal_valt,sovi_score,resl_score,wildfire_risk_score,wildfire_eal_score,wildfire_eal_total,wildfire_annualized_frequency,riverine_flood_risk_score,riverine_flood_eal_score,riverine_flood_eal_total,riverine_flood_annualized_frequency,drought_risk_score,drought_eal_score,drought_eal_total,drought_annualized_frequency,heat_wave_risk_score,heat_wave_eal_score,heat_wave_eal_total,heat_wave_annualized_frequency,winter_weather_risk_score,winter_weather_eal_score,winter_weather_eal_total,winter_weather_annualized_frequency,hail_risk_score,hail_eal_score,hail_eal_total,hail_annualized_frequency,strong_wind_risk_score,strong_wind_eal_score,strong_wind_eal_total,strong_wind_annualized_frequency,wrc_total_buildings,wrc_buildings_fraction_me,wrc_buildings_fraction_ie,wrc_buildings_fraction_de,wrc_bp_national_rank,wrc_risk_national_rank,mtbs_fire_count_2000_2024,mtbs_burned_acres_2000_2024
08001,Adams,CO,91.18956743002545,93.10024752475248,130863113.09041196,12.18193384,46.087786259541986,80.94783715012723,84.22391857506362,571200.3154668353,0.00118517588801117,87.21374045801527,89.88242574257426,38582842.176730864,0.6428571428571429,63.74045801526718,70.32558139534883,469937.7645425707,25.618827742695373,76.9107257546564,83.4790755777639,1670968.3942878188,0.7600795418013331,97.3901973265436,97.9876160990712,1399008.9145250022,12.43340281457419,99.71374045801527,99.7829457364341,44493445.32046116,8.161834603008861,91.76208651399492,94.32558139534883,2972460.6142490353,1.454453133680568,172122.0,0.858664203,0.029403563,0.111932234,0.5809999999999998,0.5969999999999999,2,4000.0
08005,Arapahoe,CO,93.79770992366412,94.95668316831683,171506711.71961322,18.44783715,49.395674300254456,84.70101781170484,86.92748091603053,802119.9549227217,0.001490455328910123,92.52544529262087,93.62623762376238,62030206.12196391,1.3214285714285714,44.56106870229007,49.395348837209305,117648.317550442,28.812906290504788,68.56133590237636,74.92192379762649,1025156.6966508632,0.7301937301740881,91.05665181413113,92.47678018575851,518785.77393156587,12.7014005898061,99.84096692111959,99.84496124031008,63981566.79566478,8.6155697590912,95.13358778625954,96.34108527131782,3717697.2362209973,1.4441829689875334,192251.0,0.730539763,0.136555857,0.1329043799999999,0.7259999999999999,0.7289999999999999,9,12780.0
08007,Archuleta,CO,34.478371501272264,27.568069306930692,8282920.681091903,73.72773537,22.07379134860051,94.46564885496184,93.38422391857506,2323058.943204703,0.003269291201841064,51.653944020356235,47.339108910891085,5228851.475058227,0.35714285714285715,30.852417302798983,30.883720930232556,20678.982165469246,76.16701714324904,3.307642903018625,5.840099937539038,1708.295687329532,0.017747995047570655,66.61362189688097,61.145510835913306,86373.45102595468,34.900810633639395,3.307888040712468,5.271317829457364,4848.443315914015,0.1413580864848782,4.421119592875318,6.480620155038759,22214.19676714622,0.06979583180680593,12497.0,0.002880691,0.1167480199999999,0.880371289,0.871,0.908,24,63597.0
08009,Baca,CO,23.155216284987276,11.881188118811881,4714405.915510022,95.7697201,11.354961832061068,80.75699745547074,76.11323155216286,254707.01357854015,0.0034222824738027453,6.393129770992366,3.805693069306931,545956.1862720241,0.35714285714285715,96.94656488549617,94.41860465116278,2232956.014482315,138.14119077220556,3.917790622992935,5.933791380387258,2252.8073186073593,0.10526831913690506,50.70019096117123,39.78328173374613,38420.55255680007,8.473911338994835,71.11959287531806,60.34108527131783,344808.9500653881,4.256070692210165,64.79007633587787,50.17054263565891,489386.54852990987,1.6745751380961937,5764.0,0.009541985,0.392435808,0.5980222069999999,0.8659999999999999,0.8629999999999999,73,375598.0
08013,Boulder,CO,90.71246819338423,92.69801980198021,125308344.76349029,11.38676845,91.22137404580153,97.86895674300254,98.50508905852418,15700843.33881398,0.005695919249290538,92.23918575063614,94.43069306930693,69134322.53277172,0.75,38.39058524173028,44.372093023255815,79344.58461228675,11.228501622116472,60.40462427745664,70.7682698313554,814876.3844825063,0.30520413564463056,96.05346912794398,97.21362229102168,1136287.6077939665,21.4001613081911,98.40966921119593,98.66666666666667,10314872.387869673,5.479481243434043,85.97328244274809,91.87596899224806,2287235.246049559,0.9974086441717701,119558.0,0.4746399239999999,0.2583934159999999,0.2669666609999999,0.957,0.972,10,27603.0
08014,Broomfield,CO,34.70101781170484,55.136138613861384,17098679.228494525,10.62340967,81.87022900763358,72.36005089058524,78.33969465648855,324866.4210839413,0.0007675823017539721,33.078880407124686,50.433168316831676,5877682.546593349,0.07142857142857142,15.108142493638677,17.953488372093023,1012.0994184793327,10.684537240939626,30.50738599871548,42.28607120549657,215251.47038165605,0.9085475203330483,74.69764481222153,84.21052631578947,252465.3826553908,14.068983338231037,91.41221374045801,95.03875968992249,3011909.4185231305,6.274038864769382,56.329516539440206,74.26356589147287,1010479.7895586761,1.1794377543572743,23098.0,0.88033596,0.029223309,0.090440731,0.691,0.684,3,8476.0
08015,Chaffee,CO,51.11323155216285,60.334158415841586,19972536.642742828,18.12977099,54.80279898218829,71.69211195928753,75.22264631043257,236262.65946427674,0.0008390869166649552,64.69465648854961,71.53465346534654,12753530.462360555,0.6428571428571429,30.53435114503817,34.75968992248062,32389.46890947283,40.915188677015294,7.771355170199101,11.27420362273579,14224.331079494792,0.03588492983569374,38.351368555060475,47.21362229102167,51255.134660245254,22.762982098357806,39.75826972010178,48.18604651162791,210982.38224180444,1.0821217086731838,4.707379134860051,8.558139534883722,38329.96739435364,0.12990747016707693,16755.0,0.000238735,0.436168308,0.563592957,0.5909999999999999,0.71,14,39121.0
08017,Cheyenne,CO,3.021628498727735,4.981435643564357,2961029.759856835,18.44783715,19.87913486005089,30.375318066157757,33.30152671755725,17078.153079496435,0.0004571003458749612,3.975826972010178,5.631188118811881,723313.6290752378,0.8928571428571429,74.17302798982189,78.44961240310077,783870.226083134,84.24386381631047,2.986512524084779,5.715178013741411,1488.4566475584772,0.15791036505789116,27.211966900063654,34.705882352941174,30535.8106213871,11.895299488147893,57.91984732824428,65.48837209302324,415929.08812236297,6.2467234849530096,13.61323155216285,18.88372093023256,130751.11242603432,2.493866568464053,3162.0,0.021505376,0.389310563,0.5891840609999999,0.4819999999999999,0.496,28,85119.0
08019,Clear Creek,CO,46.723918575063614,61.850247524752476,20677324.146326743,10.62340967,51.526717557251914,93.98854961832062,95.61068702290076,3806860.788237003,0.008794039557488647,40.04452926208651,55.35272277227723,6828223.2519952,0.25,0.0,0.0,0.0,25.39679465154363,0.0,0.0,0.0,0.0,32.622533418204966,45.077399380804955,46964.27973405428,36.41339645357127,74.61832061068702,81.70542635658916,964688.1177129631,5.871409766692448,10.337150127226463,16.77519379844961,106452.98839630533,0.8203675273233282,6236.0,0.000320718,0.2819114819999999,0.7177677999999998,0.915,0.952,1,2080.0
08027,Custer,CO,3.912213740458016,8.632425742574256,4068479.826099194,10.62340967,66.79389312977099,81.61577608142494,85.87786259541986,699132.5212388872,0.0016632359320184842,9.510178117048346,18.626237623762375,1879150.952464426,0.7857142857142857,32.50636132315521,38.54263565891473,48435.49847397167,68.64358229429885,3.211303789338472,6.339787632729545,2905.858096558984,0.05169549160505355,26.607256524506685,39.22600619195046,37223.759832579795,18.46902655897347,31.99745547073791,46.17054263565891,191019.402938488,2.564635809519072,5.884223918575064,10.790697674418604,58180.440319787136,0.26786288456699364,7822.0,0.0,0.072615699,0.927384301,0.8269999999999998,0.876,31,254542.0
08029,Delta,CO,51.27226463104325,48.32920792079208,14075445.375098893,60.0826972,27.035623409669213,86.73664122137404,85.97328244274809,709286.6118801056,0.0011441511165296893,69.59287531806616,67.54331683168317,10811093.651059289,0.6071428571428571,68.92493638676844,68.21705426356588,415207.14846153685,67.68741134696992,18.914579319203597,20.424734540911928,47329.97187246919,0.05334028914511281,42.26607256524507,41.640866873065015,41234.72712954696,25.659854366851217,7.474554707379134,9.45736434108527,17975.07788399302,0.13712689474185297,12.150127226463106,13.426356589147288,79009.51607483487,0.27639748334923775,26387.0,0.088717929,0.2949558489999999,0.616326221,0.7229999999999999,0.803,2,3745.0
08031,Denver,CO,95.22900763358778,96.50371287128714,221992551.1400563,17.77989822,68.4796437659033,60.62340966921119,64.24936386768448,105031.83341281822,0.0005936423465246283,95.26081424936386,96.00866336633663,93602212.30023165,0.8214285714285714,21.4058524173028,24.34108527131783,6924.698641500603,20.99809176203736,71.48362235067437,77.98251093066834,1180622.4137711255,0.999741105488073,91.94780394653087,93.343653250774,562092.6693842233,13.73781288571919,99.87277353689568,99.90697674418605,72449911.64158769,8.290857574357961,96.08778625954199,96.93023255813954,4092446.072324601,1.1887802966092247,223962.0,0.947075843,0.031398184,0.021525973,0.52,0.513,5,11189.0
08033,Dolores,CO,11.323155216284988,10.705445544554456,4440888.882720019,55.8524173,14.153944020356235,79.77099236641222,79.23027989821882,347970.6735929632,0.0018304531367607244,8.810432569974555,8.570544554455447,1020367.6529462142,0.2857142857142857,45.45165394402035,46.015503875968996,88647.99928361885,94.22011084718923,5.973025048169557,8.057464084946908,6411.2698190182555,0.0602284503059485,13.080840229153406,15.851393188854491,9127.245850827445,32.17125797771586,1.972010178117048,3.844961240310078,2343.011494240676,0.12280486074763555,1.717557251908397,4.155038759689923,6052.9183859657605,0.10463047718397764,3058.0,0.001962067,0.202419882,0.795618051,0.82,0.8649999999999999,22,98932.0
08037,Eagle,CO,76.24045801526718,83.16831683168317,48499059.61921735,10.62340967,30.025445292620866,75.50890585241731,79.93002544529261,370206.7853007973,0.0008913466333760744,86.51399491094148,89.94430693069307,38760663.956963554,1.1428571428571428,25.254452926208653,29.953488372093023,17949.79923881221,44.96912082960225,0.0,0.0,0.0,0.0,74.1884150222788,81.9814241486068,216796.43209067883,47.535488839174995,30.916030534351147,42.945736434108525,169591.800489488,0.3878035176081125,11.704834605597965,17.953488372093023,119683.34578051223,0.21311095691630233,20681.0,0.000193414,0.5775349349999999,0.42227165,0.673,0.76,8,12214.0
08043,Fremont,CO,68.57506361323156,64.29455445544554,22422062.446625575,66.25318066,40.74427480916031,94.17938931297711,93.35241730279898,2297418.816750898,0.003371683742964058,80.21628498727735,76.94925742574257,16074182.487168496,1.6428571428571428,39.18575063613232,38.604651162790695,49124.36933340183,51.10183614584784,39.17790622992935,38.60087445346658,179321.03279746018,0.34656022158999444,84.85041374920432,82.47678018575851,221048.9621661378,12.44387465941907,83.77862595419847,79.72093023255815,884878.8214091499,3.4639856416022816,25.699745547073793,25.488372093023255,199055.69635985457,0.3388893733840677,31222.0,0.077637563,0.3841842289999999,0.538178208,0.908,0.944,5,38511.0
08045,Garfield,CO,64.53562340966921,72.15346534653465,29571351.543060195,15.42620865,12.30916030534351,90.96692111959288,92.6208651399491,1921508.265461448,0.0020423200163607567,77.51272264631042,82.61138613861387,21498480.914761692,1.6785714285714286,42.68447837150127,48.031007751937985,105386.33699702166,66.89671280944957,36.41618497109826,44.19113054341037,234099.2598692297,0.0440659123589595,10.47103755569701,16.842105263157894,9901.567839927146,35.339817988237975,9.510178117048346,14.449612403100776,35707.89792193523,0.12887324893527055,9.764631043256998,14.201550387596898,85634.5726985924,0.28464138267780265,28578.0,0.061900763,0.4449926519999999,0.4931065849999999,0.799,0.8419999999999999,23,108421.0
08047,Gilpin,CO,6.361323155216285,10.891089108910892,4503801.519584161,12.75445293,79.29389312977099,87.5,89.63104325699746,1216930.680527955,0.005254824630440297,11.577608142493638,18.997524752475247,1914444.2645959137,0.07142857142857142,0.0,0.0,0.0,16.521309378242755,0.0,0.0,0.0,0.0,31.763208147676643,41.88854489164087,41597.47543419349,33.076690285129345,64.7264631043257,72.43410852713178,580697.5887791654,5.553810864178415,9.319338422391857,14.232558139534884,85832.9795955871,0.8780571453852166,5098.0,0.0,0.080619851,0.919380149,0.926,0.956,1,606.0
08049,Grand,CO,50.19083969465649,60.95297029702971,20267986.78598738,15.01272265,55.597964376590326,78.53053435114504,81.48854961832062,441026.5316243319,0.001028872147463241,62.37277353689568,70.38985148514851,12137300.831689114,0.4642857142857143,26.653944020356235,30.63565891472868,19824.061565117565,40.82307146000062,0.0,0.0,0.0,0.0,31.444939528962447,40.55727554179567,39447.01356779942,26.3502762986424,75.63613231552164,79.84496124031007,888622.9557020204,2.525578917067446,15.458015267175574,21.891472868217054,160788.79900733914,0.5109904560065441,17814.0,0.008925564,0.251431458,0.739642977,0.623,0.68,4,195580.0
08051,Gunnison,CO,44.974554707379134,62.28341584158416,21274976.703132473,10.62340967,73.60050890585241,70.19720101781171,76.59033078880407,262397.4096076349,0.0007126406090649178,57.029262086513995,70.69925742574257,12319754.134866172,0.5714285714285714,34.891857506361326,40.83720930232558,60639.33889732004,63.44025463703623,2.344251766217084,5.059337913803873,11.406393845376815,0.0002485318467265318,38.12858052196054,52.87925696594428,63437.00379830281,40.65804742458148,4.293893129770993,8.093023255813954,14343.128351110881,0.11745980894981935,4.230279898218829,8.930232558139535,40729.35999811997,0.11498134060887646,15094.0,0.0,0.276069962,0.723930038,0.5939999999999999,0.7109999999999999,4,5101.0
08053,Hinsdale,CO,1.017811704834606,1.732673267326733,1840433.47202342,10.62340967,23.66412213740458,50.19083969465649,57.69720101781171,65259.22439790598,0.0031707479854024014,7.347328244274809,12.623762376237623,1391838.859647642,0.25,0.0,0.0,0.0,74.82185273159145,0.0,0.0,0.0,0.0,7.161043921069382,13.46749226006192,7003.6461052982495,46.26242368405476,1.049618320610687,2.821705426356589,1147.787821211432,0.12042719077689776,1.049618320610687,3.317829457364341,1461.0518166551976,0.08351024917862317,2361.0,0.003811944,0.304955527,0.6912325289999999,0.627,0.7209999999999999,2,50140.0
08057,Jackson,CO,11.768447837150127,12.716584158415841,4918653.861200899,44.87913486,17.4618320610687,23.982188295165393,23.918575063613233,9296.303807508926,0.0004993677721209919,5.820610687022901,6.559405940594059,789990.3431895573,0.03571428571428571,0.0,0.0,0.0,54.31512272367384,0.0,0.0,0.0,0.0,5.919796308084023,9.690402476780186,4122.761324116331,22.14355298473721,12.150127226463106,15.038759689922482,37211.784017914106,1.036227021093066,1.940203562340967,4.434108527131783,8138.0798148264075,0.32922437295019286,3071.0,0.0,0.213611202,0.786388798,0.461,0.504,6,85567.0
08059,Jefferson,CO,94.94274809160305,96.53465346534654,231403490.64927348,11.38676845,66.88931297709924,99.52290076335878,99.71374045801527,48732848.0205113,0.009592678327298692,93.44783715012723,95.26608910891089,77380034.60852253,1.2857142857142858,27.608142493638677,32.21705426356589,24113.830160389203,22.558243953673845,71.03403982016698,79.262960649594,1282572.5127723333,0.17880833340640062,97.83577339274348,98.69969040247678,1632898.938465773,18.902634698800103,99.80916030534351,99.81395348837209,57974021.292362764,6.860098595511795,92.6208651399491,95.4108527131783,3278825.204582425,0.951032287284807,210118.0,0.5684234569999999,0.22105198,0.210524562,0.967,0.981,13,24008.0
08063,Kit Carson,CO,32.474554707379134,36.32425742574257,10349768.108222432,36.95928753,8.428753180661577,42.43002544529262,44.11577608142493,29931.305230203718,0.0002861672189855153,20.29262086513995,24.040841584158414,2461373.5690999995,1.3571428571428572,37.24554707379134,39.007751937984494,51151.58934323303,53.193301397161385,5.394990366088632,8.0262336039975,6378.446364307425,0.15791058159719612,79.98090388287716,81.39318885448917,208696.7123339554,14.684744964277716,90.52162849872774,90.54263565891473,1793572.960775747,6.899093525367637,55.78880407124682,59.93798449612403,640259.3279712469,2.8488419171800645,8978.0,0.29282691,0.212965026,0.494208064,0.3589999999999999,0.38,3,6288.0
08067,La Plata,CO,75.15903307888041,79.45544554455446,39500309.06605016,21.02417303,48.346055979643765,97.55089058524173,97.70992366412213,10688876.77899803,0.002940514670974791,81.36132315521628,84.8391089108911,24293238.237654056,1.8928571428571428,47.32824427480916,52.24806201550387,141635.85593097674,68.13519193084865,6.422607578676944,9.556527170518427,9789.510953204117,0.028726086726148937,64.19478039465308,69.31888544891642,121164.05006647951,28.371845536893826,6.26590330788804,10.046511627906977,20079.165364802953,0.12762259292681205,10.559796437659033,14.883720930232558,90232.16122113858,0.09968031594914793,35043.0,0.000456582,0.255714408,0.74382901,0.87,0.903,15,144162.0
08065,Lake,CO,5.661577608142494,10.58168316831683,4393753.974026862,10.62340967,18.09796437659033,23.40966921119593,29.166666666666668,13011.981402444919,0.00015802869535799194,8.746819338422391,15.129950495049505,1591670.273547701,0.01,0.0,0.0,0.0,33.787778597359015,0.0,0.0,0.0,0.0,18.682367918523234,28.08049535603715,21851.983749582174,31.554200245838015,17.716284987277355,27.53488372093023,83872.141527452,1.0980752573376342,3.212468193384224,6.573643410852712,22893.2801871142,0.22224034144726829,5191.0,0.0,0.5530726259999998,0.4469273739999999,0.406,0.497,4,14867.0
08069,Larimer,CO,90.13994910941476,92.75990099009901,126514415.96553017,10.62340967,71.31043256997455,97.67811704834605,98.44147582697201,15199159.39678724,0.004399065870655941,89.44020356234097,92.79084158415841,54325599.68696833,2.0714285714285716,47.391857506361326,55.84496124031008,182423.55315324967,18.059560164706475,58.76685934489403,70.83073079325422,817175.4146831397,0.17723894568667073,97.89942711648632,98.88544891640866,1822191.5840884643,22.303701641527347,98.2824427480916,98.72868217054264,10820366.635856815,4.384940844803679,87.94529262086515,93.42635658914729,2719259.1281704707,0.8804120790279433,155984.0,0.4716894039999999,0.159901015,0.36840958,0.918,0.939,24,367712.0
08075,Logan,CO,58.7468193384224,56.83787128712871,18028879.470657367,53.0216285,19.115776081424936,63.58142493638677,63.358778625954194,97100.37242548194,0.0006138788888857022,46.62849872773537,47.86509900990099,5314981.230922454,0.7142857142857143,89.75826972010178,90.04651162790698,1461760.0911274422,52.93074674525201,19.781631342324985,21.642723297938787,53502.070119960874,0.5789732785097726,73.3609166136219,72.35294117647058,136732.73109679186,9.947912532915732,94.56106870229007,93.48837209302326,2434698.9644572763,6.33656285683215,92.27099236641222,90.82170542635659,2108498.522594332,1.858463682737586,16887.0,0.276129567,0.2859596139999999,0.437910819,0.533,0.552,7,41704.0
08077,Mesa,CO,75.12722646310432,76.33044554455446,34730152.81998053,36.95928753,56.74300254452926,89.94910941475827,90.83969465648855,1425618.6754523597,0.0016531713984832858,81.90203562340967,82.92079207920791,21790400.980807666,2.5714285714285716,73.85496183206108,75.65891472868216,656080.5091053473,91.85740466273836,59.34489402697495,61.93004372267333,568136.0927684796,0.3335691403970186,68.17313812858052,69.75232198142415,123363.91417042835,25.100565880654248,21.21501272264631,26.046511627906977,77667.61967487437,0.13737056575394332,10.814249363867685,13.798449612403102,80865.4223308203,0.28626386748745714,82450.0,0.4521285629999999,0.30776228,0.2401091569999999,0.799,0.8469999999999999,34,274003.0
08079,Mineral,CO,5.438931297709924,11.169554455445544,4555656.44311492,10.62340967,57.410941475826974,45.80152671755725,53.62595419847328,51769.16393297908,0.0010956244592476372,7.474554707379134,13.861386138613863,1494758.569033443,0.07142857142857142,0.0,0.0,0.0,64.8456057007126,0.0,0.0,0.0,0.0,3.532781667727562,8.297213622291022,3288.521615972616,32.413938495864635,0.986005089058524,2.48062015503876,834.2572427296894,0.15030535835444192,1.017811704834606,3.255813953488372,1268.2752562776363,0.07077656920349201,2349.0,0.0,0.147722435,0.8522775649999998,0.61,0.7089999999999999,10,199632.0
08081,Moffat,CO,12.054707379134861,22.246287128712872,7019242.980195106,10.62340967,6.393129770992366,87.46819338422391,89.79007633587787,1237267.6125960047,0.0021390986605472526,30.693384223918574,44.306930693069305,4754154.591705267,0.5714285714285714,34.31933842239186,38.91472868217054,50513.43611204688,97.82358492573083,1.894669235709698,4.62211118051218,0.11588330726542732,5.757506888418429e-06,69.00063653723743,76.74922600619195,165480.85968395977,17.013134472884968,4.325699745547073,7.751937984496124,13015.074865279415,0.08093675364831189,4.325699745547073,8.651162790697674,38572.374708269424,0.14958287923470265,10815.0,0.005177994,0.4444752659999999,0.550346741,0.82,0.85,44,190535.0
08083,Montezuma,CO,47.61450381679389,43.285891089108915,12351479.868516013,62.43638677,13.008905852417302,93.60687022900763,92.90712468193384,2056514.1370082079,0.0023621730146538753,56.13867684478372,53.960396039603964,6538835.1027255505,0.6071428571428571,72.6145038167939,71.28682170542636,495493.7811961897,86.31404939508596,25.626204238921,26.483447845096812,83760.65043144219,0.08364877340004048,59.38892425206874,55.88235294117647,72112.66688184206,18.260832692622486,18.51145038167939,20.217054263565892,53558.946634254346,0.11987095235137384,7.442748091603053,9.271317829457363,43685.528086121856,0.09641934890434156,23432.0,0.010839877,0.222558894,0.766601229,0.8439999999999999,0.884,15,59054.0
08085,Montrose,CO,49.01399491094148,51.98019801980198,15581211.64805739,37.53180662,20.197201017811707,78.56234096692111,79.58015267175573,353647.18933498143,0.0009229565199941549,67.43002544529261,69.39975247524752,11750427.796520563,1.2142857142857142,58.42875318066157,61.240310077519375,253948.4068461515,82.30159317694826,15.703275529865124,18.67582760774516,39015.197814324216,0.14853482281035624,44.97135582431572,48.91640866873065,54187.614682322375,17.31550855229016,7.092875318066158,10.077519379844961,20100.062286228538,0.1257792154077186,10.49618320610687,13.209302325581396,76975.63607586463,0.20480012509081783,29505.0,0.297644467,0.211930181,0.4904253519999999,0.7209999999999999,0.798,22,91841.0
08087,Morgan,CO,51.94020356234097,60.89108910891089,20259373.730091516,17.97073791,30.47073791348601,65.17175572519083,68.79770992366412,144520.11105171405,0.000869225313450301,55.8206106870229,64.48019801980197,9444148.154863544,1.1785714285714286,24.96819338422392,28.496124031007753,14485.262511172641,24.817617709911033,18.85035324341683,24.01623985009369,66408.51173163684,0.5790438924258501,61.99872692552514,68.04953560371517,115768.2164864138,9.580768225058105,93.79770992366412,94.72868217054263,2908758.3375763837,6.8488567650358005,74.90458015267176,81.05426356589147,1326527.019703865,1.6001229706776547,20290.0,0.3410054209999999,0.2667816659999999,0.392212913,0.6119999999999999,0.62,8,45174.0
08091,Ouray,CO,17.716284987277355,32.14727722772277,9322162.551290173,10.62340967,47.45547073791349,71.85114503816794,77.09923664122137,276994.3452502609,0.0012035901409941088,24.681933842239186,38.92326732673268,4045829.175815566,0.7857142857142857,22.010178117048344,25.736434108527135,8979.332577756799,66.80022140738528,1.734104046242774,4.43472829481574,0.00045616752428921957,2.813199045777063e-07,17.02737110120942,26.78018575851393,20099.334755176693,39.50804931689599,1.717557251908397,4.496124031007752,3289.477486222277,0.09949153740515894,1.399491094147583,4.248062015503876,6444.31218818464,0.08789915801017988,5081.0,0.0,0.174178311,0.8258216889999999,0.645,0.74,2,1306.0
08093,Park,CO,22.201017811704833,38.73762376237624,10914465.305858904,10.62340967,49.68193384223918,94.8791348600509,96.11959287531806,4751989.195955314,0.0062299713976606864,21.81933842239186,35.82920792079208,3640362.722460296,0.35714285714285715,0.0,0.0,0.0,39.34956403657048,1.70199100834939,4.403497813866333,0.00014745566425092459,7.456319865615329e-08,46.18077657542966,58.39009287925696,78976.55949359537,21.31644806695445,73.34605597964376,80.43410852713178,913795.2447418733,4.137844651504293,14.344783715012724,22.13953488372093,163307.5303231189,0.5130210121539075,19192.0,0.000156315,0.047676115,0.95216757,0.8429999999999999,0.879,2,4799.0
08095,Phillips,CO,12.340966921119593,21.72029702970297,6918070.776147425,11.38676845,6.615776081424936,31.520356234096692,36.895674300254456,20333.174605436743,0.00036532485776438875,8.269720101781171,13.521039603960396,1465303.9466732722,0.42857142857142855,88.77226463104326,93.42635658914729,1973741.7346064013,63.03788708675743,7.064868336544637,11.055590256089944,13321.485037054736,0.6315789473684208,20.591979630808403,29.442724458204335,23625.571320608557,9.789473684210527,77.41730279898219,82.26356589147287,987793.1536559466,7.357523394748756,49.42748091603054,62.85271317829457,704005.551867097,2.4918149777564844,5446.0,0.5657363199999998,0.020381932,0.4138817479999999,0.33,0.3559999999999999,4,3750.0
08097,Pitkin,CO,54.103053435114504,69.12128712871286,26359343.63174359,10.62340967,68.95674300254453,76.59033078880407,81.5203562340967,444361.71055371966,0.0013821671691229202,58.17430025445292,71.10148514851485,12521972.301918227,0.9642857142857143,22.55089058524173,26.635658914728683,10655.354676256322,55.455707978091354,0.0,0.0,0.0,0.0,52.06874602164226,65.10835913312694,101521.75300253164,54.34135552768067,5.120865139949109,9.581395348837209,18219.35963223935,0.10360588698486146,3.784987277353689,8.0,32894.046800612436,0.172053173713441,9826.0,0.0,0.367290861,0.632709139,0.7259999999999999,0.813,12,54612.0
08103,Rio Blanco,CO,37.595419847328245,38.83044554455445,10944615.94195341,48.91857506,52.79898218829516,91.63486005089058,91.57124681933843,1613024.989702772,0.0037467113457080713,50.98600508905853,52.78465346534653,6342793.272051062,1.1071428571428572,34.66921119592875,35.53488372093023,36062.498815410385,82.82356784454062,2.055234425176621,4.747033104309806,0.29289864853255715,1.0506539856463294e-05,9.10248249522597,12.445820433436532,6257.06122104285,27.320264943325867,11.895674300254452,14.480620155038759,35711.5318167948,0.12718153376235986,3.339694656488549,5.736434108527131,16972.105970146164,0.2617029213861221,6975.0,0.0,0.329892473,0.6701075269999999,0.874,0.903,44,114186.0
08105,Rio Grande,CO,45.76972010178117,30.25990099009901,8850229.341105822,91.50763359,7.442748091603053,63.61323155216285,58.17430025445292,67086.01485181657,0.0001388373994979303,54.93002544529262,43.90470297029702,4692988.859597585,0.14285714285714285,92.36641221374046,87.53488372093024,1210421.2183062802,75.338601367067,15.189466923570972,14.084946908182387,22167.364356361217,0.176316298650099,43.220878421387646,35.57275541795666,31428.174784121882,16.733418341316817,18.543256997455472,16.0,40052.79323100411,0.265026017310202,2.989821882951654,4.589147286821706,9106.867129508957,0.048143834650559124,12230.0,0.2569092399999999,0.211774325,0.531316435,0.4109999999999999,0.502,16,53268.0
08107,Routt,CO,33.36513994910941,53.40346534653465,16196157.537510969,10.62340967,76.59033078880407,80.50254452926208,85.20992366412213,645206.9845389769,0.0012707940076370067,57.50636132315522,71.28712871287128,12617188.593860095,0.7857142857142857,32.31552162849873,38.57364341085272,49054.53741620517,59.60087069186646,0.0,0.0,0.0,0.0,67.34563971992361,78.29721362229101,179710.85845230933,45.64676980448096,4.643765903307888,8.713178294573645,16183.690982120175,0.0755703738518686,5.120865139949109,10.325581395348838,53197.649350158674,0.17976519391128823,17757.0,0.0,0.3380638619999999,0.661936138,0.682,0.749,19,110850.0
08109,Saguache,CO,14.249363867684478,13.304455445544555,5044667.979985028,55.18447837,10.71882951653944,64.12213740458014,63.54961832061069,98108.62700489124,0.00028142257366749575,17.4618320610687,18.193069306930692,1831007.0587416866,0.25,83.68320610687023,83.62790697674419,1005532.6978264445,87.19067742511959,8.44572896596018,10.087445346658338,11084.280193876477,0.12481419399944955,20.27371101209421,22.38390092879257,15295.26509981657,14.348884247086072,19.43384223918575,21.953488372093023,59410.75679226569,0.5553423346366155,2.290076335877862,4.651162790697675,9332.487603749047,0.06790392371515742,7661.0,0.1728233909999999,0.104686072,0.722490536,0.467,0.558,5,12125.0
08111,San Juan,CO,10.687022900763358,21.844059405940595,6943481.58152901,10.62340967,47.264631043257,33.61959287531807,40.68066157760814,25015.08397264486,0.0011393680090280478,4.007633587786259,7.116336633663366,860480.5207925439,0.17857142857142858,0.0,0.0,0.0,65.67695961995247,0.0,0.0,0.0,0.0,4.583068109484405,10.24767801857585,4570.688189757208,44.94938336836589,1.017811704834606,2.449612403100775,833.631105464615,0.11343981455076284,0.986005089058524,3.224806201550388,1149.1480197600322,0.09888879553956462,863.0,0.0,0.555040556,0.4449594439999999,0.644,0.759,4,3539.0
08113,San Miguel,CO,19.115776081424936,35.27227722772277,10021082.447109198,10.62340967,54.293893129770986,80.1208651399491,84.38295165394402,582242.8464259065,0.001824313731239225,31.552162849872772,46.93688118811881,5175869.513759756,1.2142857142857142,23.473282442748094,27.844961240310077,12850.352666176255,82.45634651415574,7.161207450224791,11.586508432229857,15007.009399141825,0.2505824655473234,43.73010821133037,56.470588235294116,73762.63840807341,21.152054482184486,1.622137404580153,4.062015503875969,2861.330269289286,0.11369210710257553,2.321882951653944,5.581395348837209,15405.821069386711,0.10708570312936899,6005.0,0.00549542,0.229975021,0.7645295589999999,0.765,0.83,7,41066.0
08115,Sedgwick,CO,6.520356234096693,7.178217821782177,3692580.7514060647,32.44274809,28.212468193384222,34.12849872773537,35.55979643765903,18989.418788773946,0.00046218595127881374,3.880407124681934,4.486386138613861,625602.6956034757,0.2857142857142857,87.8498727735369,90.2015503875969,1475451.6280262568,78.70150435471099,5.587668593448941,8.338538413491568,7088.650466592484,0.631578947368422,15.24506683640993,19.938080495356036,12958.169767981939,9.84210526315789,64.31297709923665,67.31782945736434,455475.76933149574,7.087252996412623,25.572519083969464,31.56589147286822,252486.40455690934,2.3211130213999347,3493.0,0.081878042,0.5064414539999998,0.411680504,0.435,0.462,2,2166.0
08117,Summit,CO,60.20992366412214,72.09158415841584,29532888.617625494,10.62340967,44.274809160305345,53.56234096692112,60.655216284987276,80388.18227782084,0.0003106019417931066,65.42620865139949,75.58787128712872,15109385.180305606,0.03571428571428571,0.0,0.0,0.0,37.60728163765879,0.0,0.0,0.0,0.0,74.22024188415021,82.41486068111456,220931.00559953618,36.815278361011224,78.49872773536896,84.46511627906976,1124740.103499588,2.3259814134186723,19.020356234096692,29.364341085271317,232452.44784542982,0.4209685535190568,17104.0,0.001286249,0.4487254439999999,0.549988307,0.464,0.537,2,16155.0
08119,Teller,CO,38.83587786259542,54.54826732673267,16818497.322822053,10.62340967,46.660305343511446,97.04198473282443,97.67811704834605,10629478.554151619,0.011926255269646824,15.935114503816795,26.237623762376238,2659642.562372493,0.8571428571428571,0.0,0.0,0.0,37.792006811355044,2.440590879897238,5.121798875702686,19.30750296943257,0.006327544905658968,74.06110757479313,82.35294117647058,220195.851792598,18.37666378669283,78.81679389312977,84.74418604651163,1147328.7245100792,5.964402098625589,13.263358778625955,20.68217054263566,149944.31344093292,0.6858778726100956,18563.0,0.0,0.1313903999999999,0.8686095999999999,0.976,0.987,56,332019.0
08121,Washington,CO,11.991094147582697,10.396039603960396,4348037.151523267,64.56743003,44.656488549618324,60.464376590330794,58.778625954198475,71067.0043284041,0.0006322931754958662,15.585241730279897,14.603960396039604,1556667.2119355118,0.9285714285714286,46.56488549618321,46.85271317829457,95112.62552295436,52.97279270877552,9.312780989081567,10.868207370393504,12940.04299507439,0.5789530707240343,38.41502227880331,37.73993808049536,35317.055173463705,11.421193578808781,76.46310432569975,73.30232558139535,603647.4708101333,6.587799389108295,60.55979643765903,58.666666666666664,611173.1444268872,1.8645642629254864,8173.0,0.09298911,0.215098495,0.691912394,0.511,0.541,3,54438.0
08123,Weld,CO,89.15394402035624,91.05816831683168,104694892.03700356,11.38676845,56.170483460559794,87.69083969465649,90.33078880407125,1320474.2661364847,0.0013968484975166878,88.45419847328245,91.24381188118812,44450018.90408296,1.8928571428571428,38.07251908396946,43.565891472868216,74692.97139865902,38.533944743972626,60.115606936416185,70.11242973141788,774969.0880360781,0.6193104768237941,93.60280076384468,95.5108359133127,762105.969225416,10.289367271178637,98.9821882951654,99.16279069767442,14105254.7949294,6.700831464794868,95.00636132315522,96.96124031007753,4125263.3279909897,1.3984810628498134,150181.0,0.564871721,0.104520545,0.330607733,0.754,0.752,17,33557.0
08125,Yuma,CO,36.800254452926204,51.918316831683164,15547372.144619556,10.62340967,11.323155216284988,60.17811704834606,65.33078880407125,112476.41496509398,0.000630412289739571,12.945292620865139,21.349009900990097,2153773.0559585216,1.2142857142857142,51.335877862595424,57.55038759689922,211471.57843492553,57.174349180826624,6.069364161849711,9.806371018113678,10445.556802142619,0.15789473684210528,62.57161043921069,71.3312693498452,131945.38726204084,14.684210526315795,92.93893129770993,95.10077519379846,3018927.613317874,7.498069124741441,75.12722646310432,84.65116279069768,1499865.5356374974,3.0033465207479275,12831.0,0.233107318,0.193126023,0.573766659,0.515,0.562,3,8825.0
16007,Bear Lake,ID,6.583969465648855,12.840346534653465,4931146.425455195,10.62340967,42.93893129770993,78.37150127226464,82.28371501272265,479214.71050597826,0.0022579961957167197,7.220101781170484,12.561881188118813,1387104.7939253745,0.32142857142857145,15.394402035623408,18.015503875968992,1061.985205271546,78.83824714507348,5.491329479768786,9.24422236102436,9184.56478460548,0.17773840464157672,54.99681731381286,66.09907120743034,105799.70376852289,27.02604500686222,3.848600508905852,7.100775193798449,11035.822603591037,0.2794484636174939,10.114503816793894,16.27906976744186,101309.80994758464,0.39843983713541126,8323.0,0.000600745,0.2818695179999999,0.717529737,0.8329999999999999,0.8489999999999999,0,0.0
16019,Bonneville,ID,82.41094147582697,87.0049504950495,64704682.44891067,12.18193384,92.39821882951654,90.33078880407125,92.6526717557252,1924952.2960368823,0.005384119424244102,78.5941475826972,84.96287128712872,24345001.987157114,0.6071428571428571,19.40203562340967,22.635658914728683,4695.730558277572,62.942326414459195,81.24598587026333,86.66458463460337,2145634.3745715898,0.6523914179763369,66.23169955442393,74.58204334365325,149511.74284580763,24.323089773860023,84.92366412213741,89.05426356589147,1576677.0452400667,0.4345366642712861,43.86132315521628,58.69767441860465,611734.9237648328,0.7564402868353012,53836.0,0.708503604,0.027602348,0.263894049,0.8579999999999999,0.875,0,0.0
16023,Butte,ID,4.421119592875318,3.991336633663366,2708706.708703164,45.70610687,13.16793893129771,55.50254452926209,56.075063613231556,60155.19430637684,0.001416670787928415,9.12849872773537,10.055693069306932,1150923.8830219351,0.39285714285714285,18.22519083969466,19.782945736434108,2331.5420222732814,93.38875692794937,27.74566473988439,30.449718925671455,110011.28758203465,1.0605895512064925,33.131763208147675,35.851393188854495,32084.164022410565,12.698944985409396,2.735368956743003,5.054263565891473,4171.195596369326,0.23713519468685515,7.506361323155216,10.046511627906977,50768.86460082599,0.7585723139807807,3695.0,0.033558863,0.446278755,0.5201623819999999,0.808,0.8329999999999999,0,0.0
16037,Custer,ID,52.41730279898219,37.31435643564357,10612058.152142733,91.60305344,9.955470737913485,87.02290076335878,83.77862595419847,543687.2708241026,0.0012560107813229964,57.31552162849872,46.53465346534654,5126658.541185203,0.5714285714285714,15.044529262086515,16.589147286821706,386.7310729906747,93.94299287410927,20.520231213872833,18.800749531542785,39827.1285316258,0.3000459179549878,50.413749204328454,41.021671826625386,39984.31317963185,20.276731522422327,2.131043256997455,3.441860465116279,1830.1986836855845,0.07747858941359777,15.680661577608143,13.984496124031006,82145.91176206294,0.24732356800755867,6583.0,0.001367158,0.2842169219999999,0.7144159199999999,0.762,0.799,0,0.0
16043,Fremont,ID,38.26335877862596,53.0940594059406,16112416.489985673,10.62340967,17.779898218829516,87.08651399491094,89.56743002544529,1198502.9524103848,0.002312457956095684,41.412213740458014,55.507425742574256,6857290.441673055,0.5,19.27480916030534,22.54263565891473,4637.22394211607,67.53163048619741,29.44765574823378,38.28856964397252,176609.23462025978,0.7545037623335566,78.54869509866327,84.61300309597523,261060.6449820199,29.237977610853306,14.694656488549619,23.627906976744185,66689.24820173139,0.2468248711231536,8.015267175572518,13.395348837209303,78460.07965610127,0.49369084349645415,14945.0,0.2554700569999999,0.127735028,0.616794915,0.8359999999999999,0.8489999999999999,0,0.0
16059,Lemhi,ID,41.4440203562341,40.222772277227726,11390178.940360472,51.43129771,4.961832061068702,93.19338422391857,92.87531806615776,2035122.523077632,0.004146498365215793,59.764631043257,59.436881188118804,7867370.9056162825,0.6428571428571429,14.376590330788805,16.4031007751938,354.6112077593955,68.80206069239992,12.491971740526655,14.428482198625858,23392.57721171733,0.36851651903242905,21.92870782940802,24.396284829721363,17220.961060162397,27.975573789931968,4.834605597964376,6.945736434108526,10157.346995257232,0.13897249722145208,4.262086513994911,6.728682170542635,24568.04519974972,0.20470105541167888,9420.0,0.000318471,0.289171975,0.710509554,0.908,0.926,0,0.0
30001,Beaverhead,MT,42.87531806615776,34.777227722772274,9877397.855216777,77.16284987,24.013994910941474,84.31933842239185,82.31552162849873,479756.2221620312,0.000741988780642352,36.32315521628499,30.414603960396043,3120117.0728517617,0.17857142857142858,39.090330788804074,37.67441860465116,43883.153485383285,120.57369673072898,5.009633911368015,6.995627732667082,4202.617535869903,0.05331873097685981,86.09166136218968,82.29102167182663,220036.80565156983,36.804004203717945,12.53180661577608,12.89922480620155,30040.883032912407,0.27807584043130573,6.774809160305344,8.155038759689923,33442.76436900225,0.2649262668155832,10811.0,0.09314587,0.246693183,0.660160947,0.7239999999999999,0.761,15,74041.0
30003,Big Horn,MT,57.220101781170484,39.820544554455445,11243976.463363934,94.1475827,4.802798982188295,94.8473282442748,92.74809160305344,1954818.336928703,0.006155588839863513,55.1208651399491,42.29579207920792,4472145.464456584,0.6785714285714286,38.51781170483461,35.038759689922486,33638.542329108255,74.58807059169797,34.938985228002565,29.41911305434104,103121.41255858447,2.0189553380005,88.47867600254615,81.57894736842105,211884.58760799136,24.445736354540507,51.844783715012724,42.077519379844965,163565.11530250445,1.5827472936287565,95.8969465648855,88.9922480620155,1907603.2255943273,0.8281101445624613,10662.0,0.07437629,0.3095104109999999,0.6161132999999999,0.95,0.933,59,378850.0
30007,Broadwater,MT,17.68447837150127,16.831683168316832,5926543.402544288,52.92620865,19.40203562340967,72.90076335877863,72.67811704834605,192322.20579287302,0.0009101779536514622,19.083969465648856,20.23514851485149,2038556.9958373415,0.17857142857142858,30.438931297709924,32.093023255813954,23812.849215345675,88.74645030826537,8.92742453436095,10.899437851342912,12974.57204204599,0.4823731193078672,67.44112030553786,65.91331269349845,105567.00197651295,30.70517159578035,17.779898218829516,20.89922480620155,55312.40399129033,0.7607777403107859,4.198473282442748,6.666666666666667,24033.582809138377,0.5122091547177337,6311.0,0.01315164,0.287593091,0.699255269,0.7,0.769,29,245466.0
30009,Carbon,MT,59.796437659033074,53.681930693069305,16306072.731449464,74.84096692,64.05852417302799,93.32061068702289,92.49363867684478,1888624.9796315762,0.0031753657502377112,72.264631043257,67.82178217821783,11031081.516248798,0.6428571428571429,37.43638676844784,37.02325581395349,40795.25813030201,75.17667504280683,20.937700706486833,21.36164896939413,52093.88613104925,1.0746249429569246,67.69573520050923,62.72445820433437,92598.66603018715,21.020808614977884,46.087786259541986,43.65891472868217,173710.5209758249,1.3137581583250608,11.068702290076336,11.720930232558139,64705.78374914375,0.6859257767093366,13765.0,0.007628042,0.2613875769999999,0.7309843809999998,0.8349999999999999,0.84,18,68044.0
30011,Carter,MT,1.749363867684478,2.939356435643564,2324211.992553487,10.62340967,5.057251908396947,73.82315521628499,78.0852417302799,310870.3343041415,0.0037185087881201045,4.103053435114504,6.868811881188119,833816.589748605,0.39285714285714285,19.115776081424936,22.387596899224807,4374.070701706424,70.11084718923203,7.803468208092486,12.054965646470956,15761.322401742571,1.8421473538326394,44.65308720560153,55.6656346749226,71274.93888862822,19.632592730459457,22.646310432569976,33.14728682170542,109338.37842215452,2.5247712301034415,4.516539440203562,8.868217054263566,40451.42842217585,1.3701574200339701,3522.0,0.0,0.182282794,0.8177172059999999,0.876,0.8629999999999999,19,108669.0
30013,Cascade,MT,83.14249363867684,85.21039603960396,55274367.67769695,27.09923664,76.27226463104326,84.16030534351145,86.10050890585241,714395.3033128734,0.0006932145952213708,83.3969465648855,85.51980198019803,25428665.994371705,0.75,33.396946564885496,36.62015503875969,39319.73776853582,58.28464293296662,45.82530507385999,51.18675827607745,334644.9807511883,1.1493648802154837,99.33163590070019,99.59752321981425,2399845.7623775033,45.671550079798486,53.37150127226463,59.87596899224806,336297.80668601696,1.0238331857953322,60.94147582697202,68.4031007751938,828811.0101385338,0.6991351408604404,51574.0,0.535560554,0.147205956,0.31723349,0.637,0.7039999999999998,29,83306.0
30017,Custer,MT,42.14376590330789,36.04579207920792,10262668.209383022,70.80152672,27.099236641221374,85.36895674300254,83.87404580152672,550221.6289798634,0.0052999186176669625,38.295165394402034,34.43688118811881,3519620.837500576,0.9285714285714286,26.94020356234097,27.751937984496124,12814.915390477656,61.44843383421743,38.31085420680797,36.85196752029981,161906.78647733573,2.210690554158416,85.99618077657543,82.97213622291022,229939.44666911167,15.790684464744384,47.55089058524173,45.302325581395344,183804.02527805365,1.7845218924661195,60.591603053435115,56.248062015503876,575081.4849741601,0.9747308316724581,9944.0,0.208970233,0.4189460979999999,0.372083669,0.921,0.913,31,80638.0
30021,Dawson,MT,63.80407124681934,62.4690594059406,21373451.043943733,51.30407125,42.525445292620866,59.573791348600516,59.28753180661578,74260.32282875737,0.0007202211338254405,28.148854961832058,29.486386138613863,2992437.5594002595,1.0,33.26972010178117,34.604651162790695,31669.9761613102,31.85705728007397,62.49197174052665,64.55340412242349,594097.4238668684,2.684210526315789,84.97772119669,84.08668730650155,248590.61900396622,18.842105263157894,46.596692111959285,47.906976744186046,208094.64901255592,2.0519874583822477,51.08142493638677,52.620155038759684,517861.19431414735,1.5682889619694722,8857.0,0.007000113,0.555831546,0.437168341,0.6059999999999999,0.623,41,73695.0
30023,Deer Lodge,MT,17.58905852417303,16.800742574257427,5914730.887774419,53.4351145,34.86005089058524,73.60050890585241,73.44147582697201,203926.59018092023,0.0018662910567248995,10.527989821882953,10.983910891089108,1232616.7266052458,0.25,15.267175572519085,17.085271317829456,602.1265039355809,64.51493533744467,7.385998715478484,9.61898813241724,9821.764380149752,0.26308710352447906,77.24379376193508,76.13003095975233,161785.9282159061,44.988823153320865,10.559796437659033,12.930232558139535,30153.040304612616,0.6097315321374405,5.566157760814249,8.062015503875969,33174.084531672044,0.29717623858195574,7792.0,0.005646817,0.520918891,0.4734342919999999,0.798,0.8319999999999999,12,118020.0
30025,Fallon,MT,5.407124681933842,10.179455445544553,4305215.188941908,10.62340967,22.455470737913487,56.52035623409669,62.37277353689568,92617.38670658038,0.0021429593471494713,5.534351145038168,8.818069306930692,1055622.0609977278,0.42857142857142855,20.13358778625954,23.317829457364343,5573.473261336985,54.59224069675384,13.19845857418112,18.738288569643974,39378.23809976279,1.947368421052631,58.21133036282623,68.14241486068111,115980.03311423399,16.31578947368419,25.127226463104325,36.4031007751938,126391.64537043915,2.188165223343101,8.492366412213741,14.046511627906977,83320.2993619091,1.3267023865306062,4615.0,0.001083424,0.4487540629999999,0.550162514,0.803,0.797,5,9777.0
30027,Fergus,MT,45.10178117048346,47.370049504950494,13704325.68195571,45.19720102,70.29262086513995,80.40712468193384,80.91603053435115,404452.13322767965,0.0013980638325457012,36.48218829516539,39.29455445544555,4109743.920144996,0.5,31.838422391857506,33.984496124031004,29935.318000636074,86.1055982432951,20.29543994861914,22.860712054965646,60837.92561320278,1.4290150488100724,91.82049649904519,90.92879256965945,442069.52304185834,36.991261908907724,27.32188295165394,31.751937984496127,101559.62623121438,1.2907965044530931,8.587786259541986,11.03875968992248,59492.868334418476,0.6087577741779869,14756.0,0.027446462,0.3404716729999999,0.6320818649999999,0.7289999999999999,0.758,46,201124.0
30031,Gallatin,MT,80.9796437659033,87.12871287128714,65760752.07390638,10.62340967,71.72391857506362,91.38040712468194,93.73409669211196,2515928.078939857,0.001311297763512406,64.24936386768448,76.36138613861387,15524083.139890306,0.42857142857142855,37.404580152671755,44.15503875968992,78401.85996272642,70.98844965533884,28.837508028259474,39.28794503435353,185575.82705114348,0.29287869370446423,99.61807765754297,99.87616099071207,3602140.9554443364,49.26512431164873,84.54198473282443,89.7984496124031,1707041.4440460785,0.5113862062493876,39.217557251908396,58.3875968992248,604939.3739699883,0.44131236204584573,60579.0,0.3393915379999999,0.155714026,0.5048944349999999,0.815,0.8419999999999999,16,90421.0
30033,Garfield,MT,2.480916030534351,3.805693069306931,2645636.594449855,21.85114504,65.9033078880407,78.33969465648855,80.62977099236642,398226.5226605039,0.0036334184269999647,5.375318066157761,7.332920792079207,875739.4453346938,1.0714285714285714,21.692111959287534,24.372093023255815,6992.171010996348,60.68883610451302,10.597302504816955,14.178638351030607,22654.599618414268,3.000495251995427,19.891788669637172,26.594427244582043,20009.106462357344,18.161544854570934,22.932569974554706,30.75968992248062,96307.04054423296,1.4138009600051513,16.030534351145036,21.51937984496124,157578.43416485022,1.2033522167217072,3329.0,0.001501953,0.1351757279999999,0.863322319,0.871,0.87,46,484337.0
30037,Golden Valley,MT,0.986005089058524,0.959158415841584,1274527.6709590962,45.19720102,33.0470737913486,57.44274809160306,58.396946564885496,68324.83786982852,0.000794965448355982,5.597964376590331,5.909653465346534,743400.4367805443,0.4642857142857143,22.105597964376592,23.782945736434108,6132.072654031825,69.83372921615205,4.495825305073859,7.214241099312929,4658.984487395268,1.351806599031365,21.514958625079565,24.98452012383901,18009.165764256057,17.933274494840465,13.835877862595419,16.558139534883722,42334.18997833016,2.1304599167538565,1.78117048346056,4.310077519379845,6995.242389044802,0.8085077438821918,1743.0,0.0,0.242111302,0.757888698,0.6119999999999999,0.662,10,16054.0
30039,Granite,MT,9.382951653944021,9.467821782178218,4186359.2288239384,49.55470738,29.930025445292618,88.64503816793892,88.45419847328245,1012312.9329737829,0.005552572315900521,11.132315521628499,11.695544554455447,1316707.7100000086,0.2857142857142857,17.016539440203562,18.91472868217054,1646.2185238008574,46.64329476304971,4.174694926140013,6.777014366021236,3824.541672092517,0.37775697076547887,48.82240611075748,49.628482972136226,56144.48048437033,52.578956764192455,6.456743002544529,9.054263565891473,16846.410164726425,0.6000469297930607,3.180661577608142,5.550387596899225,15214.541537968113,0.2871541836872491,5322.0,0.003382187,0.182262307,0.8143555049999999,0.932,0.954,31,495909.0
30043,Jefferson,MT,21.564885496183205,29.02227722772277,8558958.210489284,23.9821883,34.38295165394402,89.05852417302799,90.42620865139949,1328568.5647488895,0.0014648275110948135,29.421119592875318,37.5309405940594,3850466.770094126,0.17857142857142858,19.751908396946565,22.232558139534884,4299.99285189706,84.130841169091,10.083493898522802,13.616489693941286,20807.57282358773,0.4538799442164227,78.2622533418205,81.671826625387,213295.21436774172,33.89208458474947,19.62468193384224,26.139534883720934,78128.21995857148,0.6693783781534272,7.092875318066158,10.511627906976745,56177.12615638343,0.3876835914416315,10965.0,0.000182399,0.187596899,0.8122207019999999,0.824,0.8679999999999999,21,92395.0
30045,Judith Basin,MT,5.502544529262086,6.559405940594059,3431708.9229852255,29.6437659,49.650127226463106,63.67684478371501,65.9033078880407,117858.04053019921,0.0003584373656176717,12.627226463104327,16.212871287128714,1681426.3493000008,0.21428571428571427,28.24427480916031,30.821705426356587,20575.84880246691,62.35154394299279,7.321772639691715,10.399750156152404,11748.966842416934,1.1063834653264237,43.06174411203055,49.07120743034056,54685.99350122528,46.01644339664951,13.231552162849871,17.984496124031008,46381.42755952776,1.2357073900937388,3.148854961832061,5.891472868217054,17542.275635551137,0.6084561119277011,5411.0,0.023840325,0.2241729809999999,0.7519866939999998,0.523,0.5989999999999999,25,75104.0
30049,Lewis and Clark,MT,71.2468193384224,76.45420792079209,34838116.159035794,21.21501272,83.30152671755725,92.84351145038168,93.8295165394402,2546506.0828727423,0.0023614598066720996,64.56743002544529,70.76113861386139,12360092.912534595,1.0714285714285714,22.83715012722646,25.76744186046512,9009.11331899944,76.09969166935893,35.38856775850995,42.129918800749536,213047.18496158786,0.6957945176359175,98.12221514958625,98.48297213622291,1567054.0055585974,43.815244437868486,10.241730279898219,15.348837209302326,38203.164316660295,0.7749411768298683,21.246819338422394,28.403100775193796,225718.29363628203,0.5144138846157918,47550.0,0.085888538,0.4526393269999999,0.461472135,0.878,0.913,56,500494.0
30057,Madison,MT,41.030534351145036,51.17574257425742,15269589.277961697,18.44783715,40.93511450381679,87.34096692111959,88.96310432569975,1096033.6641521722,0.001001882492523258,29.834605597964376,39.63490099009901,4143599.740959264,0.32142857142857145,29.834605597964376,33.922480620155035,29630.531550578402,91.83576192220022,5.65189466923571,8.869456589631481,8286.081406050942,0.16165417114453784,57.41565881604074,64.42724458204334,99200.11943379641,42.13371282162457,24.427480916030532,32.49612403100775,106264.83076064456,0.37504240895149643,5.152671755725191,9.085271317829458,42177.068006256886,0.3366557950831425,13716.0,0.00058326,0.154272383,0.845144357,0.7179999999999999,0.772,27,88295.0
30055,McCone,MT,5.248091603053435,6.714108910891089,3481570.092775924,25.38167939,17.016539440203562,48.56870229007634,52.2264631043257,48212.86387340438,0.0011932240771112283,5.629770992366412,7.240099009900989,869847.192223619,0.7857142857142857,28.403307888040715,31.37984496124031,21766.238872638234,39.62787015043548,17.951188182402056,22.11118051217989,55716.69353255306,2.7368685650102007,26.28898790579249,32.35294117647059,27433.888687832838,19.263341489053,57.156488549618324,62.883720930232556,378629.7888146036,1.9174244215976617,22.487277353689567,28.868217054263567,229051.3870289293,1.7456271539407464,3972.0,0.017371601,0.3162134939999999,0.666414904,0.643,0.669,34,77451.0
30059,Meagher,MT,2.798982188295165,2.444306930693069,2152324.0370385796,51.14503817,15.489821882951654,68.41603053435115,68.54325699745547,140417.31424018543,0.0006489797291052595,9.701017811704835,10.179455445544553,1161863.070163822,0.21428571428571427,20.769720101781168,22.2015503875969,4288.927806370536,85.62945368171026,3.853564547206165,6.46470955652717,3198.74248021044,0.4220127420808993,45.607893061744115,46.31578947368421,49802.632056243034,42.235679066425654,13.39058524173028,15.5968992248062,39094.21162707756,1.0617830865713138,3.562340966921119,5.984496124031008,18219.71818224847,0.5986474544354371,3628.0,0.000275634,0.272050717,0.7276736489999999,0.678,0.746,11,38163.0
30063,Missoula,MT,77.03562340966921,85.42698019801979,56666730.908264294,10.62340967,79.54834605597965,95.76972010178118,96.94656488549617,6818101.28527787,0.006613900886130745,68.63867684478372,80.25990099009901,19006978.057160374,1.0357142857142858,15.966921119592875,18.728682170542633,1451.5569306761317,28.487193987436413,53.500321130378936,67.02061211742661,675288.3923052268,1.1618217436627682,80.61744112030553,87.4922600619195,331142.77001934533,50.851480924693455,13.295165394402037,23.65891472868217,66725.19733859977,0.45481640099199994,21.055979643765905,35.224806201550386,292491.17220490373,0.27403495005388034,60139.0,0.117743893,0.455095695,0.4271604119999999,0.958,0.961,256,2100770.0
30065,Musselshell,MT,17.048346055979643,12.592821782178218,4900384.414200052,74.30025445,25.06361323155216,91.92111959287533,90.7442748091603,1403018.7022862239,0.0037299799944294377,15.521628498727736,12.933168316831683,1407506.854650217,0.8928571428571429,24.87277353689567,25.488372093023255,8899.264460017403,70.34961047139043,17.597944765574823,17.988757026858213,36115.493041627844,2.1070519926603763,63.65372374283895,57.77089783281733,77335.72641670993,17.22630824305872,35.655216284987276,33.674418604651166,112345.78427759162,2.0566828845043474,9.60559796437659,10.263565891472869,51875.39884142055,0.917945923893391,6178.0,0.0,0.280349628,0.719650372,0.907,0.903,19,144715.0
30067,Park,MT,66.2849872773537,70.60643564356435,27752156.29659785,29.07124682,82.06106870229007,93.51145038167938,94.17938931297711,2704789.713656635,0.0023219706735280047,55.62977099236641,61.819306930693074,8539406.514477197,0.25,23.60050890585242,26.29457364341085,10024.239185754237,70.00992785709558,17.662170841361593,21.424109931292943,52488.098453049126,0.32483674217148006,82.33609166136219,84.42724458204334,255760.84652145582,22.043658072515733,43.51145038167939,49.92248062015504,223232.46881787243,0.6863059303977875,9.478371501272264,12.806201550387597,73410.32731796084,0.43039327487864515,16701.0,0.00053889,0.3525537389999999,0.646907371,0.884,0.907,14,116301.0
30069,Petroleum,MT,1.304071246819339,1.454207920792079,1647225.0975035988,27.38549618,12.913486005089059,66.47582697201018,68.6704834605598,141607.60156617264,0.004261100470560764,1.972010178117048,2.629950495049505,397938.0138750029,0.8214285714285714,17.65267175572519,20.0,2406.893432073476,70.94220110847188,5.330764290301863,8.15115552779513,6791.559212341779,2.8951270997601957,12.15786123488224,17.61609907120743,10504.942982322978,16.793239835906626,9.478371501272264,13.30232558139535,31397.95434165399,1.3472953145457554,1.55852417302799,4.124031007751938,6039.447843322692,0.7032780050795785,1184.0,0.000844595,0.2525337839999999,0.746621622,0.898,0.895,72,910075.0
30075,Powder River,MT,4.007633587786259,6.342821782178218,3388950.021367995,16.28498728,2.735368956743003,87.97709923664122,89.69465648854961,1229057.386829148,0.007906863365724453,7.824427480916031,11.540841584158416,1295625.7653648895,0.8928571428571429,17.270992366412212,19.968992248062015,2398.86539006939,75.65320665083138,9.730250481695569,13.460337289194255,20165.01988831541,2.2637295717571564,42.71164863144494,51.640866873065015,60287.14346966066,19.61603255926588,25.954198473282442,34.35658914728682,115340.62131850365,2.011103744584199,2.480916030534351,5.395348837209302,14457.142364146732,0.9037739758064659,4367.0,0.0,0.168307763,0.831692237,0.961,0.949,89,682292.0
30077,Powell,MT,9.955470737913485,8.60148514851485,4067090.352524125,58.14249364,19.43384223918575,86.35496183206108,85.7824427480916,684387.4804094967,0.004294685993036685,15.776081424936386,15.501237623762377,1609806.8651079491,0.2857142857142857,21.81933842239186,23.069767441860463,5236.767211983546,75.07918754872648,5.908798972382788,7.870081199250468,6210.597696376886,0.3890368328289358,74.72947167409293,72.78637770897834,139501.56367164446,46.4069492611343,10.527989821882953,12.527131782945736,28755.883141164424,0.6830535627112214,5.343511450381679,7.65891472868217,30975.60155783796,0.3681520774272173,7703.0,0.0,0.3136440349999999,0.6863559649999998,0.894,0.917,57,309036.0
30079,Prairie,MT,4.230279898218829,2.475247524752475,2160484.4302760954,74.14122137,19.49745547073791,60.973282442748086,58.269720101781175,67468.61293177826,0.0026375389079937865,5.788804071246819,4.517326732673268,625715.6840428312,0.7857142857142857,23.123409669211195,23.844961240310077,6206.003775506621,42.39904988123515,18.561335902376364,18.894440974391006,40164.96598037773,2.9473684210526305,24.602164226607258,24.210526315789473,17019.879889266285,17.684210526315784,16.189567430025445,16.34108527131783,41901.324484446144,1.8947446806598904,8.874045801526718,9.736434108527131,47705.23415492504,1.3780936796687404,2250.0,0.0,0.454666667,0.5453333329999999,0.8249999999999998,0.815,9,17694.0
30081,Ravalli,MT,78.46692111959288,77.87747524752476,37003883.137853414,45.19720102,27.25826972010178,98.88676844783714,98.91857506361323,21311630.75903352,0.012776802780652704,51.972010178117046,54.45544554455446,6603966.971901193,0.7857142857142857,19.529262086513995,21.364341085271317,3414.9988298775725,34.04514329800143,47.14193962748876,49.25046845721424,306884.5040038027,0.7406656422386692,87.39656269891789,86.87306501547988,316807.76448173187,53.0076375155126,28.848600508905854,32.372093023255815,105785.36069543596,0.3626616899554204,12.849872773536896,15.720930232558139,96397.40038753941,0.1982484401638128,37573.0,0.01019349,0.155563836,0.8342426739999999,0.989,0.99,72,681279.0
30087,Rosebud,MT,49.713740458015266,29.6720297029703,8742202.178948617,97.36005089,0.8905852417302799,95.00636132315522,92.55725190839695,1905277.1476743107,0.005229190439711112,56.52035623409669,41.491336633663366,4383012.576102744,0.7857142857142857,33.5559796437659,30.54263565891473,19656.391397419313,63.78342158939944,31.82402055234425,26.07745159275453,81838.2801025787,2.2626244001686624,84.78676002546149,74.08668730650156,146948.19298636453,17.333973515143853,43.95674300254453,33.89147286821705,113628.00240975039,1.5845355059544504,17.557251908396946,14.015503875968992,82816.00345742528,0.8808598989517132,8563.0,0.003503445,0.3839775779999999,0.612518977,0.956,0.942,55,901643.0
30093,Silver Bow,MT,38.040712468193384,49.41212871287129,14447801.142941138,16.98473282,62.913486005089055,80.72519083969466,83.52417302798982,526609.141596906,0.00143387201668104,21.692111959287534,30.78589108910891,3159330.9257232826,0.2857142857142857,14.472010178117047,16.899224806201552,526.1976076148707,91.13315911704424,13.872832369942195,18.332292317301686,37848.8921680737,0.26288044618333345,92.42520687460217,93.86996904024768,598957.7054886925,44.956053088403344,27.16284987277354,36.434108527131784,126796.440353355,0.6040420102053445,9.987277353689567,14.666666666666666,87715.8842079257,0.3120319764317799,23048.0,0.185048594,0.5660360989999998,0.248915307,0.783,0.8369999999999999,3,7655.0
30095,Stillwater,MT,16.762086513994912,31.683168316831683,9173529.097373955,10.62340967,56.265903307888046,87.05470737913485,89.98091603053436,1263680.4166043354,0.001463263386102446,36.22773536895674,51.39232673267327,6053241.423910466,0.6071428571428571,25.44529262086514,30.418604651162788,19141.857170036263,68.91143631444194,14.16184971098266,19.956277326670833,45424.07687799824,1.1931670144649975,51.52768936982813,63.62229102167183,95809.22076923764,21.588814592784573,28.65776081424936,41.48837209302326,158495.54073992782,1.605694775933036,5.820610687022901,10.48062015503876,55718.597537590125,0.7029012895644711,10618.0,0.000565078,0.291297796,0.708137126,0.781,0.808,18,58385.0
30097,Sweet Grass,MT,8.142493638676845,16.676980198019802,5892856.041086638,10.62340967,54.42111959287532,88.10432569974554,90.93511450381679,1454520.165397892,0.0012391974380403475,19.6882951653944,33.01361386138614,3395280.3732033405,0.39285714285714285,18.161577608142494,21.488372093023255,3511.8566629277734,65.67695961995257,6.583172768143866,10.680824484697064,12621.742649668275,0.7499892938143872,32.145130490133674,44.61300309597524,46399.89334112501,22.676974278217997,21.374045801526716,33.08527131782946,108910.50503992323,1.324265553249653,3.276081424936387,6.883720930232558,25361.286551446265,0.6021551791798347,5344.0,0.000187126,0.230538922,0.769273952,0.81,0.8469999999999999,12,275248.0
30103,Treasure,MT,0.508905852417303,0.742574257425743,1120983.3435779526,10.62340967,4.739185750636132,63.64503816793893,68.98854961832062,146049.61622350212,0.005981391461721169,2.544529262086514,4.26980198019802,598097.8427815808,0.39285714285714285,26.55852417302799,31.007751937984494,20949.23689877748,69.55661124307204,6.101477199743096,9.775140537164273,10347.383787446428,2.2648139336561743,12.094207511139402,19.78328173374613,12883.439724307307,16.38006555432942,7.792620865139948,12.868217054263567,29967.708445953034,1.5905520598086653,2.735368956743003,5.953488372093023,18136.50354348267,0.8663423175516033,1434.0,0.2656903769999999,0.185495119,0.548814505,0.928,0.92,32,268079.0
30107,Wheatland,MT,3.498727735368957,2.320544554455445,2113020.244738536,62.21374046,10.146310432569974,51.01781170483461,49.61832061068702,41196.3229395637,0.0003963406786822815,12.150127226463106,11.138613861386139,1253784.9517979785,0.32142857142857145,24.71374045801527,25.953488372093027,9451.253600979433,72.88202692003173,6.936416184971097,8.806995627732666,8250.212809690338,0.982207100455426,29.18523233609166,29.31888544891641,23391.316764623203,20.076384089732464,23.346055979643765,24.310077519379846,69252.62858679195,1.6562669000676145,2.926208651399491,4.992248062015504,11786.79224837359,0.6704862753571803,3489.0,0.002292921,0.3654342219999999,0.6322728579999999,0.454,0.4849999999999999,4,12609.0
30109,Wibaux,MT,11.068702290076336,20.451732673267326,6708117.781813238,10.62340967,4.103053435114504,41.85750636132315,48.346055979643765,38617.6556974079,0.001259640621810123,3.689567430025445,6.064356435643564,754934.0203635485,0.6071428571428571,18.861323155216287,21.984496124031008,4094.1202973723452,27.434679334916858,11.657032755298651,16.489693941286696,30794.619222682417,2.5789473684210513,36.85550604710375,47.80185758513932,52391.47167923672,18.42105263157895,19.974554707379134,30.015503875968992,93273.06646880039,2.2289126638668577,5.852417302798982,10.170542635658915,51813.47695367619,1.4320787228254588,2093.0,0.1299569999999999,0.1399904439999999,0.7300525559999999,0.7219999999999999,0.7219999999999999,6,6784.0
30111,Yellowstone,MT,83.5559796437659,86.13861386138613,60109560.36160653,20.32442748,82.31552162849873,93.44783715012723,94.40203562340967,2919018.6253063,0.0032702228481900973,84.54198473282443,87.22153465346535,29342403.467055872,1.0,35.591603053435115,39.06976744186046,51213.491023323535,71.54363416602355,72.25433526011561,78.07620237351655,1187094.7698287226,2.2100380967225637,99.14067472947168,99.50464396284829,2348243.6049654633,18.283678752132104,81.48854961832062,84.62015503875969,1138544.9093972787,1.9965697100375377,60.24173027989822,69.73643410852713,864715.5117420123,0.8502880987943556,86498.0,0.370366945,0.3726906979999999,0.256942357,0.8649999999999999,0.8589999999999999,28,242281.0
31007,Banner,NE,0.795165394402036,1.392326732673267,1567715.460685971,10.62340967,28.944020356234095,42.14376590330789,49.300254452926204,40438.1840177668,0.0012912240312027486,0.89058524173028,1.485148514851485,286296.0983,0.35714285714285715,66.92111959287533,73.67441860465117,583938.9202653676,87.01504354711008,2.569043031470777,5.340412242348532,720.8538802628638,0.3684441864518041,10.089115213239975,17.36842105263158,10392.085142768043,15.738503814816564,49.74554707379134,60.992248062015506,352351.11697057856,5.656870536976011,5.597964376590331,10.077519379844961,50799.42282484725,1.335842234520229,1836.0,0.004901961,0.074618736,0.920479303,0.7239999999999999,0.7309999999999999,0,0.0
31013,Box Butte,NE,20.960559796437657,28.403465346534652,8437357.188455984,23.75954198,38.89949109414758,61.32315521628499,64.02671755725191,103239.25105210725,0.0012508473028545262,5.852417302798982,8.044554455445544,955350.1745130086,0.10714285714285714,96.56488549618321,97.5813953488372,3898180.1848913915,84.32545743915973,9.955041746949261,13.522798251093066,20571.342130215744,0.6316651638122288,68.26861871419479,72.44582043343654,137092.05583234457,15.212041261873516,80.3117048346056,82.57364341085271,1002342.6791680589,4.705679660594064,20.0381679389313,26.07751937984496,203615.2685827574,1.3970156578538444,9852.0,0.5699350389999999,0.052070646,0.377994316,0.74,0.788,0,0.0
31029,Chase,NE,6.679389312977099,12.221534653465346,4791658.451545613,10.62340967,7.983460559796438,25.095419847328245,30.59796437659033,14255.58252686745,0.0004245954130969606,3.657760814249364,6.033415841584159,754105.1553384687,0.39285714285714285,68.03435114503816,74.51162790697674,618558.7915832014,90.61757719714963,12.010276172125883,17.083073079325423,32649.523117842127,2.8947368421052633,24.31572246976448,33.96284829721362,29540.95412948446,13.052631578947361,86.10050890585241,89.86046511627906,1718224.181679925,7.973007106648429,25.06361323155216,37.05426356589147,316746.4564421495,3.165701332462008,5486.0,0.20051039,0.31206708,0.48742253,0.44,0.4849999999999999,0,0.0
31033,Cheyenne,NE,27.798982188295163,41.61509900990099,11819609.082682587,12.75445293,50.858778625954194,43.38422391857507,49.52290076335878,41048.317776865,0.0005746312459004975,27.735368956743002,39.573019801980195,4140397.070482374,1.0714285714285714,91.66666666666666,95.53488372093022,2461036.4364924994,80.1197073863375,5.523442517662171,8.963148032479701,8645.0616887915,0.31578947368421034,53.72374283895608,62.972136222910216,93668.87363567836,13.947368421052621,86.35496183206108,89.70542635658914,1683186.3745181423,6.069366492962362,34.9236641221374,47.5968992248062,448063.4475447277,1.7794603049349955,10247.0,0.062457305,0.4721381869999999,0.465404509,0.5,0.514,0,0.0
31045,Dawes,NE,5.566157760814249,9.931930693069308,4265844.385310585,11.38676845,35.94147582697201,81.29770992366412,84.764631043257,616786.8754439353,0.003861837479789895,6.106870229007633,10.272277227722771,1164026.933934813,0.2857142857142857,66.73027989821882,73.11627906976744,558999.6504383291,74.44149753787526,9.441233140655106,13.741411617738914,21194.39260596985,0.7899074281102393,63.90833863781032,72.50773993808049,137562.0057075127,16.685888505833468,52.735368956743,63.503875968992254,387467.3899736064,4.148703772750322,11.895674300254452,17.86046511627907,118989.74829768206,1.5620172849751022,8304.0,0.009633911,0.446893064,0.543473025,0.879,0.891,0,0.0
31049,Deuel,NE,4.039440203562341,3.032178217821782,2349020.3210105174,63.77226463,48.25063613231552,38.42239185750636,35.94147582697201,19420.690072296962,0.0006430995088852765,3.498727735368957,3.125,463080.7848460192,0.17857142857142858,81.96564885496184,80.18604651162791,860859.0918391948,80.08709422011088,4.303147077713552,6.683322923173017,3639.097163434877,0.68421052631579,18.33227243793762,20.278637770897834,13231.529958075807,14.157894736842106,67.04834605597965,64.93023255813954,410504.17859702953,6.378925742661337,13.549618320610687,15.131782945736433,91583.30079941069,1.97979987447978,3112.0,0.068766067,0.4061696659999999,0.5250642669999999,0.462,0.4729999999999999,0,0.0
31057,Dundy,NE,2.2264631043257,4.548267326732673,2814493.518581928,10.62340967,5.566157760814249,27.989821882951656,32.85623409669211,16573.672007586527,0.0005445775991985838,2.035623409669211,3.403465346534654,495557.4377047377,0.42857142857142855,68.60687022900763,75.28682170542635,644680.0891225673,79.25574030087095,4.014129736673089,7.526545908806996,5315.303662784644,1.1052631578947372,24.41120305537874,34.14860681114551,29637.618795376202,13.263157894736842,68.32061068702289,75.84496124031008,686808.4387817236,8.16959792912168,22.678117048346056,33.6124031007752,278792.19871496083,3.6256347821106285,3941.0,0.029941639,0.354224816,0.6158335449999999,0.514,0.554,0,0.0
31101,Keith,NE,13.772264631043257,19.43069306930693,6448211.119043189,22.96437659,35.655216284987276,66.76208651399492,69.65648854961832,153109.02109778827,0.0009400031212444757,15.267175572519085,20.915841584158414,2106595.4506306555,0.4642857142857143,75.89058524173028,79.31782945736434,820972.0356838425,97.96991826444764,16.088631984585742,20.299812617114306,47001.45938078142,1.9473684210526283,53.787396562698916,59.53560371517028,82511.90452850194,15.526315789473715,84.38295165394402,86.51162790697674,1291886.5672888733,6.870890908581819,36.291348600508904,45.36434108527132,412507.7518636477,2.276794809534786,10048.0,0.066480892,0.480095541,0.453423567,0.6129999999999999,0.633,0,0.0
31105,Kimball,NE,7.569974554707379,6.992574257425743,3633284.222322278,48.88676845,12.372773536895675,55.216284987277355,55.43893129770993,57879.37741551889,0.0009202457173829592,7.315521628498728,7.766089108910891,929839.8219316691,1.0357142857142858,78.72137404580153,78.48062015503876,785075.1620049836,78.424386381631,3.821451509312781,6.433479075577764,3140.7410186887123,0.31586002049777046,37.36473583704647,39.28792569659443,37406.00662430205,14.896564621001923,80.94783715012723,79.2248062015504,845796.6977716917,6.205550312826384,15.012722646310433,17.147286821705425,112055.61506021532,1.5345183360529673,5005.0,0.002797203,0.429370629,0.567832168,0.5959999999999999,0.625,0,0.0
31123,Morrill,NE,27.83078880407125,26.51608910891089,8012758.301202137,56.32951654,39.56743002544529,63.93129770992366,63.48600508905853,97994.7642482599,0.0015699254512948286,16.348600508905854,16.61509900990099,1705920.0188047949,0.5,97.10559796437659,97.0232558139535,3407228.2585961074,83.13539192399047,4.945407835581246,7.401623985009369,4917.124605945225,0.3684210526315785,47.42202418841502,47.18266253869969,51223.221212700795,13.684210526315804,86.89567430025446,85.55038759689923,1205692.6049054214,5.5259668537348094,17.4618320610687,18.976744186046513,132300.45563025624,1.5271528312955713,6282.0,0.053008596,0.442534225,0.5044571789999999,0.7369999999999999,0.759,0,0.0
31135,Perkins,NE,4.357506361323155,8.415841584158416,4041457.1707544336,10.62340967,46.723918575063614,17.20737913486005,22.360050890585242,8512.856435408727,0.0003516689376576098,2.258269720101781,4.022277227722772,568032.7203316132,0.35714285714285715,72.2328244274809,79.53488372093022,829296.6156525402,91.72604908946953,8.50995504174695,12.866958151155528,18389.414977824585,2.210526315789475,18.618714194780395,28.482972136222912,22468.815324858606,14.052631578947375,82.47455470737913,87.68992248062015,1408982.4129040306,7.70794980550154,29.293893129770993,44.093023255813954,399644.5476446148,2.8202072870043056,4993.0,0.391948728,0.082114961,0.525936311,0.316,0.341,0,0.0
31157,Scotts Bluff,NE,63.835877862595424,67.35767326732673,24742704.237760846,31.456743,38.77226463104326,64.18575063613231,66.53944020356234,120092.23832311446,0.0010319247753149614,48.02798982188295,53.83663366336634,6532909.475205402,0.7857142857142857,95.86513994910942,96.46511627906976,3126836.388036878,80.56332657577073,20.35966602440591,24.109931292941912,66795.39267034142,0.6316032133790976,89.49713558243158,90.12383900928792,411052.65317482076,14.52674217794693,98.53689567430025,98.48062015503875,8516966.775124574,5.217783571966568,64.98091603053436,70.2015503875969,878285.4923184878,1.1724400170564295,26095.0,0.4658363669999999,0.2632688249999999,0.270894807,0.68,0.7049999999999998,0,0.0
31165,Sioux,NE,1.367684478371501,1.98019801980198,1939805.0038469392,13.39058524,9.223918575063614,69.78371501272265,74.23664122137404,215967.0028522341,0.00246797307622079,1.749363867684478,2.939356435643564,423342.7621783029,0.21428571428571427,70.54707379134861,75.96899224806202,670409.4593318627,96.43705463182899,3.243416827231856,6.089943785134292,2590.0775617627723,0.73668460014638,21.705919796308084,30.0,24285.15949733249,16.68777764716489,31.96564885496183,42.01550387596899,162924.89654803652,4.245837007310892,3.11704834605598,6.2015503875969,19866.37194624464,1.1812871225870099,3154.0,0.032339886,0.163284718,0.8043753959999999,0.8339999999999999,0.8419999999999999,0,0.0
46007,Bennett,SD,5.916030534351145,1.856435643564356,1890461.618950896,93.79770992,2.703562340966921,87.11832061068702,83.20610687022901,514339.47432808724,0.003927924673393894,4.293893129770993,2.320544554455445,370612.1937999999,0.42857142857142855,54.86641221374045,49.333333333333336,117451.93015980205,48.37515357917704,15.639049454078355,14.116177389131792,22335.066699095358,2.0003562329194704,56.77912157861235,44.860681114551085,46770.777612959064,15.159550513352844,40.71246819338422,32.27906976744186,105056.31341608298,3.5615407561866497,19.529262086513995,16.06201550387597,99341.95170033643,2.3553191816925554,3449.0,0.017976225,0.256596115,0.72542766,0.919,0.933,0,0.0
46019,Butte,SD,23.25063613231552,26.91831683168317,8119580.91166535,36.06870229,27.480916030534353,86.89567430025446,87.53180661577609,864971.9406325312,0.0034305426646197524,33.42875318066158,37.87128712871287,3900414.3213062705,0.7142857142857143,19.6882951653944,21.7984496124031,3859.276055157295,48.76343467157662,13.55170199100835,16.271080574640852,30337.00601060747,0.6843924584585019,68.7778485041375,70.24767801857585,124842.16916243285,16.477802227322755,74.36386768447836,75.81395348837209,686038.2646250664,4.624261753168336,47.74173027989822,52.8062015503876,521741.4416053263,2.4463893057856123,9958.0,0.000100422,0.372062663,0.627836915,0.7289999999999999,0.7359999999999999,0,0.0
46031,Corson,SD,38.104325699745544,22.679455445544555,7106214.878156286,91.18956743,2.8944020356234095,77.25826972010178,72.36005089058524,188156.2948160736,0.0012587561815459822,16.0941475826972,10.024752475247526,1149241.328292198,1.7142857142857142,28.498727735368956,27.410852713178297,12122.988971534374,33.267897160865736,17.82273603082852,16.114928169893815,29709.27724086381,2.421054075065536,77.05283259070656,66.59442724458205,108005.39650384207,16.94737347325568,64.82188295165395,54.666666666666664,267938.0211836669,2.6549209501359234,35.718829516539444,27.31782945736434,213365.03349733143,1.9657821779699505,5170.0,0.014119923,0.1918762089999999,0.794003868,0.688,0.697,0,0.0
46033,Custer,SD,16.348600508905854,29.73391089108911,8771961.564332783,10.62340967,47.041984732824424,94.24300254452926,95.73791348600508,3953964.1534412913,0.007736533274852184,19.306615776081426,31.31188118811881,3220130.226573923,1.1785714285714286,16.157760814249365,18.88372093023256,1633.9437265078834,62.713627950976495,5.105973025048169,8.713304184884448,8104.833163845363,0.3756236835880953,60.216422660725655,70.46439628482972,127011.03746144939,15.062228481230328,44.05216284987277,56.77519379844961,291597.74484002905,6.20691630030217,15.648854961832063,24.155038759689923,184651.3495906655,2.520823459225462,9847.0,0.0,0.146542094,0.853457906,0.898,0.887,0,0.0
46041,Dewey,SD,78.72137404580153,63.5519801980198,22094889.288530163,98.66412214,6.933842239185751,82.98346055979644,78.27608142493638,317632.62042782496,0.0011747333344213921,17.36641221374046,10.36509900990099,1175510.3986367062,0.9642857142857143,28.148854961832058,26.6046511627907,10647.78428004508,50.02308370904893,23.346178548490688,20.23735165521549,46816.01593075037,2.8421052631578947,85.32781667727562,75.91331269349844,159170.36066741106,16.578947368421062,57.82442748091603,46.6046511627907,195474.94278208705,2.845745297304788,22.99618320610687,17.891472868217054,119106.51382560338,2.3173623714540836,5080.0,0.002559055,0.3086614169999999,0.6887795279999999,0.682,0.698,0,0.0
46047,Fall River,SD,30.916030534351147,20.73019801980198,6763529.465404475,92.20737913,74.26844783715013,93.76590330788804,91.92111959287533,1724166.719506755,0.0062925888075552406,41.539440203562336,33.601485148514854,3436365.869812561,0.9642857142857143,28.33969465648855,27.875968992248062,13052.196915781256,73.53864093014455,13.423249839434812,13.39787632729544,20104.36573520678,0.9615919109097674,71.35582431572247,62.47678018575852,91944.10437621389,13.368739559704146,60.24173027989822,53.70542635658915,257385.8445640615,5.2878838123834555,30.05725190839695,25.271317829457363,196757.8878319421,1.9136399671700075,8086.0,0.002102399,0.3648280979999999,0.6330695029999999,0.895,0.886,0,0.0
46055,Haakon,SD,9.732824427480915,10.055693069306932,4293847.971485343,48.75954198,15.044529262086515,68.51145038167938,68.8295165394402,144902.82515435765,0.001183325438902185,21.978371501272264,23.483910891089106,2400188.7683051038,0.9642857142857143,34.25572519083969,35.25581395348837,34473.234523951345,55.70071258907361,11.913937058445729,13.991255465334165,22085.769762520835,3.0000353431924762,45.225970719287076,46.37770897832817,49883.920019777586,15.053079259385404,20.419847328244277,23.472868217054263,66019.65502416794,2.894240479430061,27.798982188295163,30.573643410852714,243334.02074340906,2.836620966242859,3524.0,0.000851305,0.2412031779999999,0.757945516,0.655,0.673,0,0.0
46063,Harding,SD,1.494910941475827,2.753712871287129,2269240.0185833643,10.62340967,45.61068702290076,82.60178117048346,86.64122137404581,760031.2689627799,0.00429368903870146,3.466921119592875,6.342821782178218,771817.1723000003,0.6428571428571429,18.829516539440203,22.170542635658915,4278.773298185392,48.4956452889945,3.468208092485549,6.83947532792005,3939.8591061703196,0.5263886744465487,40.929344366645445,53.40557275541795,65170.23086382872,15.631834044773449,24.141221374045802,35.78294573643411,122773.90687133753,2.5495004672709274,6.838422391857506,11.689922480620154,64214.3165611883,1.7937386811312017,3482.0,0.0,0.1338311319999999,0.866168868,0.888,0.874,0,0.0
46071,Jackson,SD,10.178117048346055,3.712871287128713,2607724.062941973,99.71374046,0.4134860050890585,85.52798982188295,80.27989821882952,385078.6147451243,0.002570669135282269,13.64503816793893,7.54950495049505,891807.9314567785,1.0,30.979643765903308,28.713178294573645,15046.46288732389,51.77758381624045,20.199100834938985,17.301686445971267,33418.9545543283,3.2620970664365414,69.06429026098027,53.96284829721362,66619.82157947197,15.72810217500271,36.16412213740458,27.069767441860463,82365.14580008606,3.3552268705529364,43.51145038167939,30.480620155038764,242161.24066195998,2.8454887325264897,3752.0,0.0,0.233208955,0.766791045,0.8459999999999999,0.8509999999999999,0,0.0
46075,Jones,SD,1.33587786259542,2.28960396039604,2095632.5221042712,10.62340967,28.816793893129773,70.73791348600508,75.66793893129771,246669.23468571235,0.0010839944537742142,4.89821882951654,8.013613861386139,950037.9458742886,0.8214285714285714,35.909669211195926,40.93023255813954,61536.867768031356,32.699920823436265,6.294155427103404,10.118675827607746,11093.439614637653,3.947368421052631,39.43348185868874,51.8266253869969,60679.1446791787,16.052631578947363,13.549618320610687,22.2015503875969,60187.28087754779,3.110642288200872,13.931297709923665,21.17829457364341,154294.8807255451,2.7889872522773866,2354.0,0.001699235,0.2769753609999999,0.721325404,0.643,0.674,0,0.0
46081,Lawrence,SD,49.26844783715013,53.24876237623762,16145779.763349423,35.52798982,54.039440203562336,93.22519083969466,93.54325699745547,2393576.6577812736,0.004628543996816433,57.12468193384224,61.50990099009901,8474832.949797802,0.75,15.362595419847327,17.519379844961243,772.8312181026323,30.79545042756434,16.923570969813746,20.112429731417862,45999.966136894975,0.17016558194679463,89.36982813494589,89.69040247678018,396551.07111454447,24.60303287263168,84.28753180661577,84.9922480620155,1167746.5195296232,6.2189913714152185,62.786259541984734,67.47286821705426,808529.4618590008,2.6032809763431994,17590.0,0.0,0.392040932,0.6079590679999999,0.807,0.805,0,0.0
46093,Meade,SD,49.459287531806616,63.056930693069305,21685363.988698103,10.62340967,29.357506361323153,96.02417302798982,96.88295165394402,6605015.328402264,0.0046149506726164795,51.94020356234097,64.66584158415841,9530083.517552955,1.3928571428571428,20.801526717557252,24.06201550387597,6530.6638848861985,58.55601601532946,24.084778420038536,31.85509056839475,122702.40035704349,1.0880022559941744,93.1572246976448,95.3250773993808,748888.7547245474,15.810913605563952,71.78753180661577,78.91472868217055,825335.6274728109,5.054161021598109,36.00508905852418,50.01550387596899,488242.61295810447,2.907102297509089,20907.0,0.0,0.349308844,0.650691156,0.807,0.801,0,0.0
46095,Mellette,SD,5.152671755725191,1.763613861386139,1863514.3728207233,87.75445293,0.826972010178117,83.20610687022901,79.19847328244275,347852.5750878386,0.001625002535924622,8.110687022900763,4.826732673267327,657179.5983000001,0.5357142857142857,30.788804071246815,29.271317829457367,16282.951730563682,42.95328582739504,15.06101477199743,13.772642098688321,21281.062816530317,3.7368421052631597,60.24824952259708,48.85448916408669,54177.55127505396,14.578947368421051,22.487277353689567,18.48062015503876,48069.196349674035,3.3221536520570734,16.921119592875318,14.573643410852712,87501.0860101169,2.658717064750191,2650.0,0.0,0.1943396229999999,0.805660377,0.775,0.793,0,0.0
46102,Oglala Lakota,SD,49.840966921119595,28.898514851485146,8518650.517800571,99.71374046,0.1272264631043257,96.88295165394402,95.32442748091603,3666642.1785256616,0.006823080142570249,19.020356234096692,10.82920792079208,1207273.9635831523,0.8571428571428571,40.521628498727736,35.81395348837209,36670.69516390669,58.21295914985155,33.108542068079636,26.63960024984385,85004.42841718663,1.3911368681856304,65.97708465945257,50.92879256965944,59043.00123182998,15.174596240445107,57.1882951653944,44.93023255813953,182120.25036871122,5.422499297004876,89.63104325699746,75.2248062015504,1054065.9877264455,2.6235945456011764,6437.0,0.0,0.255709181,0.744290819,0.961,0.96,0,0.0
46103,Pennington,SD,78.56234096692111,80.13613861386139,40777152.58983156,34.63740458,70.76972010178118,97.20101781170484,97.36005089058524,8266555.791008847,0.004437350618496165,75.63613231552164,78.125,17105706.74689591,2.0714285714285716,25.572519083969464,28.27906976744186,14352.24686888916,53.32286494232037,59.63391136801541,63.83510306058713,587613.6695905206,0.8923699420766142,94.62126034373011,94.58204334365325,657425.5611634076,17.216549731761205,96.94656488549617,96.7751937984496,4258475.801616884,5.771156228469556,30.407124681933844,36.15503875968992,306367.1351993126,2.917760871212385,55008.0,0.274723677,0.325970768,0.399305556,0.8449999999999999,0.8349999999999999,0,0.0
46105,Perkins,SD,2.608142493638677,5.476485148514851,3142491.082498427,10.62340967,13.326972010178118,68.79770992366412,74.30025445292621,216362.82161815246,0.0011995567580156883,4.739185750636132,7.704207920792079,919965.6408546235,0.9642857142857143,19.49745547073791,22.728682170542637,4812.625103916278,51.54394299287408,6.486833654463712,10.368519675202998,11631.704974677657,1.1101937232228112,51.814131126670915,62.44582043343653,91863.62451212194,15.780885139046369,34.66921119592875,46.29457364341085,193036.61252310144,2.6699617583940385,17.270992366412212,25.829457364341085,201529.07309053314,2.1406020899058205,6278.0,0.001115005,0.2196559409999999,0.7792290539999999,0.652,0.662,0,0.0
46117,Stanley,SD,5.057251908396947,9.993811881188119,4286699.609036143,10.62340967,45.578880407124686,60.49618320610687,66.47582697201018,119884.13530530104,0.0009052765521173635,20.0381679389313,32.88985148514851,3391185.5023817783,0.9642857142857143,30.693384223918574,36.15503875968992,37835.06720368503,42.953285827395106,12.26718047527296,17.863835103060588,35492.24342170695,3.8421052631578916,48.40865690642902,60.371517027863774,84331.25939841088,16.315789473684205,10.687022900763358,18.2015503875969,47353.77107732687,2.8617038051544808,9.382951653944021,15.37984496124031,93063.70465579772,2.6564831497979595,3342.0,0.014961101,0.443147816,0.541891083,0.628,0.66,0,0.0
46121,Todd,SD,36.60941475826972,18.471534653465348,6203887.059049491,97.70992366,0.2544529262086514,94.08396946564885,91.22137404580153,1505379.7201152793,0.0023951788806919126,28.30788804071247,17.388613861386137,1773322.1171595047,0.5714285714285714,29.293893129770993,27.472868217054263,12170.197064414255,35.6475999439407,33.94348105330764,27.170518425983758,90197.4528321209,3.2636918081241437,88.63781031190324,80.21671826625388,199164.25233802752,15.266200954941176,54.61195928753181,43.13178294573643,170847.3177251789,3.5633059653701142,35.6234096692112,24.74418604651163,191034.50275747973,2.2516909889886896,5332.0,0.0,0.2779444859999999,0.722055514,0.8469999999999999,0.86,0,0.0
46137,Ziebach,SD,25.190839694656486,10.952970297029703,4521512.74212237,99.74554707,0.38167938931297707,76.55852417302799,70.32442748091603,160370.54954583044,0.001222406337573774,8.93765903307888,4.641089108910891,640106.6736832368,1.1785714285714286,30.50254452926209,28.248062015503876,14335.80974320842,55.14647664291369,15.382145150931278,13.429106808244848,20109.344534886648,2.2632059018255575,63.30362826225334,48.575851393188856,53822.18937802522,14.632143512853574,31.456743002544528,24.06201550387597,68155.9107415413,2.6368852736601816,52.09923664122137,36.62015503875969,312005.8933924854,2.469557222534191,2879.0,0.038555054,0.215352553,0.7460923929999999,0.694,0.7,0,0.0
49007,Carbon,UT,8.68320610687023,10.922029702970297,4511493.568278351,33.55597964,48.218829516539444,66.82569974554707,68.51145038167938,140278.49961375378,0.0007945839931157805,22.7735368956743,27.66089108910891,2788966.879458886,0.6071428571428571,30.916030534351147,33.70542635658914,28814.334427462036,89.14658566281597,26.140012845215153,30.543410368519673,110413.83817264142,0.42152426849258146,62.69891788669637,65.47987616099071,102639.9567985025,28.250570420591394,3.816793893129771,6.480620155038759,8248.49664663906,0.14309825158908082,6.456743002544529,9.45736434108527,45201.103688653995,0.20544616725693154,13766.0,0.001380212,0.663300886,0.3353189019999999,0.644,0.7409999999999999,110,571028.0
49013,Duchesne,UT,7.601781170483461,14.85148514851485,5465499.847274128,10.62340967,31.520356234096692,80.43893129770993,84.31933842239185,576846.6080912406,0.001025202587000015,15.330788804071247,25.154702970297027,2546412.2500042063,0.6785714285714286,49.68193384223918,56.40310077519379,193275.97254465325,97.27252867842432,21.001926782273603,27.545284197376642,92708.03652462082,0.4460674327371338,49.586250795671546,61.23839009287926,86468.43161480187,28.96314913625638,4.4529262086514,7.813953488372093,13596.007293913754,0.16559549086659803,6.520356234096693,11.162790697674419,59951.012620709575,0.27156001736309265,17229.0,0.075744384,0.166521562,0.7577340529999999,0.6169999999999999,0.7069999999999999,50,344558.0
49015,Emery,UT,6.997455470737914,7.02351485148515,3635493.2833878556,41.69847328,29.134860050890588,59.28753180661578,59.764631043257,76697.54499577291,0.00040932004743162744,12.404580152671755,14.077970297029701,1512209.255396575,1.2857142857142858,40.458015267175576,41.984496124031004,66924.87586286898,113.75297939337815,32.080924855491325,34.509681449094316,147522.60109003147,1.9723395138575277,63.526416295353286,64.61300309597523,99720.95831863268,10.483676127998464,2.544529262086514,4.837209302325581,3807.2275185311614,0.08775866487471057,4.4529262086514,7.441860465116279,29231.573265697392,0.11495024753420037,8217.0,0.089570403,0.4743823779999999,0.4360472189999999,0.451,0.516,52,364104.0
49017,Garfield,UT,37.62722646310432,36.448019801980195,10371964.783650437,55.75699746,47.32824427480916,78.27608142493638,77.54452926208651,300367.9175594608,0.0010261633643305842,48.82315521628499,49.07178217821782,5584902.8553449195,3.607142857142857,35.55979643765903,36.248062015503876,38297.395671905404,106.1008709142999,82.49839434810534,82.0737039350406,1514278.3877251649,1.3528380846265793,86.72819859961808,85.3560371517028,274896.17742053524,18.13833822276568,1.208651399491094,2.666666666666667,1070.796028326877,0.0651799891443256,4.770992366412214,7.472868217054264,29691.57976457958,0.08419312851184284,6369.0,0.000471032,0.373842047,0.625686921,0.63,0.7319999999999999,101,679642.0
49019,Grand,UT,10.2735368956743,13.737623762376238,5178899.277429819,31.20229008,44.49745547073791,58.5559796437659,60.718829516539444,80737.69408103576,0.001168985815969788,25.38167938931298,30.538366336633665,3134610.6088243015,2.5357142857142856,38.80407124681934,41.116279069767444,62405.728129499075,105.11650582436785,32.273603082851636,36.602123672704565,161112.04934328503,0.8683314739095273,25.779758115849777,30.743034055727552,25359.598568889804,10.138164748869217,2.512722646310432,5.023255813953488,4098.201835145933,0.09629204729288901,3.721374045801527,6.511627906976744,22521.46493755463,0.19449431134107656,7544.0,0.00092789,0.4658006359999999,0.5332714739999999,0.5869999999999999,0.692,23,1166769.0
49025,Kane,UT,39.662849872773535,47.15346534653465,13615356.96149783,25.89058524,44.083969465648856,88.04071246819338,89.09033078880407,1135471.6718162738,0.0024434434102604337,56.424936386768444,62.96410891089109,8883902.770277506,4.892857142857143,22.487277353689567,24.96124031007752,7887.503652688335,106.59772344068017,86.64097623635196,88.6633354153654,2540381.275432892,2.458282019704878,65.65881604073839,69.44272445820432,122020.46908843998,10.804843049418425,1.145038167938931,2.75968992248062,1106.6497281466677,0.06761285510406662,3.944020356234097,6.914728682170542,25697.20634204562,0.08930248587413828,8458.0,0.000236463,0.25419721,0.745566328,0.817,0.88,199,909303.0
49033,Rich,UT,0.826972010178117,1.423267326732673,1619034.1492132936,10.62340967,38.26335877862596,75.89058524173028,80.43893129770993,390206.33045476465,0.002107708717457478,3.021628498727735,5.445544554455446,695825.4930646557,0.10714285714285714,29.421119592875318,34.69767441860465,31850.43007865808,82.02692003167071,1.798330122029544,4.52841973766396,0.002207240091466072,1.070321065452012e-05,58.52959898154042,68.76160990712074,118752.07559450429,44.00444307363774,1.940203562340967,4.775193798449613,3718.2303637142963,0.19416227166836125,7.124681933842239,12.186046511627907,69218.11954899524,0.5632371575420219,5018.0,0.002789956,0.1681945,0.8290155439999999,0.773,0.807,262,1206809.0
49037,San Juan,UT,26.81297709923664,13.242574257425744,5041269.90999806,91.44402036,1.049618320610687,82.3473282442748,77.48091603053436,298075.17426007934,0.001583960390304111,23.950381679389313,15.47029702970297,1607232.6845,1.8571428571428572,56.87022900763359,50.66666666666667,130272.84018537139,133.0133459796273,78.1631342324984,70.14366021236728,775890.5030253119,1.2355280021657937,82.62253341820497,71.88854489164088,134863.99339569095,10.104761517037236,2.417302798982188,3.720930232558139,2096.8777043791883,0.06265658166047178,6.043256997455471,6.604651162790698,23138.296455036438,0.08974508119391933,13017.0,0.001843743,0.187831298,0.8103249599999999,0.531,0.643,12,22065.0
49047,Uintah,UT,3.975826972010178,7.518564356435643,3838208.875673179,10.62340967,30.216284987277355,71.37404580152672,76.39949109414759,260370.30958964955,0.0009972895420757675,10.2735368956743,18.254950495049506,1835932.4521804417,0.6428571428571429,51.590330788804074,58.17054263565892,218470.71616947334,97.3776102810428,26.49325626204239,34.35352904434728,147097.9478975999,0.3428955020544668,23.520050922978992,33.71517027863777,29134.694925426353,12.997973159772693,5.025445292620865,8.775193798449612,16405.83274229916,0.12369473663276806,4.89821882951654,9.612403100775193,47025.1001003184,0.1680920124451044,22254.0,0.212590995,0.164644558,0.622764447,0.648,0.7269999999999999,34,102180.0
49055,Wayne,UT,1.876590330788804,1.701732673267327,1836705.176084975,47.26463104,36.16412213740458,53.68956743002544,54.48473282442748,54437.90688035243,0.0005555000120703479,6.902035623409669,7.611386138613861,903206.3340637883,4.857142857142857,31.01145038167939,32.93023255813953,26327.800782596794,117.22090261282655,39.59537572254335,41.75515302935665,209348.7929981658,1.8810653753541282,73.64735837046467,73.71517027863777,144944.65211397363,11.812451192299717,1.463104325699746,3.255813953488372,1632.2095674094846,0.06533941820489172,2.385496183206107,4.744186046511628,10256.598764865586,0.08942211453391855,3613.0,0.001937448,0.350678107,0.647384445,0.466,0.5789999999999998,11,56822.0
56001,Albany,WY,48.473282442748086,56.86881188118812,18070125.96622376,21.11959288,74.71374045801527,84.66921119592875,86.76844783715013,782122.4564105534,0.001615229214340782,44.083969465648856,53.24876237623762,6459422.150114656,0.6428571428571429,0.0,0.0,0.0,75.7879917097891,0.0,0.0,0.0,0.0,90.61107574793125,92.1671826625387,493173.8240038399,24.742216186068752,48.346055979643765,56.18604651162791,285799.02253851603,2.033665074666711,21.85114503816794,29.209302325581394,231877.70832215436,0.45647429514098337,19451.0,0.085651123,0.47282916,0.441519716,0.807,0.8339999999999999,16,52761.0
56003,Big Horn,WY,31.138676844783713,30.35272277227723,8869054.461922947,52.60814249,7.729007633587787,61.35496183206107,60.81424936386769,80910.26419070107,0.0004341563400639531,52.41730279898219,52.0730198019802,6167309.560321748,0.8928571428571429,39.344783715012724,39.627906976744185,53957.46956372448,85.63428581759933,8.798972382787412,10.555902560899439,12498.639051898726,0.22177553510422304,45.894334818586884,46.037151702786375,48923.3471056012,10.822181689492949,26.590330788804074,28.68217054263566,87804.65255099093,0.6942599089949189,11.991094147582697,13.488372093023257,79985.2060731774,0.4237357949838531,10222.0,0.038544316,0.5473488549999999,0.4141068279999999,0.504,0.5759999999999998,13,135563.0
56005,Campbell,WY,56.13867684478372,67.63613861386139,24993972.407043777,10.62340967,8.174300254452927,92.90712468193384,94.43384223918575,2919259.808360203,0.004396956098582177,40.235368956743,53.71287128712871,6513225.141115903,0.75,17.334605597964376,20.434108527131784,2711.696373223829,79.6818763582297,12.202954399486192,17.457838850718304,33879.53761997292,0.21062753932473555,89.21069382558879,92.41486068111455,511424.4013986047,15.551299229973338,94.40203562340967,96.15503875968993,3629245.5070907604,2.1800006592051866,31.456743002544528,44.93023255813953,408414.3931259783,1.0898630790323105,27799.0,0.178027987,0.333033562,0.488938451,0.873,0.8609999999999999,51,227036.0
56007,Carbon,WY,42.68447837150127,43.40965346534654,12377992.601569716,47.83715013,25.604325699745544,81.90203562340967,81.80661577608143,456652.0532970489,0.0015806498015037294,50.349872773536894,52.382425742574256,6225071.474002483,0.2857142857142857,20.483460559796438,22.046511627906977,4140.823867575899,86.51236382863455,0.0,0.0,0.0,0.0,71.8968809675366,70.83591331269349,130015.7229300155,24.49778456980586,5.057251908396947,7.193798449612403,11189.769569418182,0.23080160370571187,9.573791348600508,11.565891472868216,63110.06343036706,0.2261451954998008,14326.0,0.001047047,0.529805947,0.469147005,0.671,0.7349999999999999,25,257364.0
56009,Converse,WY,31.424936386768447,33.972772277227726,9718119.921906823,42.43002545,12.340966921119593,91.0941475826972,91.31679389312977,1525151.6817125066,0.003613122572606378,40.36259541984733,43.75,4679758.945093561,0.17857142857142858,23.059796437659035,24.868217054263567,7743.420784870032,103.84720479071781,7.000642260757868,9.494066208619612,9695.646508905678,0.16942872472583242,84.1502227880331,83.9938080495356,247567.1245820389,19.118205110098756,39.726463104325695,42.66666666666667,167941.992789531,1.3573075793973923,4.961832061068702,8.031007751937985,33022.33758209212,0.4337693922616315,11741.0,0.0,0.42458053,0.57541947,0.8539999999999999,0.87,40,139918.0
56011,Crook,WY,16.06234096692112,18.780940594059405,6297567.220659739,33.55597964,2.385496183206107,85.05089058524173,85.90966921119593,700511.3760869632,0.002874355987733347,20.13358778625954,24.133663366336634,2471977.0743423803,0.6785714285714286,18.670483460559797,20.74418604651163,2940.5892431517473,72.84122162072885,4.206807964033398,7.02685821361649,4230.398294608691,0.1339667096267618,67.88669637173774,69.41176470588235,122005.95410630542,19.936025034041187,82.1882951653944,82.72868217054264,1008220.6934122224,4.427231526745468,18.12977099236641,21.73643410852713,159161.67151893454,1.9135937452175478,8621.0,0.002087925,0.174805707,0.823106368,0.75,0.754,23,71123.0
56013,Fremont,WY,59.732824427480914,57.82797029702971,18588494.67435674,52.76717557,11.768447837150127,92.55725190839695,92.39821882951654,1871360.9646959323,0.0018842453405572626,66.50763358778626,65.71782178217822,10049049.637518732,1.5,35.718829516539444,36.4031007751938,38807.23683639341,75.99113649626803,15.1252408477842,16.895690193628983,31728.920579923062,0.10565859997574392,84.43666454487587,83.12693498452013,232283.74409486947,18.27548241877075,36.51399491094148,38.54263565891473,137994.6546024018,0.24346582413772613,22.614503816793892,24.093023255813954,184619.1255663349,0.2883752397580105,29241.0,0.064122294,0.336513799,0.5993639069999999,0.7279999999999999,0.773,17,46648.0
56015,Goshen,WY,28.466921119592875,32.95173267326732,9521707.718344094,35.52798982,29.580152671755727,72.6145038167939,74.33206106870229,217716.9682668739,0.0016349267912059951,31.01145038167939,36.20049504950495,3671640.219229662,0.8571428571428571,55.37531806615776,57.95348837209302,216310.0817685237,80.7096045908756,13.648041104688504,16.42723297938788,30598.76624159135,0.6316158246169645,79.56715467854869,81.20743034055728,207089.02434363042,15.850684586581716,86.73664122137404,87.28682170542635,1384391.0697775134,4.277202865934537,17.20737913486005,21.054263565891475,152391.43029403503,0.8668334943624583,11835.0,0.1088297419999999,0.394169835,0.497000422,0.798,0.811,9,44591.0
56017,Hot Springs,WY,16.0941475826972,11.50990099009901,4653814.407472548,73.34605598,13.072519083969466,66.4440203562341,63.45419847328244,97961.5971077552,0.0008046007397958338,39.3765903307888,34.59158415841584,3528953.417781153,0.21428571428571427,16.348600508905854,17.767441860465116,928.9661029986559,73.6931958842492,5.362877328195247,7.245471580262336,4705.937554520843,0.13825612908130686,2.259707192870783,4.767801857585139,935.8680926096123,12.50491583130267,18.479643765903308,18.728682170542633,48774.72888861547,0.37860289302771133,5.375318066157761,7.069767441860465,27166.512379681342,0.3351925718304095,4565.0,0.0,0.5233296819999999,0.4766703179999999,0.5839999999999999,0.656,14,190574.0
56019,Johnson,WY,19.306615776081426,20.699257425742573,6761907.842647954,42.77989822,11.195928753180661,87.8498727735369,87.94529262086515,958065.1507031148,0.003423718998569339,36.895674300254456,39.26361386138614,4104393.986898083,0.8571428571428571,19.59287531806616,21.550387596899228,3515.603731624544,104.47949161951658,6.711624919717406,9.119300437226734,8950.739552972114,0.2326323271472023,66.70910248249523,66.93498452012385,109698.91180186394,16.696432514913045,46.469465648854964,48.93023255813954,216875.99240388552,1.0823966225627435,14.917302798982188,17.3953488372093,116185.05755245606,0.6122286023669886,8513.0,0.0,0.330435804,0.669564196,0.83,0.8309999999999998,13,240653.0
56021,Laramie,WY,76.68575063613231,80.7549504950495,41849557.86898864,22.04198473,49.01399491094148,91.85750636132316,93.00254452926208,2084939.1917078919,0.001365655989952363,66.95292620865139,72.4319306930693,13273886.284567857,2.0357142857142856,27.86259541984733,31.069767441860463,21188.818269016225,53.980542167907444,19.235709698137445,23.891317926296065,66122.83149681635,0.13567056361480104,97.13558243157225,97.30650154798761,1141965.5862138567,20.930408791989528,92.4618320610687,93.51937984496124,2436710.252282903,4.9004560624765965,71.02417302798982,77.42635658914729,1148861.9633153263,0.995101940153451,55213.0,0.316773224,0.300400268,0.382826508,0.78,0.794,5,21811.0
56023,Lincoln,WY,51.908396946564885,56.775990099009896,17989803.195413753,29.13486005,15.076335877862595,83.61959287531806,85.17811704834605,644285.3259702123,0.0015171739561985263,35.46437659033079,41.646039603960396,4396373.776865701,0.6428571428571429,21.596692111959285,23.968992248062015,6328.204901035274,87.64459305294069,2.087347463070007,4.778263585259213,0.48456695188589227,5.33949920545185e-06,87.5875238701464,88.63777089783281,358946.53132216696,24.992094380869595,12.118320610687022,16.37209302325581,41948.02744770809,0.1531862508160931,10.941475826972011,14.325581395348838,86131.30730809957,0.2673991450179046,18544.0,0.000161777,0.215163934,0.784674288,0.679,0.7189999999999999,21,127260.0
56025,Natrona,WY,68.86132315521628,74.84529702970298,32563539.10106406,20.51526718,57.283715012722645,93.03435114503816,94.05216284987277,2657673.8024329115,0.0023441858837509174,74.71374045801527,79.95049504950495,18668066.74418007,0.8214285714285714,21.024173027989825,23.689922480620154,6070.561043959607,79.14657850696832,17.21258831085421,21.861336664584634,54019.04358840643,0.12799854141817,97.07192870782941,97.39938080495357,1153430.6429544883,17.386884612404277,41.06234096692112,49.05426356589147,217208.12401895277,0.5127310983790222,5.629770992366412,9.24031007751938,43647.31729401598,0.3124335283170602,42103.0,0.2847303039999999,0.435622165,0.279647531,0.773,0.811,22,104388.0
56027,Niobrara,WY,3.339694656488549,1.670792079207921,1811381.4276260287,79.07124682,10.941475826972011,80.88422391857506,77.95801526717557,309536.01048074453,0.002833845306950143,6.933842239185751,5.352722772277228,690875.0717811846,0.17857142857142858,25.127226463104325,25.581395348837212,8931.714428783114,105.30482977038804,5.619781631342325,7.432854465958775,4921.953547956498,0.47381169430092207,46.11712285168682,40.89783281733746,39858.3595967841,17.264487385323555,25.731552162849873,23.906976744186046,67585.88738804073,3.032415356115496,3.307888040712468,5.271317829457364,12910.796507130535,0.8828424178005594,3627.0,0.0,0.330024814,0.669975186,0.812,0.824,12,50330.0
56029,Park,WY,57.729007633587784,59.99381188118812,19825983.927551314,38.45419847,60.14631043256997,82.72900763358778,84.03307888040712,555350.1205014642,0.0009590191139924156,60.782442748091604,63.98514851485149,9274357.777476361,0.8214285714285714,38.26335877862596,40.4031007751938,56971.60316002001,89.44348218941195,8.220937700706486,10.618363522798251,12583.674699303081,0.03261805910783439,64.5448758752387,66.22291021671826,106340.02829827259,23.265149375760053,36.354961832061065,41.14728682170543,156366.11561587872,0.3764645542486101,29.230279898218832,34.48062015503876,286693.496635341,0.2692622418123086,23704.0,0.164149511,0.3110023619999999,0.524848127,0.768,0.813,59,393558.0
56031,Platte,WY,25.731552162849873,16.584158415841586,5854967.190166286,83.8740458,13.931297709923665,87.59541984732824,85.46437659033079,660531.7200792056,0.0030371061320075944,33.17430025445292,25.804455445544555,2588764.905475087,0.75,36.51399491094148,34.821705426356594,32687.759224620666,77.3598648846461,9.280667951188182,9.868831980012493,10533.25673396338,0.2600381055609791,80.8720560152769,75.015479876161,150409.86572637715,18.225021485728114,65.39440203562341,58.077519379844965,310255.69089110155,2.9520073900020796,23.282442748091604,20.46511627906977,146459.9030735212,0.5606765336354163,10308.0,0.044334497,0.3635040749999999,0.592161428,0.873,0.878,30,300286.0
56033,Sheridan,WY,65.20356234096693,68.62623762376238,25800971.537025817,32.44274809,50.89058524173028,93.89312977099237,94.27480916030534,2802051.990781385,0.006078527702014867,74.42748091603053,77.47524752475248,16539964.546479627,0.7142857142857143,23.02798982188295,25.116279069767444,8476.188840924266,78.3323720968539,33.49389852280026,37.82011242973142,171512.83037639654,1.2609081532180093,93.85741565881605,94.05572755417957,608093.8200009812,25.910443338376325,60.782442748091604,64.65116279069767,406746.1514032544,1.269231020278991,15.871501272264632,20.06201550387597,140474.0147889437,0.6960127387423535,21004.0,0.0,0.475766521,0.524233479,0.94,0.921,18,530965.0
56035,Sublette,WY,21.62849872773537,26.825495049504948,8108881.245345611,27.54452926,2.1310432569974553,87.72264631043257,88.77226463104326,1053270.8830777577,0.0015497002689693045,21.4058524173028,26.949257425742573,2724330.1618858497,0.2857142857142857,20.388040712468193,22.511627906976745,4627.484942651852,72.62349619039645,0.0,0.0,0.0,0.0,3.214513049013367,6.625386996904024,2204.9719403841254,21.11553539588396,5.916030534351145,9.147286821705427,17270.284818100245,0.14427702433786976,3.466921119592875,6.387596899224807,21422.771360472765,0.22747060957146945,10523.0,0.0,0.18834933,0.81165067,0.751,0.775,31,162076.0
56037,Sweetwater,WY,30.62977099236641,40.84158415841584,11628155.91139418,19.33842239,16.380407124681934,66.15776081424937,69.56106870229007,151179.71090591533,0.0006551386758712808,52.44910941475827,60.79826732673267,8246967.188355095,0.39285714285714285,19.62468193384224,22.294573643410853,4337.943909603933,119.96248978106975,0.0,0.0,0.0,0.0,85.6142584341184,87.6780185758514,338584.094486384,13.012727843238519,14.376590330788805,21.02325581395349,55775.198105699696,0.06698223681002173,10.209923664122138,14.387596899224805,86527.83239276015,0.18706114377994604,22392.0,0.031395141,0.742854591,0.225750268,0.4879999999999999,0.563,16,122531.0
56039,Teton,WY,70.64249363867684,79.91955445544554,40307135.5556478,10.62340967,42.461832061068705,90.64885496183206,93.03435114503816,2087781.4184782973,0.0031099597462006215,34.73282442748092,49.195544554455445,5611541.379020496,0.35714285714285715,16.444020356234095,19.25581395348837,1861.0097820450537,66.04433416439845,2.151573538856776,4.840724547158026,0.9633558284419228,8.428850127207611e-06,64.16295353278166,73.68421052631578,144682.1013602951,38.47314402083117,22.423664122137403,33.48837209302326,111361.6187219873,0.19408220012266914,8.93765903307888,14.852713178294575,89149.38829995402,0.25735364169124797,14474.0,0.00117452,0.240362028,0.7584634519999999,0.8679999999999999,0.881,102,544327.0
56041,Uinta,WY,16.698473282442748,26.20668316831683,7922564.37163049,14.94910941,12.53180661577608,83.49236641221374,86.38676844783714,738770.2567807868,0.0014444052052226721,34.06488549618321,45.08044554455445,4883557.534136486,0.03571428571428571,17.779898218829516,20.589147286821703,2806.54783332129,81.60381115090595,0.0,0.0,0.0,0.0,86.21896880967537,89.10216718266254,371256.5581010128,21.482344304153745,7.315521628498728,11.751937984496125,25546.167422041,0.1212140034607852,20.515267175572518,29.054263565891475,229834.3665994615,0.3067345344226267,13522.0,0.000221861,0.4586599619999999,0.541118178,0.63,0.687,6,30883.0
56043,Washakie,WY,24.36386768447837,17.91460396039604,6111331.743628451,79.45292621,55.37531806615776,66.73027989821882,63.61323155216285,99250.90584256679,0.0009859124678069542,48.60050890585242,43.62623762376238,4653572.811721448,0.5,29.48473282442748,29.643410852713174,17353.861788117352,77.54123047635572,7.482337829158639,8.77576514678326,8205.426933454986,0.23631343260843,32.367918523233605,30.061919504643964,24335.577234687502,10.639656074284723,11.991094147582697,12.496124031007753,28737.72230900316,0.5276319775422021,6.106870229007633,7.565891472868216,30597.05274185603,0.3634970814138687,6557.0,0.473539729,0.1630318739999999,0.363428397,0.694,0.748,33,139928.0
56045,Weston,WY,7.888040712468193,11.540841584158416,4670305.649188413,21.31043257,3.3396946564885495,83.7468193384224,86.00508905852418,710481.920866408,0.0031710976422230867,8.206106870229007,11.262376237623762,1271764.2430442711,0.6428571428571429,14.662849872773537,16.930232558139537,539.7816304477764,79.01868474612219,4.977520873474631,8.088694565896315,6434.667293896819,0.19972231557031922,56.26989178866963,62.04334365325077,90318.56881197535,15.53382090222822,74.96819338422391,78.10852713178295,787694.8855306901,4.527296546811407,12.627226463104327,17.116279069767444,111879.4068324377,1.6824972725774239,6873.0,0.0,0.4105921719999999,0.589407828,0.806,0.809,23,137731.0
