{
"type": "FeatureCollection",
"name": "synthetic_branches",
"crs": { "type": "name", "properties": { "name": "urn:ogc:def:crs:OGC:1.3:CRS84" } },
"features": [
{ "type": "Feature", "properties": { "line_id": 0, "from_bus": 96, "to_bus": 122, "length_km": 61.851192981070916, "voltage_assumed_kv": 230.0, "thermal_mw": 500.0, "reactance_pu": 0.11529761290152303, "is_interregional": false, "is_manual_override": false, "is_eia930_calibrated": false, "is_density_fill": false }, "geometry": { "type": "LineString", "coordinates": [ [ -96.77777333716044, 32.766489241279032 ], [ -97.124349866256111, 33.239756186861875 ] ] } },
{ "type": "Feature", "properties": { "line_id": 1, "from_bus": 313, "to_bus": 357, "length_km": 70.731123927576235, "voltage_assumed_kv": 230.0, "thermal_mw": 500.0, "reactance_pu": 0.13185080761800591, "is_interregional": false, "is_manual_override": false, "is_eia930_calibrated": false, "is_density_fill": false }, "geometry": { "type": "LineString", "coordinates": [ [ -84.508774119245842, 39.246839693448521 ], [ -84.218620553010268, 39.838221470458777 ] ] } },
{ "type": "Feature", "properties": { "line_id": 2, "from_bus": 59, "to_bus": 68, "length_km": 56.814567235079245, "voltage_assumed_kv": 230.0, "thermal_mw": 500.0, "reactance_pu": 0.10590877337228527, "is_interregional": false, "is_manual_override": false, "is_eia930_calibrated": false, "is_density_fill": false }, "geometry": { "type": "LineString", "coordinates": [ [ -80.52217397666405, 35.697017103953641 ], [ -80.851832026359233, 35.264068794943377 ] ] } },
{ "type": "Feature", "properties": { "line_id": 3, "from_bus": 132, "to_bus": 137, "length_km": 59.636949711864609, "voltage_assumed_kv": 230.0, "thermal_mw": 500.0, "reactance_pu": 0.11117001323823307, "is_interregional": false, "is_manual_override": false, "is_eia930_calibrated": false, "is_density_fill": false }, "geometry": { "type": "LineString", "coordinates": [ [ -80.460460475891381, 26.152329067597766 ], [ -80.505624566411683, 25.61052162820684 ] ] } },
{ "type": "Feature", "properties": { "line_id": 4, "from_bus": 101, "to_bus": 126, "length_km": 57.186242371234982, "voltage_assumed_kv": 230.0, "thermal_mw": 500.0, "reactance_pu": 0.10660161782536996, "is_interregional": false, "is_manual_override": false, "is_eia930_calibrated": false, "is_density_fill": false }, "geometry": { "type": "LineString", "coordinates": [ [ -96.202603092421413, 30.58715936527874 ], [ -96.527085869044711, 31.019626517387085 ] ] } },
{ "type": "Feature", "properties": { "line_id": 5, "from_bus": 71, "to_bus": 261, "length_km": 51.123750714286665, "voltage_assumed_kv": 345.0, "thermal_mw": 1200.0, "reactance_pu": 0.095300448315261063, "is_interregional": true, "is_manual_override": false, "is_eia930_calibrated": false, "is_density_fill": false }, "geometry": { "type": "LineString", "coordinates": [ [ -81.300205680258088, 28.621392603283546 ], [ -81.148175925323983, 29.063411910405783 ] ] } },
{ "type": "Feature", "properties": { "line_id": 6, "from_bus": 0, "to_bus": 237, "length_km": 29.818498471668285, "voltage_assumed_kv": 115.0, "thermal_mw": 150.0, "reactance_pu": 0.055585050641516982, "is_interregional": true, "is_manual_override": false, "is_eia930_calibrated": false, "is_density_fill": false }, "geometry": { "type": "LineString", "coordinates": [ [ -111.976264510085315, 48.575256463760816 ], [ -112.344509406150934, 48.681332238642433 ] ] } },
{ "type": "Feature", "properties": { "line_id": 7, "from_bus": 35, "to_bus": 50, "length_km": 73.142879950977616, "voltage_assumed_kv": 230.0, "thermal_mw": 500.0, "reactance_pu": 0.13634659337405672, "is_interregional": false, "is_manual_override": false, "is_eia930_calibrated": false, "is_density_fill": false }, "geometry": { "type": "LineString", "coordinates": [ [ -118.261849257122691, 34.196118045511213 ], [ -117.776560123603716, 33.676895998992023 ] ] } },
{ "type": "Feature", "properties": { "line_id": 8, "from_bus": 84, "to_bus": 105, "length_km": 58.14491275721722, "voltage_assumed_kv": 230.0, "thermal_mw": 500.0, "reactance_pu": 0.10838868775459447, "is_interregional": false, "is_manual_override": false, "is_eia930_calibrated": false, "is_density_fill": false }, "geometry": { "type": "LineString", "coordinates": [ [ -95.397591193407777, 29.879724903044817 ], [ -95.823881408963658, 29.510091988967652 ] ] } },
{ "type": "Feature", "properties": { "line_id": 9, "from_bus": 138, "to_bus": 161, "length_km": 37.652776495495175, "voltage_assumed_kv": 115.0, "thermal_mw": 57.916666666666671, "reactance_pu": 0.070189030151347004, "is_interregional": true, "is_manual_override": false, "is_eia930_calibrated": true, "is_density_fill": false }, "geometry": { "type": "LineString", "coordinates": [ [ -81.724711193738472, 30.506773880266749 ], [ -81.856673040794277, 30.187488604184562 ] ] } },
{ "type": "Feature", "properties": { "line_id": 10, "from_bus": 65, "to_bus": 68, "length_km": 56.50900820960144, "voltage_assumed_kv": 230.0, "thermal_mw": 500.0, "reactance_pu": 0.10533917682062476, "is_interregional": false, "is_manual_override": false, "is_eia930_calibrated": false, "is_density_fill": false }, "geometry": { "type": "LineString", "coordinates": [ [ -81.259456398390583, 35.648124421908882 ], [ -80.851832026359233, 35.264068794943377 ] ] } },
{ "type": "Feature", "properties": { "line_id": 11, "from_bus": 393, "to_bus": 400, "length_km": 31.828100403011817, "voltage_assumed_kv": 115.0, "thermal_mw": 132.5, "reactance_pu": 0.059331175726559569, "is_interregional": true, "is_manual_override": false, "is_eia930_calibrated": true, "is_density_fill": false }, "geometry": { "type": "LineString", "coordinates": [ [ -121.571475755203039, 47.267404922448343 ], [ -121.836025629754602, 47.490724328427397 ] ] } },
{ "type": "Feature", "properties": { "line_id": 12, "from_bus": 454, "to_bus": 495, "length_km": 73.673759476074409, "voltage_assumed_kv": 345.0, "thermal_mw": 145.625, "reactance_pu": 0.1373362127982235, "is_interregional": true, "is_manual_override": false, "is_eia930_calibrated": true, "is_density_fill": false }, "geometry": { "type": "LineString", "coordinates": [ [ -102.969019834887234, 43.496081497495297 ], [ -103.256212200763358, 44.12344708350583 ] ] } },
{ "type": "Feature", "properties": { "line_id": 13, "from_bus": 295, "to_bus": 358, "length_km": 43.632757856045899, "voltage_assumed_kv": 115.0, "thermal_mw": 150.0, "reactance_pu": 0.081336391145307288, "is_interregional": false, "is_manual_override": false, "is_eia930_calibrated": false, "is_density_fill": false }, "geometry": { "type": "LineString", "coordinates": [ [ -75.016360314007798, 39.654423440885367 ], [ -75.326546165299632, 39.964996140411714 ] ] } },
{ "type": "Feature", "properties": { "line_id": 14, "from_bus": 141, "to_bus": 161, "length_km": 70.959958859456876, "voltage_assumed_kv": 345.0, "thermal_mw": 463.33333333333337, "reactance_pu": 0.13227738178937873, "is_interregional": true, "is_manual_override": false, "is_eia930_calibrated": true, "is_density_fill": false }, "geometry": { "type": "LineString", "coordinates": [ [ -81.638642956026658, 29.576647567347429 ], [ -81.856673040794277, 30.187488604184562 ] ] } },
{ "type": "Feature", "properties": { "line_id": 15, "from_bus": 5, "to_bus": 151, "length_km": 0.88819582894361737, "voltage_assumed_kv": 115.0, "thermal_mw": 150.0, "reactance_pu": 0.0016556973912795734, "is_interregional": true, "is_manual_override": false, "is_eia930_calibrated": false, "is_density_fill": false }, "geometry": { "type": "LineString", "coordinates": [ [ -113.770575741046443, 35.701944606543741 ], [ -113.762099552436609, 35.697842583931902 ] ] } },
{ "type": "Feature", "properties": { "line_id": 16, "from_bus": 163, "to_bus": 337, "length_km": 43.137223179756312, "voltage_assumed_kv": 115.0, "thermal_mw": 34.21052631578938, "reactance_pu": 0.080412658513285079, "is_interregional": true, "is_manual_override": false, "is_eia930_calibrated": true, "is_density_fill": false }, "geometry": { "type": "LineString", "coordinates": [ [ -85.206924594100329, 38.216961049305681 ], [ -85.130150355375719, 37.83672744497715 ] ] } },
{ "type": "Feature", "properties": { "line_id": 17, "from_bus": 334, "to_bus": 340, "length_km": 61.036859774245642, "voltage_assumed_kv": 230.0, "thermal_mw": 500.0, "reactance_pu": 0.11377960378434834, "is_interregional": false, "is_manual_override": false, "is_eia930_calibrated": false, "is_density_fill": false }, "geometry": { "type": "LineString", "coordinates": [ [ -87.974694871036149, 41.435403338377583 ], [ -88.273706881871036, 41.934160875267388 ] ] } },
{ "type": "Feature", "properties": { "line_id": 18, "from_bus": 262, "to_bus": 269, "length_km": 61.728102158383209, "voltage_assumed_kv": 230.0, "thermal_mw": 500.0, "reactance_pu": 0.11506815769877021, "is_interregional": false, "is_manual_override": false, "is_eia930_calibrated": false, "is_density_fill": false }, "geometry": { "type": "LineString", "coordinates": [ [ -73.726443322198634, 42.949643943844173 ], [ -74.161107653596076, 42.497078123909674 ] ] } },
{ "type": "Feature", "properties": { "line_id": 19, "from_bus": 100, "to_bus": 127, "length_km": 65.803281896057058, "voltage_assumed_kv": 230.0, "thermal_mw": 500.0, "reactance_pu": 0.1226647532251046, "is_interregional": false, "is_manual_override": false, "is_eia930_calibrated": false, "is_density_fill": false }, "geometry": { "type": "LineString", "coordinates": [ [ -96.082903478603598, 31.704523546371476 ], [ -96.752667796031147, 31.542485877636242 ] ] } },
{ "type": "Feature", "properties": { "line_id": 20, "from_bus": 104, "to_bus": 110, "length_km": 51.781199784687743, "voltage_assumed_kv": 230.0, "thermal_mw": 500.0, "reactance_pu": 0.096526007674233624, "is_interregional": false, "is_manual_override": false, "is_eia930_calibrated": false, "is_density_fill": false }, "geometry": { "type": "LineString", "coordinates": [ [ -96.677589726405671, 33.626839495623933 ], [ -96.521987296165548, 33.18136500056805 ] ] } },
{ "type": "Feature", "properties": { "line_id": 21, "from_bus": 317, "to_bus": 339, "length_km": 55.865865842829635, "voltage_assumed_kv": 230.0, "thermal_mw": 500.0, "reactance_pu": 0.10414028677387469, "is_interregional": false, "is_manual_override": false, "is_eia930_calibrated": false, "is_density_fill": false }, "geometry": { "type": "LineString", "coordinates": [ [ -76.553809608230452, 39.438783352875944 ], [ -76.726195187697542, 39.919858515105453 ] ] } },
{ "type": "Feature", "properties": { "line_id": 22, "from_bus": 96, "to_bus": 111, "length_km": 49.733734785843836, "voltage_assumed_kv": 115.0, "thermal_mw": 150.0, "reactance_pu": 0.092709301552843723, "is_interregional": false, "is_manual_override": false, "is_eia930_calibrated": false, "is_density_fill": false }, "geometry": { "type": "LineString", "coordinates": [ [ -96.77777333716044, 32.766489241279032 ], [ -96.269014020844111, 32.632293863408677 ] ] } },
{ "type": "Feature", "properties": { "line_id": 23, "from_bus": 162, "to_bus": 321, "length_km": 44.020000460828292, "voltage_assumed_kv": 115.0, "thermal_mw": 34.21052631578938, "reactance_pu": 0.082058255119036, "is_interregional": true, "is_manual_override": false, "is_eia930_calibrated": true, "is_density_fill": false }, "geometry": { "type": "LineString", "coordinates": [ [ -82.811466700959912, 36.95377324611497 ], [ -82.312658774785987, 36.943620512386765 ] ] } },
{ "type": "Feature", "properties": { "line_id": 24, "from_bus": 82, "to_bus": 184, "length_km": 8.8624470894488283, "voltage_assumed_kv": 115.0, "thermal_mw": 150.0, "reactance_pu": 0.016520602831253724, "is_interregional": true, "is_manual_override": false, "is_eia930_calibrated": false, "is_density_fill": false }, "geometry": { "type": "LineString", "coordinates": [ [ -88.886535108650762, 37.138773250908372 ], [ -88.84408395879943, 37.210500416243228 ] ] } },
{ "type": "Feature", "properties": { "line_id": 25, "from_bus": 62, "to_bus": 67, "length_km": 54.335427576480008, "voltage_assumed_kv": 230.0, "thermal_mw": 500.0, "reactance_pu": 0.10128737690587489, "is_interregional": false, "is_manual_override": false, "is_eia930_calibrated": false, "is_density_fill": false }, "geometry": { "type": "LineString", "coordinates": [ [ -80.290120197732136, 36.314389956989132 ], [ -79.714789261271676, 36.153012158664815 ] ] } },
{ "type": "Feature", "properties": { "line_id": 26, "from_bus": 324, "to_bus": 332, "length_km": 54.950322786191357, "voltage_assumed_kv": 230.0, "thermal_mw": 500.0, "reactance_pu": 0.10243361105993551, "is_interregional": false, "is_manual_override": false, "is_eia930_calibrated": false, "is_density_fill": false }, "geometry": { "type": "LineString", "coordinates": [ [ -75.252081896236945, 40.26649946204364 ], [ -75.261569697377752, 40.757015544230264 ] ] } },
{ "type": "Feature", "properties": { "line_id": 27, "from_bus": 7, "to_bus": 396, "length_km": 6.1301784893847904, "voltage_assumed_kv": 115.0, "thermal_mw": 165.45643939393938, "reactance_pu": 0.011427345414382549, "is_interregional": true, "is_manual_override": false, "is_eia930_calibrated": true, "is_density_fill": false }, "geometry": { "type": "LineString", "coordinates": [ [ -111.300920467034643, 32.945850176599457 ], [ -111.344678333579438, 32.904750713230541 ] ] } },
{ "type": "Feature", "properties": { "line_id": 28, "from_bus": 71, "to_bus": 394, "length_km": 37.322542939264665, "voltage_assumed_kv": 115.0, "thermal_mw": 150.0, "reactance_pu": 0.069573437486141476, "is_interregional": true, "is_manual_override": false, "is_eia930_calibrated": false, "is_density_fill": false }, "geometry": { "type": "LineString", "coordinates": [ [ -81.300205680258088, 28.621392603283546 ], [ -81.236025993493541, 28.288655843672124 ] ] } },
{ "type": "Feature", "properties": { "line_id": 29, "from_bus": 316, "to_bus": 346, "length_km": 67.430329398422813, "voltage_assumed_kv": 230.0, "thermal_mw": 500.0, "reactance_pu": 0.12569775362588215, "is_interregional": false, "is_manual_override": false, "is_eia930_calibrated": false, "is_density_fill": false }, "geometry": { "type": "LineString", "coordinates": [ [ -78.994782633292544, 40.601373171784765 ], [ -78.257462928434379, 40.842912720977615 ] ] } },
{ "type": "Feature", "properties": { "line_id": 30, "from_bus": 388, "to_bus": 487, "length_km": 38.013759792807974, "voltage_assumed_kv": 115.0, "thermal_mw": 431.25, "reactance_pu": 0.070861943808650657, "is_interregional": true, "is_manual_override": false, "is_eia930_calibrated": true, "is_density_fill": false }, "geometry": { "type": "LineString", "coordinates": [ [ -108.22061141227843, 36.397250641625838 ], [ -108.186904271861422, 36.735536115639455 ] ] } },
{ "type": "Feature", "properties": { "line_id": 31, "from_bus": 380, "to_bus": 488, "length_km": 9.9263324490705358, "voltage_assumed_kv": 115.0, "thermal_mw": 4.9627525252525233, "reactance_pu": 0.018503805360634222, "is_interregional": true, "is_manual_override": false, "is_eia930_calibrated": true, "is_density_fill": false }, "geometry": { "type": "LineString", "coordinates": [ [ -104.337675569957838, 39.785527053199729 ], [ -104.337846810115266, 39.874111415385833 ] ] } },
{ "type": "Feature", "properties": { "line_id": 32, "from_bus": 87, "to_bus": 122, "length_km": 55.231136366805949, "voltage_assumed_kv": 230.0, "thermal_mw": 500.0, "reactance_pu": 0.10295707930613573, "is_interregional": false, "is_manual_override": false, "is_eia930_calibrated": false, "is_density_fill": false }, "geometry": { "type": "LineString", "coordinates": [ [ -97.319380686831693, 32.772229164172529 ], [ -97.124349866256111, 33.239756186861875 ] ] } },
{ "type": "Feature", "properties": { "line_id": 33, "from_bus": 147, "to_bus": 401, "length_km": 74.662650952572122, "voltage_assumed_kv": 345.0, "thermal_mw": 1200.0, "reactance_pu": 0.13917961825515207, "is_interregional": true, "is_manual_override": false, "is_eia930_calibrated": false, "is_density_fill": false }, "geometry": { "type": "LineString", "coordinates": [ [ -82.357583234064208, 29.674758508055973 ], [ -82.532324970641213, 29.018576065835834 ] ] } },
{ "type": "Feature", "properties": { "line_id": 34, "from_bus": 297, "to_bus": 336, "length_km": 68.940845376398698, "voltage_assumed_kv": 230.0, "thermal_mw": 500.0, "reactance_pu": 0.12851352609713468, "is_interregional": false, "is_manual_override": false, "is_eia930_calibrated": false, "is_density_fill": false }, "geometry": { "type": "LineString", "coordinates": [ [ -77.476566314177234, 38.76626383497166 ], [ -78.200719732526863, 39.031159265992081 ] ] } },
{ "type": "Feature", "properties": { "line_id": 35, "from_bus": 22, "to_bus": 373, "length_km": 12.514457819425388, "voltage_assumed_kv": 115.0, "thermal_mw": 3028.75, "reactance_pu": 0.023328363509142518, "is_interregional": true, "is_manual_override": false, "is_eia930_calibrated": true, "is_density_fill": false }, "geometry": { "type": "LineString", "coordinates": [ [ -122.650587923520192, 45.529726296630031 ], [ -122.791363120088647, 45.476069397874518 ] ] } },
{ "type": "Feature", "properties": { "line_id": 36, "from_bus": 84, "to_bus": 205, "length_km": 70.95955498281765, "voltage_assumed_kv": 345.0, "thermal_mw": 1200.0, "reactance_pu": 0.13227662891768516, "is_interregional": true, "is_manual_override": false, "is_eia930_calibrated": false, "is_density_fill": false }, "geometry": { "type": "LineString", "coordinates": [ [ -95.397591193407777, 29.879724903044817 ], [ -95.589260666814525, 30.496961720164489 ] ] } },
{ "type": "Feature", "properties": { "line_id": 37, "from_bus": 224, "to_bus": 444, "length_km": 26.689424410784177, "voltage_assumed_kv": 115.0, "thermal_mw": 22.176724137931036, "reactance_pu": 0.04975210300666013, "is_interregional": true, "is_manual_override": false, "is_eia930_calibrated": true, "is_density_fill": false }, "geometry": { "type": "LineString", "coordinates": [ [ -101.553643984597485, 47.192958158179472 ], [ -101.33299303668754, 47.380648837668879 ] ] } },
{ "type": "Feature", "properties": { "line_id": 38, "from_bus": 94, "to_bus": 105, "length_km": 53.582753841346893, "voltage_assumed_kv": 230.0, "thermal_mw": 500.0, "reactance_pu": 0.099884308011454689, "is_interregional": false, "is_manual_override": false, "is_eia930_calibrated": false, "is_density_fill": false }, "geometry": { "type": "LineString", "coordinates": [ [ -95.434371585021552, 29.167724074564109 ], [ -95.823881408963658, 29.510091988967652 ] ] } },
{ "type": "Feature", "properties": { "line_id": 39, "from_bus": 297, "to_bus": 326, "length_km": 57.929594788036027, "voltage_assumed_kv": 230.0, "thermal_mw": 500.0, "reactance_pu": 0.10798731072911022, "is_interregional": false, "is_manual_override": false, "is_eia930_calibrated": false, "is_density_fill": false }, "geometry": { "type": "LineString", "coordinates": [ [ -77.476566314177234, 38.76626383497166 ], [ -76.822387143717577, 38.889368950792914 ] ] } },
{ "type": "Feature", "properties": { "line_id": 40, "from_bus": 60, "to_bus": 66, "length_km": 65.02912862206756, "voltage_assumed_kv": 230.0, "thermal_mw": 500.0, "reactance_pu": 0.12122164404306823, "is_interregional": false, "is_manual_override": false, "is_eia930_calibrated": false, "is_density_fill": false }, "geometry": { "type": "LineString", "coordinates": [ [ -82.883563419388395, 34.709478884955374 ], [ -82.181279462047627, 34.823704404632537 ] ] } },
{ "type": "Feature", "properties": { "line_id": 41, "from_bus": 51, "to_bus": 246, "length_km": 13.423020356251879, "voltage_assumed_kv": 115.0, "thermal_mw": 49.479779411764717, "reactance_pu": 0.025022026745353757, "is_interregional": true, "is_manual_override": false, "is_eia930_calibrated": true, "is_density_fill": false }, "geometry": { "type": "LineString", "coordinates": [ [ -120.642090898063458, 38.904127523206753 ], [ -120.667894687326893, 39.022244917268161 ] ] } },
{ "type": "Feature", "properties": { "line_id": 42, "from_bus": 403, "to_bus": 405, "length_km": 49.583770104278628, "voltage_assumed_kv": 115.0, "thermal_mw": 153.47222222222223, "reactance_pu": 0.09242975044039714, "is_interregional": true, "is_manual_override": false, "is_eia930_calibrated": true, "is_density_fill": false }, "geometry": { "type": "LineString", "coordinates": [ [ -81.216009336684678, 33.808647760261273 ], [ -80.931162732642221, 34.185770894349531 ] ] } },
{ "type": "Feature", "properties": { "line_id": 43, "from_bus": 329, "to_bus": 348, "length_km": 72.252310498468262, "voltage_assumed_kv": 230.0, "thermal_mw": 500.0, "reactance_pu": 0.13468647128023117, "is_interregional": false, "is_manual_override": false, "is_eia930_calibrated": false, "is_density_fill": false }, "geometry": { "type": "LineString", "coordinates": [ [ -77.133760652300495, 41.381647083149502 ], [ -76.455414662105497, 41.788100868834306 ] ] } },
{ "type": "Feature", "properties": { "line_id": 44, "from_bus": 104, "to_bus": 122, "length_km": 59.759036849704707, "voltage_assumed_kv": 230.0, "thermal_mw": 500.0, "reactance_pu": 0.11139759745901359, "is_interregional": false, "is_manual_override": false, "is_eia930_calibrated": false, "is_density_fill": false }, "geometry": { "type": "LineString", "coordinates": [ [ -96.677589726405671, 33.626839495623933 ], [ -97.124349866256111, 33.239756186861875 ] ] } },
{ "type": "Feature", "properties": { "line_id": 45, "from_bus": 99, "to_bus": 128, "length_km": 67.114811738549889, "voltage_assumed_kv": 230.0, "thermal_mw": 500.0, "reactance_pu": 0.12510959305438343, "is_interregional": false, "is_manual_override": false, "is_eia930_calibrated": false, "is_density_fill": false }, "geometry": { "type": "LineString", "coordinates": [ [ -97.321807968347358, 30.093231175430649 ], [ -97.600207863024096, 30.6476091753315 ] ] } },
{ "type": "Feature", "properties": { "line_id": 46, "from_bus": 30, "to_bus": 293, "length_km": 59.168496388928403, "voltage_assumed_kv": 345.0, "thermal_mw": 90.166666666666671, "reactance_pu": 0.11029676330905448, "is_interregional": true, "is_manual_override": false, "is_eia930_calibrated": true, "is_density_fill": false }, "geometry": { "type": "LineString", "coordinates": [ [ -121.229807259694212, 43.951023498789858 ], [ -120.796044723306196, 44.38170142533027 ] ] } },
{ "type": "Feature", "properties": { "line_id": 47, "from_bus": 185, "to_bus": 437, "length_km": 40.1737351786646, "voltage_assumed_kv": 115.0, "thermal_mw": 22.176724137931036, "reactance_pu": 0.074888382005106002, "is_interregional": true, "is_manual_override": false, "is_eia930_calibrated": true, "is_density_fill": false }, "geometry": { "type": "LineString", "coordinates": [ [ -103.833542173255509, 48.151613736021929 ], [ -103.375634178673351, 47.963775355192418 ] ] } },
{ "type": "Feature", "properties": { "line_id": 48, "from_bus": 316, "to_bus": 368, "length_km": 50.883397960608328, "voltage_assumed_kv": 230.0, "thermal_mw": 500.0, "reactance_pu": 0.094852403622543477, "is_interregional": false, "is_manual_override": false, "is_eia930_calibrated": false, "is_density_fill": false }, "geometry": { "type": "LineString", "coordinates": [ [ -78.994782633292544, 40.601373171784765 ], [ -79.506381224211296, 40.846300577499022 ] ] } },
{ "type": "Feature", "properties": { "line_id": 49, "from_bus": 140, "to_bus": 142, "length_km": 36.37023097663581, "voltage_assumed_kv": 115.0, "thermal_mw": 150.0, "reactance_pu": 0.067798220376549506, "is_interregional": false, "is_manual_override": false, "is_eia930_calibrated": false, "is_density_fill": false }, "geometry": { "type": "LineString", "coordinates": [ [ -80.467854625094361, 27.40582770505431 ], [ -80.398936123806251, 27.081704789458016 ] ] } },
{ "type": "Feature", "properties": { "line_id": 50, "from_bus": 312, "to_bus": 370, "length_km": 54.208009238117306, "voltage_assumed_kv": 230.0, "thermal_mw": 500.0, "reactance_pu": 0.10104985472489457, "is_interregional": false, "is_manual_override": false, "is_eia930_calibrated": false, "is_density_fill": false }, "geometry": { "type": "LineString", "coordinates": [ [ -86.04575018327057, 41.773903724177664 ], [ -86.635774455908546, 41.988133369463434 ] ] } },
{ "type": "Feature", "properties": { "line_id": 51, "from_bus": 70, "to_bus": 464, "length_km": 53.272026013279586, "voltage_assumed_kv": 345.0, "thermal_mw": 95.984375, "reactance_pu": 0.099305076227692662, "is_interregional": true, "is_manual_override": false, "is_eia930_calibrated": true, "is_density_fill": false }, "geometry": { "type": "LineString", "coordinates": [ [ -82.709815155341644, 28.026135169785654 ], [ -82.171320938371935, 28.061524564741077 ] ] } },
{ "type": "Feature", "properties": { "line_id": 52, "from_bus": 60, "to_bus": 419, "length_km": 72.667164029520677, "voltage_assumed_kv": 345.0, "thermal_mw": 338.375, "reactance_pu": 0.13545980514056188, "is_interregional": true, "is_manual_override": false, "is_eia930_calibrated": true, "is_density_fill": false }, "geometry": { "type": "LineString", "coordinates": [ [ -82.883563419388395, 34.709478884955374 ], [ -83.411007483735034, 34.222162039632394 ] ] } },
{ "type": "Feature", "properties": { "line_id": 53, "from_bus": 92, "to_bus": 115, "length_km": 72.920523464633263, "voltage_assumed_kv": 230.0, "thermal_mw": 500.0, "reactance_pu": 0.13593209575722789, "is_interregional": false, "is_manual_override": false, "is_eia930_calibrated": false, "is_density_fill": false }, "geometry": { "type": "LineString", "coordinates": [ [ -102.429319111624849, 31.830970948762769 ], [ -103.150563435626324, 31.59613080635145 ] ] } },
{ "type": "Feature", "properties": { "line_id": 54, "from_bus": 69, "to_bus": 131, "length_km": 14.884937093442156, "voltage_assumed_kv": 115.0, "thermal_mw": 126.25, "reactance_pu": 0.027747204740067737, "is_interregional": true, "is_manual_override": false, "is_eia930_calibrated": true, "is_density_fill": false }, "geometry": { "type": "LineString", "coordinates": [ [ -81.499293065574449, 27.957756930016565 ], [ -81.411374058095817, 28.067274295536329 ] ] } },
{ "type": "Feature", "properties": { "line_id": 55, "from_bus": 82, "to_bus": 150, "length_km": 25.976293152805805, "voltage_assumed_kv": 115.0, "thermal_mw": 150.0, "reactance_pu": 0.048422745757956291, "is_interregional": true, "is_manual_override": false, "is_eia930_calibrated": false, "is_density_fill": false }, "geometry": { "type": "LineString", "coordinates": [ [ -88.886535108650762, 37.138773250908372 ], [ -89.119958090688812, 37.280901920775307 ] ] } },
{ "type": "Feature", "properties": { "line_id": 56, "from_bus": 265, "to_bus": 271, "length_km": 58.721950170998049, "voltage_assumed_kv": 230.0, "thermal_mw": 500.0, "reactance_pu": 0.10946435069910967, "is_interregional": false, "is_manual_override": false, "is_eia930_calibrated": false, "is_density_fill": false }, "geometry": { "type": "LineString", "coordinates": [ [ -73.819812518226954, 41.783372584838219 ], [ -74.33266462069659, 41.4206338194073 ] ] } },
{ "type": "Feature", "properties": { "line_id": 57, "from_bus": 83, "to_bus": 128, "length_km": 47.356009437292578, "voltage_assumed_kv": 115.0, "thermal_mw": 150.0, "reactance_pu": 0.088276952820179777, "is_interregional": false, "is_manual_override": false, "is_eia930_calibrated": false, "is_density_fill": false }, "geometry": { "type": "LineString", "coordinates": [ [ -97.504133501983702, 31.065515814432349 ], [ -97.600207863024096, 30.6476091753315 ] ] } },
{ "type": "Feature", "properties": { "line_id": 58, "from_bus": 71, "to_bus": 131, "length_km": 62.21203957063036, "voltage_assumed_kv": 345.0, "thermal_mw": 1010.0, "reactance_pu": 0.11597027172012647, "is_interregional": true, "is_manual_override": false, "is_eia930_calibrated": true, "is_density_fill": false }, "geometry": { "type": "LineString", "coordinates": [ [ -81.300205680258088, 28.621392603283546 ], [ -81.411374058095817, 28.067274295536329 ] ] } },
{ "type": "Feature", "properties": { "line_id": 59, "from_bus": 147, "to_bus": 161, "length_km": 74.640035455447219, "voltage_assumed_kv": 345.0, "thermal_mw": 1200.0, "reactance_pu": 0.13913746041296007, "is_interregional": true, "is_manual_override": false, "is_eia930_calibrated": false, "is_density_fill": false }, "geometry": { "type": "LineString", "coordinates": [ [ -82.357583234064208, 29.674758508055973 ], [ -81.856673040794277, 30.187488604184562 ] ] } },
{ "type": "Feature", "properties": { "line_id": 60, "from_bus": 376, "to_bus": 492, "length_km": 29.867970920623701, "voltage_assumed_kv": 115.0, "thermal_mw": 4.9627525252525233, "reactance_pu": 0.055677272876756605, "is_interregional": true, "is_manual_override": false, "is_eia930_calibrated": true, "is_density_fill": false }, "geometry": { "type": "LineString", "coordinates": [ [ -104.393718496071443, 40.554159270488398 ], [ -104.042134727830046, 40.514187758252838 ] ] } },
{ "type": "Feature", "properties": { "line_id": 61, "from_bus": 136, "to_bus": 394, "length_km": 52.644482513296033, "voltage_assumed_kv": 345.0, "thermal_mw": 1200.0, "reactance_pu": 0.098135264231307792, "is_interregional": true, "is_manual_override": false, "is_eia930_calibrated": false, "is_density_fill": false }, "geometry": { "type": "LineString", "coordinates": [ [ -80.701005673543051, 28.299735936874153 ], [ -81.236025993493541, 28.288655843672124 ] ] } },
{ "type": "Feature", "properties": { "line_id": 62, "from_bus": 285, "to_bus": 494, "length_km": 6.628130299541092, "voltage_assumed_kv": 115.0, "thermal_mw": 134.25, "reactance_pu": 0.012355583857068442, "is_interregional": true, "is_manual_override": false, "is_eia930_calibrated": true, "is_density_fill": false }, "geometry": { "type": "LineString", "coordinates": [ [ -105.914697806334985, 42.969420472488927 ], [ -105.834313957635914, 42.98005996764067 ] ] } },
{ "type": "Feature", "properties": { "line_id": 63, "from_bus": 93, "to_bus": 121, "length_km": 67.225878632206772, "voltage_assumed_kv": 230.0, "thermal_mw": 500.0, "reactance_pu": 0.12531663429471884, "is_interregional": false, "is_manual_override": false, "is_eia930_calibrated": false, "is_density_fill": false }, "geometry": { "type": "LineString", "coordinates": [ [ -98.207299468069365, 26.408404488821837 ], [ -97.541490394498368, 26.465693250262845 ] ] } },
{ "type": "Feature", "properties": { "line_id": 64, "from_bus": 89, "to_bus": 123, "length_km": 69.883785907581242, "voltage_assumed_kv": 230.0, "thermal_mw": 500.0, "reactance_pu": 0.13027127379953898, "is_interregional": false, "is_manual_override": false, "is_eia930_calibrated": false, "is_density_fill": false }, "geometry": { "type": "LineString", "coordinates": [ [ -95.604532528917545, 33.660428068997021 ], [ -95.077082673713491, 33.211732568755274 ] ] } },
{ "type": "Feature", "properties": { "line_id": 65, "from_bus": 300, "to_bus": 343, "length_km": 67.296440481819545, "voltage_assumed_kv": 230.0, "thermal_mw": 500.0, "reactance_pu": 0.12544816955588606, "is_interregional": false, "is_manual_override": false, "is_eia930_calibrated": false, "is_density_fill": false }, "geometry": { "type": "LineString", "coordinates": [ [ -76.838299808176259, 37.120697054059896 ], [ -76.241892951181455, 36.746345086093534 ] ] } },
{ "type": "Feature", "properties": { "line_id": 66, "from_bus": 151, "to_bus": 484, "length_km": 60.82728237986462, "voltage_assumed_kv": 345.0, "thermal_mw": 6.25, "reactance_pu": 0.11338892783897657, "is_interregional": true, "is_manual_override": false, "is_eia930_calibrated": true, "is_density_fill": false }, "geometry": { "type": "LineString", "coordinates": [ [ -113.762099552436609, 35.697842583931902 ], [ -113.876977571235656, 35.162314270510329 ] ] } },
{ "type": "Feature", "properties": { "line_id": 67, "from_bus": 35, "to_bus": 165, "length_km": 5.8016271597828046e-06, "voltage_assumed_kv": 115.0, "thermal_mw": 82.565, "reactance_pu": 0.001, "is_interregional": true, "is_manual_override": false, "is_eia930_calibrated": true, "is_density_fill": false }, "geometry": { "type": "LineString", "coordinates": [ [ -118.261849257122691, 34.196118045511213 ], [ -118.261849318928981, 34.19611805718521 ] ] } },
{ "type": "Feature", "properties": { "line_id": 68, "from_bus": 271, "to_bus": 275, "length_km": 46.450399137461936, "voltage_assumed_kv": 115.0, "thermal_mw": 150.0, "reactance_pu": 0.086588792887331581, "is_interregional": false, "is_manual_override": false, "is_eia930_calibrated": false, "is_density_fill": false }, "geometry": { "type": "LineString", "coordinates": [ [ -74.33266462069659, 41.4206338194073 ], [ -73.893611693615171, 41.163825004544208 ] ] } },
{ "type": "Feature", "properties": { "line_id": 69, "from_bus": 144, "to_bus": 147, "length_km": 45.319347040360491, "voltage_assumed_kv": 115.0, "thermal_mw": 3.4722222222222223, "reactance_pu": 0.084480383969447501, "is_interregional": true, "is_manual_override": false, "is_eia930_calibrated": true, "is_density_fill": false }, "geometry": { "type": "LineString", "coordinates": [ [ -82.441603218786994, 30.076666550347898 ], [ -82.357583234064208, 29.674758508055973 ] ] } },
{ "type": "Feature", "properties": { "line_id": 70, "from_bus": 141, "to_bus": 145, "length_km": 41.272450994223895, "voltage_assumed_kv": 115.0, "thermal_mw": 150.0, "reactance_pu": 0.076936512440195684, "is_interregional": false, "is_manual_override": false, "is_eia930_calibrated": false, "is_density_fill": false }, "geometry": { "type": "LineString", "coordinates": [ [ -81.638642956026658, 29.576647567347429 ], [ -81.486326739141887, 29.924288832225393 ] ] } },
{ "type": "Feature", "properties": { "line_id": 71, "from_bus": 400, "to_bus": 462, "length_km": 27.528491045940036, "voltage_assumed_kv": 115.0, "thermal_mw": 150.0, "reactance_pu": 0.051316218029120425, "is_interregional": true, "is_manual_override": false, "is_eia930_calibrated": false, "is_density_fill": false }, "geometry": { "type": "LineString", "coordinates": [ [ -121.836025629754602, 47.490724328427397 ], [ -121.98661538453068, 47.264170196138501 ] ] } },
{ "type": "Feature", "properties": { "line_id": 72, "from_bus": 71, "to_bus": 143, "length_km": 5.447946527059961, "voltage_assumed_kv": 115.0, "thermal_mw": 45.609756097560968, "reactance_pu": 0.010155587944397323, "is_interregional": true, "is_manual_override": false, "is_eia930_calibrated": true, "is_density_fill": false }, "geometry": { "type": "LineString", "coordinates": [ [ -81.300205680258088, 28.621392603283546 ], [ -81.262086693838526, 28.657253318914034 ] ] } },
{ "type": "Feature", "properties": { "line_id": 73, "from_bus": 323, "to_bus": 363, "length_km": 70.361116999325773, "voltage_assumed_kv": 230.0, "thermal_mw": 500.0, "reactance_pu": 0.13116107289296416, "is_interregional": false, "is_manual_override": false, "is_eia930_calibrated": false, "is_density_fill": false }, "geometry": { "type": "LineString", "coordinates": [ [ -80.057363604601576, 39.622362656105807 ], [ -79.459102695896974, 40.057388954429157 ] ] } },
{ "type": "Feature", "properties": { "line_id": 74, "from_bus": 280, "to_bus": 294, "length_km": 14.942953859132031, "voltage_assumed_kv": 115.0, "thermal_mw": 150.0, "reactance_pu": 0.027855354547208184, "is_interregional": true, "is_manual_override": false, "is_eia930_calibrated": false, "is_density_fill": false }, "geometry": { "type": "LineString", "coordinates": [ [ -83.780914951264918, 38.758719447505392 ], [ -83.836756122032426, 38.632502870919993 ] ] } },
{ "type": "Feature", "properties": { "line_id": 75, "from_bus": 150, "to_bus": 184, "length_km": 25.492699449726352, "voltage_assumed_kv": 115.0, "thermal_mw": 150.0, "reactance_pu": 0.047521272449327738, "is_interregional": true, "is_manual_override": false, "is_eia930_calibrated": false, "is_density_fill": false }, "geometry": { "type": "LineString", "coordinates": [ [ -89.119958090688812, 37.280901920775307 ], [ -88.84408395879943, 37.210500416243228 ] ] } },
{ "type": "Feature", "properties": { "line_id": 76, "from_bus": 254, "to_bus": 277, "length_km": 50.530394088518513, "voltage_assumed_kv": 345.0, "thermal_mw": 1200.0, "reactance_pu": 0.094194364515530524, "is_interregional": true, "is_manual_override": false, "is_eia930_calibrated": false, "is_density_fill": false }, "geometry": { "type": "LineString", "coordinates": [ [ -68.947567590715352, 45.365315451616858 ], [ -68.303626361388027, 45.395455885008978 ] ] } },
{ "type": "Feature", "properties": { "line_id": 77, "from_bus": 91, "to_bus": 124, "length_km": 65.784642215776543, "voltage_assumed_kv": 230.0, "thermal_mw": 500.0, "reactance_pu": 0.12263000675477785, "is_interregional": false, "is_manual_override": false, "is_eia930_calibrated": false, "is_density_fill": false }, "geometry": { "type": "LineString", "coordinates": [ [ -99.722597992182742, 32.349666792521127 ], [ -100.417841902355363, 32.266689505710097 ] ] } },
{ "type": "Feature", "properties": { "line_id": 78, "from_bus": 3, "to_bus": 11, "length_km": 3.7693055429257414, "voltage_assumed_kv": 115.0, "thermal_mw": 150.0, "reactance_pu": 0.0070264114635399328, "is_interregional": true, "is_manual_override": false, "is_eia930_calibrated": false, "is_density_fill": false }, "geometry": { "type": "LineString", "coordinates": [ [ -112.49488339431413, 33.382265615308846 ], [ -112.493316032347963, 33.348534439488454 ] ] } },
{ "type": "Feature", "properties": { "line_id": 79, "from_bus": 300, "to_bus": 319, "length_km": 71.883218347603986, "voltage_assumed_kv": 230.0, "thermal_mw": 500.0, "reactance_pu": 0.13399844180360712, "is_interregional": false, "is_manual_override": false, "is_eia930_calibrated": false, "is_density_fill": false }, "geometry": { "type": "LineString", "coordinates": [ [ -76.838299808176259, 37.120697054059896 ], [ -77.464462994755209, 37.534128746944894 ] ] } },
{ "type": "Feature", "properties": { "line_id": 80, "from_bus": 253, "to_bus": 256, "length_km": 71.025704593471374, "voltage_assumed_kv": 230.0, "thermal_mw": 500.0, "reactance_pu": 0.1323999392668497, "is_interregional": false, "is_manual_override": false, "is_eia930_calibrated": false, "is_density_fill": false }, "geometry": { "type": "LineString", "coordinates": [ [ -70.781885493686119, 41.814832768200105 ], [ -71.202390990474782, 42.369661543240234 ] ] } },
{ "type": "Feature", "properties": { "line_id": 81, "from_bus": 85, "to_bus": 119, "length_km": 48.975127434072498, "voltage_assumed_kv": 115.0, "thermal_mw": 150.0, "reactance_pu": 0.091295171726511179, "is_interregional": false, "is_manual_override": false, "is_eia930_calibrated": false, "is_density_fill": false }, "geometry": { "type": "LineString", "coordinates": [ [ -101.217937802961075, 32.306571897954299 ], [ -101.19371033794566, 32.745270136949209 ] ] } },
{ "type": "Feature", "properties": { "line_id": 82, "from_bus": 46, "to_bus": 48, "length_km": 74.413740146741489, "voltage_assumed_kv": 230.0, "thermal_mw": 500.0, "reactance_pu": 0.13871562038616272, "is_interregional": false, "is_manual_override": false, "is_eia930_calibrated": false, "is_density_fill": false }, "geometry": { "type": "LineString", "coordinates": [ [ -121.957297155933077, 37.900508225667629 ], [ -121.801351480373611, 37.247778943350497 ] ] } },
{ "type": "Feature", "properties": { "line_id": 83, "from_bus": 342, "to_bus": 347, "length_km": 63.378132865580412, "voltage_assumed_kv": 230.0, "thermal_mw": 500.0, "reactance_pu": 0.11814400139045569, "is_interregional": false, "is_manual_override": false, "is_eia930_calibrated": false, "is_density_fill": false }, "geometry": { "type": "LineString", "coordinates": [ [ -80.833147674468762, 40.426400006246652 ], [ -80.688574371859801, 39.871308494059896 ] ] } },
{ "type": "Feature", "properties": { "line_id": 84, "from_bus": 419, "to_bus": 422, "length_km": 59.038145234493939, "voltage_assumed_kv": 230.0, "thermal_mw": 500.0, "reactance_pu": 0.11005377402750821, "is_interregional": false, "is_manual_override": false, "is_eia930_calibrated": false, "is_density_fill": false }, "geometry": { "type": "LineString", "coordinates": [ [ -83.411007483735034, 34.222162039632394 ], [ -83.94261085131447, 33.923551368683498 ] ] } },
{ "type": "Feature", "properties": { "line_id": 85, "from_bus": 50, "to_bus": 165, "length_km": 73.1428844374378, "voltage_assumed_kv": 345.0, "thermal_mw": 660.52, "reactance_pu": 0.13634660173732546, "is_interregional": true, "is_manual_override": false, "is_eia930_calibrated": true, "is_density_fill": false }, "geometry": { "type": "LineString", "coordinates": [ [ -117.776560123603716, 33.676895998992023 ], [ -118.261849318928981, 34.19611805718521 ] ] } },
{ "type": "Feature", "properties": { "line_id": 86, "from_bus": 389, "to_bus": 390, "length_km": 45.843506767486403, "voltage_assumed_kv": 115.0, "thermal_mw": 238.75, "reactance_pu": 0.08545747693085938, "is_interregional": true, "is_manual_override": false, "is_eia930_calibrated": true, "is_density_fill": false }, "geometry": { "type": "LineString", "coordinates": [ [ -120.8702515351888, 47.901579284882637 ], [ -120.294137514018388, 48.036259345270089 ] ] } },
{ "type": "Feature", "properties": { "line_id": 87, "from_bus": 63, "to_bus": 76, "length_km": 13.684848631294557, "voltage_assumed_kv": 115.0, "thermal_mw": 72.705, "reactance_pu": 0.025510104236628393, "is_interregional": true, "is_manual_override": false, "is_eia930_calibrated": true, "is_density_fill": false }, "geometry": { "type": "LineString", "coordinates": [ [ -78.928260852571569, 36.05344370841982 ], [ -78.776795651482317, 36.072322392985527 ] ] } },
{ "type": "Feature", "properties": { "line_id": 88, "from_bus": 5, "to_bus": 484, "length_km": 61.155742250359246, "voltage_assumed_kv": 345.0, "thermal_mw": 376.125, "reactance_pu": 0.11400121415354393, "is_interregional": true, "is_manual_override": false, "is_eia930_calibrated": true, "is_density_fill": false }, "geometry": { "type": "LineString", "coordinates": [ [ -113.770575741046443, 35.701944606543741 ], [ -113.876977571235656, 35.162314270510329 ] ] } },
{ "type": "Feature", "properties": { "line_id": 89, "from_bus": 329, "to_bus": 352, "length_km": 57.098455266018938, "voltage_assumed_kv": 230.0, "thermal_mw": 500.0, "reactance_pu": 0.10643797274130436, "is_interregional": false, "is_manual_override": false, "is_eia930_calibrated": false, "is_density_fill": false }, "geometry": { "type": "LineString", "coordinates": [ [ -77.133760652300495, 41.381647083149502 ], [ -76.680897362356646, 40.998510678605022 ] ] } },
{ "type": "Feature", "properties": { "line_id": 90, "from_bus": 324, "to_bus": 358, "length_km": 34.361309746208299, "voltage_assumed_kv": 115.0, "thermal_mw": 150.0, "reactance_pu": 0.064053364194933585, "is_interregional": false, "is_manual_override": false, "is_eia930_calibrated": false, "is_density_fill": false }, "geometry": { "type": "LineString", "coordinates": [ [ -75.252081896236945, 40.26649946204364 ], [ -75.326546165299632, 39.964996140411714 ] ] } },
{ "type": "Feature", "properties": { "line_id": 91, "from_bus": 320, "to_bus": 365, "length_km": 47.936506603730471, "voltage_assumed_kv": 115.0, "thermal_mw": 150.0, "reactance_pu": 0.089359065134599819, "is_interregional": false, "is_manual_override": false, "is_eia930_calibrated": false, "is_density_fill": false }, "geometry": { "type": "LineString", "coordinates": [ [ -77.426458338156905, 38.144493964534291 ], [ -76.993174664116196, 38.41039244094312 ] ] } },
{ "type": "Feature", "properties": { "line_id": 92, "from_bus": 263, "to_bus": 361, "length_km": 33.776925313329784, "voltage_assumed_kv": 115.0, "thermal_mw": 67.723880597014926, "reactance_pu": 0.062964005576607113, "is_interregional": true, "is_manual_override": false, "is_eia930_calibrated": true, "is_density_fill": false }, "geometry": { "type": "LineString", "coordinates": [ [ -73.866730991923035, 40.694414239637922 ], [ -74.266713355366576, 40.732165405647791 ] ] } },
{ "type": "Feature", "properties": { "line_id": 93, "from_bus": 99, "to_bus": 109, "length_km": 54.062208161366627, "voltage_assumed_kv": 230.0, "thermal_mw": 500.0, "reactance_pu": 0.10077806504230963, "is_interregional": false, "is_manual_override": false, "is_eia930_calibrated": false, "is_density_fill": false }, "geometry": { "type": "LineString", "coordinates": [ [ -97.321807968347358, 30.093231175430649 ], [ -97.848298161934338, 30.263868400835634 ] ] } },
{ "type": "Feature", "properties": { "line_id": 94, "from_bus": 265, "to_bus": 275, "length_km": 69.61236798379889, "voltage_assumed_kv": 230.0, "thermal_mw": 500.0, "reactance_pu": 0.1297653201193833, "is_interregional": false, "is_manual_override": false, "is_eia930_calibrated": false, "is_density_fill": false }, "geometry": { "type": "LineString", "coordinates": [ [ -73.819812518226954, 41.783372584838219 ], [ -73.893611693615171, 41.163825004544208 ] ] } },
{ "type": "Feature", "properties": { "line_id": 95, "from_bus": 320, "to_bus": 345, "length_km": 68.318309711057211, "voltage_assumed_kv": 230.0, "thermal_mw": 500.0, "reactance_pu": 0.127353049270408, "is_interregional": false, "is_manual_override": false, "is_eia930_calibrated": false, "is_density_fill": false }, "geometry": { "type": "LineString", "coordinates": [ [ -77.426458338156905, 38.144493964534291 ], [ -78.152838543634644, 37.912084086968861 ] ] } },
{ "type": "Feature", "properties": { "line_id": 96, "from_bus": 327, "to_bus": 361, "length_km": 29.937927822676734, "voltage_assumed_kv": 115.0, "thermal_mw": 150.0, "reactance_pu": 0.0558076804473134, "is_interregional": false, "is_manual_override": false, "is_eia930_calibrated": false, "is_density_fill": false }, "geometry": { "type": "LineString", "coordinates": [ [ -74.167123810634095, 40.988953528059362 ], [ -74.266713355366576, 40.732165405647791 ] ] } },
{ "type": "Feature", "properties": { "line_id": 97, "from_bus": 45, "to_bus": 239, "length_km": 4.3722607417448547, "voltage_assumed_kv": 115.0, "thermal_mw": 49.479779411764717, "reactance_pu": 0.0081503880880762249, "is_interregional": true, "is_manual_override": false, "is_eia930_calibrated": true, "is_density_fill": false }, "geometry": { "type": "LineString", "coordinates": [ [ -115.039339619640316, 36.247033442478411 ], [ -115.013564285276942, 36.213810017326274 ] ] } },
{ "type": "Feature", "properties": { "line_id": 98, "from_bus": 94, "to_bus": 108, "length_km": 69.871571025347393, "voltage_assumed_kv": 230.0, "thermal_mw": 500.0, "reactance_pu": 0.1302485038787734, "is_interregional": false, "is_manual_override": false, "is_eia930_calibrated": false, "is_density_fill": false }, "geometry": { "type": "LineString", "coordinates": [ [ -95.434371585021552, 29.167724074564109 ], [ -96.004270064967272, 28.7855753157179 ] ] } },
{ "type": "Feature", "properties": { "line_id": 99, "from_bus": 209, "to_bus": 216, "length_km": 72.629338272719309, "voltage_assumed_kv": 230.0, "thermal_mw": 500.0, "reactance_pu": 0.13538929365557359, "is_interregional": false, "is_manual_override": false, "is_eia930_calibrated": false, "is_density_fill": false }, "geometry": { "type": "LineString", "coordinates": [ [ -93.356639882292271, 30.247411175885677 ], [ -94.072386912185408, 30.039514880171062 ] ] } },
{ "type": "Feature", "properties": { "line_id": 100, "from_bus": 249, "to_bus": 252, "length_km": 63.674757136353932, "voltage_assumed_kv": 230.0, "thermal_mw": 500.0, "reactance_pu": 0.11869694254972013, "is_interregional": false, "is_manual_override": false, "is_eia930_calibrated": false, "is_density_fill": false }, "geometry": { "type": "LineString", "coordinates": [ [ -72.223737475117588, 42.487249208904387 ], [ -72.697323057852017, 42.035861100063293 ] ] } },
{ "type": "Feature", "properties": { "line_id": 101, "from_bus": 42, "to_bus": 160, "length_km": 62.913328435613487, "voltage_assumed_kv": 345.0, "thermal_mw": 735.125, "reactance_pu": 0.11727755341009677, "is_interregional": true, "is_manual_override": false, "is_eia930_calibrated": true, "is_density_fill": false }, "geometry": { "type": "LineString", "coordinates": [ [ -115.993934989631413, 33.746624180337015 ], [ -115.36288059804177, 33.531247385947147 ] ] } },
{ "type": "Feature", "properties": { "line_id": 102, "from_bus": 307, "to_bus": 350, "length_km": 56.178296292636247, "voltage_assumed_kv": 230.0, "thermal_mw": 500.0, "reactance_pu": 0.10472269243695502, "is_interregional": false, "is_manual_override": false, "is_eia930_calibrated": false, "is_density_fill": false }, "geometry": { "type": "LineString", "coordinates": [ [ -82.350637926225588, 38.830254513907811 ], [ -81.874869566746213, 38.487733623327813 ] ] } },
{ "type": "Feature", "properties": { "line_id": 103, "from_bus": 330, "to_bus": 339, "length_km": 57.31625048317084, "voltage_assumed_kv": 230.0, "thermal_mw": 500.0, "reactance_pu": 0.10684396763693503, "is_interregional": false, "is_manual_override": false, "is_eia930_calibrated": false, "is_density_fill": false }, "geometry": { "type": "LineString", "coordinates": [ [ -77.402224708367925, 39.942030556651723 ], [ -76.726195187697542, 39.919858515105453 ] ] } },
{ "type": "Feature", "properties": { "line_id": 104, "from_bus": 200, "to_bus": 229, "length_km": 64.290123995111358, "voltage_assumed_kv": 230.0, "thermal_mw": 500.0, "reactance_pu": 0.119844055910899, "is_interregional": false, "is_manual_override": false, "is_eia930_calibrated": false, "is_density_fill": false }, "geometry": { "type": "LineString", "coordinates": [ [ -89.754123109273095, 38.722532978059853 ], [ -89.560921161843197, 38.168657262635925 ] ] } },
{ "type": "Feature", "properties": { "line_id": 105, "from_bus": 131, "to_bus": 394, "length_km": 29.942175116565167, "voltage_assumed_kv": 115.0, "thermal_mw": 150.0, "reactance_pu": 0.055815597883065636, "is_interregional": true, "is_manual_override": false, "is_eia930_calibrated": false, "is_density_fill": false }, "geometry": { "type": "LineString", "coordinates": [ [ -81.411374058095817, 28.067274295536329 ], [ -81.236025993493541, 28.288655843672124 ] ] } },
{ "type": "Feature", "properties": { "line_id": 106, "from_bus": 24, "to_bus": 245, "length_km": 51.600556376343249, "voltage_assumed_kv": 345.0, "thermal_mw": 52.666666666666707, "reactance_pu": 0.096189267948374346, "is_interregional": true, "is_manual_override": false, "is_eia930_calibrated": true, "is_density_fill": false }, "geometry": { "type": "LineString", "coordinates": [ [ -118.72621721290183, 41.340603906168724 ], [ -118.110977201677173, 41.406708071870774 ] ] } },
{ "type": "Feature", "properties": { "line_id": 107, "from_bus": 144, "to_bus": 161, "length_km": 57.615406511188169, "voltage_assumed_kv": 345.0, "thermal_mw": 463.33333333333337, "reactance_pu": 0.10740162827779053, "is_interregional": true, "is_manual_override": false, "is_eia930_calibrated": true, "is_density_fill": false }, "geometry": { "type": "LineString", "coordinates": [ [ -82.441603218786994, 30.076666550347898 ], [ -81.856673040794277, 30.187488604184562 ] ] } },
{ "type": "Feature", "properties": { "line_id": 108, "from_bus": 407, "to_bus": 427, "length_km": 54.960041588106485, "voltage_assumed_kv": 230.0, "thermal_mw": 500.0, "reactance_pu": 0.10245172800492995, "is_interregional": false, "is_manual_override": false, "is_eia930_calibrated": false, "is_density_fill": false }, "geometry": { "type": "LineString", "coordinates": [ [ -84.452274744421928, 33.795702758157731 ], [ -84.814157590224013, 34.18771436776975 ] ] } },
{ "type": "Feature", "properties": { "line_id": 109, "from_bus": 263, "to_bus": 275, "length_km": 52.612482647365141, "voltage_assumed_kv": 230.0, "thermal_mw": 500.0, "reactance_pu": 0.098075612865227785, "is_interregional": false, "is_manual_override": false, "is_eia930_calibrated": false, "is_density_fill": false }, "geometry": { "type": "LineString", "coordinates": [ [ -73.866730991923035, 40.694414239637922 ], [ -73.893611693615171, 41.163825004544208 ] ] } },
{ "type": "Feature", "properties": { "line_id": 110, "from_bus": 170, "to_bus": 204, "length_km": 72.03241248927236, "voltage_assumed_kv": 230.0, "thermal_mw": 500.0, "reactance_pu": 0.13427655654261497, "is_interregional": false, "is_manual_override": false, "is_eia930_calibrated": false, "is_density_fill": false }, "geometry": { "type": "LineString", "coordinates": [ [ -93.026877889718861, 44.549756220629988 ], [ -93.413735074048546, 45.135833671588081 ] ] } },
{ "type": "Feature", "properties": { "line_id": 111, "from_bus": 111, "to_bus": 118, "length_km": 60.457255759118361, "voltage_assumed_kv": 230.0, "thermal_mw": 500.0, "reactance_pu": 0.11269915640489742, "is_interregional": false, "is_manual_override": false, "is_eia930_calibrated": false, "is_density_fill": false }, "geometry": { "type": "LineString", "coordinates": [ [ -96.269014020844111, 32.632293863408677 ], [ -96.795022976915277, 32.316885105872601 ] ] } },
{ "type": "Feature", "properties": { "line_id": 112, "from_bus": 303, "to_bus": 324, "length_km": 71.053838200753944, "voltage_assumed_kv": 230.0, "thermal_mw": 500.0, "reactance_pu": 0.13245238348992203, "is_interregional": false, "is_manual_override": false, "is_eia930_calibrated": false, "is_density_fill": false }, "geometry": { "type": "LineString", "coordinates": [ [ -74.430826529480427, 40.41164391421519 ], [ -75.252081896236945, 40.26649946204364 ] ] } },
{ "type": "Feature", "properties": { "line_id": 113, "from_bus": 27, "to_bus": 389, "length_km": 67.476733575163152, "voltage_assumed_kv": 345.0, "thermal_mw": 1058.75, "reactance_pu": 0.12578425625499812, "is_interregional": true, "is_manual_override": false, "is_eia930_calibrated": true, "is_density_fill": false }, "geometry": { "type": "LineString", "coordinates": [ [ -121.762522373592745, 47.955635437046645 ], [ -120.8702515351888, 47.901579284882637 ] ] } },
{ "type": "Feature", "properties": { "line_id": 114, "from_bus": 317, "to_bus": 344, "length_km": 67.230287222555432, "voltage_assumed_kv": 230.0, "thermal_mw": 500.0, "reactance_pu": 0.12532485240529948, "is_interregional": false, "is_manual_override": false, "is_eia930_calibrated": false, "is_density_fill": false }, "geometry": { "type": "LineString", "coordinates": [ [ -76.553809608230452, 39.438783352875944 ], [ -77.267121222682675, 39.185446097052314 ] ] } },
{ "type": "Feature", "properties": { "line_id": 115, "from_bus": 59, "to_bus": 62, "length_km": 72.176088525930282, "voltage_assumed_kv": 230.0, "thermal_mw": 500.0, "reactance_pu": 0.13454438491033749, "is_interregional": false, "is_manual_override": false, "is_eia930_calibrated": false, "is_density_fill": false }, "geometry": { "type": "LineString", "coordinates": [ [ -80.52217397666405, 35.697017103953641 ], [ -80.290120197732136, 36.314389956989132 ] ] } },
{ "type": "Feature", "properties": { "line_id": 116, "from_bus": 88, "to_bus": 125, "length_km": 66.906909069746106, "voltage_assumed_kv": 230.0, "thermal_mw": 500.0, "reactance_pu": 0.12472203898673162, "is_interregional": false, "is_manual_override": false, "is_eia930_calibrated": false, "is_density_fill": false }, "geometry": { "type": "LineString", "coordinates": [ [ -98.545726351264719, 29.463807259170153 ], [ -98.649451447026294, 28.866628919617447 ] ] } },
{ "type": "Feature", "properties": { "line_id": 117, "from_bus": 26, "to_bus": 149, "length_km": 48.504603797641622, "voltage_assumed_kv": 115.0, "thermal_mw": 72.95, "reactance_pu": 0.090418062499033114, "is_interregional": true, "is_manual_override": false, "is_eia930_calibrated": true, "is_density_fill": false }, "geometry": { "type": "LineString", "coordinates": [ [ -119.240407904531835, 46.186036354238638 ], [ -119.276812219079432, 45.749811258555191 ] ] } },
{ "type": "Feature", "properties": { "line_id": 118, "from_bus": 335, "to_bus": 351, "length_km": 69.884658109330346, "voltage_assumed_kv": 230.0, "thermal_mw": 500.0, "reactance_pu": 0.13027289968215813, "is_interregional": false, "is_manual_override": false, "is_eia930_calibrated": false, "is_density_fill": false }, "geometry": { "type": "LineString", "coordinates": [ [ -75.462106336180199, 38.95515335708393 ], [ -75.54372759110214, 39.575585391948259 ] ] } },
{ "type": "Feature", "properties": { "line_id": 119, "from_bus": 222, "to_bus": 315, "length_km": 33.489302382084553, "voltage_assumed_kv": 115.0, "thermal_mw": 92.690352697095364, "reactance_pu": 0.06242784393137478, "is_interregional": true, "is_manual_override": false, "is_eia930_calibrated": true, "is_density_fill": false }, "geometry": { "type": "LineString", "coordinates": [ [ -88.959098091888109, 41.344905525107166 ], [ -88.555793669254882, 41.345349877564004 ] ] } },
{ "type": "Feature", "properties": { "line_id": 120, "from_bus": 69, "to_bus": 464, "length_km": 67.312415732787656, "voltage_assumed_kv": 345.0, "thermal_mw": 95.984375, "reactance_pu": 0.12547794922889399, "is_interregional": true, "is_manual_override": false, "is_eia930_calibrated": true, "is_density_fill": false }, "geometry": { "type": "LineString", "coordinates": [ [ -81.499293065574449, 27.957756930016565 ], [ -82.171320938371935, 28.061524564741077 ] ] } },
{ "type": "Feature", "properties": { "line_id": 121, "from_bus": 408, "to_bus": 424, "length_km": 66.181985705998201, "voltage_assumed_kv": 230.0, "thermal_mw": 500.0, "reactance_pu": 0.12337069992036541, "is_interregional": false, "is_manual_override": false, "is_eia930_calibrated": false, "is_density_fill": false }, "geometry": { "type": "LineString", "coordinates": [ [ -88.210925812363897, 30.704730969215046 ], [ -88.846314338021145, 30.469541108881746 ] ] } },
{ "type": "Feature", "properties": { "line_id": 122, "from_bus": 296, "to_bus": 340, "length_km": 51.786555659503207, "voltage_assumed_kv": 230.0, "thermal_mw": 500.0, "reactance_pu": 0.096535991630103485, "is_interregional": false, "is_manual_override": false, "is_eia930_calibrated": false, "is_density_fill": false }, "geometry": { "type": "LineString", "coordinates": [ [ -87.644796982825071, 41.93443439195191 ], [ -88.273706881871036, 41.934160875267388 ] ] } },
{ "type": "Feature", "properties": { "line_id": 123, "from_bus": 61, "to_bus": 64, "length_km": 50.153823861756933, "voltage_assumed_kv": 230.0, "thermal_mw": 500.0, "reactance_pu": 0.093492395060411293, "is_interregional": false, "is_manual_override": false, "is_eia930_calibrated": false, "is_density_fill": false }, "geometry": { "type": "LineString", "coordinates": [ [ -81.174928625984421, 34.937627154770553 ], [ -81.604636765130437, 35.221037549156897 ] ] } },
{ "type": "Feature", "properties": { "line_id": 124, "from_bus": 16, "to_bus": 34, "length_km": 2.9066535531237538, "voltage_assumed_kv": 115.0, "thermal_mw": 34.424744897959187, "reactance_pu": 0.0054183306748741807, "is_interregional": true, "is_manual_override": false, "is_eia930_calibrated": true, "is_density_fill": false }, "geometry": { "type": "LineString", "coordinates": [ [ -121.287976926156588, 38.277612800621185 ], [ -121.318637701001904, 38.267099459063154 ] ] } },
{ "type": "Feature", "properties": { "line_id": 125, "from_bus": 80, "to_bus": 198, "length_km": 56.017975284451204, "voltage_assumed_kv": 345.0, "thermal_mw": 1200.0, "reactance_pu": 0.1044238359614242, "is_interregional": true, "is_manual_override": false, "is_eia930_calibrated": false, "is_density_fill": false }, "geometry": { "type": "LineString", "coordinates": [ [ -84.769124303588114, 38.749185670020367 ], [ -85.398447767531408, 38.877666649497563 ] ] } },
{ "type": "Feature", "properties": { "line_id": 126, "from_bus": 145, "to_bus": 161, "length_km": 46.105334140719904, "voltage_assumed_kv": 115.0, "thermal_mw": 57.916666666666671, "reactance_pu": 0.085945552741059791, "is_interregional": true, "is_manual_override": false, "is_eia930_calibrated": true, "is_density_fill": false }, "geometry": { "type": "LineString", "coordinates": [ [ -81.486326739141887, 29.924288832225393 ], [ -81.856673040794277, 30.187488604184562 ] ] } },
{ "type": "Feature", "properties": { "line_id": 127, "from_bus": 323, "to_bus": 347, "length_km": 60.427733332331911, "voltage_assumed_kv": 230.0, "thermal_mw": 500.0, "reactance_pu": 0.11264412326533323, "is_interregional": false, "is_manual_override": false, "is_eia930_calibrated": false, "is_density_fill": false }, "geometry": { "type": "LineString", "coordinates": [ [ -80.057363604601576, 39.622362656105807 ], [ -80.688574371859801, 39.871308494059896 ] ] } },
{ "type": "Feature", "properties": { "line_id": 128, "from_bus": 196, "to_bus": 220, "length_km": 66.266874597083032, "voltage_assumed_kv": 230.0, "thermal_mw": 500.0, "reactance_pu": 0.12352894240579224, "is_interregional": false, "is_manual_override": false, "is_eia930_calibrated": false, "is_density_fill": false }, "geometry": { "type": "LineString", "coordinates": [ [ -87.103351878505507, 37.924151874110869 ], [ -87.599185808392519, 38.373690274714193 ] ] } },
{ "type": "Feature", "properties": { "line_id": 129, "from_bus": 295, "to_bus": 355, "length_km": 54.668330320441626, "voltage_assumed_kv": 230.0, "thermal_mw": 500.0, "reactance_pu": 0.10190794523862941, "is_interregional": false, "is_manual_override": false, "is_eia930_calibrated": false, "is_density_fill": false }, "geometry": { "type": "LineString", "coordinates": [ [ -75.016360314007798, 39.654423440885367 ], [ -74.439483570592003, 39.871139550254 ] ] } },
{ "type": "Feature", "properties": { "line_id": 130, "from_bus": 85, "to_bus": 113, "length_km": 53.523688132551491, "voltage_assumed_kv": 230.0, "thermal_mw": 500.0, "reactance_pu": 0.099774202855834951, "is_interregional": false, "is_manual_override": false, "is_eia930_calibrated": false, "is_density_fill": false }, "geometry": { "type": "LineString", "coordinates": [ [ -101.217937802961075, 32.306571897954299 ], [ -101.133555042432519, 31.8315431288617 ] ] } },
{ "type": "Feature", "properties": { "line_id": 131, "from_bus": 385, "to_bus": 490, "length_km": 32.260693915961532, "voltage_assumed_kv": 115.0, "thermal_mw": 4.9627525252525233, "reactance_pu": 0.060137578917764792, "is_interregional": true, "is_manual_override": false, "is_eia930_calibrated": true, "is_density_fill": false }, "geometry": { "type": "LineString", "coordinates": [ [ -105.39220408048665, 40.280850383667065 ], [ -105.559979382382295, 40.539803486430223 ] ] } },
{ "type": "Feature", "properties": { "line_id": 132, "from_bus": 126, "to_bus": 127, "length_km": 61.990526361687081, "voltage_assumed_kv": 230.0, "thermal_mw": 500.0, "reactance_pu": 0.11555734606766357, "is_interregional": false, "is_manual_override": false, "is_eia930_calibrated": false, "is_density_fill": false }, "geometry": { "type": "LineString", "coordinates": [ [ -96.527085869044711, 31.019626517387085 ], [ -96.752667796031147, 31.542485877636242 ] ] } },
{ "type": "Feature", "properties": { "line_id": 133, "from_bus": 10, "to_bus": 482, "length_km": 22.208223442922389, "voltage_assumed_kv": 115.0, "thermal_mw": 256.5625, "reactance_pu": 0.04139863802685638, "is_interregional": true, "is_manual_override": false, "is_eia930_calibrated": true, "is_density_fill": false }, "geometry": { "type": "LineString", "coordinates": [ [ -111.789150759354058, 32.099429803152425 ], [ -111.690168826826735, 32.280429919651816 ] ] } },
{ "type": "Feature", "properties": { "line_id": 134, "from_bus": 316, "to_bus": 363, "length_km": 72.411668205836804, "voltage_assumed_kv": 230.0, "thermal_mw": 500.0, "reactance_pu": 0.13498353205418706, "is_interregional": false, "is_manual_override": false, "is_eia930_calibrated": false, "is_density_fill": false }, "geometry": { "type": "LineString", "coordinates": [ [ -78.994782633292544, 40.601373171784765 ], [ -79.459102695896974, 40.057388954429157 ] ] } },
{ "type": "Feature", "properties": { "line_id": 135, "from_bus": 17, "to_bus": 44, "length_km": 59.319847538233603, "voltage_assumed_kv": 345.0, "thermal_mw": 275.39795918367349, "reactance_pu": 0.11057889895403927, "is_interregional": true, "is_manual_override": false, "is_eia930_calibrated": true, "is_density_fill": false }, "geometry": { "type": "LineString", "coordinates": [ [ -122.712630056935993, 40.693140320543343 ], [ -122.005823421526046, 40.723628307127676 ] ] } },
{ "type": "Feature", "properties": { "line_id": 136, "from_bus": 72, "to_bus": 401, "length_km": 10.093914550865701, "voltage_assumed_kv": 115.0, "thermal_mw": 103.77083333333327, "reactance_pu": 0.018816197335157919, "is_interregional": true, "is_manual_override": false, "is_eia930_calibrated": true, "is_density_fill": false }, "geometry": { "type": "LineString", "coordinates": [ [ -82.431894569333281, 28.99658958722339 ], [ -82.532324970641213, 29.018576065835834 ] ] } },
{ "type": "Feature", "properties": { "line_id": 137, "from_bus": 14, "to_bus": 23, "length_km": 74.610760068122403, "voltage_assumed_kv": 345.0, "thermal_mw": 16.25, "reactance_pu": 0.13908288778286784, "is_interregional": true, "is_manual_override": false, "is_eia930_calibrated": true, "is_density_fill": false }, "geometry": { "type": "LineString", "coordinates": [ [ -117.97554671728173, 45.494760712088237 ], [ -117.971319841818442, 46.166656904095966 ] ] } },
{ "type": "Feature", "properties": { "line_id": 138, "from_bus": 198, "to_bus": 310, "length_km": 30.343929864139259, "voltage_assumed_kv": 115.0, "thermal_mw": 92.690352697095364, "reactance_pu": 0.056564514130830225, "is_interregional": true, "is_manual_override": false, "is_eia930_calibrated": true, "is_density_fill": false }, "geometry": { "type": "LineString", "coordinates": [ [ -85.398447767531408, 38.877666649497563 ], [ -85.282204368231532, 38.622094021595295 ] ] } },
{ "type": "Feature", "properties": { "line_id": 139, "from_bus": 257, "to_bus": 270, "length_km": 53.132926835224609, "voltage_assumed_kv": 345.0, "thermal_mw": 231.09375, "reactance_pu": 0.099045779641591045, "is_interregional": true, "is_manual_override": false, "is_eia930_calibrated": true, "is_density_fill": false }, "geometry": { "type": "LineString", "coordinates": [ [ -73.00273822271312, 41.353186747780086 ], [ -72.686792506022385, 40.940874933722853 ] ] } },
{ "type": "Feature", "properties": { "line_id": 140, "from_bus": 87, "to_bus": 96, "length_km": 50.449243308693418, "voltage_assumed_kv": 230.0, "thermal_mw": 500.0, "reactance_pu": 0.094043090291898404, "is_interregional": false, "is_manual_override": false, "is_eia930_calibrated": false, "is_density_fill": false }, "geometry": { "type": "LineString", "coordinates": [ [ -97.319380686831693, 32.772229164172529 ], [ -96.77777333716044, 32.766489241279032 ] ] } },
{ "type": "Feature", "properties": { "line_id": 141, "from_bus": 297, "to_bus": 320, "length_km": 69.826318596201901, "voltage_assumed_kv": 230.0, "thermal_mw": 500.0, "reactance_pu": 0.1301641482373217, "is_interregional": false, "is_manual_override": false, "is_eia930_calibrated": false, "is_density_fill": false }, "geometry": { "type": "LineString", "coordinates": [ [ -77.476566314177234, 38.76626383497166 ], [ -77.426458338156905, 38.144493964534291 ] ] } },
{ "type": "Feature", "properties": { "line_id": 142, "from_bus": 64, "to_bus": 66, "length_km": 68.550886006250408, "voltage_assumed_kv": 230.0, "thermal_mw": 500.0, "reactance_pu": 0.12778659776576948, "is_interregional": false, "is_manual_override": false, "is_eia930_calibrated": false, "is_density_fill": false }, "geometry": { "type": "LineString", "coordinates": [ [ -81.604636765130437, 35.221037549156897 ], [ -82.181279462047627, 34.823704404632537 ] ] } },
{ "type": "Feature", "properties": { "line_id": 143, "from_bus": 163, "to_bus": 310, "length_km": 45.874224397676464, "voltage_assumed_kv": 115.0, "thermal_mw": 34.21052631578938, "reactance_pu": 0.085514738064625867, "is_interregional": true, "is_manual_override": false, "is_eia930_calibrated": true, "is_density_fill": false }, "geometry": { "type": "LineString", "coordinates": [ [ -85.206924594100329, 38.216961049305681 ], [ -85.282204368231532, 38.622094021595295 ] ] } },
{ "type": "Feature", "properties": { "line_id": 144, "from_bus": 410, "to_bus": 428, "length_km": 51.543704138458416, "voltage_assumed_kv": 230.0, "thermal_mw": 500.0, "reactance_pu": 0.096083288952654125, "is_interregional": false, "is_manual_override": false, "is_eia930_calibrated": false, "is_density_fill": false }, "geometry": { "type": "LineString", "coordinates": [ [ -86.608142543010885, 33.268893108066727 ], [ -87.04240318082806, 33.558691836739939 ] ] } },
{ "type": "Feature", "properties": { "line_id": 145, "from_bus": 32, "to_bus": 374, "length_km": 50.890059853321667, "voltage_assumed_kv": 345.0, "thermal_mw": 1200.0, "reactance_pu": 0.09486482214335501, "is_interregional": true, "is_manual_override": false, "is_eia930_calibrated": false, "is_density_fill": false }, "geometry": { "type": "LineString", "coordinates": [ [ -118.200555061582847, 48.589028046375638 ], [ -117.518231125311004, 48.579474597490453 ] ] } },
{ "type": "Feature", "properties": { "line_id": 146, "from_bus": 88, "to_bus": 116, "length_km": 55.409762608019129, "voltage_assumed_kv": 230.0, "thermal_mw": 500.0, "reactance_pu": 0.10329005880452237, "is_interregional": false, "is_manual_override": false, "is_eia930_calibrated": false, "is_density_fill": false }, "geometry": { "type": "LineString", "coordinates": [ [ -98.545726351264719, 29.463807259170153 ], [ -97.994310916295802, 29.595584376170738 ] ] } },
{ "type": "Feature", "properties": { "line_id": 147, "from_bus": 309, "to_bus": 349, "length_km": 66.942853707399109, "voltage_assumed_kv": 230.0, "thermal_mw": 500.0, "reactance_pu": 0.12478904385306086, "is_interregional": false, "is_manual_override": false, "is_eia930_calibrated": false, "is_density_fill": false }, "geometry": { "type": "LineString", "coordinates": [ [ -81.561398851043222, 41.00954023872 ], [ -81.951387866433762, 41.532733828154186 ] ] } },
{ "type": "Feature", "properties": { "line_id": 148, "from_bus": 81, "to_bus": 498, "length_km": 73.55784094617421, "voltage_assumed_kv": 345.0, "thermal_mw": 1200.0, "reactance_pu": 0.13712012755969563, "is_interregional": true, "is_manual_override": false, "is_eia930_calibrated": false, "is_density_fill": false }, "geometry": { "type": "LineString", "coordinates": [ [ -105.824577224267657, 32.315626685615989 ], [ -106.49875074193551, 31.979188774193553 ] ] } },
{ "type": "Feature", "properties": { "line_id": 149, "from_bus": 9, "to_bus": 42, "length_km": 7.4261839340469615, "voltage_assumed_kv": 115.0, "thermal_mw": 12.287878787878787, "reactance_pu": 0.013843246011848083, "is_interregional": true, "is_manual_override": false, "is_eia930_calibrated": true, "is_density_fill": false }, "geometry": { "type": "LineString", "coordinates": [ [ -116.000135147637721, 33.812895769110021 ], [ -115.993934989631413, 33.746624180337015 ] ] } },
{ "type": "Feature", "properties": { "line_id": 150, "from_bus": 96, "to_bus": 110, "length_km": 52.04081282904778, "voltage_assumed_kv": 230.0, "thermal_mw": 500.0, "reactance_pu": 0.097009955725194733, "is_interregional": false, "is_manual_override": false, "is_eia930_calibrated": false, "is_density_fill": false }, "geometry": { "type": "LineString", "coordinates": [ [ -96.77777333716044, 32.766489241279032 ], [ -96.521987296165548, 33.18136500056805 ] ] } },
{ "type": "Feature", "properties": { "line_id": 151, "from_bus": 297, "to_bus": 365, "length_km": 57.713330303226506, "voltage_assumed_kv": 230.0, "thermal_mw": 500.0, "reactance_pu": 0.10758416929153847, "is_interregional": false, "is_manual_override": false, "is_eia930_calibrated": false, "is_density_fill": false }, "geometry": { "type": "LineString", "coordinates": [ [ -77.476566314177234, 38.76626383497166 ], [ -76.993174664116196, 38.41039244094312 ] ] } },
{ "type": "Feature", "properties": { "line_id": 152, "from_bus": 4, "to_bus": 493, "length_km": 63.485138540509695, "voltage_assumed_kv": 345.0, "thermal_mw": 151.25, "reactance_pu": 0.11834347206016514, "is_interregional": true, "is_manual_override": false, "is_eia930_calibrated": true, "is_density_fill": false }, "geometry": { "type": "LineString", "coordinates": [ [ -109.612494617448519, 35.385986585410848 ], [ -110.291427734886938, 35.540474990898645 ] ] } },
{ "type": "Feature", "properties": { "line_id": 153, "from_bus": 87, "to_bus": 118, "length_km": 70.550552826224191, "voltage_assumed_kv": 230.0, "thermal_mw": 500.0, "reactance_pu": 0.13151420268055125, "is_interregional": false, "is_manual_override": false, "is_eia930_calibrated": false, "is_density_fill": false }, "geometry": { "type": "LineString", "coordinates": [ [ -97.319380686831693, 32.772229164172529 ], [ -96.795022976915277, 32.316885105872601 ] ] } },
{ "type": "Feature", "properties": { "line_id": 154, "from_bus": 1, "to_bus": 68, "length_km": 72.033362068748588, "voltage_assumed_kv": 345.0, "thermal_mw": 52.727272727272727, "reactance_pu": 0.13427832666606115, "is_interregional": true, "is_manual_override": false, "is_eia930_calibrated": true, "is_density_fill": false }, "geometry": { "type": "LineString", "coordinates": [ [ -80.139898944692135, 35.557723936659656 ], [ -80.851832026359233, 35.264068794943377 ] ] } },
{ "type": "Feature", "properties": { "line_id": 155, "from_bus": 171, "to_bus": 228, "length_km": 62.954692751397467, "voltage_assumed_kv": 230.0, "thermal_mw": 500.0, "reactance_pu": 0.11735466116888579, "is_interregional": false, "is_manual_override": false, "is_eia930_calibrated": false, "is_density_fill": false }, "geometry": { "type": "LineString", "coordinates": [ [ -90.944918004737232, 38.295593699110135 ], [ -90.542172900954228, 38.763763017013375 ] ] } },
{ "type": "Feature", "properties": { "line_id": 156, "from_bus": 206, "to_bus": 450, "length_km": 63.473743290989255, "voltage_assumed_kv": 345.0, "thermal_mw": 177.41379310344828, "reactance_pu": 0.11832223002739585, "is_interregional": true, "is_manual_override": false, "is_eia930_calibrated": true, "is_density_fill": false }, "geometry": { "type": "LineString", "coordinates": [ [ -96.385166379159955, 43.964208502250059 ], [ -96.950935906296039, 44.364820052480418 ] ] } },
{ "type": "Feature", "properties": { "line_id": 157, "from_bus": 193, "to_bus": 480, "length_km": 46.424009785606764, "voltage_assumed_kv": 115.0, "thermal_mw": 33.390243902439025, "reactance_pu": 0.086539600153476781, "is_interregional": true, "is_manual_override": false, "is_eia930_calibrated": true, "is_density_fill": false }, "geometry": { "type": "LineString", "coordinates": [ [ -90.180778553037328, 35.497514947918148 ], [ -89.891437752938174, 35.154353471490445 ] ] } },
{ "type": "Feature", "properties": { "line_id": 158, "from_bus": 61, "to_bus": 68, "length_km": 46.769025091553807, "voltage_assumed_kv": 115.0, "thermal_mw": 150.0, "reactance_pu": 0.087182747670491639, "is_interregional": false, "is_manual_override": false, "is_eia930_calibrated": false, "is_density_fill": false }, "geometry": { "type": "LineString", "coordinates": [ [ -81.174928625984421, 34.937627154770553 ], [ -80.851832026359233, 35.264068794943377 ] ] } },
{ "type": "Feature", "properties": { "line_id": 159, "from_bus": 326, "to_bus": 344, "length_km": 50.555241160162652, "voltage_assumed_kv": 230.0, "thermal_mw": 500.0, "reactance_pu": 0.09424068226479429, "is_interregional": false, "is_manual_override": false, "is_eia930_calibrated": false, "is_density_fill": false }, "geometry": { "type": "LineString", "coordinates": [ [ -76.822387143717577, 38.889368950792914 ], [ -77.267121222682675, 39.185446097052314 ] ] } },
{ "type": "Feature", "properties": { "line_id": 160, "from_bus": 56, "to_bus": 483, "length_km": 23.705527811702005, "voltage_assumed_kv": 115.0, "thermal_mw": 13.823529411764707, "reactance_pu": 0.044189782565655256, "is_interregional": true, "is_manual_override": false, "is_eia930_calibrated": true, "is_density_fill": false }, "geometry": { "type": "LineString", "coordinates": [ [ -120.906008665064007, 37.43813904682677 ], [ -120.656636053263128, 37.520305873772045 ] ] } },
{ "type": "Feature", "properties": { "line_id": 161, "from_bus": 296, "to_bus": 334, "length_km": 62.141509907196223, "voltage_assumed_kv": 230.0, "thermal_mw": 500.0, "reactance_pu": 0.11583879645763326, "is_interregional": false, "is_manual_override": false, "is_eia930_calibrated": false, "is_density_fill": false }, "geometry": { "type": "LineString", "coordinates": [ [ -87.644796982825071, 41.93443439195191 ], [ -87.974694871036149, 41.435403338377583 ] ] } },
{ "type": "Feature", "properties": { "line_id": 162, "from_bus": 292, "to_bus": 485, "length_km": 41.926399174341071, "voltage_assumed_kv": 115.0, "thermal_mw": 134.25, "reactance_pu": 0.078155545744078458, "is_interregional": true, "is_manual_override": false, "is_eia930_calibrated": true, "is_density_fill": false }, "geometry": { "type": "LineString", "coordinates": [ [ -106.076089539610379, 44.372717650515199 ], [ -105.578951725687347, 44.247808200678215 ] ] } },
{ "type": "Feature", "properties": { "line_id": 163, "from_bus": 64, "to_bus": 68, "length_km": 68.096829252826112, "voltage_assumed_kv": 230.0, "thermal_mw": 500.0, "reactance_pu": 0.12694018466897344, "is_interregional": false, "is_manual_override": false, "is_eia930_calibrated": false, "is_density_fill": false }, "geometry": { "type": "LineString", "coordinates": [ [ -81.604636765130437, 35.221037549156897 ], [ -80.851832026359233, 35.264068794943377 ] ] } },
{ "type": "Feature", "properties": { "line_id": 164, "from_bus": 59, "to_bus": 65, "length_km": 66.378545724116321, "voltage_assumed_kv": 230.0, "thermal_mw": 500.0, "reactance_pu": 0.12373711000541966, "is_interregional": false, "is_manual_override": false, "is_eia930_calibrated": false, "is_density_fill": false }, "geometry": { "type": "LineString", "coordinates": [ [ -80.52217397666405, 35.697017103953641 ], [ -81.259456398390583, 35.648124421908882 ] ] } },
{ "type": "Feature", "properties": { "line_id": 165, "from_bus": 351, "to_bus": 358, "length_km": 47.371743669369117, "voltage_assumed_kv": 115.0, "thermal_mw": 150.0, "reactance_pu": 0.088306283206738681, "is_interregional": false, "is_manual_override": false, "is_eia930_calibrated": false, "is_density_fill": false }, "geometry": { "type": "LineString", "coordinates": [ [ -75.54372759110214, 39.575585391948259 ], [ -75.326546165299632, 39.964996140411714 ] ] } },
{ "type": "Feature", "properties": { "line_id": 166, "from_bus": 303, "to_bus": 361, "length_km": 38.454071852499375, "voltage_assumed_kv": 115.0, "thermal_mw": 150.0, "reactance_pu": 0.071682735243178156, "is_interregional": false, "is_manual_override": false, "is_eia930_calibrated": false, "is_density_fill": false }, "geometry": { "type": "LineString", "coordinates": [ [ -74.430826529480427, 40.41164391421519 ], [ -74.266713355366576, 40.732165405647791 ] ] } },
{ "type": "Feature", "properties": { "line_id": 167, "from_bus": 427, "to_bus": 479, "length_km": 38.511962785083028, "voltage_assumed_kv": 115.0, "thermal_mw": 25.205479452054796, "reactance_pu": 0.071790650483189472, "is_interregional": true, "is_manual_override": false, "is_eia930_calibrated": true, "is_density_fill": false }, "geometry": { "type": "LineString", "coordinates": [ [ -84.814157590224013, 34.18771436776975 ], [ -85.22566755840586, 34.261258459089326 ] ] } },
{ "type": "Feature", "properties": { "line_id": 168, "from_bus": 164, "to_bus": 478, "length_km": 41.65546552792587, "voltage_assumed_kv": 115.0, "thermal_mw": 36.25, "reactance_pu": 0.077650494811658491, "is_interregional": true, "is_manual_override": false, "is_eia930_calibrated": true, "is_density_fill": false }, "geometry": { "type": "LineString", "coordinates": [ [ -87.352635413152043, 37.230342203259937 ], [ -86.896721840243671, 37.129604842912109 ] ] } },
{ "type": "Feature", "properties": { "line_id": 169, "from_bus": 304, "to_bus": 339, "length_km": 42.771365437655071, "voltage_assumed_kv": 115.0, "thermal_mw": 150.0, "reactance_pu": 0.079730658340083513, "is_interregional": false, "is_manual_override": false, "is_eia930_calibrated": false, "is_density_fill": false }, "geometry": { "type": "LineString", "coordinates": [ [ -76.247582309772028, 40.04228199362349 ], [ -76.726195187697542, 39.919858515105453 ] ] } },
{ "type": "Feature", "properties": { "line_id": 170, "from_bus": 304, "to_bus": 356, "length_km": 45.741008081701622, "voltage_assumed_kv": 115.0, "thermal_mw": 150.0, "reactance_pu": 0.08526640779820506, "is_interregional": false, "is_manual_override": false, "is_eia930_calibrated": false, "is_density_fill": false }, "geometry": { "type": "LineString", "coordinates": [ [ -76.247582309772028, 40.04228199362349 ], [ -76.248739168903683, 40.450566852927018 ] ] } },
{ "type": "Feature", "properties": { "line_id": 171, "from_bus": 365, "to_bus": 371, "length_km": 46.677944579584256, "voltage_assumed_kv": 115.0, "thermal_mw": 150.0, "reactance_pu": 0.087012963304082536, "is_interregional": false, "is_manual_override": false, "is_eia930_calibrated": false, "is_density_fill": false }, "geometry": { "type": "LineString", "coordinates": [ [ -76.993174664116196, 38.41039244094312 ], [ -76.46984917593241, 38.513159188443836 ] ] } },
{ "type": "Feature", "properties": { "line_id": 172, "from_bus": 135, "to_bus": 142, "length_km": 47.946969436104624, "voltage_assumed_kv": 115.0, "thermal_mw": 150.0, "reactance_pu": 0.089378569036445296, "is_interregional": false, "is_manual_override": false, "is_eia930_calibrated": false, "is_density_fill": false }, "geometry": { "type": "LineString", "coordinates": [ [ -80.437482822157662, 26.647527919646446 ], [ -80.398936123806251, 27.081704789458016 ] ] } },
{ "type": "Feature", "properties": { "line_id": 173, "from_bus": 212, "to_bus": 461, "length_km": 48.463360834768409, "voltage_assumed_kv": 115.0, "thermal_mw": 58.472222222222229, "reactance_pu": 0.090341180955782641, "is_interregional": true, "is_manual_override": false, "is_eia930_calibrated": true, "is_density_fill": false }, "geometry": { "type": "LineString", "coordinates": [ [ -92.962257534601036, 35.461553824536608 ], [ -92.877779731918253, 35.88911205235712 ] ] } },
{ "type": "Feature", "properties": { "line_id": 174, "from_bus": 407, "to_bus": 422, "length_km": 48.948213815993704, "voltage_assumed_kv": 115.0, "thermal_mw": 150.0, "reactance_pu": 0.091245001701173473, "is_interregional": false, "is_manual_override": false, "is_eia930_calibrated": false, "is_density_fill": false }, "geometry": { "type": "LineString", "coordinates": [ [ -84.452274744421928, 33.795702758157731 ], [ -83.94261085131447, 33.923551368683498 ] ] } },
{ "type": "Feature", "properties": { "line_id": 175, "from_bus": 248, "to_bus": 277, "length_km": 49.041598852073989, "voltage_assumed_kv": 115.0, "thermal_mw": 150.0, "reactance_pu": 0.091419081960936205, "is_interregional": true, "is_manual_override": false, "is_eia930_calibrated": false, "is_density_fill": false }, "geometry": { "type": "LineString", "coordinates": [ [ -68.09567067825553, 45.811964060430313 ], [ -68.303626361388027, 45.395455885008978 ] ] } },
{ "type": "Feature", "properties": { "line_id": 176, "from_bus": 315, "to_bus": 334, "length_km": 49.264093800311073, "voltage_assumed_kv": 115.0, "thermal_mw": 150.0, "reactance_pu": 0.091833837686379274, "is_interregional": false, "is_manual_override": false, "is_eia930_calibrated": false, "is_density_fill": false }, "geometry": { "type": "LineString", "coordinates": [ [ -88.555793669254882, 41.345349877564004 ], [ -87.974694871036149, 41.435403338377583 ] ] } },
{ "type": "Feature", "properties": { "line_id": 177, "from_bus": 323, "to_bus": 353, "length_km": 49.286272947596728, "voltage_assumed_kv": 115.0, "thermal_mw": 150.0, "reactance_pu": 0.091875182123163368, "is_interregional": false, "is_manual_override": false, "is_eia930_calibrated": false, "is_density_fill": false }, "geometry": { "type": "LineString", "coordinates": [ [ -80.057363604601576, 39.622362656105807 ], [ -80.351374933718091, 39.243763677902031 ] ] } },
{ "type": "Feature", "properties": { "line_id": 178, "from_bus": 99, "to_bus": 117, "length_km": 49.470194491394174, "voltage_assumed_kv": 115.0, "thermal_mw": 150.0, "reactance_pu": 0.092218032663936272, "is_interregional": false, "is_manual_override": false, "is_eia930_calibrated": false, "is_density_fill": false }, "geometry": { "type": "LineString", "coordinates": [ [ -97.321807968347358, 30.093231175430649 ], [ -96.88580393745309, 29.858176195069458 ] ] } },
{ "type": "Feature", "properties": { "line_id": 179, "from_bus": 27, "to_bus": 400, "length_km": 51.619532517344624, "voltage_assumed_kv": 345.0, "thermal_mw": 288.99999999999989, "reactance_pu": 0.096224641619504822, "is_interregional": true, "is_manual_override": false, "is_eia930_calibrated": true, "is_density_fill": false }, "geometry": { "type": "LineString", "coordinates": [ [ -121.762522373592745, 47.955635437046645 ], [ -121.836025629754602, 47.490724328427397 ] ] } },
{ "type": "Feature", "properties": { "line_id": 180, "from_bus": 1, "to_bus": 78, "length_km": 52.937223388660897, "voltage_assumed_kv": 345.0, "thermal_mw": 85.0, "reactance_pu": 0.098680966302706841, "is_interregional": true, "is_manual_override": false, "is_eia930_calibrated": true, "is_density_fill": false }, "geometry": { "type": "LineString", "coordinates": [ [ -80.139898944692135, 35.557723936659656 ], [ -79.970869876000023, 35.104743694792298 ] ] } },
{ "type": "Feature", "properties": { "line_id": 181, "from_bus": 132, "to_bus": 135, "length_km": 54.482372289322818, "voltage_assumed_kv": 230.0, "thermal_mw": 500.0, "reactance_pu": 0.10156129845536643, "is_interregional": false, "is_manual_override": false, "is_eia930_calibrated": false, "is_density_fill": false }, "geometry": { "type": "LineString", "coordinates": [ [ -80.460460475891381, 26.152329067597766 ], [ -80.437482822157662, 26.647527919646446 ] ] } },
{ "type": "Feature", "properties": { "line_id": 182, "from_bus": 308, "to_bus": 367, "length_km": 55.713759772314674, "voltage_assumed_kv": 230.0, "thermal_mw": 500.0, "reactance_pu": 0.10385674387044883, "is_interregional": false, "is_manual_override": false, "is_eia930_calibrated": false, "is_density_fill": false }, "geometry": { "type": "LineString", "coordinates": [ [ -84.436701267391754, 41.371042043844675 ], [ -84.72709875714061, 40.922734346124052 ] ] } },
{ "type": "Feature", "properties": { "line_id": 183, "from_bus": 189, "to_bus": 370, "length_km": 59.018015646405075, "voltage_assumed_kv": 345.0, "thermal_mw": 741.52282157676291, "reactance_pu": 0.11001625020066712, "is_interregional": true, "is_manual_override": false, "is_eia930_calibrated": true, "is_density_fill": false }, "geometry": { "type": "LineString", "coordinates": [ [ -86.886762985159763, 41.494277312205959 ], [ -86.635774455908546, 41.988133369463434 ] ] } },
{ "type": "Feature", "properties": { "line_id": 184, "from_bus": 101, "to_bus": 205, "length_km": 59.575890440100373, "voltage_assumed_kv": 345.0, "thermal_mw": 1200.0, "reactance_pu": 0.11105619185596682, "is_interregional": true, "is_manual_override": false, "is_eia930_calibrated": false, "is_density_fill": false }, "geometry": { "type": "LineString", "coordinates": [ [ -96.202603092421413, 30.58715936527874 ], [ -95.589260666814525, 30.496961720164489 ] ] } },
{ "type": "Feature", "properties": { "line_id": 185, "from_bus": 80, "to_bus": 313, "length_km": 60.085203778273836, "voltage_assumed_kv": 345.0, "thermal_mw": 1200.0, "reactance_pu": 0.11200560947072936, "is_interregional": true, "is_manual_override": false, "is_eia930_calibrated": false, "is_density_fill": false }, "geometry": { "type": "LineString", "coordinates": [ [ -84.769124303588114, 38.749185670020367 ], [ -84.508774119245842, 39.246839693448521 ] ] } },
{ "type": "Feature", "properties": { "line_id": 186, "from_bus": 298, "to_bus": 342, "length_km": 60.434555010538084, "voltage_assumed_kv": 230.0, "thermal_mw": 500.0, "reactance_pu": 0.11265683964435917, "is_interregional": false, "is_manual_override": false, "is_eia930_calibrated": false, "is_density_fill": false }, "geometry": { "type": "LineString", "coordinates": [ [ -80.125498531755511, 40.521535231075113 ], [ -80.833147674468762, 40.426400006246652 ] ] } },
{ "type": "Feature", "properties": { "line_id": 187, "from_bus": 274, "to_bus": 348, "length_km": 63.436519634415667, "voltage_assumed_kv": 345.0, "thermal_mw": 541.79104477611941, "reactance_pu": 0.11825284092526947, "is_interregional": true, "is_manual_override": false, "is_eia930_calibrated": true, "is_density_fill": false }, "geometry": { "type": "LineString", "coordinates": [ [ -76.227915952660254, 42.330036367683462 ], [ -76.455414662105497, 41.788100868834306 ] ] } },
{ "type": "Feature", "properties": { "line_id": 188, "from_bus": 379, "to_bus": 486, "length_km": 65.104531409622197, "voltage_assumed_kv": 345.0, "thermal_mw": 39.702020202020186, "reactance_pu": 0.12136220335958507, "is_interregional": true, "is_manual_override": false, "is_eia930_calibrated": true, "is_density_fill": false }, "geometry": { "type": "LineString", "coordinates": [ [ -104.517091226255658, 38.186869929707242 ], [ -104.447222304048481, 38.765209101652573 ] ] } },
{ "type": "Feature", "properties": { "line_id": 189, "from_bus": 20, "to_bus": 462, "length_km": 65.936887607621955, "voltage_assumed_kv": 345.0, "thermal_mw": 727.5, "reactance_pu": 0.12291380936890697, "is_interregional": true, "is_manual_override": false, "is_eia930_calibrated": true, "is_density_fill": false }, "geometry": { "type": "LineString", "coordinates": [ [ -122.33370870524918, 46.718658150033733 ], [ -121.98661538453068, 47.264170196138501 ] ] } },
{ "type": "Feature", "properties": { "line_id": 190, "from_bus": 377, "to_bus": 380, "length_km": 66.733506447171322, "voltage_assumed_kv": 230.0, "thermal_mw": 500.0, "reactance_pu": 0.12439879690375587, "is_interregional": false, "is_manual_override": false, "is_eia930_calibrated": false, "is_density_fill": false }, "geometry": { "type": "LineString", "coordinates": [ [ -105.097273398695123, 39.634060976912984 ], [ -104.337675569957838, 39.785527053199729 ] ] } },
{ "type": "Feature", "properties": { "line_id": 191, "from_bus": 200, "to_bus": 228, "length_km": 68.011948575221183, "voltage_assumed_kv": 230.0, "thermal_mw": 500.0, "reactance_pu": 0.1267819574944013, "is_interregional": false, "is_manual_override": false, "is_eia930_calibrated": false, "is_density_fill": false }, "geometry": { "type": "LineString", "coordinates": [ [ -89.754123109273095, 38.722532978059853 ], [ -90.542172900954228, 38.763763017013375 ] ] } },
{ "type": "Feature", "properties": { "line_id": 192, "from_bus": 319, "to_bus": 320, "length_km": 68.489101199060173, "voltage_assumed_kv": 230.0, "thermal_mw": 500.0, "reactance_pu": 0.12767142390348366, "is_interregional": false, "is_manual_override": false, "is_eia930_calibrated": false, "is_density_fill": false }, "geometry": { "type": "LineString", "coordinates": [ [ -77.464462994755209, 37.534128746944894 ], [ -77.426458338156905, 38.144493964534291 ] ] } },
{ "type": "Feature", "properties": { "line_id": 193, "from_bus": 34, "to_bus": 46, "length_km": 69.044910999983983, "voltage_assumed_kv": 230.0, "thermal_mw": 500.0, "reactance_pu": 0.12870751617891316, "is_interregional": false, "is_manual_override": false, "is_eia930_calibrated": false, "is_density_fill": false }, "geometry": { "type": "LineString", "coordinates": [ [ -121.318637701001904, 38.267099459063154 ], [ -121.957297155933077, 37.900508225667629 ] ] } },
{ "type": "Feature", "properties": { "line_id": 194, "from_bus": 191, "to_bus": 231, "length_km": 69.253091095236442, "voltage_assumed_kv": 230.0, "thermal_mw": 500.0, "reactance_pu": 0.12909558740081448, "is_interregional": false, "is_manual_override": false, "is_eia930_calibrated": false, "is_density_fill": false }, "geometry": { "type": "LineString", "coordinates": [ [ -91.16960683499596, 30.320606892704948 ], [ -91.533862065015853, 30.859169097238443 ] ] } },
{ "type": "Feature", "properties": { "line_id": 195, "from_bus": 299, "to_bus": 352, "length_km": 69.736920370328932, "voltage_assumed_kv": 230.0, "thermal_mw": 500.0, "reactance_pu": 0.12999749984229497, "is_interregional": false, "is_manual_override": false, "is_eia930_calibrated": false, "is_density_fill": false }, "geometry": { "type": "LineString", "coordinates": [ [ -75.906907456654878, 41.235808211335595 ], [ -76.680897362356646, 40.998510678605022 ] ] } },
{ "type": "Feature", "properties": { "line_id": 196, "from_bus": 87, "to_bus": 102, "length_km": 69.851610335291056, "voltage_assumed_kv": 230.0, "thermal_mw": 500.0, "reactance_pu": 0.13021129489695041, "is_interregional": false, "is_manual_override": false, "is_eia930_calibrated": false, "is_density_fill": false }, "geometry": { "type": "LineString", "coordinates": [ [ -97.319380686831693, 32.772229164172529 ], [ -97.730322258668991, 32.248981011180206 ] ] } },
{ "type": "Feature", "properties": { "line_id": 197, "from_bus": 21, "to_bus": 390, "length_km": 70.234092689778763, "voltage_assumed_kv": 345.0, "thermal_mw": 920.0, "reactance_pu": 0.13092428522622154, "is_interregional": true, "is_manual_override": false, "is_eia930_calibrated": true, "is_density_fill": false }, "geometry": { "type": "LineString", "coordinates": [ [ -119.717297628240388, 48.538900803618354 ], [ -120.294137514018388, 48.036259345270089 ] ] } },
{ "type": "Feature", "properties": { "line_id": 198, "from_bus": 63, "to_bus": 67, "length_km": 71.052373975894255, "voltage_assumed_kv": 230.0, "thermal_mw": 500.0, "reactance_pu": 0.13244965400932618, "is_interregional": false, "is_manual_override": false, "is_eia930_calibrated": false, "is_density_fill": false }, "geometry": { "type": "LineString", "coordinates": [ [ -78.928260852571569, 36.05344370841982 ], [ -79.714789261271676, 36.153012158664815 ] ] } },
{ "type": "Feature", "properties": { "line_id": 199, "from_bus": 84, "to_bus": 106, "length_km": 71.186501177622375, "voltage_assumed_kv": 230.0, "thermal_mw": 500.0, "reactance_pu": 0.13269968226972118, "is_interregional": false, "is_manual_override": false, "is_eia930_calibrated": false, "is_density_fill": false }, "geometry": { "type": "LineString", "coordinates": [ [ -95.397591193407777, 29.879724903044817 ], [ -94.737347501553685, 29.595701947561977 ] ] } },
{ "type": "Feature", "properties": { "line_id": 200, "from_bus": 352, "to_bus": 356, "length_km": 71.250082898529314, "voltage_assumed_kv": 230.0, "thermal_mw": 500.0, "reactance_pu": 0.13281820578222617, "is_interregional": false, "is_manual_override": false, "is_eia930_calibrated": false, "is_density_fill": false }, "geometry": { "type": "LineString", "coordinates": [ [ -76.680897362356646, 40.998510678605022 ], [ -76.248739168903683, 40.450566852927018 ] ] } },
{ "type": "Feature", "properties": { "line_id": 201, "from_bus": 141, "to_bus": 261, "length_km": 74.19698981748644, "voltage_assumed_kv": 345.0, "thermal_mw": 1200.0, "reactance_pu": 0.13831157327964411, "is_interregional": true, "is_manual_override": false, "is_eia930_calibrated": false, "is_density_fill": false }, "geometry": { "type": "LineString", "coordinates": [ [ -81.638642956026658, 29.576647567347429 ], [ -81.148175925323983, 29.063411910405783 ] ] } },
{ "type": "Feature", "properties": { "line_id": 202, "from_bus": 85, "to_bus": 124, "length_km": 75.105600166982299, "voltage_assumed_kv": 230.0, "thermal_mw": 500.0, "reactance_pu": 0.14000532564407386, "is_interregional": false, "is_manual_override": false, "is_eia930_calibrated": false, "is_density_fill": false }, "geometry": { "type": "LineString", "coordinates": [ [ -101.217937802961075, 32.306571897954299 ], [ -100.417841902355363, 32.266689505710097 ] ] } },
{ "type": "Feature", "properties": { "line_id": 203, "from_bus": 321, "to_bus": 470, "length_km": 75.244114453732905, "voltage_assumed_kv": 345.0, "thermal_mw": 824.375, "reactance_pu": 0.14026353192669141, "is_interregional": true, "is_manual_override": false, "is_eia930_calibrated": true, "is_density_fill": false }, "geometry": { "type": "LineString", "coordinates": [ [ -82.312658774785987, 36.943620512386765 ], [ -82.522992507344355, 36.292892046812462 ] ] } },
{ "type": "Feature", "properties": { "line_id": 204, "from_bus": 134, "to_bus": 464, "length_km": 75.371988546155876, "voltage_assumed_kv": 345.0, "thermal_mw": 872.875, "reactance_pu": 0.14050190368474025, "is_interregional": true, "is_manual_override": false, "is_eia930_calibrated": true, "is_density_fill": false }, "geometry": { "type": "LineString", "coordinates": [ [ -82.365721067038749, 27.401120755709751 ], [ -82.171320938371935, 28.061524564741077 ] ] } },
{ "type": "Feature", "properties": { "line_id": 205, "from_bus": 333, "to_bus": 368, "length_km": 75.419704156466281, "voltage_assumed_kv": 230.0, "thermal_mw": 500.0, "reactance_pu": 0.14059085097422283, "is_interregional": false, "is_manual_override": false, "is_eia930_calibrated": false, "is_density_fill": false }, "geometry": { "type": "LineString", "coordinates": [ [ -80.271759273635496, 41.204899147512855 ], [ -79.506381224211296, 40.846300577499022 ] ] } },
{ "type": "Feature", "properties": { "line_id": 206, "from_bus": 109, "to_bus": 116, "length_km": 75.474624016837339, "voltage_assumed_kv": 230.0, "thermal_mw": 500.0, "reactance_pu": 0.14069322779989871, "is_interregional": false, "is_manual_override": false, "is_eia930_calibrated": false, "is_density_fill": false }, "geometry": { "type": "LineString", "coordinates": [ [ -97.848298161934338, 30.263868400835634 ], [ -97.994310916295802, 29.595584376170738 ] ] } },
{ "type": "Feature", "properties": { "line_id": 207, "from_bus": 488, "to_bus": 492, "length_km": 75.929188779668266, "voltage_assumed_kv": 230.0, "thermal_mw": 500.0, "reactance_pu": 0.14154058788363374, "is_interregional": false, "is_manual_override": false, "is_eia930_calibrated": false, "is_density_fill": false }, "geometry": { "type": "LineString", "coordinates": [ [ -104.337846810115266, 39.874111415385833 ], [ -104.042134727830046, 40.514187758252838 ] ] } },
{ "type": "Feature", "properties": { "line_id": 208, "from_bus": 299, "to_bus": 332, "length_km": 75.988794800829211, "voltage_assumed_kv": 230.0, "thermal_mw": 500.0, "reactance_pu": 0.14165170024255813, "is_interregional": false, "is_manual_override": false, "is_eia930_calibrated": false, "is_density_fill": false }, "geometry": { "type": "LineString", "coordinates": [ [ -75.906907456654878, 41.235808211335595 ], [ -75.261569697377752, 40.757015544230264 ] ] } },
{ "type": "Feature", "properties": { "line_id": 209, "from_bus": 333, "to_bus": 372, "length_km": 76.202309937299063, "voltage_assumed_kv": 230.0, "thermal_mw": 500.0, "reactance_pu": 0.14204971658414836, "is_interregional": false, "is_manual_override": false, "is_eia930_calibrated": false, "is_density_fill": false }, "geometry": { "type": "LineString", "coordinates": [ [ -80.271759273635496, 41.204899147512855 ], [ -81.003727314719455, 41.616190396154728 ] ] } },
{ "type": "Feature", "properties": { "line_id": 210, "from_bus": 18, "to_bus": 29, "length_km": 76.638353669760249, "voltage_assumed_kv": 230.0, "thermal_mw": 500.0, "reactance_pu": 0.14286255137439779, "is_interregional": false, "is_manual_override": false, "is_eia930_calibrated": false, "is_density_fill": false }, "geometry": { "type": "LineString", "coordinates": [ [ -120.190278330296039, 45.387294199531134 ], [ -120.783885810532794, 45.937143785510962 ] ] } },
{ "type": "Feature", "properties": { "line_id": 211, "from_bus": 377, "to_bus": 385, "length_km": 76.653246699735348, "voltage_assumed_kv": 230.0, "thermal_mw": 500.0, "reactance_pu": 0.14289031366518376, "is_interregional": false, "is_manual_override": false, "is_eia930_calibrated": false, "is_density_fill": false }, "geometry": { "type": "LineString", "coordinates": [ [ -105.097273398695123, 39.634060976912984 ], [ -105.39220408048665, 40.280850383667065 ] ] } },
{ "type": "Feature", "properties": { "line_id": 212, "from_bus": 396, "to_bus": 482, "length_km": 76.73644109934331, "voltage_assumed_kv": 345.0, "thermal_mw": 1030.875, "reactance_pu": 0.14304539742702016, "is_interregional": true, "is_manual_override": false, "is_eia930_calibrated": true, "is_density_fill": false }, "geometry": { "type": "LineString", "coordinates": [ [ -111.344678333579438, 32.904750713230541 ], [ -111.690168826826735, 32.280429919651816 ] ] } },
{ "type": "Feature", "properties": { "line_id": 213, "from_bus": 407, "to_bus": 418, "length_km": 76.952999858616593, "voltage_assumed_kv": 230.0, "thermal_mw": 500.0, "reactance_pu": 0.14344908742544535, "is_interregional": false, "is_manual_override": false, "is_eia930_calibrated": false, "is_density_fill": false }, "geometry": { "type": "LineString", "coordinates": [ [ -84.452274744421928, 33.795702758157731 ], [ -85.054173395268862, 33.318477297498639 ] ] } },
{ "type": "Feature", "properties": { "line_id": 214, "from_bus": 257, "to_bus": 275, "length_km": 77.040255324960256, "voltage_assumed_kv": 345.0, "thermal_mw": 231.09375, "reactance_pu": 0.14361174147457761, "is_interregional": true, "is_manual_override": false, "is_eia930_calibrated": true, "is_density_fill": false }, "geometry": { "type": "LineString", "coordinates": [ [ -73.00273822271312, 41.353186747780086 ], [ -73.893611693615171, 41.163825004544208 ] ] } },
{ "type": "Feature", "properties": { "line_id": 215, "from_bus": 138, "to_bus": 425, "length_km": 77.052205627903135, "voltage_assumed_kv": 345.0, "thermal_mw": 1670.5625, "reactance_pu": 0.14363401818964738, "is_interregional": true, "is_manual_override": false, "is_eia930_calibrated": true, "is_density_fill": false }, "geometry": { "type": "LineString", "coordinates": [ [ -81.724711193738472, 30.506773880266749 ], [ -81.6888174099754, 31.199166414924836 ] ] } },
{ "type": "Feature", "properties": { "line_id": 216, "from_bus": 123, "to_bus": 459, "length_km": 77.447212077675772, "voltage_assumed_kv": 345.0, "thermal_mw": 148.57142857142858, "reactance_pu": 0.1443703548477524, "is_interregional": true, "is_manual_override": false, "is_eia930_calibrated": true, "is_density_fill": false }, "geometry": { "type": "LineString", "coordinates": [ [ -95.077082673713491, 33.211732568755274 ], [ -94.347591450231974, 33.553063262399085 ] ] } },
{ "type": "Feature", "properties": { "line_id": 217, "from_bus": 255, "to_bus": 256, "length_km": 77.457361976194193, "voltage_assumed_kv": 230.0, "thermal_mw": 500.0, "reactance_pu": 0.14438927540552929, "is_interregional": false, "is_manual_override": false, "is_eia930_calibrated": false, "is_density_fill": false }, "geometry": { "type": "LineString", "coordinates": [ [ -71.232545634979687, 43.062398173709518 ], [ -71.202390990474782, 42.369661543240234 ] ] } },
{ "type": "Feature", "properties": { "line_id": 218, "from_bus": 12, "to_bus": 217, "length_km": 77.687023081390777, "voltage_assumed_kv": 345.0, "thermal_mw": 579.875, "reactance_pu": 0.14481738965732061, "is_interregional": true, "is_manual_override": false, "is_eia930_calibrated": true, "is_density_fill": false }, "geometry": { "type": "LineString", "coordinates": [ [ -92.772930497926964, 39.229654851621973 ], [ -92.096713643318608, 38.768732551657294 ] ] } },
{ "type": "Feature", "properties": { "line_id": 219, "from_bus": 314, "to_bus": 347, "length_km": 77.936745846505005, "voltage_assumed_kv": 230.0, "thermal_mw": 500.0, "reactance_pu": 0.14528290111016601, "is_interregional": false, "is_manual_override": false, "is_eia930_calibrated": false, "is_density_fill": false }, "geometry": { "type": "LineString", "coordinates": [ [ -81.361600313774318, 39.399335033736328 ], [ -80.688574371859801, 39.871308494059896 ] ] } },
{ "type": "Feature", "properties": { "line_id": 220, "from_bus": 179, "to_bus": 219, "length_km": 77.989176197299273, "voltage_assumed_kv": 230.0, "thermal_mw": 500.0, "reactance_pu": 0.14538063720867614, "is_interregional": false, "is_manual_override": false, "is_eia930_calibrated": false, "is_density_fill": false }, "geometry": { "type": "LineString", "coordinates": [ [ -83.104178302889949, 42.801705581956064 ], [ -83.423056818647581, 42.144177493762449 ] ] } },
{ "type": "Feature", "properties": { "line_id": 221, "from_bus": 301, "to_bus": 325, "length_km": 78.089504378324222, "voltage_assumed_kv": 230.0, "thermal_mw": 500.0, "reactance_pu": 0.14556766027519108, "is_interregional": false, "is_manual_override": false, "is_eia930_calibrated": false, "is_density_fill": false }, "geometry": { "type": "LineString", "coordinates": [ [ -83.130776641307804, 40.539851062787157 ], [ -82.99187211924874, 39.850736906236293 ] ] } },
{ "type": "Feature", "properties": { "line_id": 222, "from_bus": 73, "to_bus": 463, "length_km": 78.090612862641152, "voltage_assumed_kv": 345.0, "thermal_mw": 235.0, "reactance_pu": 0.14556972661521658, "is_interregional": true, "is_manual_override": false, "is_eia930_calibrated": true, "is_density_fill": false }, "geometry": { "type": "LineString", "coordinates": [ [ -83.621400175302654, 30.218109076394143 ], [ -84.413372865275264, 30.377562785902285 ] ] } },
{ "type": "Feature", "properties": { "line_id": 223, "from_bus": 222, "to_bus": 306, "length_km": 78.506922027069137, "voltage_assumed_kv": 345.0, "thermal_mw": 741.52282157676291, "reactance_pu": 0.14634577394064591, "is_interregional": true, "is_manual_override": false, "is_eia930_calibrated": true, "is_density_fill": false }, "geometry": { "type": "LineString", "coordinates": [ [ -88.959098091888109, 41.344905525107166 ], [ -89.318917055108798, 41.994180495769641 ] ] } },
{ "type": "Feature", "properties": { "line_id": 224, "from_bus": 52, "to_bus": 483, "length_km": 78.775163046685336, "voltage_assumed_kv": 345.0, "thermal_mw": 110.58823529411765, "reactance_pu": 0.14684580551244575, "is_interregional": true, "is_manual_override": false, "is_eia930_calibrated": true, "is_density_fill": false }, "geometry": { "type": "LineString", "coordinates": [ [ -120.064080317879942, 38.050693059363894 ], [ -120.656636053263128, 37.520305873772045 ] ] } },
{ "type": "Feature", "properties": { "line_id": 225, "from_bus": 349, "to_bus": 372, "length_km": 78.989209066385897, "voltage_assumed_kv": 230.0, "thermal_mw": 500.0, "reactance_pu": 0.1472448114803678, "is_interregional": false, "is_manual_override": false, "is_eia930_calibrated": false, "is_density_fill": false }, "geometry": { "type": "LineString", "coordinates": [ [ -81.951387866433762, 41.532733828154186 ], [ -81.003727314719455, 41.616190396154728 ] ] } },
{ "type": "Feature", "properties": { "line_id": 226, "from_bus": 111, "to_bus": 129, "length_km": 79.084439165018679, "voltage_assumed_kv": 230.0, "thermal_mw": 500.0, "reactance_pu": 0.14742233114522046, "is_interregional": false, "is_manual_override": false, "is_eia930_calibrated": false, "is_density_fill": false }, "geometry": { "type": "LineString", "coordinates": [ [ -96.269014020844111, 32.632293863408677 ], [ -95.515334071810301, 32.310244723096439 ] ] } },
{ "type": "Feature", "properties": { "line_id": 227, "from_bus": 402, "to_bus": 423, "length_km": 79.578777157766098, "voltage_assumed_kv": 345.0, "thermal_mw": 720.15625, "reactance_pu": 0.14834383302389484, "is_interregional": true, "is_manual_override": false, "is_eia930_calibrated": true, "is_density_fill": false }, "geometry": { "type": "LineString", "coordinates": [ [ -80.609567303255858, 32.633799957585239 ], [ -81.330641864828706, 32.254867959452469 ] ] } },
{ "type": "Feature", "properties": { "line_id": 228, "from_bus": 189, "to_bus": 296, "length_km": 79.664941855706658, "voltage_assumed_kv": 345.0, "thermal_mw": 741.52282157676291, "reactance_pu": 0.1485044537574669, "is_interregional": true, "is_manual_override": false, "is_eia930_calibrated": true, "is_density_fill": false }, "geometry": { "type": "LineString", "coordinates": [ [ -86.886762985159763, 41.494277312205959 ], [ -87.644796982825071, 41.93443439195191 ] ] } },
{ "type": "Feature", "properties": { "line_id": 229, "from_bus": 64, "to_bus": 79, "length_km": 79.72762691607376, "voltage_assumed_kv": 345.0, "thermal_mw": 97.1875, "reactance_pu": 0.14862130579340299, "is_interregional": true, "is_manual_override": false, "is_eia930_calibrated": true, "is_density_fill": false }, "geometry": { "type": "LineString", "coordinates": [ [ -81.604636765130437, 35.221037549156897 ], [ -82.407062410429319, 35.521617601899322 ] ] } },
{ "type": "Feature", "properties": { "line_id": 230, "from_bus": 427, "to_bus": 477, "length_km": 79.853575795461595, "voltage_assumed_kv": 345.0, "thermal_mw": 201.64383561643837, "reactance_pu": 0.14885608873680531, "is_interregional": true, "is_manual_override": false, "is_eia930_calibrated": true, "is_density_fill": false }, "geometry": { "type": "LineString", "coordinates": [ [ -84.814157590224013, 34.18771436776975 ], [ -84.571093952934163, 34.87380111063306 ] ] } },
{ "type": "Feature", "properties": { "line_id": 231, "from_bus": 219, "to_bus": 331, "length_km": 79.880301885381783, "voltage_assumed_kv": 345.0, "thermal_mw": 741.52282157676291, "reactance_pu": 0.14890590918846469, "is_interregional": true, "is_manual_override": false, "is_eia930_calibrated": true, "is_density_fill": false }, "geometry": { "type": "LineString", "coordinates": [ [ -83.423056818647581, 42.144177493762449 ], [ -83.371934607205517, 41.431248719540584 ] ] } },
{ "type": "Feature", "properties": { "line_id": 232, "from_bus": 302, "to_bus": 350, "length_km": 79.88201383072942, "voltage_assumed_kv": 230.0, "thermal_mw": 500.0, "reactance_pu": 0.14890910044804254, "is_interregional": false, "is_manual_override": false, "is_eia930_calibrated": false, "is_density_fill": false }, "geometry": { "type": "LineString", "coordinates": [ [ -82.650668143122218, 38.102544056801534 ], [ -81.874869566746213, 38.487733623327813 ] ] } },
{ "type": "Feature", "properties": { "line_id": 233, "from_bus": 267, "to_bus": 276, "length_km": 79.890973584709712, "voltage_assumed_kv": 230.0, "thermal_mw": 500.0, "reactance_pu": 0.14892580244191397, "is_interregional": false, "is_manual_override": false, "is_eia930_calibrated": false, "is_density_fill": false }, "geometry": { "type": "LineString", "coordinates": [ [ -78.871627985209159, 42.626571762039021 ], [ -78.758195153703028, 43.336958812262246 ] ] } },
{ "type": "Feature", "properties": { "line_id": 234, "from_bus": 325, "to_bus": 354, "length_km": 79.941044470843337, "voltage_assumed_kv": 230.0, "thermal_mw": 500.0, "reactance_pu": 0.1490191402316772, "is_interregional": false, "is_manual_override": false, "is_eia930_calibrated": false, "is_density_fill": false }, "geometry": { "type": "LineString", "coordinates": [ [ -82.99187211924874, 39.850736906236293 ], [ -82.093555316470599, 40.070357919248906 ] ] } },
{ "type": "Feature", "properties": { "line_id": 235, "from_bus": 469, "to_bus": 477, "length_km": 80.316526896227089, "voltage_assumed_kv": 230.0, "thermal_mw": 500.0, "reactance_pu": 0.14971908190210656, "is_interregional": false, "is_manual_override": false, "is_eia930_calibrated": false, "is_density_fill": false }, "geometry": { "type": "LineString", "coordinates": [ [ -85.386310707098133, 35.157550110389586 ], [ -84.571093952934163, 34.87380111063306 ] ] } },
{ "type": "Feature", "properties": { "line_id": 236, "from_bus": 311, "to_bus": 336, "length_km": 80.331627750534707, "voltage_assumed_kv": 230.0, "thermal_mw": 500.0, "reactance_pu": 0.14974723160093251, "is_interregional": false, "is_manual_override": false, "is_eia930_calibrated": false, "is_density_fill": false }, "geometry": { "type": "LineString", "coordinates": [ [ -79.13406577157771, 39.094917279275478 ], [ -78.200719732526863, 39.031159265992081 ] ] } },
{ "type": "Feature", "properties": { "line_id": 237, "from_bus": 252, "to_bus": 257, "length_km": 80.451404961288532, "voltage_assumed_kv": 230.0, "thermal_mw": 500.0, "reactance_pu": 0.14997050985660243, "is_interregional": false, "is_manual_override": false, "is_eia930_calibrated": false, "is_density_fill": false }, "geometry": { "type": "LineString", "coordinates": [ [ -72.697323057852017, 42.035861100063293 ], [ -73.00273822271312, 41.353186747780086 ] ] } },
{ "type": "Feature", "properties": { "line_id": 238, "from_bus": 264, "to_bus": 273, "length_km": 80.575142193110295, "voltage_assumed_kv": 230.0, "thermal_mw": 500.0, "reactance_pu": 0.15020117003902542, "is_interregional": false, "is_manual_override": false, "is_eia930_calibrated": false, "is_density_fill": false }, "geometry": { "type": "LineString", "coordinates": [ [ -77.441597742656413, 43.240397118981456 ], [ -77.855344413053217, 42.584871366273731 ] ] } },
{ "type": "Feature", "properties": { "line_id": 239, "from_bus": 252, "to_bus": 259, "length_km": 80.608538585563281, "voltage_assumed_kv": 230.0, "thermal_mw": 500.0, "reactance_pu": 0.15026342468835011, "is_interregional": false, "is_manual_override": false, "is_eia930_calibrated": false, "is_density_fill": false }, "geometry": { "type": "LineString", "coordinates": [ [ -72.697323057852017, 42.035861100063293 ], [ -71.846070526174046, 41.681275085720529 ] ] } },
{ "type": "Feature", "properties": { "line_id": 240, "from_bus": 164, "to_bus": 196, "length_km": 80.756533468671805, "voltage_assumed_kv": 345.0, "thermal_mw": 935.0, "reactance_pu": 0.15053930387388623, "is_interregional": true, "is_manual_override": false, "is_eia930_calibrated": true, "is_density_fill": false }, "geometry": { "type": "LineString", "coordinates": [ [ -87.352635413152043, 37.230342203259937 ], [ -87.103351878505507, 37.924151874110869 ] ] } },
{ "type": "Feature", "properties": { "line_id": 241, "from_bus": 106, "to_bus": 216, "length_km": 80.928070011990584, "voltage_assumed_kv": 345.0, "thermal_mw": 1200.0, "reactance_pu": 0.1508590673742618, "is_interregional": true, "is_manual_override": false, "is_eia930_calibrated": false, "is_density_fill": false }, "geometry": { "type": "LineString", "coordinates": [ [ -94.737347501553685, 29.595701947561977 ], [ -94.072386912185408, 30.039514880171062 ] ] } },
{ "type": "Feature", "properties": { "line_id": 242, "from_bus": 410, "to_bus": 426, "length_km": 81.342858297054889, "voltage_assumed_kv": 230.0, "thermal_mw": 500.0, "reactance_pu": 0.15163227960869785, "is_interregional": false, "is_manual_override": false, "is_eia930_calibrated": false, "is_density_fill": false }, "geometry": { "type": "LineString", "coordinates": [ [ -86.608142543010885, 33.268893108066727 ], [ -86.014568721714937, 33.807529366184149 ] ] } },
{ "type": "Feature", "properties": { "line_id": 243, "from_bus": 80, "to_bus": 294, "length_km": 81.396212951503443, "voltage_assumed_kv": 345.0, "thermal_mw": 1200.0, "reactance_pu": 0.15173173871366591, "is_interregional": true, "is_manual_override": false, "is_eia930_calibrated": false, "is_density_fill": false }, "geometry": { "type": "LineString", "coordinates": [ [ -84.769124303588114, 38.749185670020367 ], [ -83.836756122032426, 38.632502870919993 ] ] } },
{ "type": "Feature", "properties": { "line_id": 244, "from_bus": 410, "to_bus": 420, "length_km": 81.414815385632224, "voltage_assumed_kv": 230.0, "thermal_mw": 500.0, "reactance_pu": 0.15176641575295705, "is_interregional": false, "is_manual_override": false, "is_eia930_calibrated": false, "is_density_fill": false }, "geometry": { "type": "LineString", "coordinates": [ [ -86.608142543010885, 33.268893108066727 ], [ -86.570485861883199, 32.539946628047453 ] ] } },
{ "type": "Feature", "properties": { "line_id": 245, "from_bus": 48, "to_bus": 56, "length_km": 81.415731415700151, "voltage_assumed_kv": 230.0, "thermal_mw": 500.0, "reactance_pu": 0.15176812333651504, "is_interregional": false, "is_manual_override": false, "is_eia930_calibrated": false, "is_density_fill": false }, "geometry": { "type": "LineString", "coordinates": [ [ -121.801351480373611, 37.247778943350497 ], [ -120.906008665064007, 37.43813904682677 ] ] } },
{ "type": "Feature", "properties": { "line_id": 246, "from_bus": 188, "to_bus": 215, "length_km": 81.562739083753812, "voltage_assumed_kv": 230.0, "thermal_mw": 500.0, "reactance_pu": 0.15204216224163358, "is_interregional": false, "is_manual_override": false, "is_eia930_calibrated": false, "is_density_fill": false }, "geometry": { "type": "LineString", "coordinates": [ [ -88.756604350653873, 40.299437129111034 ], [ -89.644627170733841, 40.592190511267162 ] ] } },
{ "type": "Feature", "properties": { "line_id": 247, "from_bus": 337, "to_bus": 362, "length_km": 81.678759936878393, "voltage_assumed_kv": 230.0, "thermal_mw": 500.0, "reactance_pu": 0.15225843822221419, "is_interregional": false, "is_manual_override": false, "is_eia930_calibrated": false, "is_density_fill": false }, "geometry": { "type": "LineString", "coordinates": [ [ -85.130150355375719, 37.83672744497715 ], [ -84.20039490995245, 37.930572385815601 ] ] } },
{ "type": "Feature", "properties": { "line_id": 248, "from_bus": 414, "to_bus": 418, "length_km": 81.691540694681834, "voltage_assumed_kv": 230.0, "thermal_mw": 500.0, "reactance_pu": 0.15228226299898545, "is_interregional": false, "is_manual_override": false, "is_eia930_calibrated": false, "is_density_fill": false }, "geometry": { "type": "LineString", "coordinates": [ [ -85.337498660115799, 32.625490859399392 ], [ -85.054173395268862, 33.318477297498639 ] ] } },
{ "type": "Feature", "properties": { "line_id": 249, "from_bus": 168, "to_bus": 341, "length_km": 81.781065388735897, "voltage_assumed_kv": 345.0, "thermal_mw": 741.52282157676291, "reactance_pu": 0.15244914714499264, "is_interregional": true, "is_manual_override": false, "is_eia930_calibrated": true, "is_density_fill": false }, "geometry": { "type": "LineString", "coordinates": [ [ -86.088422643310466, 39.81911337186326 ], [ -85.435527361759227, 40.357830796934849 ] ] } },
{ "type": "Feature", "properties": { "line_id": 250, "from_bus": 412, "to_bus": 429, "length_km": 81.79003808666188, "voltage_assumed_kv": 230.0, "thermal_mw": 500.0, "reactance_pu": 0.15246587326784153, "is_interregional": false, "is_manual_override": false, "is_eia930_calibrated": false, "is_density_fill": false }, "geometry": { "type": "LineString", "coordinates": [ [ -82.033837022965869, 33.120561312533141 ], [ -82.899097983301147, 32.981496718173602 ] ] } },
{ "type": "Feature", "properties": { "line_id": 251, "from_bus": 27, "to_bus": 392, "length_km": 81.907577626452792, "voltage_assumed_kv": 345.0, "thermal_mw": 1719.375, "reactance_pu": 0.15268498025197977, "is_interregional": true, "is_manual_override": false, "is_eia930_calibrated": true, "is_density_fill": false }, "geometry": { "type": "LineString", "coordinates": [ [ -121.762522373592745, 47.955635437046645 ], [ -121.855889492758919, 48.696611756981724 ] ] } },
{ "type": "Feature", "properties": { "line_id": 252, "from_bus": 18, "to_bus": 149, "length_km": 81.911077862308687, "voltage_assumed_kv": 345.0, "thermal_mw": 583.6, "reactance_pu": 0.15269150508714183, "is_interregional": true, "is_manual_override": false, "is_eia930_calibrated": true, "is_density_fill": false }, "geometry": { "type": "LineString", "coordinates": [ [ -120.190278330296039, 45.387294199531134 ], [ -119.276812219079432, 45.749811258555191 ] ] } },
{ "type": "Feature", "properties": { "line_id": 253, "from_bus": 381, "to_bus": 491, "length_km": 82.433076819782926, "voltage_assumed_kv": 345.0, "thermal_mw": 39.702020202020186, "reactance_pu": 0.15366457012975601, "is_interregional": true, "is_manual_override": false, "is_eia930_calibrated": true, "is_density_fill": false }, "geometry": { "type": "LineString", "coordinates": [ [ -108.309745937019485, 39.126682517990709 ], [ -107.690225892170886, 38.56540444741924 ] ] } },
{ "type": "Feature", "properties": { "line_id": 254, "from_bus": 90, "to_bus": 129, "length_km": 82.852050805360449, "voltage_assumed_kv": 230.0, "thermal_mw": 500.0, "reactance_pu": 0.15444558498293287, "is_interregional": false, "is_manual_override": false, "is_eia930_calibrated": false, "is_density_fill": false }, "geometry": { "type": "LineString", "coordinates": [ [ -94.931598027512521, 31.753136633244186 ], [ -95.515334071810301, 32.310244723096439 ] ] } },
{ "type": "Feature", "properties": { "line_id": 255, "from_bus": 267, "to_bus": 273, "length_km": 83.01216896044653, "voltage_assumed_kv": 230.0, "thermal_mw": 500.0, "reactance_pu": 0.15474406331736484, "is_interregional": false, "is_manual_override": false, "is_eia930_calibrated": false, "is_density_fill": false }, "geometry": { "type": "LineString", "coordinates": [ [ -78.871627985209159, 42.626571762039021 ], [ -77.855344413053217, 42.584871366273731 ] ] } },
{ "type": "Feature", "properties": { "line_id": 256, "from_bus": 169, "to_bus": 209, "length_km": 83.14888964939513, "voltage_assumed_kv": 230.0, "thermal_mw": 500.0, "reactance_pu": 0.15499892613100288, "is_interregional": false, "is_manual_override": false, "is_eia930_calibrated": false, "is_density_fill": false }, "geometry": { "type": "LineString", "coordinates": [ [ -93.863484041171716, 30.855143853619499 ], [ -93.356639882292271, 30.247411175885677 ] ] } },
{ "type": "Feature", "properties": { "line_id": 257, "from_bus": 189, "to_bus": 226, "length_km": 83.617031074384954, "voltage_assumed_kv": 230.0, "thermal_mw": 500.0, "reactance_pu": 0.15587159464716496, "is_interregional": false, "is_manual_override": false, "is_eia930_calibrated": false, "is_density_fill": false }, "geometry": { "type": "LineString", "coordinates": [ [ -86.886762985159763, 41.494277312205959 ], [ -87.020621089521029, 40.754107647543947 ] ] } },
{ "type": "Feature", "properties": { "line_id": 258, "from_bus": 174, "to_bus": 227, "length_km": 83.805072777591221, "voltage_assumed_kv": 230.0, "thermal_mw": 500.0, "reactance_pu": 0.15622212563065391, "is_interregional": false, "is_manual_override": false, "is_eia930_calibrated": false, "is_density_fill": false }, "geometry": { "type": "LineString", "coordinates": [ [ -92.983704682000948, 34.379715122661047 ], [ -92.075662827776355, 34.49578892884422 ] ] } },
{ "type": "Feature", "properties": { "line_id": 259, "from_bus": 185, "to_bus": 399, "length_km": 84.359820115651758, "voltage_assumed_kv": 345.0, "thermal_mw": 1200.0, "reactance_pu": 0.15725623735524796, "is_interregional": true, "is_manual_override": false, "is_eia930_calibrated": false, "is_density_fill": false }, "geometry": { "type": "LineString", "coordinates": [ [ -103.833542173255509, 48.151613736021929 ], [ -104.683677769813471, 48.65528619191381 ] ] } },
{ "type": "Feature", "properties": { "line_id": 260, "from_bus": 249, "to_bus": 256, "length_km": 84.535495302023975, "voltage_assumed_kv": 230.0, "thermal_mw": 500.0, "reactance_pu": 0.15758371575394184, "is_interregional": false, "is_manual_override": false, "is_eia930_calibrated": false, "is_density_fill": false }, "geometry": { "type": "LineString", "coordinates": [ [ -72.223737475117588, 42.487249208904387 ], [ -71.202390990474782, 42.369661543240234 ] ] } },
{ "type": "Feature", "properties": { "line_id": 261, "from_bus": 265, "to_bus": 269, "length_km": 84.598099927311395, "voltage_assumed_kv": 230.0, "thermal_mw": 500.0, "reactance_pu": 0.15770041784980024, "is_interregional": false, "is_manual_override": false, "is_eia930_calibrated": false, "is_density_fill": false }, "geometry": { "type": "LineString", "coordinates": [ [ -73.819812518226954, 41.783372584838219 ], [ -74.161107653596076, 42.497078123909674 ] ] } },
{ "type": "Feature", "properties": { "line_id": 262, "from_bus": 364, "to_bus": 371, "length_km": 84.601507967264013, "voltage_assumed_kv": 230.0, "thermal_mw": 500.0, "reactance_pu": 0.1577067708213804, "is_interregional": false, "is_manual_override": false, "is_eia930_calibrated": false, "is_density_fill": false }, "geometry": { "type": "LineString", "coordinates": [ [ -75.658940937431524, 38.092485065051754 ], [ -76.46984917593241, 38.513159188443836 ] ] } },
{ "type": "Feature", "properties": { "line_id": 263, "from_bus": 283, "to_bus": 290, "length_km": 84.620490154495741, "voltage_assumed_kv": 230.0, "thermal_mw": 500.0, "reactance_pu": 0.1577421557633675, "is_interregional": false, "is_manual_override": false, "is_eia930_calibrated": false, "is_density_fill": false }, "geometry": { "type": "LineString", "coordinates": [ [ -112.011187785656205, 40.813580036510608 ], [ -111.649695572877064, 40.108563613367274 ] ] } },
{ "type": "Feature", "properties": { "line_id": 264, "from_bus": 17, "to_bus": 37, "length_km": 84.918934345944905, "voltage_assumed_kv": 345.0, "thermal_mw": 275.39795918367349, "reactance_pu": 0.15829848946042238, "is_interregional": true, "is_manual_override": false, "is_eia930_calibrated": true, "is_density_fill": false }, "geometry": { "type": "LineString", "coordinates": [ [ -122.712630056935993, 40.693140320543343 ], [ -123.725892320572484, 40.690521193763153 ] ] } },
{ "type": "Feature", "properties": { "line_id": 265, "from_bus": 475, "to_bus": 480, "length_km": 85.127754319781104, "voltage_assumed_kv": 230.0, "thermal_mw": 500.0, "reactance_pu": 0.1586877534883101, "is_interregional": false, "is_manual_override": false, "is_eia930_calibrated": false, "is_density_fill": false }, "geometry": { "type": "LineString", "coordinates": [ [ -89.185488610236007, 35.660278675115457 ], [ -89.891437752938174, 35.154353471490445 ] ] } },
{ "type": "Feature", "properties": { "line_id": 266, "from_bus": 62, "to_bus": 338, "length_km": 85.262233046810891, "voltage_assumed_kv": 345.0, "thermal_mw": 343.53125, "reactance_pu": 0.15893843703158977, "is_interregional": true, "is_manual_override": false, "is_eia930_calibrated": true, "is_density_fill": false }, "geometry": { "type": "LineString", "coordinates": [ [ -80.290120197732136, 36.314389956989132 ], [ -80.31292786150739, 37.075233892005222 ] ] } },
{ "type": "Feature", "properties": { "line_id": 267, "from_bus": 43, "to_bus": 54, "length_km": 85.888824014197866, "voltage_assumed_kv": 230.0, "thermal_mw": 500.0, "reactance_pu": 0.16010647339957843, "is_interregional": false, "is_manual_override": false, "is_eia930_calibrated": false, "is_density_fill": false }, "geometry": { "type": "LineString", "coordinates": [ [ -121.826807594179598, 39.080727828715482 ], [ -121.373466614671017, 39.765030230975803 ] ] } },
{ "type": "Feature", "properties": { "line_id": 268, "from_bus": 322, "to_bus": 337, "length_km": 85.891889000167652, "voltage_assumed_kv": 230.0, "thermal_mw": 500.0, "reactance_pu": 0.16011218687976952, "is_interregional": false, "is_manual_override": false, "is_eia930_calibrated": false, "is_density_fill": false }, "geometry": { "type": "LineString", "coordinates": [ [ -84.956209367101891, 37.082460157759996 ], [ -85.130150355375719, 37.83672744497715 ] ] } },
{ "type": "Feature", "properties": { "line_id": 269, "from_bus": 100, "to_bus": 129, "length_km": 86.041418144439504, "voltage_assumed_kv": 230.0, "thermal_mw": 500.0, "reactance_pu": 0.16039092610148556, "is_interregional": false, "is_manual_override": false, "is_eia930_calibrated": false, "is_density_fill": false }, "geometry": { "type": "LineString", "coordinates": [ [ -96.082903478603598, 31.704523546371476 ], [ -95.515334071810301, 32.310244723096439 ] ] } },
{ "type": "Feature", "properties": { "line_id": 270, "from_bus": 466, "to_bus": 469, "length_km": 86.145078201004651, "voltage_assumed_kv": 230.0, "thermal_mw": 500.0, "reactance_pu": 0.16058416016050939, "is_interregional": false, "is_manual_override": false, "is_eia930_calibrated": false, "is_density_fill": false }, "geometry": { "type": "LineString", "coordinates": [ [ -84.770694215688437, 35.746938294627206 ], [ -85.386310707098133, 35.157550110389586 ] ] } },
{ "type": "Feature", "properties": { "line_id": 271, "from_bus": 341, "to_bus": 367, "length_km": 86.794348712573552, "voltage_assumed_kv": 230.0, "thermal_mw": 500.0, "reactance_pu": 0.16179447376164161, "is_interregional": false, "is_manual_override": false, "is_eia930_calibrated": false, "is_density_fill": false }, "geometry": { "type": "LineString", "coordinates": [ [ -85.435527361759227, 40.357830796934849 ], [ -84.72709875714061, 40.922734346124052 ] ] } },
{ "type": "Feature", "properties": { "line_id": 272, "from_bus": 61, "to_bus": 405, "length_km": 86.960921657359279, "voltage_assumed_kv": 345.0, "thermal_mw": 975.0, "reactance_pu": 0.16210498455346498, "is_interregional": true, "is_manual_override": false, "is_eia930_calibrated": true, "is_density_fill": false }, "geometry": { "type": "LineString", "coordinates": [ [ -81.174928625984421, 34.937627154770553 ], [ -80.931162732642221, 34.185770894349531 ] ] } },
{ "type": "Feature", "properties": { "line_id": 273, "from_bus": 79, "to_bus": 470, "length_km": 86.983413770385937, "voltage_assumed_kv": 345.0, "thermal_mw": 24.375, "reactance_pu": 0.16214691239375545, "is_interregional": true, "is_manual_override": false, "is_eia930_calibrated": true, "is_density_fill": false }, "geometry": { "type": "LineString", "coordinates": [ [ -82.407062410429319, 35.521617601899322 ], [ -82.522992507344355, 36.292892046812462 ] ] } },
{ "type": "Feature", "properties": { "line_id": 274, "from_bus": 468, "to_bus": 473, "length_km": 87.291454138837821, "voltage_assumed_kv": 230.0, "thermal_mw": 500.0, "reactance_pu": 0.16272113444911138, "is_interregional": false, "is_manual_override": false, "is_eia930_calibrated": false, "is_density_fill": false }, "geometry": { "type": "LineString", "coordinates": [ [ -87.776147428054173, 34.872460810558664 ], [ -86.846091502856751, 34.674420310244642 ] ] } },
{ "type": "Feature", "properties": { "line_id": 275, "from_bus": 26, "to_bus": 391, "length_km": 87.733043788245141, "voltage_assumed_kv": 345.0, "thermal_mw": 488.03125, "reactance_pu": 0.16354430745523704, "is_interregional": true, "is_manual_override": false, "is_eia930_calibrated": true, "is_density_fill": false }, "geometry": { "type": "LineString", "coordinates": [ [ -119.240407904531835, 46.186036354238638 ], [ -119.903335069793712, 46.829947434799102 ] ] } },
{ "type": "Feature", "properties": { "line_id": 276, "from_bus": 426, "to_bus": 479, "length_km": 88.314725173139593, "voltage_assumed_kv": 345.0, "thermal_mw": 201.64383561643837, "reactance_pu": 0.16462862728667677, "is_interregional": true, "is_manual_override": false, "is_eia930_calibrated": true, "is_density_fill": false }, "geometry": { "type": "LineString", "coordinates": [ [ -86.014568721714937, 33.807529366184149 ], [ -85.22566755840586, 34.261258459089326 ] ] } },
{ "type": "Feature", "properties": { "line_id": 277, "from_bus": 188, "to_bus": 211, "length_km": 88.549711503526169, "voltage_assumed_kv": 230.0, "thermal_mw": 500.0, "reactance_pu": 0.16506666835997266, "is_interregional": false, "is_manual_override": false, "is_eia930_calibrated": false, "is_density_fill": false }, "geometry": { "type": "LineString", "coordinates": [ [ -88.756604350653873, 40.299437129111034 ], [ -89.185144867184277, 39.578592521808119 ] ] } },
{ "type": "Feature", "properties": { "line_id": 278, "from_bus": 308, "to_bus": 331, "length_km": 88.601291350119794, "voltage_assumed_kv": 230.0, "thermal_mw": 500.0, "reactance_pu": 0.16516281902254584, "is_interregional": false, "is_manual_override": false, "is_eia930_calibrated": false, "is_density_fill": false }, "geometry": { "type": "LineString", "coordinates": [ [ -84.436701267391754, 41.371042043844675 ], [ -83.371934607205517, 41.431248719540584 ] ] } },
{ "type": "Feature", "properties": { "line_id": 279, "from_bus": 83, "to_bus": 127, "length_km": 88.8708410390701, "voltage_assumed_kv": 230.0, "thermal_mw": 500.0, "reactance_pu": 0.16566529010186407, "is_interregional": false, "is_manual_override": false, "is_eia930_calibrated": false, "is_density_fill": false }, "geometry": { "type": "LineString", "coordinates": [ [ -97.504133501983702, 31.065515814432349 ], [ -96.752667796031147, 31.542485877636242 ] ] } },
{ "type": "Feature", "properties": { "line_id": 280, "from_bus": 465, "to_bus": 472, "length_km": 88.998444397629328, "voltage_assumed_kv": 230.0, "thermal_mw": 500.0, "reactance_pu": 0.165903157181398, "is_interregional": false, "is_manual_override": false, "is_eia930_calibrated": false, "is_density_fill": false }, "geometry": { "type": "LineString", "coordinates": [ [ -89.864099736666432, 34.32833975956941 ], [ -88.991943648372555, 34.686975767128494 ] ] } },
{ "type": "Feature", "properties": { "line_id": 281, "from_bus": 409, "to_bus": 425, "length_km": 89.106198410122161, "voltage_assumed_kv": 230.0, "thermal_mw": 500.0, "reactance_pu": 0.16610402283688805, "is_interregional": false, "is_manual_override": false, "is_eia930_calibrated": false, "is_density_fill": false }, "geometry": { "type": "LineString", "coordinates": [ [ -82.348166173618495, 31.770578431144724 ], [ -81.6888174099754, 31.199166414924836 ] ] } },
{ "type": "Feature", "properties": { "line_id": 282, "from_bus": 90, "to_bus": 435, "length_km": 89.225021883422855, "voltage_assumed_kv": 345.0, "thermal_mw": 148.57142857142858, "reactance_pu": 0.16632552321817301, "is_interregional": true, "is_manual_override": false, "is_eia930_calibrated": true, "is_density_fill": false }, "geometry": { "type": "LineString", "coordinates": [ [ -94.931598027512521, 31.753136633244186 ], [ -94.424201465964842, 32.430017045212708 ] ] } },
{ "type": "Feature", "properties": { "line_id": 283, "from_bus": 16, "to_bus": 51, "length_km": 89.649963665983819, "voltage_assumed_kv": 345.0, "thermal_mw": 275.39795918367349, "reactance_pu": 0.1671176627192881, "is_interregional": true, "is_manual_override": false, "is_eia930_calibrated": true, "is_density_fill": false }, "geometry": { "type": "LineString", "coordinates": [ [ -121.287976926156588, 38.277612800621185 ], [ -120.642090898063458, 38.904127523206753 ] ] } },
{ "type": "Feature", "properties": { "line_id": 284, "from_bus": 250, "to_bus": 268, "length_km": 89.727328108093118, "voltage_assumed_kv": 345.0, "thermal_mw": 231.09375, "reactance_pu": 0.16726187878156179, "is_interregional": true, "is_manual_override": false, "is_eia930_calibrated": true, "is_density_fill": false }, "geometry": { "type": "LineString", "coordinates": [ [ -72.771688499931017, 44.304557083424136 ], [ -73.783472696599517, 44.664257833554082 ] ] } },
{ "type": "Feature", "properties": { "line_id": 285, "from_bus": 87, "to_bus": 98, "length_km": 89.833058414082657, "voltage_assumed_kv": 230.0, "thermal_mw": 500.0, "reactance_pu": 0.16745897201945084, "is_interregional": false, "is_manual_override": false, "is_eia930_calibrated": false, "is_density_fill": false }, "geometry": { "type": "LineString", "coordinates": [ [ -97.319380686831693, 32.772229164172529 ], [ -98.173356027594593, 33.149665167167008 ] ] } },
{ "type": "Feature", "properties": { "line_id": 286, "from_bus": 202, "to_bus": 232, "length_km": 89.869708459865407, "voltage_assumed_kv": 230.0, "thermal_mw": 500.0, "reactance_pu": 0.16752729184624507, "is_interregional": false, "is_manual_override": false, "is_eia930_calibrated": false, "is_density_fill": false }, "geometry": { "type": "LineString", "coordinates": [ [ -92.647339238385698, 33.188621025843766 ], [ -92.179028311975117, 32.484190969732175 ] ] } },
{ "type": "Feature", "properties": { "line_id": 287, "from_bus": 178, "to_bus": 220, "length_km": 90.222862193296024, "voltage_assumed_kv": 230.0, "thermal_mw": 500.0, "reactance_pu": 0.1681856103117316, "is_interregional": false, "is_manual_override": false, "is_eia930_calibrated": false, "is_density_fill": false }, "geometry": { "type": "LineString", "coordinates": [ [ -87.279530911159227, 39.140288268540473 ], [ -87.599185808392519, 38.373690274714193 ] ] } },
{ "type": "Feature", "properties": { "line_id": 288, "from_bus": 55, "to_bus": 166, "length_km": 90.78355187992095, "voltage_assumed_kv": 345.0, "thermal_mw": 660.52, "reactance_pu": 0.16923079924553511, "is_interregional": true, "is_manual_override": false, "is_eia930_calibrated": true, "is_density_fill": false }, "geometry": { "type": "LineString", "coordinates": [ [ -118.400970970181447, 36.305639736343565 ], [ -117.412531800722405, 36.510685091461369 ] ] } },
{ "type": "Feature", "properties": { "line_id": 289, "from_bus": 318, "to_bus": 366, "length_km": 91.075922505331533, "voltage_assumed_kv": 230.0, "thermal_mw": 500.0, "reactance_pu": 0.16977581112918108, "is_interregional": false, "is_manual_override": false, "is_eia930_calibrated": false, "is_density_fill": false }, "geometry": { "type": "LineString", "coordinates": [ [ -77.944025071654139, 36.766318610868019 ], [ -77.363892100895811, 36.095920830278551 ] ] } },
{ "type": "Feature", "properties": { "line_id": 290, "from_bus": 350, "to_bus": 369, "length_km": 91.528042437571685, "voltage_assumed_kv": 230.0, "thermal_mw": 500.0, "reactance_pu": 0.17061861377242907, "is_interregional": false, "is_manual_override": false, "is_eia930_calibrated": false, "is_density_fill": false }, "geometry": { "type": "LineString", "coordinates": [ [ -81.874869566746213, 38.487733623327813 ], [ -81.226139670400116, 37.843893020579692 ] ] } },
{ "type": "Feature", "properties": { "line_id": 291, "from_bus": 74, "to_bus": 78, "length_km": 91.861490552988613, "voltage_assumed_kv": 230.0, "thermal_mw": 500.0, "reactance_pu": 0.17124019873920324, "is_interregional": false, "is_manual_override": false, "is_eia930_calibrated": false, "is_density_fill": false }, "geometry": { "type": "LineString", "coordinates": [ [ -79.821652696957813, 34.292444596251926 ], [ -79.970869876000023, 35.104743694792298 ] ] } },
{ "type": "Feature", "properties": { "line_id": 292, "from_bus": 60, "to_bus": 406, "length_km": 91.875250341782944, "voltage_assumed_kv": 345.0, "thermal_mw": 119.375, "reactance_pu": 0.17126584854037205, "is_interregional": true, "is_manual_override": false, "is_eia930_calibrated": true, "is_density_fill": false }, "geometry": { "type": "LineString", "coordinates": [ [ -82.883563419388395, 34.709478884955374 ], [ -82.455695698728434, 33.965697058517804 ] ] } },
{ "type": "Feature", "properties": { "line_id": 293, "from_bus": 251, "to_bus": 258, "length_km": 92.140815895741142, "voltage_assumed_kv": 230.0, "thermal_mw": 500.0, "reactance_pu": 0.17176089274185771, "is_interregional": false, "is_manual_override": false, "is_eia930_calibrated": false, "is_density_fill": false }, "geometry": { "type": "LineString", "coordinates": [ [ -70.210300551562014, 43.930106977357603 ], [ -71.177767407983225, 44.382158322006852 ] ] } },
{ "type": "Feature", "properties": { "line_id": 294, "from_bus": 287, "to_bus": 378, "length_km": 92.310193396465394, "voltage_assumed_kv": 345.0, "thermal_mw": 1200.0, "reactance_pu": 0.17207663154286526, "is_interregional": true, "is_manual_override": false, "is_eia930_calibrated": false, "is_density_fill": false }, "geometry": { "type": "LineString", "coordinates": [ [ -109.246657824125592, 40.350976292624253 ], [ -108.207503193328634, 40.617682487234454 ] ] } },
{ "type": "Feature", "properties": { "line_id": 295, "from_bus": 465, "to_bus": 480, "length_km": 92.426590813556089, "voltage_assumed_kv": 230.0, "thermal_mw": 500.0, "reactance_pu": 0.17229360948123049, "is_interregional": false, "is_manual_override": false, "is_eia930_calibrated": false, "is_density_fill": false }, "geometry": { "type": "LineString", "coordinates": [ [ -89.864099736666432, 34.32833975956941 ], [ -89.891437752938174, 35.154353471490445 ] ] } },
{ "type": "Feature", "properties": { "line_id": 296, "from_bus": 230, "to_bus": 231, "length_km": 92.75355752874502, "voltage_assumed_kv": 230.0, "thermal_mw": 500.0, "reactance_pu": 0.17290311238558145, "is_interregional": false, "is_manual_override": false, "is_eia930_calibrated": false, "is_density_fill": false }, "geometry": { "type": "LineString", "coordinates": [ [ -92.326642612962914, 30.37856721248459 ], [ -91.533862065015853, 30.859169097238443 ] ] } },
{ "type": "Feature", "properties": { "line_id": 297, "from_bus": 173, "to_bus": 207, "length_km": 93.169577761535848, "voltage_assumed_kv": 230.0, "thermal_mw": 500.0, "reactance_pu": 0.17367862110978988, "is_interregional": false, "is_manual_override": false, "is_eia930_calibrated": false, "is_density_fill": false }, "geometry": { "type": "LineString", "coordinates": [ [ -90.112922570573076, 30.657677590722507 ], [ -90.22335982715849, 29.824000143084998 ] ] } },
{ "type": "Feature", "properties": { "line_id": 298, "from_bus": 154, "to_bus": 250, "length_km": 93.346936438445539, "voltage_assumed_kv": 345.0, "thermal_mw": 604.375, "reactance_pu": 0.17400923772508003, "is_interregional": true, "is_manual_override": false, "is_eia930_calibrated": true, "is_density_fill": false }, "geometry": { "type": "LineString", "coordinates": [ [ -72.03589474480556, 44.959472502537132 ], [ -72.771688499931017, 44.304557083424136 ] ] } },
{ "type": "Feature", "properties": { "line_id": 299, "from_bus": 154, "to_bus": 258, "length_km": 93.508651743901623, "voltage_assumed_kv": 345.0, "thermal_mw": 604.375, "reactance_pu": 0.17431069332827967, "is_interregional": true, "is_manual_override": false, "is_eia930_calibrated": true, "is_density_fill": false }, "geometry": { "type": "LineString", "coordinates": [ [ -72.03589474480556, 44.959472502537132 ], [ -71.177767407983225, 44.382158322006852 ] ] } },
{ "type": "Feature", "properties": { "line_id": 300, "from_bus": 413, "to_bus": 421, "length_km": 93.917591628027466, "voltage_assumed_kv": 230.0, "thermal_mw": 500.0, "reactance_pu": 0.17507300348249719, "is_interregional": false, "is_manual_override": false, "is_eia930_calibrated": false, "is_density_fill": false }, "geometry": { "type": "LineString", "coordinates": [ [ -84.353115243404304, 31.431949835880818 ], [ -83.43767926686219, 31.111159315565558 ] ] } },
{ "type": "Feature", "properties": { "line_id": 301, "from_bus": 113, "to_bus": 130, "length_km": 94.027239275634855, "voltage_assumed_kv": 230.0, "thermal_mw": 500.0, "reactance_pu": 0.1752773990878215, "is_interregional": false, "is_manual_override": false, "is_eia930_calibrated": false, "is_density_fill": false }, "geometry": { "type": "LineString", "coordinates": [ [ -101.133555042432519, 31.8315431288617 ], [ -100.47214738479812, 31.201084928409113 ] ] } },
{ "type": "Feature", "properties": { "line_id": 302, "from_bus": 267, "to_bus": 359, "length_km": 94.326458332634758, "voltage_assumed_kv": 345.0, "thermal_mw": 541.79104477611941, "reactance_pu": 0.17583517722182276, "is_interregional": true, "is_manual_override": false, "is_eia930_calibrated": true, "is_density_fill": false }, "geometry": { "type": "LineString", "coordinates": [ [ -78.871627985209159, 42.626571762039021 ], [ -79.468791717414533, 41.905465510102736 ] ] } },
{ "type": "Feature", "properties": { "line_id": 303, "from_bus": 201, "to_bus": 219, "length_km": 94.52988616533716, "voltage_assumed_kv": 230.0, "thermal_mw": 500.0, "reactance_pu": 0.17621438968932515, "is_interregional": false, "is_manual_override": false, "is_eia930_calibrated": false, "is_density_fill": false }, "geometry": { "type": "LineString", "coordinates": [ [ -84.521552052076629, 42.402307361521693 ], [ -83.423056818647581, 42.144177493762449 ] ] } },
{ "type": "Feature", "properties": { "line_id": 304, "from_bus": 53, "to_bus": 165, "length_km": 94.558252121102967, "voltage_assumed_kv": 345.0, "thermal_mw": 660.52, "reactance_pu": 0.17626726703622561, "is_interregional": true, "is_manual_override": false, "is_eia930_calibrated": true, "is_density_fill": false }, "geometry": { "type": "LineString", "coordinates": [ [ -119.270711894658376, 34.385364855731261 ], [ -118.261849318928981, 34.19611805718521 ] ] } },
{ "type": "Feature", "properties": { "line_id": 305, "from_bus": 322, "to_bus": 360, "length_km": 95.193753554679944, "voltage_assumed_kv": 230.0, "thermal_mw": 500.0, "reactance_pu": 0.17745191352007508, "is_interregional": false, "is_manual_override": false, "is_eia930_calibrated": false, "is_density_fill": false }, "geometry": { "type": "LineString", "coordinates": [ [ -84.956209367101891, 37.082460157759996 ], [ -83.875879150879697, 37.116993966442273 ] ] } },
{ "type": "Feature", "properties": { "line_id": 306, "from_bus": 417, "to_bus": 474, "length_km": 95.306280998406734, "voltage_assumed_kv": 345.0, "thermal_mw": 201.64383561643837, "reactance_pu": 0.17766167739078298, "is_interregional": true, "is_manual_override": false, "is_eia930_calibrated": true, "is_density_fill": false }, "geometry": { "type": "LineString", "coordinates": [ [ -88.20640886433516, 32.69620741704658 ], [ -88.996917951690193, 33.240501103617547 ] ] } },
{ "type": "Feature", "properties": { "line_id": 307, "from_bus": 107, "to_bus": 443, "length_km": 95.353573813855846, "voltage_assumed_kv": 345.0, "thermal_mw": 148.57142857142858, "reactance_pu": 0.17774983654286827, "is_interregional": true, "is_manual_override": false, "is_eia930_calibrated": true, "is_density_fill": false }, "geometry": { "type": "LineString", "coordinates": [ [ -101.039212490176396, 33.646325763827775 ], [ -102.045339789487244, 33.851686862321579 ] ] } },
{ "type": "Feature", "properties": { "line_id": 308, "from_bus": 162, "to_bus": 360, "length_km": 95.56062842524571, "voltage_assumed_kv": 345.0, "thermal_mw": 273.68421052631504, "reactance_pu": 0.17813580973567003, "is_interregional": true, "is_manual_override": false, "is_eia930_calibrated": true, "is_density_fill": false }, "geometry": { "type": "LineString", "coordinates": [ [ -82.811466700959912, 36.95377324611497 ], [ -83.875879150879697, 37.116993966442273 ] ] } },
{ "type": "Feature", "properties": { "line_id": 309, "from_bus": 109, "to_bus": 114, "length_km": 95.587205423485528, "voltage_assumed_kv": 230.0, "thermal_mw": 500.0, "reactance_pu": 0.17818535226358989, "is_interregional": false, "is_manual_override": false, "is_eia930_calibrated": false, "is_density_fill": false }, "geometry": { "type": "LineString", "coordinates": [ [ -97.848298161934338, 30.263868400835634 ], [ -98.594350948276684, 30.8356095007852 ] ] } },
{ "type": "Feature", "properties": { "line_id": 310, "from_bus": 318, "to_bus": 319, "length_km": 95.826253597131384, "voltage_assumed_kv": 230.0, "thermal_mw": 500.0, "reactance_pu": 0.17863096507170939, "is_interregional": false, "is_manual_override": false, "is_eia930_calibrated": false, "is_density_fill": false }, "geometry": { "type": "LineString", "coordinates": [ [ -77.944025071654139, 36.766318610868019 ], [ -77.464462994755209, 37.534128746944894 ] ] } },
{ "type": "Feature", "properties": { "line_id": 311, "from_bus": 97, "to_bus": 108, "length_km": 96.003883531438802, "voltage_assumed_kv": 230.0, "thermal_mw": 500.0, "reactance_pu": 0.17896208734144101, "is_interregional": false, "is_manual_override": false, "is_eia930_calibrated": false, "is_density_fill": false }, "geometry": { "type": "LineString", "coordinates": [ [ -96.972708320566923, 28.647981730414539 ], [ -96.004270064967272, 28.7855753157179 ] ] } },
{ "type": "Feature", "properties": { "line_id": 312, "from_bus": 186, "to_bus": 213, "length_km": 96.36654434748921, "voltage_assumed_kv": 230.0, "thermal_mw": 500.0, "reactance_pu": 0.17963812808323112, "is_interregional": false, "is_manual_override": false, "is_eia930_calibrated": false, "is_density_fill": false }, "geometry": { "type": "LineString", "coordinates": [ [ -95.026591775705043, 43.227058442770684 ], [ -94.424805091959968, 43.973896634917551 ] ] } },
{ "type": "Feature", "properties": { "line_id": 313, "from_bus": 466, "to_bus": 476, "length_km": 96.665761040133361, "voltage_assumed_kv": 230.0, "thermal_mw": 500.0, "reactance_pu": 0.18019590180980613, "is_interregional": false, "is_manual_override": false, "is_eia930_calibrated": false, "is_density_fill": false }, "geometry": { "type": "LineString", "coordinates": [ [ -84.770694215688437, 35.746938294627206 ], [ -83.700368988930819, 35.857418242212361 ] ] } },
{ "type": "Feature", "properties": { "line_id": 314, "from_bus": 314, "to_bus": 354, "length_km": 97.565441185161603, "voltage_assumed_kv": 230.0, "thermal_mw": 500.0, "reactance_pu": 0.18187300726399516, "is_interregional": false, "is_manual_override": false, "is_eia930_calibrated": false, "is_density_fill": false }, "geometry": { "type": "LineString", "coordinates": [ [ -81.361600313774318, 39.399335033736328 ], [ -82.093555316470599, 40.070357919248906 ] ] } },
{ "type": "Feature", "properties": { "line_id": 315, "from_bus": 178, "to_bus": 234, "length_km": 97.62183110260743, "voltage_assumed_kv": 230.0, "thermal_mw": 500.0, "reactance_pu": 0.18197812444217484, "is_interregional": false, "is_manual_override": false, "is_eia930_calibrated": false, "is_density_fill": false }, "geometry": { "type": "LineString", "coordinates": [ [ -87.279530911159227, 39.140288268540473 ], [ -87.670114861527992, 39.959281343203529 ] ] } },
{ "type": "Feature", "properties": { "line_id": 316, "from_bus": 23, "to_bus": 26, "length_km": 98.209328496289672, "voltage_assumed_kv": 230.0, "thermal_mw": 500.0, "reactance_pu": 0.18307328597120401, "is_interregional": false, "is_manual_override": false, "is_eia930_calibrated": false, "is_density_fill": false }, "geometry": { "type": "LineString", "coordinates": [ [ -117.971319841818442, 46.166656904095966 ], [ -119.240407904531835, 46.186036354238638 ] ] } },
{ "type": "Feature", "properties": { "line_id": 317, "from_bus": 433, "to_bus": 446, "length_km": 98.428659980999086, "voltage_assumed_kv": 230.0, "thermal_mw": 500.0, "reactance_pu": 0.18348214464316018, "is_interregional": false, "is_manual_override": false, "is_eia930_calibrated": false, "is_density_fill": false }, "geometry": { "type": "LineString", "coordinates": [ [ -97.217759893098162, 35.337989849172942 ], [ -98.274147942009904, 35.119259226129074 ] ] } },
{ "type": "Feature", "properties": { "line_id": 318, "from_bus": 311, "to_bus": 323, "length_km": 98.531074189546317, "voltage_assumed_kv": 230.0, "thermal_mw": 500.0, "reactance_pu": 0.18367305630069775, "is_interregional": false, "is_manual_override": false, "is_eia930_calibrated": false, "is_density_fill": false }, "geometry": { "type": "LineString", "coordinates": [ [ -79.13406577157771, 39.094917279275478 ], [ -80.057363604601576, 39.622362656105807 ] ] } },
{ "type": "Feature", "properties": { "line_id": 319, "from_bus": 134, "to_bus": 139, "length_km": 98.822996586120496, "voltage_assumed_kv": 230.0, "thermal_mw": 500.0, "reactance_pu": 0.18421723263514281, "is_interregional": false, "is_manual_override": false, "is_eia930_calibrated": false, "is_density_fill": false }, "geometry": { "type": "LineString", "coordinates": [ [ -82.365721067038749, 27.401120755709751 ], [ -81.966591103248533, 26.579927755004384 ] ] } },
{ "type": "Feature", "properties": { "line_id": 320, "from_bus": 89, "to_bus": 104, "length_km": 98.913080275773822, "voltage_assumed_kv": 230.0, "thermal_mw": 500.0, "reactance_pu": 0.18438515881211356, "is_interregional": false, "is_manual_override": false, "is_eia930_calibrated": false, "is_density_fill": false }, "geometry": { "type": "LineString", "coordinates": [ [ -95.604532528917545, 33.660428068997021 ], [ -96.677589726405671, 33.626839495623933 ] ] } },
{ "type": "Feature", "properties": { "line_id": 321, "from_bus": 188, "to_bus": 234, "length_km": 99.373611386357652, "voltage_assumed_kv": 230.0, "thermal_mw": 500.0, "reactance_pu": 0.18524364084225733, "is_interregional": false, "is_manual_override": false, "is_eia930_calibrated": false, "is_density_fill": false }, "geometry": { "type": "LineString", "coordinates": [ [ -88.756604350653873, 40.299437129111034 ], [ -87.670114861527992, 39.959281343203529 ] ] } },
{ "type": "Feature", "properties": { "line_id": 322, "from_bus": 43, "to_bus": 246, "length_km": 99.582407870473062, "voltage_assumed_kv": 345.0, "thermal_mw": 395.83823529411774, "reactance_pu": 0.18563286108265117, "is_interregional": true, "is_manual_override": false, "is_eia930_calibrated": true, "is_density_fill": false }, "geometry": { "type": "LineString", "coordinates": [ [ -121.826807594179598, 39.080727828715482 ], [ -120.667894687326893, 39.022244917268161 ] ] } },
{ "type": "Feature", "properties": { "line_id": 323, "from_bus": 209, "to_bus": 230, "length_km": 99.963487653492606, "voltage_assumed_kv": 230.0, "thermal_mw": 500.0, "reactance_pu": 0.18634323686021506, "is_interregional": false, "is_manual_override": false, "is_eia930_calibrated": false, "is_density_fill": false }, "geometry": { "type": "LineString", "coordinates": [ [ -93.356639882292271, 30.247411175885677 ], [ -92.326642612962914, 30.37856721248459 ] ] } },
{ "type": "Feature", "properties": { "line_id": 324, "from_bus": 328, "to_bus": 338, "length_km": 100.45210526982088, "voltage_assumed_kv": 230.0, "thermal_mw": 500.0, "reactance_pu": 0.18725407531084162, "is_interregional": false, "is_manual_override": false, "is_eia930_calibrated": false, "is_density_fill": false }, "geometry": { "type": "LineString", "coordinates": [ [ -79.172863848968305, 37.053160294192352 ], [ -80.31292786150739, 37.075233892005222 ] ] } },
{ "type": "Feature", "properties": { "line_id": 325, "from_bus": 73, "to_bus": 421, "length_km": 100.78711346695519, "voltage_assumed_kv": 345.0, "thermal_mw": 195.0, "reactance_pu": 0.18787856844622627, "is_interregional": true, "is_manual_override": false, "is_eia930_calibrated": true, "is_density_fill": false }, "geometry": { "type": "LineString", "coordinates": [ [ -83.621400175302654, 30.218109076394143 ], [ -83.43767926686219, 31.111159315565558 ] ] } },
{ "type": "Feature", "properties": { "line_id": 326, "from_bus": 136, "to_bus": 140, "length_km": 101.32806186746885, "voltage_assumed_kv": 230.0, "thermal_mw": 500.0, "reactance_pu": 0.18888695739195294, "is_interregional": false, "is_manual_override": false, "is_eia930_calibrated": false, "is_density_fill": false }, "geometry": { "type": "LineString", "coordinates": [ [ -80.701005673543051, 28.299735936874153 ], [ -80.467854625094361, 27.40582770505431 ] ] } },
{ "type": "Feature", "properties": { "line_id": 327, "from_bus": 107, "to_bus": 119, "length_km": 101.60132843296209, "voltage_assumed_kv": 230.0, "thermal_mw": 500.0, "reactance_pu": 0.18939635714915423, "is_interregional": false, "is_manual_override": false, "is_eia930_calibrated": false, "is_density_fill": false }, "geometry": { "type": "LineString", "coordinates": [ [ -101.039212490176396, 33.646325763827775 ], [ -101.19371033794566, 32.745270136949209 ] ] } },
{ "type": "Feature", "properties": { "line_id": 328, "from_bus": 301, "to_bus": 331, "length_km": 101.82215416042723, "voltage_assumed_kv": 230.0, "thermal_mw": 500.0, "reactance_pu": 0.18980800125845651, "is_interregional": false, "is_manual_override": false, "is_eia930_calibrated": false, "is_density_fill": false }, "geometry": { "type": "LineString", "coordinates": [ [ -83.130776641307804, 40.539851062787157 ], [ -83.371934607205517, 41.431248719540584 ] ] } },
{ "type": "Feature", "properties": { "line_id": 329, "from_bus": 411, "to_bus": 429, "length_km": 101.83463803443371, "voltage_assumed_kv": 230.0, "thermal_mw": 500.0, "reactance_pu": 0.18983127261028232, "is_interregional": false, "is_manual_override": false, "is_eia930_calibrated": false, "is_density_fill": false }, "geometry": { "type": "LineString", "coordinates": [ [ -83.983595736874022, 32.853059739771091 ], [ -82.899097983301147, 32.981496718173602 ] ] } },
{ "type": "Feature", "properties": { "line_id": 330, "from_bus": 215, "to_bus": 222, "length_km": 101.87783234230841, "voltage_assumed_kv": 230.0, "thermal_mw": 500.0, "reactance_pu": 0.18991179168111758, "is_interregional": false, "is_manual_override": false, "is_eia930_calibrated": false, "is_density_fill": false }, "geometry": { "type": "LineString", "coordinates": [ [ -89.644627170733841, 40.592190511267162 ], [ -88.959098091888109, 41.344905525107166 ] ] } },
{ "type": "Feature", "properties": { "line_id": 331, "from_bus": 406, "to_bus": 412, "length_km": 102.09721500149712, "voltage_assumed_kv": 345.0, "thermal_mw": 3.8125, "reactance_pu": 0.1903207457480858, "is_interregional": true, "is_manual_override": false, "is_eia930_calibrated": true, "is_density_fill": false }, "geometry": { "type": "LineString", "coordinates": [ [ -82.455695698728434, 33.965697058517804 ], [ -82.033837022965869, 33.120561312533141 ] ] } },
{ "type": "Feature", "properties": { "line_id": 332, "from_bus": 240, "to_bus": 247, "length_km": 102.46927839932188, "voltage_assumed_kv": 230.0, "thermal_mw": 500.0, "reactance_pu": 0.1910143139647951, "is_interregional": false, "is_manual_override": false, "is_eia930_calibrated": false, "is_density_fill": false }, "geometry": { "type": "LineString", "coordinates": [ [ -119.48015024019773, 39.278924684910969 ], [ -118.349897124576117, 39.588971270091065 ] ] } },
{ "type": "Feature", "properties": { "line_id": 333, "from_bus": 333, "to_bus": 359, "length_km": 102.79326812963987, "voltage_assumed_kv": 230.0, "thermal_mw": 500.0, "reactance_pu": 0.19161826743294735, "is_interregional": false, "is_manual_override": false, "is_eia930_calibrated": false, "is_density_fill": false }, "geometry": { "type": "LineString", "coordinates": [ [ -80.271759273635496, 41.204899147512855 ], [ -79.468791717414533, 41.905465510102736 ] ] } },
{ "type": "Feature", "properties": { "line_id": 334, "from_bus": 378, "to_bus": 382, "length_km": 103.26111739863995, "voltage_assumed_kv": 230.0, "thermal_mw": 500.0, "reactance_pu": 0.1924903913373309, "is_interregional": false, "is_manual_override": false, "is_eia930_calibrated": false, "is_density_fill": false }, "geometry": { "type": "LineString", "coordinates": [ [ -108.207503193328634, 40.617682487234454 ], [ -106.990791412552127, 40.484051037801272 ] ] } },
{ "type": "Feature", "properties": { "line_id": 335, "from_bus": 112, "to_bus": 115, "length_km": 103.53872786354178, "voltage_assumed_kv": 230.0, "thermal_mw": 500.0, "reactance_pu": 0.19300788861389043, "is_interregional": false, "is_manual_override": false, "is_eia930_calibrated": false, "is_density_fill": false }, "geometry": { "type": "LineString", "coordinates": [ [ -102.813843440719253, 30.710937214435358 ], [ -103.150563435626324, 31.59613080635145 ] ] } },
{ "type": "Feature", "properties": { "line_id": 336, "from_bus": 268, "to_bus": 272, "length_km": 103.57449176725395, "voltage_assumed_kv": 230.0, "thermal_mw": 500.0, "reactance_pu": 0.19307455657173103, "is_interregional": false, "is_manual_override": false, "is_eia930_calibrated": false, "is_density_fill": false }, "geometry": { "type": "LineString", "coordinates": [ [ -73.783472696599517, 44.664257833554082 ], [ -75.069032305969628, 44.495797980055556 ] ] } },
{ "type": "Feature", "properties": { "line_id": 337, "from_bus": 181, "to_bus": 187, "length_km": 103.9106398094128, "voltage_assumed_kv": 230.0, "thermal_mw": 500.0, "reactance_pu": 0.19370117450704394, "is_interregional": false, "is_manual_override": false, "is_eia930_calibrated": false, "is_density_fill": false }, "geometry": { "type": "LineString", "coordinates": [ [ -87.991419198931837, 43.028395377594279 ], [ -89.271280233537922, 43.088285669450428 ] ] } },
{ "type": "Feature", "properties": { "line_id": 338, "from_bus": 325, "to_bus": 357, "length_km": 104.04441989158752, "voltage_assumed_kv": 230.0, "thermal_mw": 500.0, "reactance_pu": 0.19395055569736688, "is_interregional": false, "is_manual_override": false, "is_eia930_calibrated": false, "is_density_fill": false }, "geometry": { "type": "LineString", "coordinates": [ [ -82.99187211924874, 39.850736906236293 ], [ -84.218620553010268, 39.838221470458777 ] ] } },
{ "type": "Feature", "properties": { "line_id": 339, "from_bus": 98, "to_bus": 120, "length_km": 104.15852452037301, "voltage_assumed_kv": 230.0, "thermal_mw": 500.0, "reactance_pu": 0.19416325961924608, "is_interregional": false, "is_manual_override": false, "is_eia930_calibrated": false, "is_density_fill": false }, "geometry": { "type": "LineString", "coordinates": [ [ -98.173356027594593, 33.149665167167008 ], [ -98.825607639914239, 33.910923519678803 ] ] } },
{ "type": "Feature", "properties": { "line_id": 340, "from_bus": 223, "to_bus": 461, "length_km": 104.23455416920619, "voltage_assumed_kv": 345.0, "thermal_mw": 467.77777777777783, "reactance_pu": 0.19430498747602146, "is_interregional": true, "is_manual_override": false, "is_eia930_calibrated": true, "is_density_fill": false }, "geometry": { "type": "LineString", "coordinates": [ [ -91.722162251580812, 35.776498711937826 ], [ -92.877779731918253, 35.88911205235712 ] ] } },
{ "type": "Feature", "properties": { "line_id": 341, "from_bus": 86, "to_bus": 97, "length_km": 105.25282607118831, "voltage_assumed_kv": 230.0, "thermal_mw": 500.0, "reactance_pu": 0.19620316136604105, "is_interregional": false, "is_manual_override": false, "is_eia930_calibrated": false, "is_density_fill": false }, "geometry": { "type": "LineString", "coordinates": [ [ -97.531644183077219, 27.835920332657132 ], [ -96.972708320566923, 28.647981730414539 ] ] } },
{ "type": "Feature", "properties": { "line_id": 342, "from_bus": 7, "to_bus": 397, "length_km": 105.54772352154322, "voltage_assumed_kv": 345.0, "thermal_mw": 1323.651515151515, "reactance_pu": 0.19675288353691453, "is_interregional": true, "is_manual_override": false, "is_eia930_calibrated": true, "is_density_fill": false }, "geometry": { "type": "LineString", "coordinates": [ [ -111.300920467034643, 32.945850176599457 ], [ -110.810022446716673, 33.799288417199385 ] ] } },
{ "type": "Feature", "properties": { "line_id": 343, "from_bus": 43, "to_bus": 47, "length_km": 105.67553873331616, "voltage_assumed_kv": 230.0, "thermal_mw": 500.0, "reactance_pu": 0.19699114553477817, "is_interregional": false, "is_manual_override": false, "is_eia930_calibrated": false, "is_density_fill": false }, "geometry": { "type": "LineString", "coordinates": [ [ -121.826807594179598, 39.080727828715482 ], [ -122.866566431829412, 38.578311313916949 ] ] } },
{ "type": "Feature", "properties": { "line_id": 344, "from_bus": 240, "to_bus": 246, "length_km": 105.68988136043768, "voltage_assumed_kv": 230.0, "thermal_mw": 500.0, "reactance_pu": 0.19701788181244956, "is_interregional": false, "is_manual_override": false, "is_eia930_calibrated": false, "is_density_fill": false }, "geometry": { "type": "LineString", "coordinates": [ [ -119.48015024019773, 39.278924684910969 ], [ -120.667894687326893, 39.022244917268161 ] ] } },
{ "type": "Feature", "properties": { "line_id": 345, "from_bus": 375, "to_bus": 430, "length_km": 105.88914506805017, "voltage_assumed_kv": 345.0, "thermal_mw": 1200.0, "reactance_pu": 0.19738933188023819, "is_interregional": true, "is_manual_override": false, "is_eia930_calibrated": false, "is_density_fill": false }, "geometry": { "type": "LineString", "coordinates": [ [ -86.589117164173473, 31.444449421251573 ], [ -87.055100602089283, 30.57987283688697 ] ] } },
{ "type": "Feature", "properties": { "line_id": 346, "from_bus": 307, "to_bus": 314, "length_km": 106.05053003431519, "voltage_assumed_kv": 230.0, "thermal_mw": 500.0, "reactance_pu": 0.19769017169385741, "is_interregional": false, "is_manual_override": false, "is_eia930_calibrated": false, "is_density_fill": false }, "geometry": { "type": "LineString", "coordinates": [ [ -82.350637926225588, 38.830254513907811 ], [ -81.361600313774318, 39.399335033736328 ] ] } },
{ "type": "Feature", "properties": { "line_id": 347, "from_bus": 191, "to_bus": 207, "length_km": 106.49433745504236, "voltage_assumed_kv": 230.0, "thermal_mw": 500.0, "reactance_pu": 0.19851747887633139, "is_interregional": false, "is_manual_override": false, "is_eia930_calibrated": false, "is_density_fill": false }, "geometry": { "type": "LineString", "coordinates": [ [ -91.16960683499596, 30.320606892704948 ], [ -90.22335982715849, 29.824000143084998 ] ] } },
{ "type": "Feature", "properties": { "line_id": 348, "from_bus": 150, "to_bus": 229, "length_km": 106.68392451055193, "voltage_assumed_kv": 345.0, "thermal_mw": 1200.0, "reactance_pu": 0.19887089057113852, "is_interregional": true, "is_manual_override": false, "is_eia930_calibrated": false, "is_density_fill": false }, "geometry": { "type": "LineString", "coordinates": [ [ -89.119958090688812, 37.280901920775307 ], [ -89.560921161843197, 38.168657262635925 ] ] } },
{ "type": "Feature", "properties": { "line_id": 349, "from_bus": 197, "to_bus": 439, "length_km": 106.77895567292705, "voltage_assumed_kv": 345.0, "thermal_mw": 177.41379310344828, "reactance_pu": 0.19904803939632704, "is_interregional": true, "is_manual_override": false, "is_eia930_calibrated": true, "is_density_fill": false }, "geometry": { "type": "LineString", "coordinates": [ [ -95.176493628093553, 41.384287714752148 ], [ -96.369421551251634, 41.032452627740291 ] ] } },
{ "type": "Feature", "properties": { "line_id": 350, "from_bus": 39, "to_bus": 42, "length_km": 107.60127746494142, "voltage_assumed_kv": 230.0, "thermal_mw": 500.0, "reactance_pu": 0.20058094013900432, "is_interregional": false, "is_manual_override": false, "is_eia930_calibrated": false, "is_density_fill": false }, "geometry": { "type": "LineString", "coordinates": [ [ -116.769898248033215, 33.028193147673164 ], [ -115.993934989631413, 33.746624180337015 ] ] } },
{ "type": "Feature", "properties": { "line_id": 351, "from_bus": 200, "to_bus": 211, "length_km": 107.60544378310762, "voltage_assumed_kv": 230.0, "thermal_mw": 500.0, "reactance_pu": 0.20058870662686007, "is_interregional": false, "is_manual_override": false, "is_eia930_calibrated": false, "is_density_fill": false }, "geometry": { "type": "LineString", "coordinates": [ [ -89.754123109273095, 38.722532978059853 ], [ -89.185144867184277, 39.578592521808119 ] ] } },
{ "type": "Feature", "properties": { "line_id": 352, "from_bus": 137, "to_bus": 146, "length_km": 107.62105259392159, "voltage_assumed_kv": 230.0, "thermal_mw": 500.0, "reactance_pu": 0.20061780321401296, "is_interregional": false, "is_manual_override": false, "is_eia930_calibrated": false, "is_density_fill": false }, "geometry": { "type": "LineString", "coordinates": [ [ -80.505624566411683, 25.61052162820684 ], [ -81.366202252322552, 25.040020508969668 ] ] } },
{ "type": "Feature", "properties": { "line_id": 353, "from_bus": 164, "to_bus": 471, "length_km": 108.96193677136411, "voltage_assumed_kv": 345.0, "thermal_mw": 290.0, "reactance_pu": 0.20311736284067788, "is_interregional": true, "is_manual_override": false, "is_eia930_calibrated": true, "is_density_fill": false }, "geometry": { "type": "LineString", "coordinates": [ [ -87.352635413152043, 37.230342203259937 ], [ -87.910192418582042, 36.362973941882558 ] ] } },
{ "type": "Feature", "properties": { "line_id": 354, "from_bus": 24, "to_bus": 242, "length_km": 109.50792863663614, "voltage_assumed_kv": 345.0, "thermal_mw": 52.666666666666707, "reactance_pu": 0.20413515337462571, "is_interregional": true, "is_manual_override": false, "is_eia930_calibrated": true, "is_density_fill": false }, "geometry": { "type": "LineString", "coordinates": [ [ -118.72621721290183, 41.340603906168724 ], [ -119.664576952484182, 40.656898460626898 ] ] } },
{ "type": "Feature", "properties": { "line_id": 355, "from_bus": 409, "to_bus": 423, "length_km": 109.84186647498613, "voltage_assumed_kv": 230.0, "thermal_mw": 500.0, "reactance_pu": 0.2047576512402858, "is_interregional": false, "is_manual_override": false, "is_eia930_calibrated": false, "is_density_fill": false }, "geometry": { "type": "LineString", "coordinates": [ [ -82.348166173618495, 31.770578431144724 ], [ -81.330641864828706, 32.254867959452469 ] ] } },
{ "type": "Feature", "properties": { "line_id": 356, "from_bus": 75, "to_bus": 366, "length_km": 110.19114264402202, "voltage_assumed_kv": 345.0, "thermal_mw": 338.34375, "reactance_pu": 0.20540874148757582, "is_interregional": true, "is_manual_override": false, "is_eia930_calibrated": true, "is_density_fill": false }, "geometry": { "type": "LineString", "coordinates": [ [ -78.02747675476283, 35.267675070803939 ], [ -77.363892100895811, 36.095920830278551 ] ] } },
{ "type": "Feature", "properties": { "line_id": 357, "from_bus": 402, "to_bus": 404, "length_km": 111.04009971753358, "voltage_assumed_kv": 345.0, "thermal_mw": 1227.7777777777778, "reactance_pu": 0.20699129340475067, "is_interregional": true, "is_manual_override": false, "is_eia930_calibrated": true, "is_density_fill": false }, "geometry": { "type": "LineString", "coordinates": [ [ -80.609567303255858, 32.633799957585239 ], [ -79.712073915898529, 33.290850546464327 ] ] } },
{ "type": "Feature", "properties": { "line_id": 358, "from_bus": 467, "to_bus": 478, "length_km": 111.1609894492871, "voltage_assumed_kv": 230.0, "thermal_mw": 500.0, "reactance_pu": 0.20721664552527894, "is_interregional": false, "is_manual_override": false, "is_eia930_calibrated": false, "is_density_fill": false }, "geometry": { "type": "LineString", "coordinates": [ [ -86.567039261767476, 36.17219460741223 ], [ -86.896721840243671, 37.129604842912109 ] ] } },
{ "type": "Feature", "properties": { "line_id": 359, "from_bus": 408, "to_bus": 430, "length_km": 111.40083433138078, "voltage_assumed_kv": 230.0, "thermal_mw": 500.0, "reactance_pu": 0.20766374348797326, "is_interregional": false, "is_manual_override": false, "is_eia930_calibrated": false, "is_density_fill": false }, "geometry": { "type": "LineString", "coordinates": [ [ -88.210925812363897, 30.704730969215046 ], [ -87.055100602089283, 30.57987283688697 ] ] } },
{ "type": "Feature", "properties": { "line_id": 360, "from_bus": 40, "to_bus": 55, "length_km": 111.6574188242777, "voltage_assumed_kv": 230.0, "thermal_mw": 500.0, "reactance_pu": 0.20814204597678079, "is_interregional": false, "is_manual_override": false, "is_eia930_calibrated": false, "is_density_fill": false }, "geometry": { "type": "LineString", "coordinates": [ [ -118.72904085708133, 35.343534554470708 ], [ -118.400970970181447, 36.305639736343565 ] ] } },
{ "type": "Feature", "properties": { "line_id": 361, "from_bus": 377, "to_bus": 486, "length_km": 112.14429619972439, "voltage_assumed_kv": 345.0, "thermal_mw": 39.702020202020186, "reactance_pu": 0.20904964042175686, "is_interregional": true, "is_manual_override": false, "is_eia930_calibrated": true, "is_density_fill": false }, "geometry": { "type": "LineString", "coordinates": [ [ -105.097273398695123, 39.634060976912984 ], [ -104.447222304048481, 38.765209101652573 ] ] } },
{ "type": "Feature", "properties": { "line_id": 362, "from_bus": 468, "to_bus": 472, "length_km": 112.29815060245193, "voltage_assumed_kv": 230.0, "thermal_mw": 500.0, "reactance_pu": 0.20933644241398844, "is_interregional": false, "is_manual_override": false, "is_eia930_calibrated": false, "is_density_fill": false }, "geometry": { "type": "LineString", "coordinates": [ [ -87.776147428054173, 34.872460810558664 ], [ -88.991943648372555, 34.686975767128494 ] ] } },
{ "type": "Feature", "properties": { "line_id": 363, "from_bus": 74, "to_bus": 404, "length_km": 112.35752308030395, "voltage_assumed_kv": 345.0, "thermal_mw": 224.09375, "reactance_pu": 0.20944711942179461, "is_interregional": true, "is_manual_override": false, "is_eia930_calibrated": true, "is_density_fill": false }, "geometry": { "type": "LineString", "coordinates": [ [ -79.821652696957813, 34.292444596251926 ], [ -79.712073915898529, 33.290850546464327 ] ] } },
{ "type": "Feature", "properties": { "line_id": 364, "from_bus": 199, "to_bus": 230, "length_km": 112.39328686924893, "voltage_assumed_kv": 230.0, "thermal_mw": 500.0, "reactance_pu": 0.20951378716569624, "is_interregional": false, "is_manual_override": false, "is_eia930_calibrated": false, "is_density_fill": false }, "geometry": { "type": "LineString", "coordinates": [ [ -92.695506477287367, 31.338722421342869 ], [ -92.326642612962914, 30.37856721248459 ] ] } },
{ "type": "Feature", "properties": { "line_id": 365, "from_bus": 89, "to_bus": 456, "length_km": 112.43941435248941, "voltage_assumed_kv": 345.0, "thermal_mw": 148.57142857142858, "reactance_pu": 0.20959977400686208, "is_interregional": true, "is_manual_override": false, "is_eia930_calibrated": true, "is_density_fill": false }, "geometry": { "type": "LineString", "coordinates": [ [ -95.604532528917545, 33.660428068997021 ], [ -95.574041808226681, 34.666020137965646 ] ] } },
{ "type": "Feature", "properties": { "line_id": 366, "from_bus": 170, "to_bus": 221, "length_km": 112.54051545935816, "voltage_assumed_kv": 230.0, "thermal_mw": 500.0, "reactance_pu": 0.20978823789449053, "is_interregional": false, "is_manual_override": false, "is_eia930_calibrated": false, "is_density_fill": false }, "geometry": { "type": "LineString", "coordinates": [ [ -93.026877889718861, 44.549756220629988 ], [ -92.108258188229001, 43.783195542377968 ] ] } },
{ "type": "Feature", "properties": { "line_id": 367, "from_bus": 171, "to_bus": 217, "length_km": 112.71595468006358, "voltage_assumed_kv": 230.0, "thermal_mw": 500.0, "reactance_pu": 0.21011527642651737, "is_interregional": false, "is_manual_override": false, "is_eia930_calibrated": false, "is_density_fill": false }, "geometry": { "type": "LineString", "coordinates": [ [ -90.944918004737232, 38.295593699110135 ], [ -92.096713643318608, 38.768732551657294 ] ] } },
{ "type": "Feature", "properties": { "line_id": 368, "from_bus": 186, "to_bus": 214, "length_km": 112.96794730294381, "voltage_assumed_kv": 230.0, "thermal_mw": 500.0, "reactance_pu": 0.21058501915073252, "is_interregional": false, "is_manual_override": false, "is_eia930_calibrated": false, "is_density_fill": false }, "geometry": { "type": "LineString", "coordinates": [ [ -95.026591775705043, 43.227058442770684 ], [ -95.868403414910347, 42.422681993201735 ] ] } },
{ "type": "Feature", "properties": { "line_id": 369, "from_bus": 21, "to_bus": 32, "length_km": 113.26900791917268, "voltage_assumed_kv": 345.0, "thermal_mw": 2958.75, "reactance_pu": 0.21114623015923273, "is_interregional": true, "is_manual_override": false, "is_eia930_calibrated": true, "is_density_fill": false }, "geometry": { "type": "LineString", "coordinates": [ [ -119.717297628240388, 48.538900803618354 ], [ -118.200555061582847, 48.589028046375638 ] ] } },
{ "type": "Feature", "properties": { "line_id": 370, "from_bus": 264, "to_bus": 266, "length_km": 113.97942517602415, "voltage_assumed_kv": 230.0, "thermal_mw": 500.0, "reactance_pu": 0.2124705282031539, "is_interregional": false, "is_manual_override": false, "is_eia930_calibrated": false, "is_density_fill": false }, "geometry": { "type": "LineString", "coordinates": [ [ -77.441597742656413, 43.240397118981456 ], [ -76.04933853536582, 43.411678151513726 ] ] } },
{ "type": "Feature", "properties": { "line_id": 371, "from_bus": 73, "to_bus": 144, "length_km": 114.58901430440167, "voltage_assumed_kv": 345.0, "thermal_mw": 364.87804878048775, "reactance_pu": 0.21360687122202113, "is_interregional": true, "is_manual_override": false, "is_eia930_calibrated": true, "is_density_fill": false }, "geometry": { "type": "LineString", "coordinates": [ [ -83.621400175302654, 30.218109076394143 ], [ -82.441603218786994, 30.076666550347898 ] ] } },
{ "type": "Feature", "properties": { "line_id": 372, "from_bus": 182, "to_bus": 465, "length_km": 114.59873012515884, "voltage_assumed_kv": 345.0, "thermal_mw": 267.1219512195122, "reactance_pu": 0.2136249826098002, "is_interregional": true, "is_manual_override": false, "is_eia930_calibrated": true, "is_density_fill": false }, "geometry": { "type": "LineString", "coordinates": [ [ -90.69823095496433, 33.565076603362101 ], [ -89.864099736666432, 34.32833975956941 ] ] } },
{ "type": "Feature", "properties": { "line_id": 373, "from_bus": 192, "to_bus": 218, "length_km": 114.60367468791976, "voltage_assumed_kv": 230.0, "thermal_mw": 500.0, "reactance_pu": 0.21363419983352216, "is_interregional": false, "is_manual_override": false, "is_eia930_calibrated": false, "is_density_fill": false }, "geometry": { "type": "LineString", "coordinates": [ [ -88.434827501806197, 44.245337227767308 ], [ -87.038593990335514, 44.003099590747375 ] ] } },
{ "type": "Feature", "properties": { "line_id": 374, "from_bus": 172, "to_bus": 201, "length_km": 114.9045555531235, "voltage_assumed_kv": 230.0, "thermal_mw": 500.0, "reactance_pu": 0.21419507576579971, "is_interregional": false, "is_manual_override": false, "is_eia930_calibrated": false, "is_density_fill": false }, "geometry": { "type": "LineString", "coordinates": [ [ -85.750132434762023, 42.90672566052983 ], [ -84.521552052076629, 42.402307361521693 ] ] } },
{ "type": "Feature", "properties": { "line_id": 375, "from_bus": 377, "to_bus": 384, "length_km": 115.58463797873502, "voltage_assumed_kv": 230.0, "thermal_mw": 500.0, "reactance_pu": 0.21546282625645369, "is_interregional": false, "is_manual_override": false, "is_eia930_calibrated": false, "is_density_fill": false }, "geometry": { "type": "LineString", "coordinates": [ [ -105.097273398695123, 39.634060976912984 ], [ -106.393827170823528, 39.331735630410385 ] ] } },
{ "type": "Feature", "properties": { "line_id": 376, "from_bus": 173, "to_bus": 415, "length_km": 115.9523570575779, "voltage_assumed_kv": 345.0, "thermal_mw": 443.75, "reactance_pu": 0.21614829617167272, "is_interregional": true, "is_manual_override": false, "is_eia930_calibrated": true, "is_density_fill": false }, "geometry": { "type": "LineString", "coordinates": [ [ -90.112922570573076, 30.657677590722507 ], [ -89.479578939614953, 31.548491835006296 ] ] } },
{ "type": "Feature", "properties": { "line_id": 377, "from_bus": 9, "to_bus": 36, "length_km": 116.18191026056884, "voltage_assumed_kv": 345.0, "thermal_mw": 98.303030303030297, "reactance_pu": 0.21657620928155977, "is_interregional": true, "is_manual_override": false, "is_eia930_calibrated": true, "is_density_fill": false }, "geometry": { "type": "LineString", "coordinates": [ [ -116.000135147637721, 33.812895769110021 ], [ -116.176624341340172, 34.84202996354221 ] ] } },
{ "type": "Feature", "properties": { "line_id": 378, "from_bus": 305, "to_bus": 338, "length_km": 117.30963989486006, "voltage_assumed_kv": 230.0, "thermal_mw": 500.0, "reactance_pu": 0.21867842475332724, "is_interregional": false, "is_manual_override": false, "is_eia930_calibrated": false, "is_density_fill": false }, "geometry": { "type": "LineString", "coordinates": [ [ -79.75576657017163, 38.02729161465642 ], [ -80.31292786150739, 37.075233892005222 ] ] } },
{ "type": "Feature", "properties": { "line_id": 379, "from_bus": 11, "to_bus": 396, "length_km": 117.45781773629959, "voltage_assumed_kv": 345.0, "thermal_mw": 5.0, "reactance_pu": 0.2189546449938666, "is_interregional": true, "is_manual_override": false, "is_eia930_calibrated": true, "is_density_fill": false }, "geometry": { "type": "LineString", "coordinates": [ [ -112.493316032347963, 33.348534439488454 ], [ -111.344678333579438, 32.904750713230541 ] ] } },
{ "type": "Feature", "properties": { "line_id": 380, "from_bus": 416, "to_bus": 463, "length_km": 117.70843098532201, "voltage_assumed_kv": 345.0, "thermal_mw": 17.916666666666668, "reactance_pu": 0.21942181640934158, "is_interregional": true, "is_manual_override": false, "is_eia930_calibrated": true, "is_density_fill": false }, "geometry": { "type": "LineString", "coordinates": [ [ -85.640022883119258, 30.362675207084777 ], [ -84.413372865275264, 30.377562785902285 ] ] } },
{ "type": "Feature", "properties": { "line_id": 381, "from_bus": 40, "to_bus": 53, "length_km": 117.9063906668483, "voltage_assumed_kv": 230.0, "thermal_mw": 500.0, "reactance_pu": 0.21979083562515053, "is_interregional": false, "is_manual_override": false, "is_eia930_calibrated": false, "is_density_fill": false }, "geometry": { "type": "LineString", "coordinates": [ [ -118.72904085708133, 35.343534554470708 ], [ -119.270711894658376, 34.385364855731261 ] ] } },
{ "type": "Feature", "properties": { "line_id": 382, "from_bus": 39, "to_bus": 50, "length_km": 117.93487512655165, "voltage_assumed_kv": 230.0, "thermal_mw": 500.0, "reactance_pu": 0.21984393387678156, "is_interregional": false, "is_manual_override": false, "is_eia930_calibrated": false, "is_density_fill": false }, "geometry": { "type": "LineString", "coordinates": [ [ -116.769898248033215, 33.028193147673164 ], [ -117.776560123603716, 33.676895998992023 ] ] } },
{ "type": "Feature", "properties": { "line_id": 383, "from_bus": 175, "to_bus": 235, "length_km": 118.40145447186983, "voltage_assumed_kv": 230.0, "thermal_mw": 500.0, "reactance_pu": 0.22071369049992065, "is_interregional": false, "is_manual_override": false, "is_eia930_calibrated": false, "is_density_fill": false }, "geometry": { "type": "LineString", "coordinates": [ [ -90.680450930090615, 41.48234611647586 ], [ -91.797689997357566, 40.82805849932403 ] ] } },
{ "type": "Feature", "properties": { "line_id": 384, "from_bus": 48, "to_bus": 49, "length_km": 118.40773102010759, "voltage_assumed_kv": 230.0, "thermal_mw": 500.0, "reactance_pu": 0.22072539069508582, "is_interregional": false, "is_manual_override": false, "is_eia930_calibrated": false, "is_density_fill": false }, "geometry": { "type": "LineString", "coordinates": [ [ -121.801351480373611, 37.247778943350497 ], [ -121.285845788697998, 36.272383631500368 ] ] } },
{ "type": "Feature", "properties": { "line_id": 385, "from_bus": 175, "to_bus": 225, "length_km": 118.44537944307183, "voltage_assumed_kv": 230.0, "thermal_mw": 500.0, "reactance_pu": 0.22079557160976296, "is_interregional": false, "is_manual_override": false, "is_eia930_calibrated": false, "is_density_fill": false }, "geometry": { "type": "LineString", "coordinates": [ [ -90.680450930090615, 41.48234611647586 ], [ -91.6978350606269, 42.229930012999375 ] ] } },
{ "type": "Feature", "properties": { "line_id": 386, "from_bus": 203, "to_bus": 221, "length_km": 118.69035226745855, "voltage_assumed_kv": 230.0, "thermal_mw": 500.0, "reactance_pu": 0.22125222863634894, "is_interregional": false, "is_manual_override": false, "is_eia930_calibrated": false, "is_density_fill": false }, "geometry": { "type": "LineString", "coordinates": [ [ -93.304076240505225, 43.161677467477134 ], [ -92.108258188229001, 43.783195542377968 ] ] } },
{ "type": "Feature", "properties": { "line_id": 387, "from_bus": 433, "to_bus": 455, "length_km": 119.77397602518282, "voltage_assumed_kv": 230.0, "thermal_mw": 500.0, "reactance_pu": 0.22327222577023162, "is_interregional": false, "is_manual_override": false, "is_eia930_calibrated": false, "is_density_fill": false }, "geometry": { "type": "LineString", "coordinates": [ [ -97.217759893098162, 35.337989849172942 ], [ -97.211505156343847, 36.407666979439703 ] ] } },
{ "type": "Feature", "properties": { "line_id": 388, "from_bus": 44, "to_bus": 54, "length_km": 119.90468289548043, "voltage_assumed_kv": 230.0, "thermal_mw": 500.0, "reactance_pu": 0.22351587814634269, "is_interregional": false, "is_manual_override": false, "is_eia930_calibrated": false, "is_density_fill": false }, "geometry": { "type": "LineString", "coordinates": [ [ -122.005823421526046, 40.723628307127676 ], [ -121.373466614671017, 39.765030230975803 ] ] } },
{ "type": "Feature", "properties": { "line_id": 389, "from_bus": 382, "to_bus": 490, "length_km": 120.37634252364583, "voltage_assumed_kv": 345.0, "thermal_mw": 39.702020202020186, "reactance_pu": 0.224395104990781, "is_interregional": true, "is_manual_override": false, "is_eia930_calibrated": true, "is_density_fill": false }, "geometry": { "type": "LineString", "coordinates": [ [ -106.990791412552127, 40.484051037801272 ], [ -105.559979382382295, 40.539803486430223 ] ] } },
{ "type": "Feature", "properties": { "line_id": 390, "from_bus": 174, "to_bus": 212, "length_km": 121.04641620881301, "voltage_assumed_kv": 230.0, "thermal_mw": 500.0, "reactance_pu": 0.22564419805825903, "is_interregional": false, "is_manual_override": false, "is_eia930_calibrated": false, "is_density_fill": false }, "geometry": { "type": "LineString", "coordinates": [ [ -92.983704682000948, 34.379715122661047 ], [ -92.962257534601036, 35.461553824536608 ] ] } },
{ "type": "Feature", "properties": { "line_id": 391, "from_bus": 20, "to_bus": 28, "length_km": 121.0996272083826, "voltage_assumed_kv": 230.0, "thermal_mw": 500.0, "reactance_pu": 0.22574338937429969, "is_interregional": false, "is_manual_override": false, "is_eia930_calibrated": false, "is_density_fill": false }, "geometry": { "type": "LineString", "coordinates": [ [ -122.33370870524918, 46.718658150033733 ], [ -123.678320475209233, 47.298234071342101 ] ] } },
{ "type": "Feature", "properties": { "line_id": 392, "from_bus": 440, "to_bus": 452, "length_km": 121.47294351263089, "voltage_assumed_kv": 230.0, "thermal_mw": 500.0, "reactance_pu": 0.22643929315016087, "is_interregional": false, "is_manual_override": false, "is_eia930_calibrated": false, "is_density_fill": false }, "geometry": { "type": "LineString", "coordinates": [ [ -95.653459397101102, 36.134323230575916 ], [ -94.303418934301121, 35.997681887663624 ] ] } },
{ "type": "Feature", "properties": { "line_id": 393, "from_bus": 18, "to_bus": 293, "length_km": 121.70037448244334, "voltage_assumed_kv": 345.0, "thermal_mw": 90.166666666666671, "reactance_pu": 0.22686325017759087, "is_interregional": true, "is_manual_override": false, "is_eia930_calibrated": true, "is_density_fill": false }, "geometry": { "type": "LineString", "coordinates": [ [ -120.190278330296039, 45.387294199531134 ], [ -120.796044723306196, 44.38170142533027 ] ] } },
{ "type": "Feature", "properties": { "line_id": 394, "from_bus": 375, "to_bus": 420, "length_km": 122.06766476943949, "voltage_assumed_kv": 345.0, "thermal_mw": 1200.0, "reactance_pu": 0.22754792077635416, "is_interregional": true, "is_manual_override": false, "is_eia930_calibrated": false, "is_density_fill": false }, "geometry": { "type": "LineString", "coordinates": [ [ -86.589117164173473, 31.444449421251573 ], [ -86.570485861883199, 32.539946628047453 ] ] } },
{ "type": "Feature", "properties": { "line_id": 395, "from_bus": 92, "to_bus": 113, "length_km": 122.11226014792508, "voltage_assumed_kv": 230.0, "thermal_mw": 500.0, "reactance_pu": 0.22763105160112906, "is_interregional": false, "is_manual_override": false, "is_eia930_calibrated": false, "is_density_fill": false }, "geometry": { "type": "LineString", "coordinates": [ [ -102.429319111624849, 31.830970948762769 ], [ -101.133555042432519, 31.8315431288617 ] ] } },
{ "type": "Feature", "properties": { "line_id": 396, "from_bus": 187, "to_bus": 306, "length_km": 122.36427289085567, "voltage_assumed_kv": 345.0, "thermal_mw": 741.52282157676291, "reactance_pu": 0.22810083183139165, "is_interregional": true, "is_manual_override": false, "is_eia930_calibrated": true, "is_density_fill": false }, "geometry": { "type": "LineString", "coordinates": [ [ -89.271280233537922, 43.088285669450428 ], [ -89.318917055108798, 41.994180495769641 ] ] } },
{ "type": "Feature", "properties": { "line_id": 397, "from_bus": 38, "to_bus": 483, "length_km": 122.45403536098377, "voltage_assumed_kv": 345.0, "thermal_mw": 110.58823529411765, "reactance_pu": 0.22826815921886953, "is_interregional": true, "is_manual_override": false, "is_eia930_calibrated": true, "is_density_fill": false }, "geometry": { "type": "LineString", "coordinates": [ [ -119.677893540061007, 36.743535643355322 ], [ -120.656636053263128, 37.520305873772045 ] ] } },
{ "type": "Feature", "properties": { "line_id": 398, "from_bus": 156, "to_bus": 158, "length_km": 122.80814461946109, "voltage_assumed_kv": 230.0, "thermal_mw": 500.0, "reactance_pu": 0.22892825889101748, "is_interregional": false, "is_manual_override": false, "is_eia930_calibrated": false, "is_density_fill": false }, "geometry": { "type": "LineString", "coordinates": [ [ -116.138476253869356, 43.419085269372523 ], [ -116.844977849333745, 44.396549806467277 ] ] } },
{ "type": "Feature", "properties": { "line_id": 399, "from_bus": 173, "to_bus": 424, "length_km": 123.03297173054803, "voltage_assumed_kv": 345.0, "thermal_mw": 443.75, "reactance_pu": 0.2293473620315471, "is_interregional": true, "is_manual_override": false, "is_eia930_calibrated": true, "is_density_fill": false }, "geometry": { "type": "LineString", "coordinates": [ [ -90.112922570573076, 30.657677590722507 ], [ -88.846314338021145, 30.469541108881746 ] ] } },
{ "type": "Feature", "properties": { "line_id": 400, "from_bus": 426, "to_bus": 473, "length_km": 123.1619211421516, "voltage_assumed_kv": 345.0, "thermal_mw": 201.64383561643837, "reactance_pu": 0.22958773830605966, "is_interregional": true, "is_manual_override": false, "is_eia930_calibrated": true, "is_density_fill": false }, "geometry": { "type": "LineString", "coordinates": [ [ -86.014568721714937, 33.807529366184149 ], [ -86.846091502856751, 34.674420310244642 ] ] } },
{ "type": "Feature", "properties": { "line_id": 401, "from_bus": 38, "to_bus": 55, "length_km": 123.45261155406028, "voltage_assumed_kv": 230.0, "thermal_mw": 500.0, "reactance_pu": 0.23012961808187396, "is_interregional": false, "is_manual_override": false, "is_eia930_calibrated": false, "is_density_fill": false }, "geometry": { "type": "LineString", "coordinates": [ [ -119.677893540061007, 36.743535643355322 ], [ -118.400970970181447, 36.305639736343565 ] ] } },
{ "type": "Feature", "properties": { "line_id": 402, "from_bus": 41, "to_bus": 49, "length_km": 124.12173454693581, "voltage_assumed_kv": 230.0, "thermal_mw": 500.0, "reactance_pu": 0.23137693895149214, "is_interregional": false, "is_manual_override": false, "is_eia930_calibrated": false, "is_density_fill": false }, "geometry": { "type": "LineString", "coordinates": [ [ -120.450712502951802, 35.387578401847684 ], [ -121.285845788697998, 36.272383631500368 ] ] } },
{ "type": "Feature", "properties": { "line_id": 403, "from_bus": 432, "to_bus": 448, "length_km": 124.86490030700107, "voltage_assumed_kv": 230.0, "thermal_mw": 500.0, "reactance_pu": 0.23276228390598466, "is_interregional": false, "is_manual_override": false, "is_eia930_calibrated": false, "is_density_fill": false }, "geometry": { "type": "LineString", "coordinates": [ [ -94.563875796131214, 38.997482323554813 ], [ -95.503001647685764, 38.150045040642873 ] ] } },
{ "type": "Feature", "properties": { "line_id": 404, "from_bus": 5, "to_bus": 239, "length_km": 125.02096572060734, "voltage_assumed_kv": 345.0, "thermal_mw": 1200.0, "reactance_pu": 0.23305320747233849, "is_interregional": true, "is_manual_override": false, "is_eia930_calibrated": false, "is_density_fill": false }, "geometry": { "type": "LineString", "coordinates": [ [ -113.770575741046443, 35.701944606543741 ], [ -115.013564285276942, 36.213810017326274 ] ] } },
{ "type": "Feature", "properties": { "line_id": 405, "from_bus": 221, "to_bus": 236, "length_km": 125.52103254710686, "voltage_assumed_kv": 230.0, "thermal_mw": 500.0, "reactance_pu": 0.23398538854448497, "is_interregional": false, "is_manual_override": false, "is_eia930_calibrated": false, "is_density_fill": false }, "geometry": { "type": "LineString", "coordinates": [ [ -92.108258188229001, 43.783195542377968 ], [ -91.480867947458265, 44.816588800312012 ] ] } },
{ "type": "Feature", "properties": { "line_id": 406, "from_bus": 179, "to_bus": 195, "length_km": 125.62538131271779, "voltage_assumed_kv": 230.0, "thermal_mw": 500.0, "reactance_pu": 0.23417990643499431, "is_interregional": false, "is_manual_override": false, "is_eia930_calibrated": false, "is_density_fill": false }, "geometry": { "type": "LineString", "coordinates": [ [ -83.104178302889949, 42.801705581956064 ], [ -84.135344229707158, 43.643441253134675 ] ] } },
{ "type": "Feature", "properties": { "line_id": 407, "from_bus": 172, "to_bus": 370, "length_km": 125.64645849689978, "voltage_assumed_kv": 345.0, "thermal_mw": 741.52282157676291, "reactance_pu": 0.23421919668803132, "is_interregional": true, "is_manual_override": false, "is_eia930_calibrated": true, "is_density_fill": false }, "geometry": { "type": "LineString", "coordinates": [ [ -85.750132434762023, 42.90672566052983 ], [ -86.635774455908546, 41.988133369463434 ] ] } },
{ "type": "Feature", "properties": { "line_id": 408, "from_bus": 175, "to_bus": 306, "length_km": 126.17334954346039, "voltage_assumed_kv": 345.0, "thermal_mw": 741.52282157676291, "reactance_pu": 0.2352013811375086, "is_interregional": true, "is_manual_override": false, "is_eia930_calibrated": true, "is_density_fill": false }, "geometry": { "type": "LineString", "coordinates": [ [ -90.680450930090615, 41.48234611647586 ], [ -89.318917055108798, 41.994180495769641 ] ] } },
{ "type": "Feature", "properties": { "line_id": 409, "from_bus": 190, "to_bus": 415, "length_km": 126.37521225282812, "voltage_assumed_kv": 345.0, "thermal_mw": 443.75, "reactance_pu": 0.23557767603825619, "is_interregional": true, "is_manual_override": false, "is_eia930_calibrated": true, "is_density_fill": false }, "geometry": { "type": "LineString", "coordinates": [ [ -90.599657230127491, 32.172862581765578 ], [ -89.479578939614953, 31.548491835006296 ] ] } },
{ "type": "Feature", "properties": { "line_id": 410, "from_bus": 251, "to_bus": 255, "length_km": 127.0943125145626, "voltage_assumed_kv": 230.0, "thermal_mw": 500.0, "reactance_pu": 0.23691816018445885, "is_interregional": false, "is_manual_override": false, "is_eia930_calibrated": false, "is_density_fill": false }, "geometry": { "type": "LineString", "coordinates": [ [ -70.210300551562014, 43.930106977357603 ], [ -71.232545634979687, 43.062398173709518 ] ] } },
{ "type": "Feature", "properties": { "line_id": 411, "from_bus": 192, "to_bus": 208, "length_km": 127.46331259720097, "voltage_assumed_kv": 230.0, "thermal_mw": 500.0, "reactance_pu": 0.2376060180355061, "is_interregional": false, "is_manual_override": false, "is_eia930_calibrated": false, "is_density_fill": false }, "geometry": { "type": "LineString", "coordinates": [ [ -88.434827501806197, 44.245337227767308 ], [ -89.862904397506895, 44.769989884206566 ] ] } },
{ "type": "Feature", "properties": { "line_id": 412, "from_bus": 203, "to_bus": 213, "length_km": 127.82962763822074, "voltage_assumed_kv": 230.0, "thermal_mw": 500.0, "reactance_pu": 0.23828887066556659, "is_interregional": false, "is_manual_override": false, "is_eia930_calibrated": false, "is_density_fill": false }, "geometry": { "type": "LineString", "coordinates": [ [ -93.304076240505225, 43.161677467477134 ], [ -94.424805091959968, 43.973896634917551 ] ] } },
{ "type": "Feature", "properties": { "line_id": 413, "from_bus": 208, "to_bus": 236, "length_km": 127.89924856209461, "voltage_assumed_kv": 230.0, "thermal_mw": 500.0, "reactance_pu": 0.23841865193483189, "is_interregional": false, "is_manual_override": false, "is_eia930_calibrated": false, "is_density_fill": false }, "geometry": { "type": "LineString", "coordinates": [ [ -89.862904397506895, 44.769989884206566 ], [ -91.480867947458265, 44.816588800312012 ] ] } },
{ "type": "Feature", "properties": { "line_id": 414, "from_bus": 452, "to_bus": 461, "length_km": 128.03792025609263, "voltage_assumed_kv": 345.0, "thermal_mw": 336.25, "reactance_pu": 0.2386771516423456, "is_interregional": true, "is_manual_override": false, "is_eia930_calibrated": true, "is_density_fill": false }, "geometry": { "type": "LineString", "coordinates": [ [ -94.303418934301121, 35.997681887663624 ], [ -92.877779731918253, 35.88911205235712 ] ] } },
{ "type": "Feature", "properties": { "line_id": 415, "from_bus": 15, "to_bus": 23, "length_km": 128.66514185098998, "voltage_assumed_kv": 345.0, "thermal_mw": 680.625, "reactance_pu": 0.23984636357127451, "is_interregional": true, "is_manual_override": false, "is_eia930_calibrated": true, "is_density_fill": false }, "geometry": { "type": "LineString", "coordinates": [ [ -117.086786384708319, 47.153048076904973 ], [ -117.971319841818442, 46.166656904095966 ] ] } },
{ "type": "Feature", "properties": { "line_id": 416, "from_bus": 197, "to_bus": 214, "length_km": 129.39791837763065, "voltage_assumed_kv": 230.0, "thermal_mw": 500.0, "reactance_pu": 0.24121234182068022, "is_interregional": false, "is_manual_override": false, "is_eia930_calibrated": false, "is_density_fill": false }, "geometry": { "type": "LineString", "coordinates": [ [ -95.176493628093553, 41.384287714752148 ], [ -95.868403414910347, 42.422681993201735 ] ] } },
{ "type": "Feature", "properties": { "line_id": 417, "from_bus": 387, "to_bus": 498, "length_km": 129.92606635619967, "voltage_assumed_kv": 345.0, "thermal_mw": 765.0, "reactance_pu": 0.24219686933345438, "is_interregional": true, "is_manual_override": false, "is_eia930_calibrated": true, "is_density_fill": false }, "geometry": { "type": "LineString", "coordinates": [ [ -107.853682339589412, 32.213885549343743 ], [ -106.49875074193551, 31.979188774193553 ] ] } },
{ "type": "Feature", "properties": { "line_id": 418, "from_bus": 278, "to_bus": 499, "length_km": 130.81498739513222, "voltage_assumed_kv": 345.0, "thermal_mw": 1200.0, "reactance_pu": 0.24385391859810213, "is_interregional": true, "is_manual_override": false, "is_eia930_calibrated": false, "is_density_fill": false }, "geometry": { "type": "LineString", "coordinates": [ [ -109.971563526023942, 46.39522200392129 ], [ -111.617977661764712, 46.689880955882359 ] ] } },
{ "type": "Feature", "properties": { "line_id": 419, "from_bus": 75, "to_bus": 77, "length_km": 132.93026050619488, "voltage_assumed_kv": 230.0, "thermal_mw": 500.0, "reactance_pu": 0.24779702670298445, "is_interregional": false, "is_manual_override": false, "is_eia930_calibrated": false, "is_density_fill": false }, "geometry": { "type": "LineString", "coordinates": [ [ -78.02747675476283, 35.267675070803939 ], [ -78.258046528347251, 34.094030567592796 ] ] } },
{ "type": "Feature", "properties": { "line_id": 420, "from_bus": 181, "to_bus": 218, "length_km": 133.10187813061466, "voltage_assumed_kv": 230.0, "thermal_mw": 500.0, "reactance_pu": 0.24811694134769446, "is_interregional": false, "is_manual_override": false, "is_eia930_calibrated": false, "is_density_fill": false }, "geometry": { "type": "LineString", "coordinates": [ [ -87.991419198931837, 43.028395377594279 ], [ -87.038593990335514, 44.003099590747375 ] ] } },
{ "type": "Feature", "properties": { "line_id": 421, "from_bus": 20, "to_bus": 22, "length_km": 134.1756498924245, "voltage_assumed_kv": 230.0, "thermal_mw": 500.0, "reactance_pu": 0.25011857324791709, "is_interregional": false, "is_manual_override": false, "is_eia930_calibrated": false, "is_density_fill": false }, "geometry": { "type": "LineString", "coordinates": [ [ -122.33370870524918, 46.718658150033733 ], [ -122.650587923520192, 45.529726296630031 ] ] } },
{ "type": "Feature", "properties": { "line_id": 422, "from_bus": 282, "to_bus": 378, "length_km": 135.40607765875589, "voltage_assumed_kv": 345.0, "thermal_mw": 1200.0, "reactance_pu": 0.25241222964269638, "is_interregional": true, "is_manual_override": false, "is_eia930_calibrated": false, "is_density_fill": false }, "geometry": { "type": "LineString", "coordinates": [ [ -108.868877446222186, 41.722667282463895 ], [ -108.207503193328634, 40.617682487234454 ] ] } },
{ "type": "Feature", "properties": { "line_id": 423, "from_bus": 398, "to_bus": 484, "length_km": 135.59845299058972, "voltage_assumed_kv": 345.0, "thermal_mw": 743.25, "reactance_pu": 0.25277083899964714, "is_interregional": true, "is_manual_override": false, "is_eia930_calibrated": true, "is_density_fill": false }, "geometry": { "type": "LineString", "coordinates": [ [ -112.552398711685868, 34.599279327625979 ], [ -113.876977571235656, 35.162314270510329 ] ] } },
{ "type": "Feature", "properties": { "line_id": 424, "from_bus": 3, "to_bus": 398, "length_km": 136.10991850166982, "voltage_assumed_kv": 345.0, "thermal_mw": 1323.651515151515, "reactance_pu": 0.25372426850790325, "is_interregional": true, "is_manual_override": false, "is_eia930_calibrated": true, "is_density_fill": false }, "geometry": { "type": "LineString", "coordinates": [ [ -112.49488339431413, 33.382265615308846 ], [ -112.552398711685868, 34.599279327625979 ] ] } },
{ "type": "Feature", "properties": { "line_id": 425, "from_bus": 391, "to_bus": 393, "length_km": 136.24871278339504, "voltage_assumed_kv": 345.0, "thermal_mw": 395.00000000000006, "reactance_pu": 0.25398299673279284, "is_interregional": true, "is_manual_override": false, "is_eia930_calibrated": true, "is_density_fill": false }, "geometry": { "type": "LineString", "coordinates": [ [ -119.903335069793712, 46.829947434799102 ], [ -121.571475755203039, 47.267404922448343 ] ] } },
{ "type": "Feature", "properties": { "line_id": 426, "from_bus": 379, "to_bus": 383, "length_km": 136.33085998673963, "voltage_assumed_kv": 230.0, "thermal_mw": 500.0, "reactance_pu": 0.25413612840246114, "is_interregional": false, "is_manual_override": false, "is_eia930_calibrated": false, "is_density_fill": false }, "geometry": { "type": "LineString", "coordinates": [ [ -104.517091226255658, 38.186869929707242 ], [ -105.858405629842849, 37.560520051150135 ] ] } },
{ "type": "Feature", "properties": { "line_id": 427, "from_bus": 159, "to_bus": 180, "length_km": 136.42082452824712, "voltage_assumed_kv": 345.0, "thermal_mw": 573.625, "reactance_pu": 0.25430383247382432, "is_interregional": true, "is_manual_override": false, "is_eia930_calibrated": true, "is_density_fill": false }, "geometry": { "type": "LineString", "coordinates": [ [ -86.241095266859205, 46.112196237279015 ], [ -87.979989020712225, 45.926285758435334 ] ] } },
{ "type": "Feature", "properties": { "line_id": 428, "from_bus": 445, "to_bus": 452, "length_km": 136.42519613808983, "voltage_assumed_kv": 230.0, "thermal_mw": 500.0, "reactance_pu": 0.25431198164856306, "is_interregional": false, "is_manual_override": false, "is_eia930_calibrated": false, "is_density_fill": false }, "geometry": { "type": "LineString", "coordinates": [ [ -93.934692451135149, 37.180036329292811 ], [ -94.303418934301121, 35.997681887663624 ] ] } },
{ "type": "Feature", "properties": { "line_id": 429, "from_bus": 199, "to_bus": 232, "length_km": 136.55398496516875, "voltage_assumed_kv": 230.0, "thermal_mw": 500.0, "reactance_pu": 0.25455205857537561, "is_interregional": false, "is_manual_override": false, "is_eia930_calibrated": false, "is_density_fill": false }, "geometry": { "type": "LineString", "coordinates": [ [ -92.695506477287367, 31.338722421342869 ], [ -92.179028311975117, 32.484190969732175 ] ] } },
{ "type": "Feature", "properties": { "line_id": 430, "from_bus": 8, "to_bus": 493, "length_km": 136.57963405185887, "voltage_assumed_kv": 345.0, "thermal_mw": 151.25, "reactance_pu": 0.25459987137131279, "is_interregional": true, "is_manual_override": false, "is_eia930_calibrated": true, "is_density_fill": false }, "geometry": { "type": "LineString", "coordinates": [ [ -111.768778763328768, 35.835450576066165 ], [ -110.291427734886938, 35.540474990898645 ] ] } },
{ "type": "Feature", "properties": { "line_id": 431, "from_bus": 174, "to_bus": 202, "length_km": 136.62169801856169, "voltage_assumed_kv": 230.0, "thermal_mw": 500.0, "reactance_pu": 0.25467828335847509, "is_interregional": false, "is_manual_override": false, "is_eia930_calibrated": false, "is_density_fill": false }, "geometry": { "type": "LineString", "coordinates": [ [ -92.983704682000948, 34.379715122661047 ], [ -92.647339238385698, 33.188621025843766 ] ] } },
{ "type": "Feature", "properties": { "line_id": 432, "from_bus": 288, "to_bus": 382, "length_km": 136.6481337634454, "voltage_assumed_kv": 345.0, "thermal_mw": 1200.0, "reactance_pu": 0.2547275625741775, "is_interregional": true, "is_manual_override": false, "is_eia930_calibrated": false, "is_density_fill": false }, "geometry": { "type": "LineString", "coordinates": [ [ -106.705101686955956, 41.68585333432123 ], [ -106.990791412552127, 40.484051037801272 ] ] } },
{ "type": "Feature", "properties": { "line_id": 433, "from_bus": 186, "to_bus": 206, "length_km": 136.73037167158793, "voltage_assumed_kv": 230.0, "thermal_mw": 500.0, "reactance_pu": 0.25488086332783882, "is_interregional": false, "is_manual_override": false, "is_eia930_calibrated": false, "is_density_fill": false }, "geometry": { "type": "LineString", "coordinates": [ [ -95.026591775705043, 43.227058442770684 ], [ -96.385166379159955, 43.964208502250059 ] ] } },
{ "type": "Feature", "properties": { "line_id": 434, "from_bus": 432, "to_bus": 460, "length_km": 136.85819740246563, "voltage_assumed_kv": 230.0, "thermal_mw": 500.0, "reactance_pu": 0.25511914493450244, "is_interregional": false, "is_manual_override": false, "is_eia930_calibrated": false, "is_density_fill": false }, "geometry": { "type": "LineString", "coordinates": [ [ -94.563875796131214, 38.997482323554813 ], [ -95.178122275053767, 40.126053552260316 ] ] } },
{ "type": "Feature", "properties": { "line_id": 435, "from_bus": 451, "to_bus": 460, "length_km": 137.99197811810126, "voltage_assumed_kv": 230.0, "thermal_mw": 500.0, "reactance_pu": 0.25723264030566811, "is_interregional": false, "is_manual_override": false, "is_eia930_calibrated": false, "is_density_fill": false }, "geometry": { "type": "LineString", "coordinates": [ [ -96.412425857244003, 39.325440552026123 ], [ -95.178122275053767, 40.126053552260316 ] ] } },
{ "type": "Feature", "properties": { "line_id": 436, "from_bus": 95, "to_bus": 125, "length_km": 138.89195650809611, "voltage_assumed_kv": 230.0, "thermal_mw": 500.0, "reactance_pu": 0.25891030172217655, "is_interregional": false, "is_manual_override": false, "is_eia930_calibrated": false, "is_density_fill": false }, "geometry": { "type": "LineString", "coordinates": [ [ -99.315348400248254, 27.75834289958955 ], [ -98.649451447026294, 28.866628919617447 ] ] } },
{ "type": "Feature", "properties": { "line_id": 437, "from_bus": 489, "to_bus": 494, "length_km": 139.56878326156928, "voltage_assumed_kv": 230.0, "thermal_mw": 500.0, "reactance_pu": 0.26017198327207369, "is_interregional": false, "is_manual_override": false, "is_eia930_calibrated": false, "is_density_fill": false }, "geometry": { "type": "LineString", "coordinates": [ [ -105.001281514959089, 41.890373564130122 ], [ -105.834313957635914, 42.98005996764067 ] ] } },
{ "type": "Feature", "properties": { "line_id": 438, "from_bus": 183, "to_bus": 204, "length_km": 139.73926514958953, "voltage_assumed_kv": 230.0, "thermal_mw": 500.0, "reactance_pu": 0.26048978077579676, "is_interregional": false, "is_manual_override": false, "is_eia930_calibrated": false, "is_density_fill": false }, "geometry": { "type": "LineString", "coordinates": [ [ -94.889109160611739, 45.845832934813352 ], [ -93.413735074048546, 45.135833671588081 ] ] } },
{ "type": "Feature", "properties": { "line_id": 439, "from_bus": 438, "to_bus": 453, "length_km": 139.93308655468576, "voltage_assumed_kv": 230.0, "thermal_mw": 500.0, "reactance_pu": 0.2608510857767149, "is_interregional": false, "is_manual_override": false, "is_eia930_calibrated": false, "is_density_fill": false }, "geometry": { "type": "LineString", "coordinates": [ [ -98.775583427359507, 37.103308269891848 ], [ -97.634546506873434, 37.977956179053649 ] ] } },
{ "type": "Feature", "properties": { "line_id": 440, "from_bus": 384, "to_bus": 491, "length_km": 140.59608042642358, "voltage_assumed_kv": 345.0, "thermal_mw": 39.702020202020186, "reactance_pu": 0.26208698127194174, "is_interregional": true, "is_manual_override": false, "is_eia930_calibrated": true, "is_density_fill": false }, "geometry": { "type": "LineString", "coordinates": [ [ -106.393827170823528, 39.331735630410385 ], [ -107.690225892170886, 38.56540444741924 ] ] } },
{ "type": "Feature", "properties": { "line_id": 441, "from_bus": 197, "to_bus": 460, "length_km": 140.91292798226729, "voltage_assumed_kv": 345.0, "thermal_mw": 177.41379310344828, "reactance_pu": 0.26267762091980823, "is_interregional": true, "is_manual_override": false, "is_eia930_calibrated": true, "is_density_fill": false }, "geometry": { "type": "LineString", "coordinates": [ [ -95.176493628093553, 41.384287714752148 ], [ -95.178122275053767, 40.126053552260316 ] ] } },
{ "type": "Feature", "properties": { "line_id": 442, "from_bus": 440, "to_bus": 455, "length_km": 142.0341524794525, "voltage_assumed_kv": 230.0, "thermal_mw": 500.0, "reactance_pu": 0.26476771008092964, "is_interregional": false, "is_manual_override": false, "is_eia930_calibrated": false, "is_density_fill": false }, "geometry": { "type": "LineString", "coordinates": [ [ -95.653459397101102, 36.134323230575916 ], [ -97.211505156343847, 36.407666979439703 ] ] } },
{ "type": "Feature", "properties": { "line_id": 443, "from_bus": 25, "to_bus": 30, "length_km": 142.40099541760279, "voltage_assumed_kv": 230.0, "thermal_mw": 500.0, "reactance_pu": 0.26545154677089378, "is_interregional": false, "is_manual_override": false, "is_eia930_calibrated": false, "is_density_fill": false }, "geometry": { "type": "LineString", "coordinates": [ [ -123.007514386143768, 44.037120248820649 ], [ -121.229807259694212, 43.951023498789858 ] ] } },
{ "type": "Feature", "properties": { "line_id": 444, "from_bus": 288, "to_bus": 489, "length_km": 142.43997125224178, "voltage_assumed_kv": 345.0, "thermal_mw": 1074.0, "reactance_pu": 0.2655242021309302, "is_interregional": true, "is_manual_override": false, "is_eia930_calibrated": true, "is_density_fill": false }, "geometry": { "type": "LineString", "coordinates": [ [ -106.705101686955956, 41.68585333432123 ], [ -105.001281514959089, 41.890373564130122 ] ] } },
{ "type": "Feature", "properties": { "line_id": 445, "from_bus": 485, "to_bus": 494, "length_km": 142.95363482910466, "voltage_assumed_kv": 230.0, "thermal_mw": 500.0, "reactance_pu": 0.26648172908218676, "is_interregional": false, "is_manual_override": false, "is_eia930_calibrated": false, "is_density_fill": false }, "geometry": { "type": "LineString", "coordinates": [ [ -105.578951725687347, 44.247808200678215 ], [ -105.834313957635914, 42.98005996764067 ] ] } },
{ "type": "Feature", "properties": { "line_id": 446, "from_bus": 446, "to_bus": 457, "length_km": 143.82877125635653, "voltage_assumed_kv": 230.0, "thermal_mw": 500.0, "reactance_pu": 0.26811308227300051, "is_interregional": false, "is_manual_override": false, "is_eia930_calibrated": false, "is_density_fill": false }, "geometry": { "type": "LineString", "coordinates": [ [ -98.274147942009904, 35.119259226129074 ], [ -99.50042036536928, 35.944637067325715 ] ] } },
{ "type": "Feature", "properties": { "line_id": 447, "from_bus": 13, "to_bus": 171, "length_km": 144.51041101691209, "voltage_assumed_kv": 345.0, "thermal_mw": 579.875, "reactance_pu": 0.26938373581196901, "is_interregional": true, "is_manual_override": false, "is_eia930_calibrated": true, "is_density_fill": false }, "geometry": { "type": "LineString", "coordinates": [ [ -91.55865339692032, 37.09815155766227 ], [ -90.944918004737232, 38.295593699110135 ] ] } },
{ "type": "Feature", "properties": { "line_id": 448, "from_bus": 417, "to_bus": 428, "length_km": 144.62335538169492, "voltage_assumed_kv": 230.0, "thermal_mw": 500.0, "reactance_pu": 0.26959427687063747, "is_interregional": false, "is_manual_override": false, "is_eia930_calibrated": false, "is_density_fill": false }, "geometry": { "type": "LineString", "coordinates": [ [ -88.20640886433516, 32.69620741704658 ], [ -87.04240318082806, 33.558691836739939 ] ] } },
{ "type": "Feature", "properties": { "line_id": 449, "from_bus": 438, "to_bus": 457, "length_km": 144.85103286844614, "voltage_assumed_kv": 230.0, "thermal_mw": 500.0, "reactance_pu": 0.27001869343349771, "is_interregional": false, "is_manual_override": false, "is_eia930_calibrated": false, "is_density_fill": false }, "geometry": { "type": "LineString", "coordinates": [ [ -98.775583427359507, 37.103308269891848 ], [ -99.50042036536928, 35.944637067325715 ] ] } },
{ "type": "Feature", "properties": { "line_id": 450, "from_bus": 6, "to_bus": 11, "length_km": 144.91391596027151, "voltage_assumed_kv": 345.0, "thermal_mw": 1200.0, "reactance_pu": 0.27013591462244957, "is_interregional": true, "is_manual_override": false, "is_eia930_calibrated": false, "is_density_fill": false }, "geometry": { "type": "LineString", "coordinates": [ [ -113.907960854328195, 32.798219376819588 ], [ -112.493316032347963, 33.348534439488454 ] ] } },
{ "type": "Feature", "properties": { "line_id": 451, "from_bus": 379, "to_bus": 496, "length_km": 145.11300445639958, "voltage_assumed_kv": 345.0, "thermal_mw": 39.702020202020186, "reactance_pu": 0.27050703807623233, "is_interregional": true, "is_manual_override": false, "is_eia930_calibrated": true, "is_density_fill": false }, "geometry": { "type": "LineString", "coordinates": [ [ -104.517091226255658, 38.186869929707242 ], [ -102.847739119265938, 38.11699187701273 ] ] } },
{ "type": "Feature", "properties": { "line_id": 452, "from_bus": 15, "to_bus": 31, "length_km": 145.55333668746655, "voltage_assumed_kv": 345.0, "thermal_mw": 680.625, "reactance_pu": 0.2713278671124833, "is_interregional": true, "is_manual_override": false, "is_eia930_calibrated": true, "is_density_fill": false }, "geometry": { "type": "LineString", "coordinates": [ [ -117.086786384708319, 47.153048076904973 ], [ -115.332905171079886, 46.644223716167367 ] ] } },
{ "type": "Feature", "properties": { "line_id": 453, "from_bus": 289, "to_bus": 290, "length_km": 147.4517665731658, "voltage_assumed_kv": 230.0, "thermal_mw": 500.0, "reactance_pu": 0.2748667549420038, "is_interregional": false, "is_manual_override": false, "is_eia930_calibrated": false, "is_density_fill": false }, "geometry": { "type": "LineString", "coordinates": [ [ -112.995260322505601, 39.277822590901771 ], [ -111.649695572877064, 40.108563613367274 ] ] } },
{ "type": "Feature", "properties": { "line_id": 454, "from_bus": 281, "to_bus": 290, "length_km": 147.78692890624353, "voltage_assumed_kv": 230.0, "thermal_mw": 500.0, "reactance_pu": 0.27549153540420435, "is_interregional": false, "is_manual_override": false, "is_eia930_calibrated": false, "is_density_fill": false }, "geometry": { "type": "LineString", "coordinates": [ [ -110.709572253354324, 38.9999993062494 ], [ -111.649695572877064, 40.108563613367274 ] ] } },
{ "type": "Feature", "properties": { "line_id": 455, "from_bus": 441, "to_bus": 443, "length_km": 149.68101863280771, "voltage_assumed_kv": 230.0, "thermal_mw": 500.0, "reactance_pu": 0.27902233268665905, "is_interregional": false, "is_manual_override": false, "is_eia930_calibrated": false, "is_density_fill": false }, "geometry": { "type": "LineString", "coordinates": [ [ -103.374116232986765, 33.083665563732112 ], [ -102.045339789487244, 33.851686862321579 ] ] } },
{ "type": "Feature", "properties": { "line_id": 456, "from_bus": 177, "to_bus": 225, "length_km": 150.73202497444333, "voltage_assumed_kv": 230.0, "thermal_mw": 500.0, "reactance_pu": 0.28098152727118447, "is_interregional": false, "is_manual_override": false, "is_eia930_calibrated": false, "is_density_fill": false }, "geometry": { "type": "LineString", "coordinates": [ [ -93.440192937351185, 41.81179841178119 ], [ -91.6978350606269, 42.229930012999375 ] ] } },
{ "type": "Feature", "properties": { "line_id": 457, "from_bus": 86, "to_bus": 121, "length_km": 150.95260597610823, "voltage_assumed_kv": 230.0, "thermal_mw": 500.0, "reactance_pu": 0.28139271518394104, "is_interregional": false, "is_manual_override": false, "is_eia930_calibrated": false, "is_density_fill": false }, "geometry": { "type": "LineString", "coordinates": [ [ -97.531644183077219, 27.835920332657132 ], [ -97.541490394498368, 26.465693250262845 ] ] } },
{ "type": "Feature", "properties": { "line_id": 458, "from_bus": 14, "to_bus": 158, "length_km": 151.24578889961145, "voltage_assumed_kv": 345.0, "thermal_mw": 1200.0, "reactance_pu": 0.28193924128302139, "is_interregional": true, "is_manual_override": false, "is_eia930_calibrated": false, "is_density_fill": false }, "geometry": { "type": "LineString", "coordinates": [ [ -117.97554671728173, 45.494760712088237 ], [ -116.844977849333745, 44.396549806467277 ] ] } },
{ "type": "Feature", "properties": { "line_id": 459, "from_bus": 176, "to_bus": 458, "length_km": 154.25064007527814, "voltage_assumed_kv": 345.0, "thermal_mw": 177.41379310344828, "reactance_pu": 0.28754062342264691, "is_interregional": true, "is_manual_override": false, "is_eia930_calibrated": true, "is_density_fill": false }, "geometry": { "type": "LineString", "coordinates": [ [ -97.721831947778412, 47.19810140706813 ], [ -98.39722656831826, 45.887488985896717 ] ] } },
{ "type": "Feature", "properties": { "line_id": 460, "from_bus": 240, "to_bus": 242, "length_km": 155.18309866571693, "voltage_assumed_kv": 230.0, "thermal_mw": 500.0, "reactance_pu": 0.28927883160304557, "is_interregional": false, "is_manual_override": false, "is_eia930_calibrated": false, "is_density_fill": false }, "geometry": { "type": "LineString", "coordinates": [ [ -119.48015024019773, 39.278924684910969 ], [ -119.664576952484182, 40.656898460626898 ] ] } },
{ "type": "Feature", "properties": { "line_id": 461, "from_bus": 8, "to_bus": 398, "length_km": 155.36892049382004, "voltage_assumed_kv": 345.0, "thermal_mw": 1323.651515151515, "reactance_pu": 0.28962522448849637, "is_interregional": true, "is_manual_override": false, "is_eia930_calibrated": true, "is_density_fill": false }, "geometry": { "type": "LineString", "coordinates": [ [ -111.768778763328768, 35.835450576066165 ], [ -112.552398711685868, 34.599279327625979 ] ] } },
{ "type": "Feature", "properties": { "line_id": 462, "from_bus": 283, "to_bus": 286, "length_km": 156.69442009895894, "voltage_assumed_kv": 230.0, "thermal_mw": 500.0, "reactance_pu": 0.29209610553393067, "is_interregional": false, "is_manual_override": false, "is_eia930_calibrated": false, "is_density_fill": false }, "geometry": { "type": "LineString", "coordinates": [ [ -112.011187785656205, 40.813580036510608 ], [ -110.890435201644493, 41.940110485916172 ] ] } },
{ "type": "Feature", "properties": { "line_id": 463, "from_bus": 195, "to_bus": 210, "length_km": 157.7164698540993, "voltage_assumed_kv": 230.0, "thermal_mw": 500.0, "reactance_pu": 0.29400132176913463, "is_interregional": false, "is_manual_override": false, "is_eia930_calibrated": false, "is_density_fill": false }, "geometry": { "type": "LineString", "coordinates": [ [ -84.135344229707158, 43.643441253134675 ], [ -84.898224317728648, 44.949607395527728 ] ] } },
{ "type": "Feature", "properties": { "line_id": 464, "from_bus": 6, "to_bus": 160, "length_km": 157.71997491882547, "voltage_assumed_kv": 345.0, "thermal_mw": 39.375, "reactance_pu": 0.29400785560585652, "is_interregional": true, "is_manual_override": false, "is_eia930_calibrated": true, "is_density_fill": false }, "geometry": { "type": "LineString", "coordinates": [ [ -113.907960854328195, 32.798219376819588 ], [ -115.36288059804177, 33.531247385947147 ] ] } },
{ "type": "Feature", "properties": { "line_id": 465, "from_bus": 241, "to_bus": 244, "length_km": 158.39613678719041, "voltage_assumed_kv": 230.0, "thermal_mw": 500.0, "reactance_pu": 0.29526829773477992, "is_interregional": false, "is_manual_override": false, "is_eia930_calibrated": false, "is_density_fill": false }, "geometry": { "type": "LineString", "coordinates": [ [ -115.353730752121379, 41.145266208327754 ], [ -116.109205824146059, 39.849720231106282 ] ] } },
{ "type": "Feature", "properties": { "line_id": 466, "from_bus": 224, "to_bus": 437, "length_km": 162.13204340936068, "voltage_assumed_kv": 345.0, "thermal_mw": 177.41379310344828, "reactance_pu": 0.3022324498359536, "is_interregional": true, "is_manual_override": false, "is_eia930_calibrated": true, "is_density_fill": false }, "geometry": { "type": "LineString", "coordinates": [ [ -101.553643984597485, 47.192958158179472 ], [ -103.375634178673351, 47.963775355192418 ] ] } },
{ "type": "Feature", "properties": { "line_id": 467, "from_bus": 194, "to_bus": 233, "length_km": 164.45783862600052, "voltage_assumed_kv": 230.0, "thermal_mw": 500.0, "reactance_pu": 0.30656799493462972, "is_interregional": false, "is_manual_override": false, "is_eia930_calibrated": false, "is_density_fill": false }, "geometry": { "type": "LineString", "coordinates": [ [ -93.458475416397931, 47.602463220536954 ], [ -92.150466323969013, 46.421974729388509 ] ] } },
{ "type": "Feature", "properties": { "line_id": 468, "from_bus": 159, "to_bus": 210, "length_km": 166.42411637516057, "voltage_assumed_kv": 345.0, "thermal_mw": 573.625, "reactance_pu": 0.31023335884844971, "is_interregional": true, "is_manual_override": false, "is_eia930_calibrated": true, "is_density_fill": false }, "geometry": { "type": "LineString", "coordinates": [ [ -86.241095266859205, 46.112196237279015 ], [ -84.898224317728648, 44.949607395527728 ] ] } },
{ "type": "Feature", "properties": { "line_id": 469, "from_bus": 156, "to_bus": 157, "length_km": 166.47433003177912, "voltage_assumed_kv": 230.0, "thermal_mw": 500.0, "reactance_pu": 0.31032696277852984, "is_interregional": false, "is_manual_override": false, "is_eia930_calibrated": false, "is_density_fill": false }, "geometry": { "type": "LineString", "coordinates": [ [ -116.138476253869356, 43.419085269372523 ], [ -114.437050824662336, 42.58504242086984 ] ] } },
{ "type": "Feature", "properties": { "line_id": 470, "from_bus": 19, "to_bus": 31, "length_km": 167.07424033632634, "voltage_assumed_kv": 230.0, "thermal_mw": 500.0, "reactance_pu": 0.31144526337607031, "is_interregional": false, "is_manual_override": false, "is_eia930_calibrated": false, "is_density_fill": false }, "geometry": { "type": "LineString", "coordinates": [ [ -115.12656250222895, 48.14943173705889 ], [ -115.332905171079886, 46.644223716167367 ] ] } },
{ "type": "Feature", "properties": { "line_id": 471, "from_bus": 155, "to_bus": 286, "length_km": 167.10784962373461, "voltage_assumed_kv": 345.0, "thermal_mw": 1068.75, "reactance_pu": 0.31150791488564883, "is_interregional": true, "is_manual_override": false, "is_eia930_calibrated": true, "is_density_fill": false }, "geometry": { "type": "LineString", "coordinates": [ [ -111.866129419762785, 43.254764957220992 ], [ -110.890435201644493, 41.940110485916172 ] ] } },
{ "type": "Feature", "properties": { "line_id": 472, "from_bus": 214, "to_bus": 449, "length_km": 167.78312280602981, "voltage_assumed_kv": 345.0, "thermal_mw": 177.41379310344828, "reactance_pu": 0.31276670040331661, "is_interregional": true, "is_manual_override": false, "is_eia930_calibrated": true, "is_density_fill": false }, "geometry": { "type": "LineString", "coordinates": [ [ -95.868403414910347, 42.422681993201735 ], [ -97.914701178421481, 42.551357647871654 ] ] } },
{ "type": "Feature", "properties": { "line_id": 473, "from_bus": 4, "to_bus": 388, "length_km": 168.30908157684573, "voltage_assumed_kv": 345.0, "thermal_mw": 780.0, "reactance_pu": 0.31374714698545858, "is_interregional": true, "is_manual_override": false, "is_eia930_calibrated": true, "is_density_fill": false }, "geometry": { "type": "LineString", "coordinates": [ [ -109.612494617448519, 35.385986585410848 ], [ -108.22061141227843, 36.397250641625838 ] ] } },
{ "type": "Feature", "properties": { "line_id": 474, "from_bus": 282, "to_bus": 286, "length_km": 168.46984856287582, "voltage_assumed_kv": 230.0, "thermal_mw": 500.0, "reactance_pu": 0.31404683481408813, "is_interregional": false, "is_manual_override": false, "is_eia930_calibrated": false, "is_density_fill": false }, "geometry": { "type": "LineString", "coordinates": [ [ -108.868877446222186, 41.722667282463895 ], [ -110.890435201644493, 41.940110485916172 ] ] } },
{ "type": "Feature", "properties": { "line_id": 475, "from_bus": 91, "to_bus": 98, "length_km": 169.69245894849092, "voltage_assumed_kv": 230.0, "thermal_mw": 500.0, "reactance_pu": 0.31632591872784821, "is_interregional": false, "is_manual_override": false, "is_eia930_calibrated": false, "is_density_fill": false }, "geometry": { "type": "LineString", "coordinates": [ [ -99.722597992182742, 32.349666792521127 ], [ -98.173356027594593, 33.149665167167008 ] ] } },
{ "type": "Feature", "properties": { "line_id": 476, "from_bus": 481, "to_bus": 482, "length_km": 173.13292763436084, "voltage_assumed_kv": 230.0, "thermal_mw": 500.0, "reactance_pu": 0.32273934113127128, "is_interregional": false, "is_manual_override": false, "is_eia930_calibrated": false, "is_density_fill": false }, "geometry": { "type": "LineString", "coordinates": [ [ -109.906979725292146, 31.887911271176559 ], [ -111.690168826826735, 32.280429919651816 ] ] } },
{ "type": "Feature", "properties": { "line_id": 477, "from_bus": 204, "to_bus": 233, "length_km": 173.40200729375698, "voltage_assumed_kv": 230.0, "thermal_mw": 500.0, "reactance_pu": 0.32324093602238718, "is_interregional": false, "is_manual_override": false, "is_eia930_calibrated": false, "is_density_fill": false }, "geometry": { "type": "LineString", "coordinates": [ [ -93.413735074048546, 45.135833671588081 ], [ -92.150466323969013, 46.421974729388509 ] ] } },
{ "type": "Feature", "properties": { "line_id": 478, "from_bus": 167, "to_bus": 176, "length_km": 174.42495901838717, "voltage_assumed_kv": 345.0, "thermal_mw": 1325.9375, "reactance_pu": 0.3251478336306427, "is_interregional": true, "is_manual_override": false, "is_eia930_calibrated": true, "is_density_fill": false }, "geometry": { "type": "LineString", "coordinates": [ [ -97.852871271991972, 48.777312717729146 ], [ -97.721831947778412, 47.19810140706813 ] ] } },
{ "type": "Feature", "properties": { "line_id": 479, "from_bus": 438, "to_bus": 447, "length_km": 174.55628834254091, "voltage_assumed_kv": 230.0, "thermal_mw": 500.0, "reactance_pu": 0.32539264633107901, "is_interregional": false, "is_manual_override": false, "is_eia930_calibrated": false, "is_density_fill": false }, "geometry": { "type": "LineString", "coordinates": [ [ -98.775583427359507, 37.103308269891848 ], [ -100.391296046200878, 38.016949311618795 ] ] } },
{ "type": "Feature", "properties": { "line_id": 480, "from_bus": 431, "to_bus": 443, "length_km": 176.37749271137898, "voltage_assumed_kv": 230.0, "thermal_mw": 500.0, "reactance_pu": 0.32878757707068679, "is_interregional": false, "is_manual_override": false, "is_eia930_calibrated": false, "is_density_fill": false }, "geometry": { "type": "LineString", "coordinates": [ [ -101.955454093659768, 35.427044166468853 ], [ -102.045339789487244, 33.851686862321579 ] ] } },
{ "type": "Feature", "properties": { "line_id": 481, "from_bus": 157, "to_bus": 241, "length_km": 177.91591958385541, "voltage_assumed_kv": 345.0, "thermal_mw": 258.625, "reactance_pu": 0.33165537860321942, "is_interregional": true, "is_manual_override": false, "is_eia930_calibrated": true, "is_density_fill": false }, "geometry": { "type": "LineString", "coordinates": [ [ -114.437050824662336, 42.58504242086984 ], [ -115.353730752121379, 41.145266208327754 ] ] } },
{ "type": "Feature", "properties": { "line_id": 482, "from_bus": 103, "to_bus": 125, "length_km": 180.18787554438595, "voltage_assumed_kv": 230.0, "thermal_mw": 500.0, "reactance_pu": 0.33589056124467193, "is_interregional": false, "is_manual_override": false, "is_eia930_calibrated": false, "is_density_fill": false }, "geometry": { "type": "LineString", "coordinates": [ [ -100.436575614451669, 29.283571522795739 ], [ -98.649451447026294, 28.866628919617447 ] ] } },
{ "type": "Feature", "properties": { "line_id": 483, "from_bus": 284, "to_bus": 289, "length_km": 181.91388783894325, "voltage_assumed_kv": 230.0, "thermal_mw": 500.0, "reactance_pu": 0.33910804320111604, "is_interregional": false, "is_manual_override": false, "is_eia930_calibrated": false, "is_density_fill": false }, "geometry": { "type": "LineString", "coordinates": [ [ -113.36609885940608, 37.680174792726355 ], [ -112.995260322505601, 39.277822590901771 ] ] } },
{ "type": "Feature", "properties": { "line_id": 484, "from_bus": 485, "to_bus": 495, "length_km": 185.62979606774709, "voltage_assumed_kv": 230.0, "thermal_mw": 500.0, "reactance_pu": 0.3460349160372363, "is_interregional": false, "is_manual_override": false, "is_eia930_calibrated": false, "is_density_fill": false }, "geometry": { "type": "LineString", "coordinates": [ [ -105.578951725687347, 44.247808200678215 ], [ -103.256212200763358, 44.12344708350583 ] ] } },
{ "type": "Feature", "properties": { "line_id": 485, "from_bus": 436, "to_bus": 439, "length_km": 186.60280517694909, "voltage_assumed_kv": 230.0, "thermal_mw": 500.0, "reactance_pu": 0.34784871496681813, "is_interregional": false, "is_manual_override": false, "is_eia930_calibrated": false, "is_density_fill": false }, "geometry": { "type": "LineString", "coordinates": [ [ -98.527869004222566, 40.61175483538338 ], [ -96.369421551251634, 41.032452627740291 ] ] } },
{ "type": "Feature", "properties": { "line_id": 486, "from_bus": 251, "to_bus": 254, "length_km": 188.50695842959601, "voltage_assumed_kv": 230.0, "thermal_mw": 500.0, "reactance_pu": 0.35139827179906952, "is_interregional": false, "is_manual_override": false, "is_eia930_calibrated": false, "is_density_fill": false }, "geometry": { "type": "LineString", "coordinates": [ [ -70.210300551562014, 43.930106977357603 ], [ -68.947567590715352, 45.365315451616858 ] ] } },
{ "type": "Feature", "properties": { "line_id": 487, "from_bus": 436, "to_bus": 442, "length_km": 189.39998793217518, "voltage_assumed_kv": 230.0, "thermal_mw": 500.0, "reactance_pu": 0.35306297970421086, "is_interregional": false, "is_manual_override": false, "is_eia930_calibrated": false, "is_density_fill": false }, "geometry": { "type": "LineString", "coordinates": [ [ -98.527869004222566, 40.61175483538338 ], [ -100.739016323432438, 40.972372488896468 ] ] } },
{ "type": "Feature", "properties": { "line_id": 488, "from_bus": 166, "to_bus": 243, "length_km": 190.83392751041941, "voltage_assumed_kv": 345.0, "thermal_mw": 79.0625, "reactance_pu": 0.35573600511323045, "is_interregional": true, "is_manual_override": false, "is_eia930_calibrated": true, "is_density_fill": false }, "geometry": { "type": "LineString", "coordinates": [ [ -117.412531800722405, 36.510685091461369 ], [ -116.389156796398794, 38.012869406904329 ] ] } },
{ "type": "Feature", "properties": { "line_id": 489, "from_bus": 244, "to_bus": 247, "length_km": 192.57953537381246, "voltage_assumed_kv": 230.0, "thermal_mw": 500.0, "reactance_pu": 0.35899001542428366, "is_interregional": false, "is_manual_override": false, "is_eia930_calibrated": false, "is_density_fill": false }, "geometry": { "type": "LineString", "coordinates": [ [ -116.109205824146059, 39.849720231106282 ], [ -118.349897124576117, 39.588971270091065 ] ] } },
{ "type": "Feature", "properties": { "line_id": 490, "from_bus": 387, "to_bus": 481, "length_km": 196.35906005689787, "voltage_assumed_kv": 345.0, "thermal_mw": 471.6875, "reactance_pu": 0.36603547651984408, "is_interregional": true, "is_manual_override": false, "is_eia930_calibrated": true, "is_density_fill": false }, "geometry": { "type": "LineString", "coordinates": [ [ -107.853682339589412, 32.213885549343743 ], [ -109.906979725292146, 31.887911271176559 ] ] } },
{ "type": "Feature", "properties": { "line_id": 491, "from_bus": 450, "to_bus": 458, "length_km": 203.98563276022239, "voltage_assumed_kv": 345.0, "thermal_mw": 1200.0, "reactance_pu": 0.38025226984155647, "is_interregional": false, "is_manual_override": false, "is_eia930_calibrated": false, "is_density_fill": false }, "geometry": { "type": "LineString", "coordinates": [ [ -96.950935906296039, 44.364820052480418 ], [ -98.39722656831826, 45.887488985896717 ] ] } },
{ "type": "Feature", "properties": { "line_id": 492, "from_bus": 487, "to_bus": 491, "length_km": 209.61609984887997, "voltage_assumed_kv": 345.0, "thermal_mw": 1200.0, "reactance_pu": 0.39074809673759509, "is_interregional": false, "is_manual_override": false, "is_eia930_calibrated": false, "is_density_fill": false }, "geometry": { "type": "LineString", "coordinates": [ [ -108.186904271861422, 36.735536115639455 ], [ -107.690225892170886, 38.56540444741924 ] ] } },
{ "type": "Feature", "properties": { "line_id": 493, "from_bus": 0, "to_bus": 499, "length_km": 209.93061127669995, "voltage_assumed_kv": 345.0, "thermal_mw": 296.25, "reactance_pu": 0.39133438157884293, "is_interregional": true, "is_manual_override": false, "is_eia930_calibrated": true, "is_density_fill": false }, "geometry": { "type": "LineString", "coordinates": [ [ -111.976264510085315, 48.575256463760816 ], [ -111.617977661764712, 46.689880955882359 ] ] } },
{ "type": "Feature", "properties": { "line_id": 494, "from_bus": 155, "to_bus": 291, "length_km": 210.44249443092255, "voltage_assumed_kv": 345.0, "thermal_mw": 1068.75, "reactance_pu": 0.39228858962111035, "is_interregional": true, "is_manual_override": false, "is_eia930_calibrated": true, "is_density_fill": false }, "geometry": { "type": "LineString", "coordinates": [ [ -111.866129419762785, 43.254764957220992 ], [ -109.696986036877149, 44.317281177456884 ] ] } },
{ "type": "Feature", "properties": { "line_id": 495, "from_bus": 58, "to_bus": 498, "length_km": 212.11440223246956, "voltage_assumed_kv": 345.0, "thermal_mw": 1200.0, "reactance_pu": 0.39540521468877554, "is_interregional": true, "is_manual_override": false, "is_eia930_calibrated": false, "is_density_fill": false }, "geometry": { "type": "LineString", "coordinates": [ [ -105.205413127611521, 30.424747612256141 ], [ -106.49875074193551, 31.979188774193553 ] ] } },
{ "type": "Feature", "properties": { "line_id": 496, "from_bus": 447, "to_bus": 496, "length_km": 213.7587666486846, "voltage_assumed_kv": 345.0, "thermal_mw": 145.625, "reactance_pu": 0.39847049577377941, "is_interregional": true, "is_manual_override": false, "is_eia930_calibrated": true, "is_density_fill": false }, "geometry": { "type": "LineString", "coordinates": [ [ -100.391296046200878, 38.016949311618795 ], [ -102.847739119265938, 38.11699187701273 ] ] } },
{ "type": "Feature", "properties": { "line_id": 497, "from_bus": 19, "to_bus": 237, "length_km": 216.07430429956719, "voltage_assumed_kv": 345.0, "thermal_mw": 1200.0, "reactance_pu": 0.40278691961077911, "is_interregional": true, "is_manual_override": false, "is_eia930_calibrated": false, "is_density_fill": false }, "geometry": { "type": "LineString", "coordinates": [ [ -115.12656250222895, 48.14943173705889 ], [ -112.344509406150934, 48.681332238642433 ] ] } },
{ "type": "Feature", "properties": { "line_id": 498, "from_bus": 434, "to_bus": 458, "length_km": 223.48274279099866, "voltage_assumed_kv": 345.0, "thermal_mw": 1200.0, "reactance_pu": 0.41659708611235691, "is_interregional": false, "is_manual_override": false, "is_eia930_calibrated": false, "is_density_fill": false }, "geometry": { "type": "LineString", "coordinates": [ [ -99.783584193557857, 44.134799592011156 ], [ -98.39722656831826, 45.887488985896717 ] ] } },
{ "type": "Feature", "properties": { "line_id": 499, "from_bus": 278, "to_bus": 497, "length_km": 227.90874640780703, "voltage_assumed_kv": 345.0, "thermal_mw": 1200.0, "reactance_pu": 0.42484765699249633, "is_interregional": true, "is_manual_override": false, "is_eia930_calibrated": false, "is_density_fill": false }, "geometry": { "type": "LineString", "coordinates": [ [ -109.971563526023942, 46.39522200392129 ], [ -107.758432218763176, 47.778824990864763 ] ] } },
{ "type": "Feature", "properties": { "line_id": 500, "from_bus": 386, "to_bus": 388, "length_km": 229.10995441891637, "voltage_assumed_kv": 345.0, "thermal_mw": 1200.0, "reactance_pu": 0.42708684446170947, "is_interregional": false, "is_manual_override": false, "is_eia930_calibrated": false, "is_density_fill": false }, "geometry": { "type": "LineString", "coordinates": [ [ -106.323417637925502, 35.026586473076513 ], [ -108.22061141227843, 36.397250641625838 ] ] } },
{ "type": "Feature", "properties": { "line_id": 501, "from_bus": 399, "to_bus": 497, "length_km": 249.97831450207266, "voltage_assumed_kv": 345.0, "thermal_mw": 1200.0, "reactance_pu": 0.46598782578140219, "is_interregional": true, "is_manual_override": false, "is_eia930_calibrated": false, "is_density_fill": false }, "geometry": { "type": "LineString", "coordinates": [ [ -104.683677769813471, 48.65528619191381 ], [ -107.758432218763176, 47.778824990864763 ] ] } },
{ "type": "Feature", "properties": { "line_id": 502, "from_bus": 2, "to_bus": 57, "length_km": 277.22515581105307, "voltage_assumed_kv": 345.0, "thermal_mw": 1200.0, "reactance_pu": 0.51677901687440952, "is_interregional": true, "is_manual_override": false, "is_eia930_calibrated": false, "is_density_fill": false }, "geometry": { "type": "LineString", "coordinates": [ [ -149.132191071524119, 61.149534597202944 ], [ -152.079107955350025, 63.355956140961936 ] ] } },
{ "type": "Feature", "properties": { "line_id": 503, "from_bus": 248, "to_bus": 279, "length_km": 375.62705370554676, "voltage_assumed_kv": 345.0, "thermal_mw": 1200.0, "reactance_pu": 0.70021127396420779, "is_interregional": true, "is_manual_override": false, "is_eia930_calibrated": false, "is_density_fill": false }, "geometry": { "type": "LineString", "coordinates": [ [ -68.09567067825553, 45.811964060430313 ], [ -63.387795155410387, 45.13694706734745 ] ] } },
{ "type": "Feature", "properties": { "line_id": 504, "from_bus": 2, "to_bus": 392, "length_km": 2249.3254226692288, "voltage_assumed_kv": 345.0, "thermal_mw": 1200.0, "reactance_pu": 4.192996761628204, "is_interregional": true, "is_manual_override": false, "is_eia930_calibrated": false, "is_density_fill": false }, "geometry": { "type": "LineString", "coordinates": [ [ -149.132191071524119, 61.149534597202944 ], [ -121.855889492758919, 48.696611756981724 ] ] } },
{ "type": "Feature", "properties": { "line_id": 505, "from_bus": 47, "to_bus": 152, "length_km": 3793.3010705511483, "voltage_assumed_kv": 345.0, "thermal_mw": 1200.0, "reactance_pu": 7.0711418385283125, "is_interregional": true, "is_manual_override": false, "is_eia930_calibrated": false, "is_density_fill": false }, "geometry": { "type": "LineString", "coordinates": [ [ -122.866566431829412, 38.578311313916949 ], [ -156.32886678790473, 20.254187526002589 ] ] } },
{ "type": "Feature", "properties": { "line_id": 506, "from_bus": 275, "to_bus": 327, "length_km": 30.052175883970381, "voltage_assumed_kv": 115.0, "thermal_mw": 67.723880597014926, "reactance_pu": 0.056020651743595683, "is_interregional": true, "is_manual_override": false, "is_eia930_calibrated": true, "is_density_fill": true }, "geometry": { "type": "LineString", "coordinates": [ [ -73.893611693615171, 41.163825004544208 ], [ -74.167123810634095, 40.988953528059362 ] ] } },
{ "type": "Feature", "properties": { "line_id": 507, "from_bus": 393, "to_bus": 462, "length_km": 31.593559815742914, "voltage_assumed_kv": 115.0, "thermal_mw": 98.75, "reactance_pu": 0.058893965568803969, "is_interregional": true, "is_manual_override": false, "is_eia930_calibrated": true, "is_density_fill": true }, "geometry": { "type": "LineString", "coordinates": [ [ -121.571475755203039, 47.267404922448343 ], [ -121.98661538453068, 47.264170196138501 ] ] } },
{ "type": "Feature", "properties": { "line_id": 508, "from_bus": 1, "to_bus": 59, "length_km": 37.696522916553519, "voltage_assumed_kv": 115.0, "thermal_mw": 6.5909090909090908, "reactance_pu": 0.070270578423545324, "is_interregional": true, "is_manual_override": false, "is_eia930_calibrated": true, "is_density_fill": true }, "geometry": { "type": "LineString", "coordinates": [ [ -80.139898944692135, 35.557723936659656 ], [ -80.52217397666405, 35.697017103953641 ] ] } },
{ "type": "Feature", "properties": { "line_id": 509, "from_bus": 143, "to_bus": 394, "length_km": 40.833544566171618, "voltage_assumed_kv": 115.0, "thermal_mw": 150.0, "reactance_pu": 0.076118341261879885, "is_interregional": true, "is_manual_override": false, "is_eia930_calibrated": false, "is_density_fill": true }, "geometry": { "type": "LineString", "coordinates": [ [ -81.262086693838526, 28.657253318914034 ], [ -81.236025993493541, 28.288655843672124 ] ] } },
{ "type": "Feature", "properties": { "line_id": 510, "from_bus": 263, "to_bus": 327, "length_km": 41.462090986928551, "voltage_assumed_kv": 115.0, "thermal_mw": 67.723880597014926, "reactance_pu": 0.077290022815916334, "is_interregional": true, "is_manual_override": false, "is_eia930_calibrated": true, "is_density_fill": true }, "geometry": { "type": "LineString", "coordinates": [ [ -73.866730991923035, 40.694414239637922 ], [ -74.167123810634095, 40.988953528059362 ] ] } },
{ "type": "Feature", "properties": { "line_id": 511, "from_bus": 295, "to_bus": 351, "length_km": 45.728297966481556, "voltage_assumed_kv": 115.0, "thermal_mw": 150.0, "reactance_pu": 0.08524271470719183, "is_interregional": false, "is_manual_override": false, "is_eia930_calibrated": false, "is_density_fill": true }, "geometry": { "type": "LineString", "coordinates": [ [ -75.016360314007798, 39.654423440885367 ], [ -75.54372759110214, 39.575585391948259 ] ] } },
{ "type": "Feature", "properties": { "line_id": 512, "from_bus": 143, "to_bus": 261, "length_km": 46.30792648602155, "voltage_assumed_kv": 115.0, "thermal_mw": 150.0, "reactance_pu": 0.086323207765637094, "is_interregional": true, "is_manual_override": false, "is_eia930_calibrated": false, "is_density_fill": true }, "geometry": { "type": "LineString", "coordinates": [ [ -81.262086693838526, 28.657253318914034 ], [ -81.148175925323983, 29.063411910405783 ] ] } },
{ "type": "Feature", "properties": { "line_id": 513, "from_bus": 80, "to_bus": 310, "length_km": 46.451495428628576, "voltage_assumed_kv": 115.0, "thermal_mw": 150.0, "reactance_pu": 0.086590836497947091, "is_interregional": true, "is_manual_override": false, "is_eia930_calibrated": false, "is_density_fill": true }, "geometry": { "type": "LineString", "coordinates": [ [ -84.769124303588114, 38.749185670020367 ], [ -85.282204368231532, 38.622094021595295 ] ] } },
{ "type": "Feature", "properties": { "line_id": 514, "from_bus": 109, "to_bus": 128, "length_km": 48.810527770034376, "voltage_assumed_kv": 115.0, "thermal_mw": 150.0, "reactance_pu": 0.090988339352982089, "is_interregional": false, "is_manual_override": false, "is_eia930_calibrated": false, "is_density_fill": true }, "geometry": { "type": "LineString", "coordinates": [ [ -97.848298161934338, 30.263868400835634 ], [ -97.600207863024096, 30.6476091753315 ] ] } },
{ "type": "Feature", "properties": { "line_id": 515, "from_bus": 96, "to_bus": 118, "length_km": 50.166144412581794, "voltage_assumed_kv": 230.0, "thermal_mw": 500.0, "reactance_pu": 0.093515361959371088, "is_interregional": false, "is_manual_override": false, "is_eia930_calibrated": false, "is_density_fill": true }, "geometry": { "type": "LineString", "coordinates": [ [ -96.77777333716044, 32.766489241279032 ], [ -96.795022976915277, 32.316885105872601 ] ] } },
{ "type": "Feature", "properties": { "line_id": 516, "from_bus": 271, "to_bus": 327, "length_km": 50.252764169954041, "voltage_assumed_kv": 345.0, "thermal_mw": 541.79104477611941, "reactance_pu": 0.093676830975145536, "is_interregional": true, "is_manual_override": false, "is_eia930_calibrated": true, "is_density_fill": true }, "geometry": { "type": "LineString", "coordinates": [ [ -74.33266462069659, 41.4206338194073 ], [ -74.167123810634095, 40.988953528059362 ] ] } },
{ "type": "Feature", "properties": { "line_id": 517, "from_bus": 297, "to_bus": 344, "length_km": 50.304624761949782, "voltage_assumed_kv": 230.0, "thermal_mw": 500.0, "reactance_pu": 0.093773504978872504, "is_interregional": false, "is_manual_override": false, "is_eia930_calibrated": false, "is_density_fill": true }, "geometry": { "type": "LineString", "coordinates": [ [ -77.476566314177234, 38.76626383497166 ], [ -77.267121222682675, 39.185446097052314 ] ] } },
{ "type": "Feature", "properties": { "line_id": 518, "from_bus": 326, "to_bus": 371, "length_km": 51.967366790435179, "voltage_assumed_kv": 230.0, "thermal_mw": 500.0, "reactance_pu": 0.096873044009818499, "is_interregional": false, "is_manual_override": false, "is_eia930_calibrated": false, "is_density_fill": true }, "geometry": { "type": "LineString", "coordinates": [ [ -76.822387143717577, 38.889368950792914 ], [ -76.46984917593241, 38.513159188443836 ] ] } },
{ "type": "Feature", "properties": { "line_id": 519, "from_bus": 326, "to_bus": 365, "length_km": 55.669089704938017, "voltage_assumed_kv": 230.0, "thermal_mw": 500.0, "reactance_pu": 0.10377347381714114, "is_interregional": false, "is_manual_override": false, "is_eia930_calibrated": false, "is_density_fill": true }, "geometry": { "type": "LineString", "coordinates": [ [ -76.822387143717577, 38.889368950792914 ], [ -76.993174664116196, 38.41039244094312 ] ] } },
{ "type": "Feature", "properties": { "line_id": 520, "from_bus": 110, "to_bus": 122, "length_km": 56.171270092531337, "voltage_assumed_kv": 230.0, "thermal_mw": 500.0, "reactance_pu": 0.10470959480599885, "is_interregional": false, "is_manual_override": false, "is_eia930_calibrated": false, "is_density_fill": true }, "geometry": { "type": "LineString", "coordinates": [ [ -96.521987296165548, 33.18136500056805 ], [ -97.124349866256111, 33.239756186861875 ] ] } },
{ "type": "Feature", "properties": { "line_id": 521, "from_bus": 263, "to_bus": 303, "length_km": 56.981333826799606, "voltage_assumed_kv": 345.0, "thermal_mw": 541.79104477611941, "reactance_pu": 0.10621964514387688, "is_interregional": true, "is_manual_override": false, "is_eia930_calibrated": true, "is_density_fill": true }, "geometry": { "type": "LineString", "coordinates": [ [ -73.866730991923035, 40.694414239637922 ], [ -74.430826529480427, 40.41164391421519 ] ] } },
{ "type": "Feature", "properties": { "line_id": 522, "from_bus": 64, "to_bus": 65, "length_km": 57.012843008633268, "voltage_assumed_kv": 230.0, "thermal_mw": 500.0, "reactance_pu": 0.10627838181935238, "is_interregional": false, "is_manual_override": false, "is_eia930_calibrated": false, "is_density_fill": true }, "geometry": { "type": "LineString", "coordinates": [ [ -81.604636765130437, 35.221037549156897 ], [ -81.259456398390583, 35.648124421908882 ] ] } },
{ "type": "Feature", "properties": { "line_id": 523, "from_bus": 303, "to_bus": 355, "length_km": 60.561694934358215, "voltage_assumed_kv": 230.0, "thermal_mw": 500.0, "reactance_pu": 0.1128938428291713, "is_interregional": false, "is_manual_override": false, "is_eia930_calibrated": false, "is_density_fill": true }, "geometry": { "type": "LineString", "coordinates": [ [ -74.430826529480427, 40.41164391421519 ], [ -74.439483570592003, 39.871139550254 ] ] } },
{ "type": "Feature", "properties": { "line_id": 524, "from_bus": 298, "to_bus": 368, "length_km": 63.370691205523819, "voltage_assumed_kv": 230.0, "thermal_mw": 500.0, "reactance_pu": 0.1181301292952026, "is_interregional": false, "is_manual_override": false, "is_eia930_calibrated": false, "is_density_fill": true }, "geometry": { "type": "LineString", "coordinates": [ [ -80.125498531755511, 40.521535231075113 ], [ -79.506381224211296, 40.846300577499022 ] ] } },
{ "type": "Feature", "properties": { "line_id": 525, "from_bus": 110, "to_bus": 111, "length_km": 65.628243436027063, "voltage_assumed_kv": 230.0, "thermal_mw": 500.0, "reactance_pu": 0.1223384617562627, "is_interregional": false, "is_manual_override": false, "is_eia930_calibrated": false, "is_density_fill": true }, "geometry": { "type": "LineString", "coordinates": [ [ -96.521987296165548, 33.18136500056805 ], [ -96.269014020844111, 32.632293863408677 ] ] } },
{ "type": "Feature", "properties": { "line_id": 526, "from_bus": 317, "to_bus": 326, "length_km": 65.729969976056594, "voltage_assumed_kv": 230.0, "thermal_mw": 500.0, "reactance_pu": 0.12252809152197679, "is_interregional": false, "is_manual_override": false, "is_eia930_calibrated": false, "is_density_fill": true }, "geometry": { "type": "LineString", "coordinates": [ [ -76.553809608230452, 39.438783352875944 ], [ -76.822387143717577, 38.889368950792914 ] ] } },
{ "type": "Feature", "properties": { "line_id": 527, "from_bus": 9, "to_bus": 160, "length_km": 66.580733707904159, "voltage_assumed_kv": 345.0, "thermal_mw": 39.375, "reactance_pu": 0.12411401125444234, "is_interregional": true, "is_manual_override": false, "is_eia930_calibrated": true, "is_density_fill": true }, "geometry": { "type": "LineString", "coordinates": [ [ -116.000135147637721, 33.812895769110021 ], [ -115.36288059804177, 33.531247385947147 ] ] } },
{ "type": "Feature", "properties": { "line_id": 528, "from_bus": 136, "to_bus": 143, "length_km": 67.79093277492106, "voltage_assumed_kv": 230.0, "thermal_mw": 500.0, "reactance_pu": 0.12636995906785642, "is_interregional": false, "is_manual_override": false, "is_eia930_calibrated": false, "is_density_fill": true }, "geometry": { "type": "LineString", "coordinates": [ [ -80.701005673543051, 28.299735936874153 ], [ -81.262086693838526, 28.657253318914034 ] ] } },
{ "type": "Feature", "properties": { "line_id": 529, "from_bus": 138, "to_bus": 145, "length_km": 68.61018357537003, "voltage_assumed_kv": 230.0, "thermal_mw": 500.0, "reactance_pu": 0.12789713513523374, "is_interregional": false, "is_manual_override": false, "is_eia930_calibrated": false, "is_density_fill": true }, "geometry": { "type": "LineString", "coordinates": [ [ -81.724711193738472, 30.506773880266749 ], [ -81.486326739141887, 29.924288832225393 ] ] } },
{ "type": "Feature", "properties": { "line_id": 530, "from_bus": 377, "to_bus": 488, "length_km": 69.870254479601172, "voltage_assumed_kv": 345.0, "thermal_mw": 39.702020202020186, "reactance_pu": 0.13024604968873277, "is_interregional": true, "is_manual_override": false, "is_eia930_calibrated": true, "is_density_fill": true }, "geometry": { "type": "LineString", "coordinates": [ [ -105.097273398695123, 39.634060976912984 ], [ -104.337846810115266, 39.874111415385833 ] ] } },
{ "type": "Feature", "properties": { "line_id": 531, "from_bus": 315, "to_bus": 340, "length_km": 69.898561713779628, "voltage_assumed_kv": 230.0, "thermal_mw": 500.0, "reactance_pu": 0.13029881757195888, "is_interregional": false, "is_manual_override": false, "is_eia930_calibrated": false, "is_density_fill": true }, "geometry": { "type": "LineString", "coordinates": [ [ -88.555793669254882, 41.345349877564004 ], [ -88.273706881871036, 41.934160875267388 ] ] } },
{ "type": "Feature", "properties": { "line_id": 532, "from_bus": 141, "to_bus": 147, "length_km": 70.452165165120434, "voltage_assumed_kv": 345.0, "thermal_mw": 27.777777777777779, "reactance_pu": 0.13133079696244815, "is_interregional": true, "is_manual_override": false, "is_eia930_calibrated": true, "is_density_fill": true }, "geometry": { "type": "LineString", "coordinates": [ [ -81.638642956026658, 29.576647567347429 ], [ -82.357583234064208, 29.674758508055973 ] ] } },
{ "type": "Feature", "properties": { "line_id": 533, "from_bus": 80, "to_bus": 163, "length_km": 70.639077820963649, "voltage_assumed_kv": 345.0, "thermal_mw": 1200.0, "reactance_pu": 0.13167922327407, "is_interregional": true, "is_manual_override": false, "is_eia930_calibrated": false, "is_density_fill": true }, "geometry": { "type": "LineString", "coordinates": [ [ -84.769124303588114, 38.749185670020367 ], [ -85.206924594100329, 38.216961049305681 ] ] } },
{ "type": "Feature", "properties": { "line_id": 534, "from_bus": 339, "to_bus": 356, "length_km": 71.828103111224578, "voltage_assumed_kv": 230.0, "thermal_mw": 500.0, "reactance_pu": 0.13389570077497417, "is_interregional": false, "is_manual_override": false, "is_eia930_calibrated": false, "is_density_fill": true }, "geometry": { "type": "LineString", "coordinates": [ [ -76.726195187697542, 39.919858515105453 ], [ -76.248739168903683, 40.450566852927018 ] ] } },
{ "type": "Feature", "properties": { "line_id": 535, "from_bus": 304, "to_bus": 317, "length_km": 72.455705298283121, "voltage_assumed_kv": 230.0, "thermal_mw": 500.0, "reactance_pu": 0.13506562217069845, "is_interregional": false, "is_manual_override": false, "is_eia930_calibrated": false, "is_density_fill": true }, "geometry": { "type": "LineString", "coordinates": [ [ -76.247582309772028, 40.04228199362349 ], [ -76.553809608230452, 39.438783352875944 ] ] } },
{ "type": "Feature", "properties": { "line_id": 536, "from_bus": 319, "to_bus": 345, "length_km": 73.528065213814642, "voltage_assumed_kv": 230.0, "thermal_mw": 500.0, "reactance_pu": 0.13706462222991964, "is_interregional": false, "is_manual_override": false, "is_eia930_calibrated": false, "is_density_fill": true }, "geometry": { "type": "LineString", "coordinates": [ [ -77.464462994755209, 37.534128746944894 ], [ -78.152838543634644, 37.912084086968861 ] ] } },
{ "type": "Feature", "properties": { "line_id": 537, "from_bus": 131, "to_bus": 136, "length_km": 74.535051092906457, "voltage_assumed_kv": 345.0, "thermal_mw": 385.00000000000006, "reactance_pu": 0.13894175769795114, "is_interregional": true, "is_manual_override": false, "is_eia930_calibrated": true, "is_density_fill": true }, "geometry": { "type": "LineString", "coordinates": [ [ -81.411374058095817, 28.067274295536329 ], [ -80.701005673543051, 28.299735936874153 ] ] } },
{ "type": "Feature", "properties": { "line_id": 538, "from_bus": 131, "to_bus": 464, "length_km": 74.961953586859195, "voltage_assumed_kv": 345.0, "thermal_mw": 616.25, "reactance_pu": 0.13973755218666084, "is_interregional": true, "is_manual_override": false, "is_eia930_calibrated": true, "is_density_fill": true }, "geometry": { "type": "LineString", "coordinates": [ [ -81.411374058095817, 28.067274295536329 ], [ -82.171320938371935, 28.061524564741077 ] ] } },
{ "type": "Feature", "properties": { "line_id": 539, "from_bus": 72, "to_bus": 147, "length_km": 75.487558868021409, "voltage_assumed_kv": 345.0, "thermal_mw": 93.75, "reactance_pu": 0.140717339824144, "is_interregional": true, "is_manual_override": false, "is_eia930_calibrated": true, "is_density_fill": true }, "geometry": { "type": "LineString", "coordinates": [ [ -82.431894569333281, 28.99658958722339 ], [ -82.357583234064208, 29.674758508055973 ] ] } },
{ "type": "Feature", "properties": { "line_id": 540, "from_bus": 355, "to_bus": 358, "length_km": 75.883570431537791, "voltage_assumed_kv": 230.0, "thermal_mw": 500.0, "reactance_pu": 0.14145555012784519, "is_interregional": false, "is_manual_override": false, "is_eia930_calibrated": false, "is_density_fill": true }, "geometry": { "type": "LineString", "coordinates": [ [ -74.439483570592003, 39.871139550254 ], [ -75.326546165299632, 39.964996140411714 ] ] } },
{ "type": "Feature", "properties": { "line_id": 541, "from_bus": 347, "to_bus": 353, "length_km": 75.961367307395548, "voltage_assumed_kv": 230.0, "thermal_mw": 500.0, "reactance_pu": 0.14160057229549106, "is_interregional": false, "is_manual_override": false, "is_eia930_calibrated": false, "is_density_fill": true }, "geometry": { "type": "LineString", "coordinates": [ [ -80.688574371859801, 39.871308494059896 ], [ -80.351374933718091, 39.243763677902031 ] ] } },
{ "type": "Feature", "properties": { "line_id": 542, "from_bus": 189, "to_bus": 312, "length_km": 76.264385808750831, "voltage_assumed_kv": 345.0, "thermal_mw": 741.52282157676291, "reactance_pu": 0.14216543302310794, "is_interregional": true, "is_manual_override": false, "is_eia930_calibrated": true, "is_density_fill": true }, "geometry": { "type": "LineString", "coordinates": [ [ -86.886762985159763, 41.494277312205959 ], [ -86.04575018327057, 41.773903724177664 ] ] } },
{ "type": "Feature", "properties": { "line_id": 543, "from_bus": 376, "to_bus": 488, "length_km": 76.333756835780804, "voltage_assumed_kv": 345.0, "thermal_mw": 39.702020202020186, "reactance_pu": 0.14229474845641787, "is_interregional": true, "is_manual_override": false, "is_eia930_calibrated": true, "is_density_fill": true }, "geometry": { "type": "LineString", "coordinates": [ [ -104.393718496071443, 40.554159270488398 ], [ -104.337846810115266, 39.874111415385833 ] ] } },
{ "type": "Feature", "properties": { "line_id": 544, "from_bus": 298, "to_bus": 363, "length_km": 76.538964215507193, "voltage_assumed_kv": 230.0, "thermal_mw": 500.0, "reactance_pu": 0.14267727820066176, "is_interregional": false, "is_manual_override": false, "is_eia930_calibrated": false, "is_density_fill": true }, "geometry": { "type": "LineString", "coordinates": [ [ -80.125498531755511, 40.521535231075113 ], [ -79.459102695896974, 40.057388954429157 ] ] } },
{ "type": "Feature", "properties": { "line_id": 545, "from_bus": 299, "to_bus": 348, "length_km": 76.717224425797539, "voltage_assumed_kv": 230.0, "thermal_mw": 500.0, "reactance_pu": 0.14300957537604672, "is_interregional": false, "is_manual_override": false, "is_eia930_calibrated": false, "is_density_fill": true }, "geometry": { "type": "LineString", "coordinates": [ [ -75.906907456654878, 41.235808211335595 ], [ -76.455414662105497, 41.788100868834306 ] ] } },
{ "type": "Feature", "properties": { "line_id": 546, "from_bus": 1, "to_bus": 67, "length_km": 76.750928342709685, "voltage_assumed_kv": 345.0, "thermal_mw": 52.727272727272727, "reactance_pu": 0.14307240328571358, "is_interregional": true, "is_manual_override": false, "is_eia930_calibrated": true, "is_density_fill": true }, "geometry": { "type": "LineString", "coordinates": [ [ -80.139898944692135, 35.557723936659656 ], [ -79.714789261271676, 36.153012158664815 ] ] } },
{ "type": "Feature", "properties": { "line_id": 547, "from_bus": 70, "to_bus": 134, "length_km": 76.925315903633205, "voltage_assumed_kv": 345.0, "thermal_mw": 364.87804878048775, "reactance_pu": 0.14339748140506939, "is_interregional": true, "is_manual_override": false, "is_eia930_calibrated": true, "is_density_fill": true }, "geometry": { "type": "LineString", "coordinates": [ [ -82.709815155341644, 28.026135169785654 ], [ -82.365721067038749, 27.401120755709751 ] ] } },
{ "type": "Feature", "properties": { "line_id": 548, "from_bus": 298, "to_bus": 333, "length_km": 77.497448165551617, "voltage_assumed_kv": 230.0, "thermal_mw": 500.0, "reactance_pu": 0.14446400059223091, "is_interregional": false, "is_manual_override": false, "is_eia930_calibrated": false, "is_density_fill": true }, "geometry": { "type": "LineString", "coordinates": [ [ -80.125498531755511, 40.521535231075113 ], [ -80.271759273635496, 41.204899147512855 ] ] } },
{ "type": "Feature", "properties": { "line_id": 549, "from_bus": 162, "to_bus": 470, "length_km": 78.324762827749666, "voltage_assumed_kv": 345.0, "thermal_mw": 290.0, "reactance_pu": 0.14600620860912492, "is_interregional": true, "is_manual_override": false, "is_eia930_calibrated": true, "is_density_fill": true }, "geometry": { "type": "LineString", "coordinates": [ [ -82.811466700959912, 36.95377324611497 ], [ -82.522992507344355, 36.292892046812462 ] ] } },
{ "type": "Feature", "properties": { "line_id": 550, "from_bus": 304, "to_bus": 358, "length_km": 78.41579289813015, "voltage_assumed_kv": 230.0, "thermal_mw": 500.0, "reactance_pu": 0.14617589894671207, "is_interregional": false, "is_manual_override": false, "is_eia930_calibrated": false, "is_density_fill": true }, "geometry": { "type": "LineString", "coordinates": [ [ -76.247582309772028, 40.04228199362349 ], [ -75.326546165299632, 39.964996140411714 ] ] } },
{ "type": "Feature", "properties": { "line_id": 551, "from_bus": 84, "to_bus": 94, "length_km": 79.005688607214609, "voltage_assumed_kv": 230.0, "thermal_mw": 500.0, "reactance_pu": 0.14727553120666065, "is_interregional": false, "is_manual_override": false, "is_eia930_calibrated": false, "is_density_fill": true }, "geometry": { "type": "LineString", "coordinates": [ [ -95.397591193407777, 29.879724903044817 ], [ -95.434371585021552, 29.167724074564109 ] ] } },
{ "type": "Feature", "properties": { "line_id": 552, "from_bus": 304, "to_bus": 351, "length_km": 79.381186870554359, "voltage_assumed_kv": 230.0, "thermal_mw": 500.0, "reactance_pu": 0.14797550240082971, "is_interregional": false, "is_manual_override": false, "is_eia930_calibrated": false, "is_density_fill": true }, "geometry": { "type": "LineString", "coordinates": [ [ -76.247582309772028, 40.04228199362349 ], [ -75.54372759110214, 39.575585391948259 ] ] } },
{ "type": "Feature", "properties": { "line_id": 553, "from_bus": 303, "to_bus": 332, "length_km": 79.739311076584912, "voltage_assumed_kv": 230.0, "thermal_mw": 500.0, "reactance_pu": 0.14864308638890592, "is_interregional": false, "is_manual_override": false, "is_eia930_calibrated": false, "is_density_fill": true }, "geometry": { "type": "LineString", "coordinates": [ [ -74.430826529480427, 40.41164391421519 ], [ -75.261569697377752, 40.757015544230264 ] ] } },
{ "type": "Feature", "properties": { "line_id": 554, "from_bus": 66, "to_bus": 79, "length_km": 80.717002709792325, "voltage_assumed_kv": 345.0, "thermal_mw": 97.1875, "reactance_pu": 0.15046561407235912, "is_interregional": true, "is_manual_override": false, "is_eia930_calibrated": true, "is_density_fill": true }, "geometry": { "type": "LineString", "coordinates": [ [ -82.181279462047627, 34.823704404632537 ], [ -82.407062410429319, 35.521617601899322 ] ] } },
{ "type": "Feature", "properties": { "line_id": 555, "from_bus": 68, "to_bus": 78, "length_km": 81.524124052480076, "voltage_assumed_kv": 345.0, "thermal_mw": 581.64, "reactance_pu": 0.15197017945984079, "is_interregional": true, "is_manual_override": false, "is_eia930_calibrated": true, "is_density_fill": true }, "geometry": { "type": "LineString", "coordinates": [ [ -80.851832026359233, 35.264068794943377 ], [ -79.970869876000023, 35.104743694792298 ] ] } },
{ "type": "Feature", "properties": { "line_id": 556, "from_bus": 324, "to_bus": 355, "length_km": 81.741452438480081, "voltage_assumed_kv": 230.0, "thermal_mw": 500.0, "reactance_pu": 0.15237530412945241, "is_interregional": false, "is_manual_override": false, "is_eia930_calibrated": false, "is_density_fill": true }, "geometry": { "type": "LineString", "coordinates": [ [ -75.252081896236945, 40.26649946204364 ], [ -74.439483570592003, 39.871139550254 ] ] } },
{ "type": "Feature", "properties": { "line_id": 557, "from_bus": 336, "to_bus": 344, "length_km": 81.832613933881134, "voltage_assumed_kv": 230.0, "thermal_mw": 500.0, "reactance_pu": 0.15254523945812895, "is_interregional": false, "is_manual_override": false, "is_eia930_calibrated": false, "is_density_fill": true }, "geometry": { "type": "LineString", "coordinates": [ [ -78.200719732526863, 39.031159265992081 ], [ -77.267121222682675, 39.185446097052314 ] ] } },
{ "type": "Feature", "properties": { "line_id": 558, "from_bus": 105, "to_bus": 108, "length_km": 82.140579116057225, "voltage_assumed_kv": 230.0, "thermal_mw": 500.0, "reactance_pu": 0.15311932135777076, "is_interregional": false, "is_manual_override": false, "is_eia930_calibrated": false, "is_density_fill": true }, "geometry": { "type": "LineString", "coordinates": [ [ -95.823881408963658, 29.510091988967652 ], [ -96.004270064967272, 28.7855753157179 ] ] } },
{ "type": "Feature", "properties": { "line_id": 559, "from_bus": 309, "to_bus": 372, "length_km": 82.207662067781285, "voltage_assumed_kv": 230.0, "thermal_mw": 500.0, "reactance_pu": 0.15324437156015797, "is_interregional": false, "is_manual_override": false, "is_eia930_calibrated": false, "is_density_fill": true }, "geometry": { "type": "LineString", "coordinates": [ [ -81.561398851043222, 41.00954023872 ], [ -81.003727314719455, 41.616190396154728 ] ] } },
{ "type": "Feature", "properties": { "line_id": 560, "from_bus": 94, "to_bus": 106, "length_km": 82.645354177736351, "voltage_assumed_kv": 230.0, "thermal_mw": 500.0, "reactance_pu": 0.15406027911232265, "is_interregional": false, "is_manual_override": false, "is_eia930_calibrated": false, "is_density_fill": true }, "geometry": { "type": "LineString", "coordinates": [ [ -95.434371585021552, 29.167724074564109 ], [ -94.737347501553685, 29.595701947561977 ] ] } },
{ "type": "Feature", "properties": { "line_id": 561, "from_bus": 113, "to_bus": 124, "length_km": 82.919862058584471, "voltage_assumed_kv": 230.0, "thermal_mw": 500.0, "reactance_pu": 0.15457199282161407, "is_interregional": false, "is_manual_override": false, "is_eia930_calibrated": false, "is_density_fill": true }, "geometry": { "type": "LineString", "coordinates": [ [ -101.133555042432519, 31.8315431288617 ], [ -100.417841902355363, 32.266689505710097 ] ] } },
{ "type": "Feature", "properties": { "line_id": 562, "from_bus": 248, "to_bus": 254, "length_km": 82.973019226649868, "voltage_assumed_kv": 345.0, "thermal_mw": 342.5625, "reactance_pu": 0.15467108378964797, "is_interregional": true, "is_manual_override": false, "is_eia930_calibrated": true, "is_density_fill": true }, "geometry": { "type": "LineString", "coordinates": [ [ -68.09567067825553, 45.811964060430313 ], [ -68.947567590715352, 45.365315451616858 ] ] } },
{ "type": "Feature", "properties": { "line_id": 563, "from_bus": 257, "to_bus": 265, "length_km": 83.018151881518151, "voltage_assumed_kv": 345.0, "thermal_mw": 231.09375, "reactance_pu": 0.15475521615831242, "is_interregional": true, "is_manual_override": false, "is_eia930_calibrated": true, "is_density_fill": true }, "geometry": { "type": "LineString", "coordinates": [ [ -73.00273822271312, 41.353186747780086 ], [ -73.819812518226954, 41.783372584838219 ] ] } },
{ "type": "Feature", "properties": { "line_id": 564, "from_bus": 280, "to_bus": 313, "length_km": 83.023953664379093, "voltage_assumed_kv": 345.0, "thermal_mw": 1200.0, "reactance_pu": 0.15476603133716671, "is_interregional": true, "is_manual_override": false, "is_eia930_calibrated": false, "is_density_fill": true }, "geometry": { "type": "LineString", "coordinates": [ [ -83.780914951264918, 38.758719447505392 ], [ -84.508774119245842, 39.246839693448521 ] ] } },
{ "type": "Feature", "properties": { "line_id": 565, "from_bus": 296, "to_bus": 370, "length_km": 83.271141754939649, "voltage_assumed_kv": 230.0, "thermal_mw": 500.0, "reactance_pu": 0.1552268178702258, "is_interregional": false, "is_manual_override": false, "is_eia930_calibrated": false, "is_density_fill": true }, "geometry": { "type": "LineString", "coordinates": [ [ -87.644796982825071, 41.93443439195191 ], [ -86.635774455908546, 41.988133369463434 ] ] } },
{ "type": "Feature", "properties": { "line_id": 566, "from_bus": 332, "to_bus": 361, "length_km": 83.360355429789763, "voltage_assumed_kv": 230.0, "thermal_mw": 500.0, "reactance_pu": 0.15539312224129168, "is_interregional": false, "is_manual_override": false, "is_eia930_calibrated": false, "is_density_fill": true }, "geometry": { "type": "LineString", "coordinates": [ [ -75.261569697377752, 40.757015544230264 ], [ -74.266713355366576, 40.732165405647791 ] ] } },
{ "type": "Feature", "properties": { "line_id": 567, "from_bus": 138, "to_bus": 144, "length_km": 83.794718631928092, "voltage_assumed_kv": 230.0, "thermal_mw": 500.0, "reactance_pu": 0.15620282433311936, "is_interregional": false, "is_manual_override": false, "is_eia930_calibrated": false, "is_density_fill": true }, "geometry": { "type": "LineString", "coordinates": [ [ -81.724711193738472, 30.506773880266749 ], [ -82.441603218786994, 30.076666550347898 ] ] } },
{ "type": "Feature", "properties": { "line_id": 568, "from_bus": 20, "to_bus": 393, "length_km": 84.143495014664737, "voltage_assumed_kv": 345.0, "thermal_mw": 1719.375, "reactance_pu": 0.15685298292227173, "is_interregional": true, "is_manual_override": false, "is_eia930_calibrated": true, "is_density_fill": true }, "geometry": { "type": "LineString", "coordinates": [ [ -122.33370870524918, 46.718658150033733 ], [ -121.571475755203039, 47.267404922448343 ] ] } },
{ "type": "Feature", "properties": { "line_id": 569, "from_bus": 294, "to_bus": 362, "length_km": 84.750981190474192, "voltage_assumed_kv": 230.0, "thermal_mw": 500.0, "reactance_pu": 0.1579854057999184, "is_interregional": false, "is_manual_override": false, "is_eia930_calibrated": false, "is_density_fill": true }, "geometry": { "type": "LineString", "coordinates": [ [ -83.836756122032426, 38.632502870919993 ], [ -84.20039490995245, 37.930572385815601 ] ] } },
{ "type": "Feature", "properties": { "line_id": 570, "from_bus": 80, "to_bus": 280, "length_km": 85.083495374981467, "voltage_assumed_kv": 345.0, "thermal_mw": 1200.0, "reactance_pu": 0.15860524981394281, "is_interregional": true, "is_manual_override": false, "is_eia930_calibrated": false, "is_density_fill": true }, "geometry": { "type": "LineString", "coordinates": [ [ -84.769124303588114, 38.749185670020367 ], [ -83.780914951264918, 38.758719447505392 ] ] } },
{ "type": "Feature", "properties": { "line_id": 571, "from_bus": 422, "to_bus": 427, "length_km": 85.141090596933495, "voltage_assumed_kv": 230.0, "thermal_mw": 500.0, "reactance_pu": 0.15871261381592147, "is_interregional": false, "is_manual_override": false, "is_eia930_calibrated": false, "is_density_fill": true }, "geometry": { "type": "LineString", "coordinates": [ [ -83.94261085131447, 33.923551368683498 ], [ -84.814157590224013, 34.18771436776975 ] ] } },
{ "type": "Feature", "properties": { "line_id": 572, "from_bus": 99, "to_bus": 116, "length_km": 85.23350388211, "voltage_assumed_kv": 230.0, "thermal_mw": 500.0, "reactance_pu": 0.15888488262219172, "is_interregional": false, "is_manual_override": false, "is_eia930_calibrated": false, "is_density_fill": true }, "geometry": { "type": "LineString", "coordinates": [ [ -97.321807968347358, 30.093231175430649 ], [ -97.994310916295802, 29.595584376170738 ] ] } },
{ "type": "Feature", "properties": { "line_id": 573, "from_bus": 380, "to_bus": 492, "length_km": 85.366666779893649, "voltage_assumed_kv": 345.0, "thermal_mw": 39.702020202020186, "reactance_pu": 0.15913311331106786, "is_interregional": true, "is_manual_override": false, "is_eia930_calibrated": true, "is_density_fill": true }, "geometry": { "type": "LineString", "coordinates": [ [ -104.337675569957838, 39.785527053199729 ], [ -104.042134727830046, 40.514187758252838 ] ] } },
{ "type": "Feature", "properties": { "line_id": 574, "from_bus": 330, "to_bus": 344, "length_km": 85.5637754093365, "voltage_assumed_kv": 230.0, "thermal_mw": 500.0, "reactance_pu": 0.15950054606962449, "is_interregional": false, "is_manual_override": false, "is_eia930_calibrated": false, "is_density_fill": true }, "geometry": { "type": "LineString", "coordinates": [ [ -77.402224708367925, 39.942030556651723 ], [ -77.267121222682675, 39.185446097052314 ] ] } },
{ "type": "Feature", "properties": { "line_id": 575, "from_bus": 302, "to_bus": 307, "length_km": 85.589127895805817, "voltage_assumed_kv": 230.0, "thermal_mw": 500.0, "reactance_pu": 0.15954780596923424, "is_interregional": false, "is_manual_override": false, "is_eia930_calibrated": false, "is_density_fill": true }, "geometry": { "type": "LineString", "coordinates": [ [ -82.650668143122218, 38.102544056801534 ], [ -82.350637926225588, 38.830254513907811 ] ] } },
{ "type": "Feature", "properties": { "line_id": 576, "from_bus": 1, "to_bus": 62, "length_km": 85.787071640346255, "voltage_assumed_kv": 345.0, "thermal_mw": 52.727272727272727, "reactance_pu": 0.15991679547670079, "is_interregional": true, "is_manual_override": false, "is_eia930_calibrated": true, "is_density_fill": true }, "geometry": { "type": "LineString", "coordinates": [ [ -80.139898944692135, 35.557723936659656 ], [ -80.290120197732136, 36.314389956989132 ] ] } },
{ "type": "Feature", "properties": { "line_id": 577, "from_bus": 389, "to_bus": 400, "length_km": 85.952082029451134, "voltage_assumed_kv": 345.0, "thermal_mw": 1200.0, "reactance_pu": 0.16022439348816625, "is_interregional": true, "is_manual_override": false, "is_eia930_calibrated": false, "is_density_fill": true }, "geometry": { "type": "LineString", "coordinates": [ [ -120.8702515351888, 47.901579284882637 ], [ -121.836025629754602, 47.490724328427397 ] ] } },
{ "type": "Feature", "properties": { "line_id": 578, "from_bus": 306, "to_bus": 340, "length_km": 86.290634935898964, "voltage_assumed_kv": 230.0, "thermal_mw": 500.0, "reactance_pu": 0.16085549436226343, "is_interregional": false, "is_manual_override": false, "is_eia930_calibrated": false, "is_density_fill": true }, "geometry": { "type": "LineString", "coordinates": [ [ -89.318917055108798, 41.994180495769641 ], [ -88.273706881871036, 41.934160875267388 ] ] } },
{ "type": "Feature", "properties": { "line_id": 579, "from_bus": 118, "to_bus": 127, "length_km": 86.362875285313251, "voltage_assumed_kv": 230.0, "thermal_mw": 500.0, "reactance_pu": 0.16099015853673113, "is_interregional": false, "is_manual_override": false, "is_eia930_calibrated": false, "is_density_fill": true }, "geometry": { "type": "LineString", "coordinates": [ [ -96.795022976915277, 32.316885105872601 ], [ -96.752667796031147, 31.542485877636242 ] ] } },
{ "type": "Feature", "properties": { "line_id": 580, "from_bus": 324, "to_bus": 356, "length_km": 86.414264365544227, "voltage_assumed_kv": 230.0, "thermal_mw": 500.0, "reactance_pu": 0.16108595358924774, "is_interregional": false, "is_manual_override": false, "is_eia930_calibrated": false, "is_density_fill": true }, "geometry": { "type": "LineString", "coordinates": [ [ -75.252081896236945, 40.26649946204364 ], [ -76.248739168903683, 40.450566852927018 ] ] } },
{ "type": "Feature", "properties": { "line_id": 581, "from_bus": 198, "to_bus": 313, "length_km": 86.770627343199166, "voltage_assumed_kv": 345.0, "thermal_mw": 741.52282157676291, "reactance_pu": 0.16175025444861302, "is_interregional": true, "is_manual_override": false, "is_eia930_calibrated": true, "is_density_fill": true }, "geometry": { "type": "LineString", "coordinates": [ [ -85.398447767531408, 38.877666649497563 ], [ -84.508774119245842, 39.246839693448521 ] ] } },
{ "type": "Feature", "properties": { "line_id": 582, "from_bus": 222, "to_bus": 340, "length_km": 86.950023825495009, "voltage_assumed_kv": 345.0, "thermal_mw": 741.52282157676291, "reactance_pu": 0.16208466976341498, "is_interregional": true, "is_manual_override": false, "is_eia930_calibrated": true, "is_density_fill": true }, "geometry": { "type": "LineString", "coordinates": [ [ -88.959098091888109, 41.344905525107166 ], [ -88.273706881871036, 41.934160875267388 ] ] } },
{ "type": "Feature", "properties": { "line_id": 583, "from_bus": 298, "to_bus": 347, "length_km": 86.975654207723494, "voltage_assumed_kv": 230.0, "thermal_mw": 500.0, "reactance_pu": 0.16213244769212204, "is_interregional": false, "is_manual_override": false, "is_eia930_calibrated": false, "is_density_fill": true }, "geometry": { "type": "LineString", "coordinates": [ [ -80.125498531755511, 40.521535231075113 ], [ -80.688574371859801, 39.871308494059896 ] ] } },
{ "type": "Feature", "properties": { "line_id": 584, "from_bus": 100, "to_bus": 126, "length_km": 87.075500770138731, "voltage_assumed_kv": 230.0, "thermal_mw": 500.0, "reactance_pu": 0.16231857296712562, "is_interregional": false, "is_manual_override": false, "is_eia930_calibrated": false, "is_density_fill": true }, "geometry": { "type": "LineString", "coordinates": [ [ -96.082903478603598, 31.704523546371476 ], [ -96.527085869044711, 31.019626517387085 ] ] } },
{ "type": "Feature", "properties": { "line_id": 585, "from_bus": 295, "to_bus": 335, "length_km": 87.134357964405169, "voltage_assumed_kv": 230.0, "thermal_mw": 500.0, "reactance_pu": 0.1624282894281012, "is_interregional": false, "is_manual_override": false, "is_eia930_calibrated": false, "is_density_fill": true }, "geometry": { "type": "LineString", "coordinates": [ [ -75.016360314007798, 39.654423440885367 ], [ -75.462106336180199, 38.95515335708393 ] ] } },
{ "type": "Feature", "properties": { "line_id": 586, "from_bus": 317, "to_bus": 351, "length_km": 87.417200401292462, "voltage_assumed_kv": 230.0, "thermal_mw": 500.0, "reactance_pu": 0.16295553969165447, "is_interregional": false, "is_manual_override": false, "is_eia930_calibrated": false, "is_density_fill": true }, "geometry": { "type": "LineString", "coordinates": [ [ -76.553809608230452, 39.438783352875944 ], [ -75.54372759110214, 39.575585391948259 ] ] } },
{ "type": "Feature", "properties": { "line_id": 587, "from_bus": 304, "to_bus": 324, "length_km": 87.733536520696049, "voltage_assumed_kv": 230.0, "thermal_mw": 500.0, "reactance_pu": 0.16354522596420429, "is_interregional": false, "is_manual_override": false, "is_eia930_calibrated": false, "is_density_fill": true }, "geometry": { "type": "LineString", "coordinates": [ [ -76.247582309772028, 40.04228199362349 ], [ -75.252081896236945, 40.26649946204364 ] ] } },
{ "type": "Feature", "properties": { "line_id": 588, "from_bus": 389, "to_bus": 393, "length_km": 87.892590801800495, "voltage_assumed_kv": 345.0, "thermal_mw": 4.375, "reactance_pu": 0.16384172111731674, "is_interregional": true, "is_manual_override": false, "is_eia930_calibrated": true, "is_density_fill": true }, "geometry": { "type": "LineString", "coordinates": [ [ -120.8702515351888, 47.901579284882637 ], [ -121.571475755203039, 47.267404922448343 ] ] } },
{ "type": "Feature", "properties": { "line_id": 589, "from_bus": 102, "to_bus": 118, "length_km": 87.973352428656369, "voltage_assumed_kv": 230.0, "thermal_mw": 500.0, "reactance_pu": 0.1639922699158399, "is_interregional": false, "is_manual_override": false, "is_eia930_calibrated": false, "is_density_fill": true }, "geometry": { "type": "LineString", "coordinates": [ [ -97.730322258668991, 32.248981011180206 ], [ -96.795022976915277, 32.316885105872601 ] ] } },
{ "type": "Feature", "properties": { "line_id": 590, "from_bus": 314, "to_bus": 353, "length_km": 88.039414222333036, "voltage_assumed_kv": 230.0, "thermal_mw": 500.0, "reactance_pu": 0.16411541656423592, "is_interregional": false, "is_manual_override": false, "is_eia930_calibrated": false, "is_density_fill": true }, "geometry": { "type": "LineString", "coordinates": [ [ -81.361600313774318, 39.399335033736328 ], [ -80.351374933718091, 39.243763677902031 ] ] } },
{ "type": "Feature", "properties": { "line_id": 591, "from_bus": 363, "to_bus": 368, "length_km": 88.461134278353498, "voltage_assumed_kv": 230.0, "thermal_mw": 500.0, "reactance_pu": 0.16490155040302437, "is_interregional": false, "is_manual_override": false, "is_eia930_calibrated": false, "is_density_fill": true }, "geometry": { "type": "LineString", "coordinates": [ [ -79.459102695896974, 40.057388954429157 ], [ -79.506381224211296, 40.846300577499022 ] ] } },
{ "type": "Feature", "properties": { "line_id": 592, "from_bus": 253, "to_bus": 259, "length_km": 89.123558272700222, "voltage_assumed_kv": 230.0, "thermal_mw": 500.0, "reactance_pu": 0.16613638358239805, "is_interregional": false, "is_manual_override": false, "is_eia930_calibrated": false, "is_density_fill": true }, "geometry": { "type": "LineString", "coordinates": [ [ -70.781885493686119, 41.814832768200105 ], [ -71.846070526174046, 41.681275085720529 ] ] } },
{ "type": "Feature", "properties": { "line_id": 593, "from_bus": 309, "to_bus": 342, "length_km": 89.373344013430469, "voltage_assumed_kv": 230.0, "thermal_mw": 500.0, "reactance_pu": 0.1666020124289079, "is_interregional": false, "is_manual_override": false, "is_eia930_calibrated": false, "is_density_fill": true }, "geometry": { "type": "LineString", "coordinates": [ [ -81.561398851043222, 41.00954023872 ], [ -80.833147674468762, 40.426400006246652 ] ] } },
{ "type": "Feature", "properties": { "line_id": 594, "from_bus": 376, "to_bus": 385, "length_km": 89.407975756983916, "voltage_assumed_kv": 230.0, "thermal_mw": 500.0, "reactance_pu": 0.16666656991227854, "is_interregional": false, "is_manual_override": false, "is_eia930_calibrated": false, "is_density_fill": true }, "geometry": { "type": "LineString", "coordinates": [ [ -104.393718496071443, 40.554159270488398 ], [ -105.39220408048665, 40.280850383667065 ] ] } },
{ "type": "Feature", "properties": { "line_id": 595, "from_bus": 332, "to_bus": 356, "length_km": 89.663767439083159, "voltage_assumed_kv": 230.0, "thermal_mw": 500.0, "reactance_pu": 0.16714339451217161, "is_interregional": false, "is_manual_override": false, "is_eia930_calibrated": false, "is_density_fill": true }, "geometry": { "type": "LineString", "coordinates": [ [ -75.261569697377752, 40.757015544230264 ], [ -76.248739168903683, 40.450566852927018 ] ] } },
{ "type": "Feature", "properties": { "line_id": 596, "from_bus": 119, "to_bus": 124, "length_km": 90.027676745599479, "voltage_assumed_kv": 230.0, "thermal_mw": 500.0, "reactance_pu": 0.16782176258126966, "is_interregional": false, "is_manual_override": false, "is_eia930_calibrated": false, "is_density_fill": true }, "geometry": { "type": "LineString", "coordinates": [ [ -101.19371033794566, 32.745270136949209 ], [ -100.417841902355363, 32.266689505710097 ] ] } },
{ "type": "Feature", "properties": { "line_id": 597, "from_bus": 348, "to_bus": 352, "length_km": 90.340598194607509, "voltage_assumed_kv": 230.0, "thermal_mw": 500.0, "reactance_pu": 0.16840508352234437, "is_interregional": false, "is_manual_override": false, "is_eia930_calibrated": false, "is_density_fill": true }, "geometry": { "type": "LineString", "coordinates": [ [ -76.455414662105497, 41.788100868834306 ], [ -76.680897362356646, 40.998510678605022 ] ] } },
{ "type": "Feature", "properties": { "line_id": 598, "from_bus": 189, "to_bus": 334, "length_km": 90.425707623206762, "voltage_assumed_kv": 345.0, "thermal_mw": 741.52282157676291, "reactance_pu": 0.16856373711461881, "is_interregional": true, "is_manual_override": false, "is_eia930_calibrated": true, "is_density_fill": true }, "geometry": { "type": "LineString", "coordinates": [ [ -86.886762985159763, 41.494277312205959 ], [ -87.974694871036149, 41.435403338377583 ] ] } },
{ "type": "Feature", "properties": { "line_id": 599, "from_bus": 477, "to_bus": 479, "length_km": 90.789522361273299, "voltage_assumed_kv": 230.0, "thermal_mw": 500.0, "reactance_pu": 0.16924192889744025, "is_interregional": false, "is_manual_override": false, "is_eia930_calibrated": false, "is_density_fill": true }, "geometry": { "type": "LineString", "coordinates": [ [ -84.571093952934163, 34.87380111063306 ], [ -85.22566755840586, 34.261258459089326 ] ] } },
{ "type": "Feature", "properties": { "line_id": 600, "from_bus": 196, "to_bus": 478, "length_km": 90.863388442936071, "voltage_assumed_kv": 345.0, "thermal_mw": 267.1219512195122, "reactance_pu": 0.16937962362052691, "is_interregional": true, "is_manual_override": false, "is_eia930_calibrated": true, "is_density_fill": true }, "geometry": { "type": "LineString", "coordinates": [ [ -87.103351878505507, 37.924151874110869 ], [ -86.896721840243671, 37.129604842912109 ] ] } },
{ "type": "Feature", "properties": { "line_id": 601, "from_bus": 193, "to_bus": 475, "length_km": 91.249590563478279, "voltage_assumed_kv": 345.0, "thermal_mw": 267.1219512195122, "reactance_pu": 0.17009954801405716, "is_interregional": true, "is_manual_override": false, "is_eia930_calibrated": true, "is_density_fill": true }, "geometry": { "type": "LineString", "coordinates": [ [ -90.180778553037328, 35.497514947918148 ], [ -89.185488610236007, 35.660278675115457 ] ] } },
{ "type": "Feature", "properties": { "line_id": 602, "from_bus": 406, "to_bus": 419, "length_km": 92.066544095021072, "voltage_assumed_kv": 345.0, "thermal_mw": 3.8125, "reactance_pu": 0.17162244171260202, "is_interregional": true, "is_manual_override": false, "is_eia930_calibrated": true, "is_density_fill": true }, "geometry": { "type": "LineString", "coordinates": [ [ -82.455695698728434, 33.965697058517804 ], [ -83.411007483735034, 34.222162039632394 ] ] } },
{ "type": "Feature", "properties": { "line_id": 603, "from_bus": 61, "to_bus": 66, "length_km": 92.118769034663529, "voltage_assumed_kv": 230.0, "thermal_mw": 500.0, "reactance_pu": 0.17171979490151373, "is_interregional": false, "is_manual_override": false, "is_eia930_calibrated": false, "is_density_fill": true }, "geometry": { "type": "LineString", "coordinates": [ [ -81.174928625984421, 34.937627154770553 ], [ -82.181279462047627, 34.823704404632537 ] ] } },
{ "type": "Feature", "properties": { "line_id": 604, "from_bus": 299, "to_bus": 356, "length_km": 92.466684022361136, "voltage_assumed_kv": 230.0, "thermal_mw": 500.0, "reactance_pu": 0.17236834775297569, "is_interregional": false, "is_manual_override": false, "is_eia930_calibrated": false, "is_density_fill": true }, "geometry": { "type": "LineString", "coordinates": [ [ -75.906907456654878, 41.235808211335595 ], [ -76.248739168903683, 40.450566852927018 ] ] } },
{ "type": "Feature", "properties": { "line_id": 605, "from_bus": 169, "to_bus": 216, "length_km": 92.785969773036427, "voltage_assumed_kv": 230.0, "thermal_mw": 500.0, "reactance_pu": 0.17296353247152427, "is_interregional": false, "is_manual_override": false, "is_eia930_calibrated": false, "is_density_fill": true }, "geometry": { "type": "LineString", "coordinates": [ [ -93.863484041171716, 30.855143853619499 ], [ -94.072386912185408, 30.039514880171062 ] ] } },
{ "type": "Feature", "properties": { "line_id": 606, "from_bus": 83, "to_bus": 126, "length_km": 93.119377936709782, "voltage_assumed_kv": 230.0, "thermal_mw": 500.0, "reactance_pu": 0.17358504296373387, "is_interregional": false, "is_manual_override": false, "is_eia930_calibrated": false, "is_density_fill": true }, "geometry": { "type": "LineString", "coordinates": [ [ -97.504133501983702, 31.065515814432349 ], [ -96.527085869044711, 31.019626517387085 ] ] } },
{ "type": "Feature", "properties": { "line_id": 607, "from_bus": 163, "to_bus": 362, "length_km": 93.165563440446746, "voltage_assumed_kv": 345.0, "thermal_mw": 273.68421052631504, "reactance_pu": 0.17367113796166148, "is_interregional": true, "is_manual_override": false, "is_eia930_calibrated": true, "is_density_fill": true }, "geometry": { "type": "LineString", "coordinates": [ [ -85.206924594100329, 38.216961049305681 ], [ -84.20039490995245, 37.930572385815601 ] ] } },
{ "type": "Feature", "properties": { "line_id": 608, "from_bus": 256, "to_bus": 259, "length_km": 93.440898596814421, "voltage_assumed_kv": 230.0, "thermal_mw": 500.0, "reactance_pu": 0.17418439380600353, "is_interregional": false, "is_manual_override": false, "is_eia930_calibrated": false, "is_density_fill": true }, "geometry": { "type": "LineString", "coordinates": [ [ -71.202390990474782, 42.369661543240234 ], [ -71.846070526174046, 41.681275085720529 ] ] } },
{ "type": "Feature", "properties": { "line_id": 609, "from_bus": 339, "to_bus": 344, "length_km": 94.314359677081342, "voltage_assumed_kv": 230.0, "thermal_mw": 500.0, "reactance_pu": 0.17581262396072311, "is_interregional": false, "is_manual_override": false, "is_eia930_calibrated": false, "is_density_fill": true }, "geometry": { "type": "LineString", "coordinates": [ [ -76.726195187697542, 39.919858515105453 ], [ -77.267121222682675, 39.185446097052314 ] ] } },
{ "type": "Feature", "properties": { "line_id": 610, "from_bus": 327, "to_bus": 332, "length_km": 95.103712637783872, "voltage_assumed_kv": 230.0, "thermal_mw": 500.0, "reactance_pu": 0.17728406707635722, "is_interregional": false, "is_manual_override": false, "is_eia930_calibrated": false, "is_density_fill": true }, "geometry": { "type": "LineString", "coordinates": [ [ -74.167123810634095, 40.988953528059362 ], [ -75.261569697377752, 40.757015544230264 ] ] } },
{ "type": "Feature", "properties": { "line_id": 611, "from_bus": 136, "to_bus": 261, "length_km": 95.15240980875862, "voltage_assumed_kv": 345.0, "thermal_mw": 1200.0, "reactance_pu": 0.17737484410583443, "is_interregional": true, "is_manual_override": false, "is_eia930_calibrated": false, "is_density_fill": true }, "geometry": { "type": "LineString", "coordinates": [ [ -80.701005673543051, 28.299735936874153 ], [ -81.148175925323983, 29.063411910405783 ] ] } },
{ "type": "Feature", "properties": { "line_id": 612, "from_bus": 249, "to_bus": 259, "length_km": 95.339786530678822, "voltage_assumed_kv": 230.0, "thermal_mw": 500.0, "reactance_pu": 0.17772413548906327, "is_interregional": false, "is_manual_override": false, "is_eia930_calibrated": false, "is_density_fill": true }, "geometry": { "type": "LineString", "coordinates": [ [ -72.223737475117588, 42.487249208904387 ], [ -71.846070526174046, 41.681275085720529 ] ] } },
{ "type": "Feature", "properties": { "line_id": 613, "from_bus": 360, "to_bus": 362, "length_km": 95.50080830563958, "voltage_assumed_kv": 230.0, "thermal_mw": 500.0, "reactance_pu": 0.17802429827305069, "is_interregional": false, "is_manual_override": false, "is_eia930_calibrated": false, "is_density_fill": true }, "geometry": { "type": "LineString", "coordinates": [ [ -83.875879150879697, 37.116993966442273 ], [ -84.20039490995245, 37.930572385815601 ] ] } },
{ "type": "Feature", "properties": { "line_id": 614, "from_bus": 100, "to_bus": 118, "length_km": 95.59727961445806, "voltage_assumed_kv": 230.0, "thermal_mw": 500.0, "reactance_pu": 0.17820413169394625, "is_interregional": false, "is_manual_override": false, "is_eia930_calibrated": false, "is_density_fill": true }, "geometry": { "type": "LineString", "coordinates": [ [ -96.082903478603598, 31.704523546371476 ], [ -96.795022976915277, 32.316885105872601 ] ] } },
{ "type": "Feature", "properties": { "line_id": 615, "from_bus": 252, "to_bus": 265, "length_km": 96.680203070297296, "voltage_assumed_kv": 345.0, "thermal_mw": 231.09375, "reactance_pu": 0.18022282338598111, "is_interregional": true, "is_manual_override": false, "is_eia930_calibrated": true, "is_density_fill": true }, "geometry": { "type": "LineString", "coordinates": [ [ -72.697323057852017, 42.035861100063293 ], [ -73.819812518226954, 41.783372584838219 ] ] } },
{ "type": "Feature", "properties": { "line_id": 616, "from_bus": 472, "to_bus": 480, "length_km": 96.83396784640513, "voltage_assumed_kv": 230.0, "thermal_mw": 500.0, "reactance_pu": 0.18050945830406581, "is_interregional": false, "is_manual_override": false, "is_eia930_calibrated": false, "is_density_fill": true }, "geometry": { "type": "LineString", "coordinates": [ [ -88.991943648372555, 34.686975767128494 ], [ -89.891437752938174, 35.154353471490445 ] ] } },
{ "type": "Feature", "properties": { "line_id": 617, "from_bus": 114, "to_bus": 128, "length_km": 97.228045082247803, "voltage_assumed_kv": 230.0, "thermal_mw": 500.0, "reactance_pu": 0.18124406280240418, "is_interregional": false, "is_manual_override": false, "is_eia930_calibrated": false, "is_density_fill": true }, "geometry": { "type": "LineString", "coordinates": [ [ -98.594350948276684, 30.8356095007852 ], [ -97.600207863024096, 30.6476091753315 ] ] } },
{ "type": "Feature", "properties": { "line_id": 618, "from_bus": 98, "to_bus": 122, "length_km": 97.698801628355284, "voltage_assumed_kv": 230.0, "thermal_mw": 500.0, "reactance_pu": 0.18212160619983825, "is_interregional": false, "is_manual_override": false, "is_eia930_calibrated": false, "is_density_fill": true }, "geometry": { "type": "LineString", "coordinates": [ [ -98.173356027594593, 33.149665167167008 ], [ -97.124349866256111, 33.239756186861875 ] ] } },
{ "type": "Feature", "properties": { "line_id": 619, "from_bus": 376, "to_bus": 490, "length_km": 97.952722221408209, "voltage_assumed_kv": 345.0, "thermal_mw": 39.702020202020186, "reactance_pu": 0.18259494287831593, "is_interregional": true, "is_manual_override": false, "is_eia930_calibrated": true, "is_density_fill": true }, "geometry": { "type": "LineString", "coordinates": [ [ -104.393718496071443, 40.554159270488398 ], [ -105.559979382382295, 40.539803486430223 ] ] } },
{ "type": "Feature", "properties": { "line_id": 620, "from_bus": 335, "to_bus": 364, "length_km": 98.175540512374056, "voltage_assumed_kv": 230.0, "thermal_mw": 500.0, "reactance_pu": 0.18301030135114313, "is_interregional": false, "is_manual_override": false, "is_eia930_calibrated": false, "is_density_fill": true }, "geometry": { "type": "LineString", "coordinates": [ [ -75.462106336180199, 38.95515335708393 ], [ -75.658940937431524, 38.092485065051754 ] ] } },
{ "type": "Feature", "properties": { "line_id": 621, "from_bus": 426, "to_bus": 428, "length_km": 98.627110854243583, "voltage_assumed_kv": 230.0, "thermal_mw": 500.0, "reactance_pu": 0.18385207949583657, "is_interregional": false, "is_manual_override": false, "is_eia930_calibrated": false, "is_density_fill": true }, "geometry": { "type": "LineString", "coordinates": [ [ -86.014568721714937, 33.807529366184149 ], [ -87.04240318082806, 33.558691836739939 ] ] } },
{ "type": "Feature", "properties": { "line_id": 622, "from_bus": 333, "to_bus": 342, "length_km": 99.02890880076734, "voltage_assumed_kv": 230.0, "thermal_mw": 500.0, "reactance_pu": 0.1846010762713248, "is_interregional": false, "is_manual_override": false, "is_eia930_calibrated": false, "is_density_fill": true }, "geometry": { "type": "LineString", "coordinates": [ [ -80.271759273635496, 41.204899147512855 ], [ -80.833147674468762, 40.426400006246652 ] ] } },
{ "type": "Feature", "properties": { "line_id": 623, "from_bus": 66, "to_bus": 406, "length_km": 99.147390349314733, "voltage_assumed_kv": 345.0, "thermal_mw": 119.375, "reactance_pu": 0.18482193926623211, "is_interregional": true, "is_manual_override": false, "is_eia930_calibrated": true, "is_density_fill": true }, "geometry": { "type": "LineString", "coordinates": [ [ -82.181279462047627, 34.823704404632537 ], [ -82.455695698728434, 33.965697058517804 ] ] } },
{ "type": "Feature", "properties": { "line_id": 624, "from_bus": 466, "to_bus": 477, "length_km": 99.362618155954934, "voltage_assumed_kv": 230.0, "thermal_mw": 500.0, "reactance_pu": 0.18522314821855163, "is_interregional": false, "is_manual_override": false, "is_eia930_calibrated": false, "is_density_fill": true }, "geometry": { "type": "LineString", "coordinates": [ [ -84.770694215688437, 35.746938294627206 ], [ -84.571093952934163, 34.87380111063306 ] ] } },
{ "type": "Feature", "properties": { "line_id": 625, "from_bus": 418, "to_bus": 427, "length_km": 99.590271426170901, "voltage_assumed_kv": 230.0, "thermal_mw": 500.0, "reactance_pu": 0.18564751963905371, "is_interregional": false, "is_manual_override": false, "is_eia930_calibrated": false, "is_density_fill": true }, "geometry": { "type": "LineString", "coordinates": [ [ -85.054173395268862, 33.318477297498639 ], [ -84.814157590224013, 34.18771436776975 ] ] } },
{ "type": "Feature", "properties": { "line_id": 626, "from_bus": 34, "to_bus": 56, "length_km": 99.625920137198264, "voltage_assumed_kv": 230.0, "thermal_mw": 500.0, "reactance_pu": 0.18571397286471306, "is_interregional": false, "is_manual_override": false, "is_eia930_calibrated": false, "is_density_fill": true }, "geometry": { "type": "LineString", "coordinates": [ [ -121.318637701001904, 38.267099459063154 ], [ -120.906008665064007, 37.43813904682677 ] ] } },
{ "type": "Feature", "properties": { "line_id": 627, "from_bus": 16, "to_bus": 56, "length_km": 99.802116461926886, "voltage_assumed_kv": 345.0, "thermal_mw": 275.39795918367349, "reactance_pu": 0.18604242272419191, "is_interregional": true, "is_manual_override": false, "is_eia930_calibrated": true, "is_density_fill": true }, "geometry": { "type": "LineString", "coordinates": [ [ -121.287976926156588, 38.277612800621185 ], [ -120.906008665064007, 37.43813904682677 ] ] } },
{ "type": "Feature", "properties": { "line_id": 628, "from_bus": 335, "to_bus": 371, "length_km": 99.926659906390469, "voltage_assumed_kv": 230.0, "thermal_mw": 500.0, "reactance_pu": 0.18627458577808126, "is_interregional": false, "is_manual_override": false, "is_eia930_calibrated": false, "is_density_fill": true }, "geometry": { "type": "LineString", "coordinates": [ [ -75.462106336180199, 38.95515335708393 ], [ -76.46984917593241, 38.513159188443836 ] ] } },
{ "type": "Feature", "properties": { "line_id": 629, "from_bus": 385, "to_bus": 488, "length_km": 100.10065729630065, "voltage_assumed_kv": 345.0, "thermal_mw": 39.702020202020186, "reactance_pu": 0.18659893657457891, "is_interregional": true, "is_manual_override": false, "is_eia930_calibrated": true, "is_density_fill": true }, "geometry": { "type": "LineString", "coordinates": [ [ -105.39220408048665, 40.280850383667065 ], [ -104.337846810115266, 39.874111415385833 ] ] } },
{ "type": "Feature", "properties": { "line_id": 630, "from_bus": 89, "to_bus": 110, "length_km": 100.22130987387369, "voltage_assumed_kv": 230.0, "thermal_mw": 500.0, "reactance_pu": 0.18682384661291632, "is_interregional": false, "is_manual_override": false, "is_eia930_calibrated": false, "is_density_fill": true }, "geometry": { "type": "LineString", "coordinates": [ [ -95.604532528917545, 33.660428068997021 ], [ -96.521987296165548, 33.18136500056805 ] ] } },
{ "type": "Feature", "properties": { "line_id": 631, "from_bus": 72, "to_bus": 141, "length_km": 100.38188748976052, "voltage_assumed_kv": 345.0, "thermal_mw": 364.87804878048775, "reactance_pu": 0.18712318143419995, "is_interregional": true, "is_manual_override": false, "is_eia930_calibrated": true, "is_density_fill": true }, "geometry": { "type": "LineString", "coordinates": [ [ -82.431894569333281, 28.99658958722339 ], [ -81.638642956026658, 29.576647567347429 ] ] } },
{ "type": "Feature", "properties": { "line_id": 632, "from_bus": 60, "to_bus": 79, "length_km": 100.56412130855585, "voltage_assumed_kv": 345.0, "thermal_mw": 97.1875, "reactance_pu": 0.18746288586485599, "is_interregional": true, "is_manual_override": false, "is_eia930_calibrated": true, "is_density_fill": true }, "geometry": { "type": "LineString", "coordinates": [ [ -82.883563419388395, 34.709478884955374 ], [ -82.407062410429319, 35.521617601899322 ] ] } },
{ "type": "Feature", "properties": { "line_id": 633, "from_bus": 145, "to_bus": 261, "length_km": 100.8980976931109, "voltage_assumed_kv": 345.0, "thermal_mw": 1200.0, "reactance_pu": 0.18808545558499803, "is_interregional": true, "is_manual_override": false, "is_eia930_calibrated": false, "is_density_fill": true }, "geometry": { "type": "LineString", "coordinates": [ [ -81.486326739141887, 29.924288832225393 ], [ -81.148175925323983, 29.063411910405783 ] ] } },
{ "type": "Feature", "properties": { "line_id": 634, "from_bus": 298, "to_bus": 323, "length_km": 100.90908182320919, "voltage_assumed_kv": 230.0, "thermal_mw": 500.0, "reactance_pu": 0.18810593124470795, "is_interregional": false, "is_manual_override": false, "is_eia930_calibrated": false, "is_density_fill": true }, "geometry": { "type": "LineString", "coordinates": [ [ -80.125498531755511, 40.521535231075113 ], [ -80.057363604601576, 39.622362656105807 ] ] } },
{ "type": "Feature", "properties": { "line_id": 635, "from_bus": 16, "to_bus": 483, "length_km": 101.1349404863354, "voltage_assumed_kv": 345.0, "thermal_mw": 628.75, "reactance_pu": 0.18852695731480412, "is_interregional": true, "is_manual_override": false, "is_eia930_calibrated": true, "is_density_fill": true }, "geometry": { "type": "LineString", "coordinates": [ [ -121.287976926156588, 38.277612800621185 ], [ -120.656636053263128, 37.520305873772045 ] ] } },
{ "type": "Feature", "properties": { "line_id": 636, "from_bus": 34, "to_bus": 43, "length_km": 101.16706914342859, "voltage_assumed_kv": 230.0, "thermal_mw": 500.0, "reactance_pu": 0.18858684876216411, "is_interregional": false, "is_manual_override": false, "is_eia930_calibrated": false, "is_density_fill": true }, "geometry": { "type": "LineString", "coordinates": [ [ -121.318637701001904, 38.267099459063154 ], [ -121.826807594179598, 39.080727828715482 ] ] } },
{ "type": "Feature", "properties": { "line_id": 637, "from_bus": 16, "to_bus": 43, "length_km": 101.2885820769289, "voltage_assumed_kv": 345.0, "thermal_mw": 275.39795918367349, "reactance_pu": 0.18881336260117015, "is_interregional": true, "is_manual_override": false, "is_eia930_calibrated": true, "is_density_fill": true }, "geometry": { "type": "LineString", "coordinates": [ [ -121.287976926156588, 38.277612800621185 ], [ -121.826807594179598, 39.080727828715482 ] ] } },
{ "type": "Feature", "properties": { "line_id": 638, "from_bus": 469, "to_bus": 479, "length_km": 101.30765267004681, "voltage_assumed_kv": 230.0, "thermal_mw": 500.0, "reactance_pu": 0.18884891234171894, "is_interregional": false, "is_manual_override": false, "is_eia930_calibrated": false, "is_density_fill": true }, "geometry": { "type": "LineString", "coordinates": [ [ -85.386310707098133, 35.157550110389586 ], [ -85.22566755840586, 34.261258459089326 ] ] } },
{ "type": "Feature", "properties": { "line_id": 639, "from_bus": 301, "to_bus": 354, "length_km": 102.00429303023706, "voltage_assumed_kv": 230.0, "thermal_mw": 500.0, "reactance_pu": 0.19014752869347432, "is_interregional": false, "is_manual_override": false, "is_eia930_calibrated": false, "is_density_fill": true }, "geometry": { "type": "LineString", "coordinates": [ [ -83.130776641307804, 40.539851062787157 ], [ -82.093555316470599, 40.070357919248906 ] ] } },
{ "type": "Feature", "properties": { "line_id": 640, "from_bus": 74, "to_bus": 405, "length_km": 102.12135036459775, "voltage_assumed_kv": 345.0, "thermal_mw": 224.09375, "reactance_pu": 0.1903657367922014, "is_interregional": true, "is_manual_override": false, "is_eia930_calibrated": true, "is_density_fill": true }, "geometry": { "type": "LineString", "coordinates": [ [ -79.821652696957813, 34.292444596251926 ], [ -80.931162732642221, 34.185770894349531 ] ] } },
{ "type": "Feature", "properties": { "line_id": 641, "from_bus": 132, "to_bus": 142, "length_km": 102.4111670196108, "voltage_assumed_kv": 230.0, "thermal_mw": 500.0, "reactance_pu": 0.19090598778642773, "is_interregional": false, "is_manual_override": false, "is_eia930_calibrated": false, "is_density_fill": true }, "geometry": { "type": "LineString", "coordinates": [ [ -80.460460475891381, 26.152329067597766 ], [ -80.398936123806251, 27.081704789458016 ] ] } },
{ "type": "Feature", "properties": { "line_id": 642, "from_bus": 263, "to_bus": 270, "length_km": 102.49763192028011, "voltage_assumed_kv": 230.0, "thermal_mw": 500.0, "reactance_pu": 0.19106716813180913, "is_interregional": false, "is_manual_override": false, "is_eia930_calibrated": false, "is_density_fill": true }, "geometry": { "type": "LineString", "coordinates": [ [ -73.866730991923035, 40.694414239637922 ], [ -72.686792506022385, 40.940874933722853 ] ] } },
{ "type": "Feature", "properties": { "line_id": 643, "from_bus": 257, "to_bus": 259, "length_km": 102.60694533363379, "voltage_assumed_kv": 230.0, "thermal_mw": 500.0, "reactance_pu": 0.19127094068671607, "is_interregional": false, "is_manual_override": false, "is_eia930_calibrated": false, "is_density_fill": true }, "geometry": { "type": "LineString", "coordinates": [ [ -73.00273822271312, 41.353186747780086 ], [ -71.846070526174046, 41.681275085720529 ] ] } },
{ "type": "Feature", "properties": { "line_id": 644, "from_bus": 54, "to_bus": 246, "length_km": 102.73873563905855, "voltage_assumed_kv": 345.0, "thermal_mw": 395.83823529411774, "reactance_pu": 0.19151661270833237, "is_interregional": true, "is_manual_override": false, "is_eia930_calibrated": true, "is_density_fill": true }, "geometry": { "type": "LineString", "coordinates": [ [ -121.373466614671017, 39.765030230975803 ], [ -120.667894687326893, 39.022244917268161 ] ] } },
{ "type": "Feature", "properties": { "line_id": 645, "from_bus": 116, "to_bus": 125, "length_km": 102.86847684604476, "voltage_assumed_kv": 230.0, "thermal_mw": 500.0, "reactance_pu": 0.19175846497891103, "is_interregional": false, "is_manual_override": false, "is_eia930_calibrated": false, "is_density_fill": true }, "geometry": { "type": "LineString", "coordinates": [ [ -97.994310916295802, 29.595584376170738 ], [ -98.649451447026294, 28.866628919617447 ] ] } },
{ "type": "Feature", "properties": { "line_id": 646, "from_bus": 129, "to_bus": 435, "length_km": 103.00764179161709, "voltage_assumed_kv": 345.0, "thermal_mw": 148.57142857142858, "reactance_pu": 0.1920178841630967, "is_interregional": true, "is_manual_override": false, "is_eia930_calibrated": true, "is_density_fill": true }, "geometry": { "type": "LineString", "coordinates": [ [ -95.515334071810301, 32.310244723096439 ], [ -94.424201465964842, 32.430017045212708 ] ] } },
{ "type": "Feature", "properties": { "line_id": 647, "from_bus": 249, "to_bus": 255, "length_km": 103.11733714587768, "voltage_assumed_kv": 230.0, "thermal_mw": 500.0, "reactance_pu": 0.19222236869901352, "is_interregional": false, "is_manual_override": false, "is_eia930_calibrated": false, "is_density_fill": true }, "geometry": { "type": "LineString", "coordinates": [ [ -72.223737475117588, 42.487249208904387 ], [ -71.232545634979687, 43.062398173709518 ] ] } },
{ "type": "Feature", "properties": { "line_id": 648, "from_bus": 257, "to_bus": 263, "length_km": 103.12644433094343, "voltage_assumed_kv": 345.0, "thermal_mw": 231.09375, "reactance_pu": 0.19223934552108798, "is_interregional": true, "is_manual_override": false, "is_eia930_calibrated": true, "is_density_fill": true }, "geometry": { "type": "LineString", "coordinates": [ [ -73.00273822271312, 41.353186747780086 ], [ -73.866730991923035, 40.694414239637922 ] ] } },
{ "type": "Feature", "properties": { "line_id": 649, "from_bus": 43, "to_bus": 51, "length_km": 103.57026910689868, "voltage_assumed_kv": 230.0, "thermal_mw": 500.0, "reactance_pu": 0.19306668505566821, "is_interregional": false, "is_manual_override": false, "is_eia930_calibrated": false, "is_density_fill": true }, "geometry": { "type": "LineString", "coordinates": [ [ -121.826807594179598, 39.080727828715482 ], [ -120.642090898063458, 38.904127523206753 ] ] } },
{ "type": "Feature", "properties": { "line_id": 650, "from_bus": 418, "to_bus": 426, "length_km": 104.04685407270668, "voltage_assumed_kv": 230.0, "thermal_mw": 500.0, "reactance_pu": 0.19395509328603544, "is_interregional": false, "is_manual_override": false, "is_eia930_calibrated": false, "is_density_fill": true }, "geometry": { "type": "LineString", "coordinates": [ [ -85.054173395268862, 33.318477297498639 ], [ -86.014568721714937, 33.807529366184149 ] ] } },
{ "type": "Feature", "properties": { "line_id": 651, "from_bus": 65, "to_bus": 79, "length_km": 104.05511915262963, "voltage_assumed_kv": 345.0, "thermal_mw": 97.1875, "reactance_pu": 0.19397050032896587, "is_interregional": true, "is_manual_override": false, "is_eia930_calibrated": true, "is_density_fill": true }, "geometry": { "type": "LineString", "coordinates": [ [ -81.259456398390583, 35.648124421908882 ], [ -82.407062410429319, 35.521617601899322 ] ] } },
{ "type": "Feature", "properties": { "line_id": 652, "from_bus": 263, "to_bus": 355, "length_km": 104.10121733139873, "voltage_assumed_kv": 345.0, "thermal_mw": 541.79104477611941, "reactance_pu": 0.19405643254328567, "is_interregional": true, "is_manual_override": false, "is_eia930_calibrated": true, "is_density_fill": true }, "geometry": { "type": "LineString", "coordinates": [ [ -73.866730991923035, 40.694414239637922 ], [ -74.439483570592003, 39.871139550254 ] ] } },
{ "type": "Feature", "properties": { "line_id": 653, "from_bus": 80, "to_bus": 362, "length_km": 104.13198413677156, "voltage_assumed_kv": 345.0, "thermal_mw": 1200.0, "reactance_pu": 0.19411378534514964, "is_interregional": true, "is_manual_override": false, "is_eia930_calibrated": false, "is_density_fill": true }, "geometry": { "type": "LineString", "coordinates": [ [ -84.769124303588114, 38.749185670020367 ], [ -84.20039490995245, 37.930572385815601 ] ] } },
{ "type": "Feature", "properties": { "line_id": 654, "from_bus": 101, "to_bus": 117, "length_km": 104.22666779802584, "voltage_assumed_kv": 230.0, "thermal_mw": 500.0, "reactance_pu": 0.19429028638898135, "is_interregional": false, "is_manual_override": false, "is_eia930_calibrated": false, "is_density_fill": true }, "geometry": { "type": "LineString", "coordinates": [ [ -96.202603092421413, 30.58715936527874 ], [ -96.88580393745309, 29.858176195069458 ] ] } },
{ "type": "Feature", "properties": { "line_id": 655, "from_bus": 346, "to_bus": 368, "length_km": 104.44330754772389, "voltage_assumed_kv": 230.0, "thermal_mw": 500.0, "reactance_pu": 0.19469412736271025, "is_interregional": false, "is_manual_override": false, "is_eia930_calibrated": false, "is_density_fill": true }, "geometry": { "type": "LineString", "coordinates": [ [ -78.257462928434379, 40.842912720977615 ], [ -79.506381224211296, 40.846300577499022 ] ] } },
{ "type": "Feature", "properties": { "line_id": 656, "from_bus": 226, "to_bus": 234, "length_km": 104.49288242433737, "voltage_assumed_kv": 230.0, "thermal_mw": 500.0, "reactance_pu": 0.19478654053467878, "is_interregional": false, "is_manual_override": false, "is_eia930_calibrated": false, "is_density_fill": true }, "geometry": { "type": "LineString", "coordinates": [ [ -87.020621089521029, 40.754107647543947 ], [ -87.670114861527992, 39.959281343203529 ] ] } },
{ "type": "Feature", "properties": { "line_id": 657, "from_bus": 100, "to_bus": 111, "length_km": 104.86468447466065, "voltage_assumed_kv": 230.0, "thermal_mw": 500.0, "reactance_pu": 0.19547962157011309, "is_interregional": false, "is_manual_override": false, "is_eia930_calibrated": false, "is_density_fill": true }, "geometry": { "type": "LineString", "coordinates": [ [ -96.082903478603598, 31.704523546371476 ], [ -96.269014020844111, 32.632293863408677 ] ] } },
{ "type": "Feature", "properties": { "line_id": 658, "from_bus": 300, "to_bus": 318, "length_km": 105.32521115775192, "voltage_assumed_kv": 230.0, "thermal_mw": 500.0, "reactance_pu": 0.19633809534691038, "is_interregional": false, "is_manual_override": false, "is_eia930_calibrated": false, "is_density_fill": true }, "geometry": { "type": "LineString", "coordinates": [ [ -76.838299808176259, 37.120697054059896 ], [ -77.944025071654139, 36.766318610868019 ] ] } },
{ "type": "Feature", "properties": { "line_id": 659, "from_bus": 14, "to_bus": 149, "length_km": 105.39852628450129, "voltage_assumed_kv": 345.0, "thermal_mw": 1200.0, "reactance_pu": 0.19647476302778055, "is_interregional": true, "is_manual_override": false, "is_eia930_calibrated": false, "is_density_fill": true }, "geometry": { "type": "LineString", "coordinates": [ [ -117.97554671728173, 45.494760712088237 ], [ -119.276812219079432, 45.749811258555191 ] ] } },
{ "type": "Feature", "properties": { "line_id": 660, "from_bus": 46, "to_bus": 56, "length_km": 105.46095839495007, "voltage_assumed_kv": 230.0, "thermal_mw": 500.0, "reactance_pu": 0.19659114353648557, "is_interregional": false, "is_manual_override": false, "is_eia930_calibrated": false, "is_density_fill": true }, "geometry": { "type": "LineString", "coordinates": [ [ -121.957297155933077, 37.900508225667629 ], [ -120.906008665064007, 37.43813904682677 ] ] } },
{ "type": "Feature", "properties": { "line_id": 661, "from_bus": 311, "to_bus": 353, "length_km": 105.53067076993833, "voltage_assumed_kv": 230.0, "thermal_mw": 500.0, "reactance_pu": 0.19672109528096204, "is_interregional": false, "is_manual_override": false, "is_eia930_calibrated": false, "is_density_fill": true }, "geometry": { "type": "LineString", "coordinates": [ [ -79.13406577157771, 39.094917279275478 ], [ -80.351374933718091, 39.243763677902031 ] ] } },
{ "type": "Feature", "properties": { "line_id": 662, "from_bus": 69, "to_bus": 134, "length_km": 105.55398521730379, "voltage_assumed_kv": 345.0, "thermal_mw": 364.87804878048775, "reactance_pu": 0.19676455604538384, "is_interregional": true, "is_manual_override": false, "is_eia930_calibrated": true, "is_density_fill": true }, "geometry": { "type": "LineString", "coordinates": [ [ -81.499293065574449, 27.957756930016565 ], [ -82.365721067038749, 27.401120755709751 ] ] } },
{ "type": "Feature", "properties": { "line_id": 663, "from_bus": 71, "to_bus": 464, "length_km": 105.65933029075219, "voltage_assumed_kv": 345.0, "thermal_mw": 95.984375, "reactance_pu": 0.19696093116628494, "is_interregional": true, "is_manual_override": false, "is_eia930_calibrated": true, "is_density_fill": true }, "geometry": { "type": "LineString", "coordinates": [ [ -81.300205680258088, 28.621392603283546 ], [ -82.171320938371935, 28.061524564741077 ] ] } },
{ "type": "Feature", "properties": { "line_id": 664, "from_bus": 123, "to_bus": 435, "length_km": 106.29914702320396, "voltage_assumed_kv": 345.0, "thermal_mw": 148.57142857142858, "reactance_pu": 0.19815362185486582, "is_interregional": true, "is_manual_override": false, "is_eia930_calibrated": true, "is_density_fill": true }, "geometry": { "type": "LineString", "coordinates": [ [ -95.077082673713491, 33.211732568755274 ], [ -94.424201465964842, 32.430017045212708 ] ] } },
{ "type": "Feature", "properties": { "line_id": 665, "from_bus": 319, "to_bus": 365, "length_km": 106.42994748911329, "voltage_assumed_kv": 230.0, "thermal_mw": 500.0, "reactance_pu": 0.19839744870377343, "is_interregional": false, "is_manual_override": false, "is_eia930_calibrated": false, "is_density_fill": true }, "geometry": { "type": "LineString", "coordinates": [ [ -77.464462994755209, 37.534128746944894 ], [ -76.993174664116196, 38.41039244094312 ] ] } },
{ "type": "Feature", "properties": { "line_id": 666, "from_bus": 418, "to_bus": 479, "length_km": 106.50728770909159, "voltage_assumed_kv": 345.0, "thermal_mw": 201.64383561643837, "reactance_pu": 0.19854161961325786, "is_interregional": true, "is_manual_override": false, "is_eia930_calibrated": true, "is_density_fill": true }, "geometry": { "type": "LineString", "coordinates": [ [ -85.054173395268862, 33.318477297498639 ], [ -85.22566755840586, 34.261258459089326 ] ] } },
{ "type": "Feature", "properties": { "line_id": 667, "from_bus": 72, "to_bus": 464, "length_km": 106.51055332486041, "voltage_assumed_kv": 345.0, "thermal_mw": 95.984375, "reactance_pu": 0.19854770709006553, "is_interregional": true, "is_manual_override": false, "is_eia930_calibrated": true, "is_density_fill": true }, "geometry": { "type": "LineString", "coordinates": [ [ -82.431894569333281, 28.99658958722339 ], [ -82.171320938371935, 28.061524564741077 ] ] } },
{ "type": "Feature", "properties": { "line_id": 668, "from_bus": 264, "to_bus": 276, "length_km": 106.86056567511915, "voltage_assumed_kv": 230.0, "thermal_mw": 500.0, "reactance_pu": 0.19920016966234338, "is_interregional": false, "is_manual_override": false, "is_eia930_calibrated": false, "is_density_fill": true }, "geometry": { "type": "LineString", "coordinates": [ [ -77.441597742656413, 43.240397118981456 ], [ -78.758195153703028, 43.336958812262246 ] ] } },
{ "type": "Feature", "properties": { "line_id": 669, "from_bus": 83, "to_bus": 114, "length_km": 106.96600152615959, "voltage_assumed_kv": 230.0, "thermal_mw": 500.0, "reactance_pu": 0.19939671400293391, "is_interregional": false, "is_manual_override": false, "is_eia930_calibrated": false, "is_density_fill": true }, "geometry": { "type": "LineString", "coordinates": [ [ -97.504133501983702, 31.065515814432349 ], [ -98.594350948276684, 30.8356095007852 ] ] } },
{ "type": "Feature", "properties": { "line_id": 670, "from_bus": 271, "to_bus": 332, "length_km": 107.30153119566907, "voltage_assumed_kv": 345.0, "thermal_mw": 541.79104477611941, "reactance_pu": 0.20002217922175222, "is_interregional": true, "is_manual_override": false, "is_eia930_calibrated": true, "is_density_fill": true }, "geometry": { "type": "LineString", "coordinates": [ [ -74.33266462069659, 41.4206338194073 ], [ -75.261569697377752, 40.757015544230264 ] ] } },
{ "type": "Feature", "properties": { "line_id": 671, "from_bus": 76, "to_bus": 318, "length_km": 107.31753022965324, "voltage_assumed_kv": 345.0, "thermal_mw": 338.34375, "reactance_pu": 0.20005200322898961, "is_interregional": true, "is_manual_override": false, "is_eia930_calibrated": true, "is_density_fill": true }, "geometry": { "type": "LineString", "coordinates": [ [ -78.776795651482317, 36.072322392985527 ], [ -77.944025071654139, 36.766318610868019 ] ] } },
{ "type": "Feature", "properties": { "line_id": 672, "from_bus": 403, "to_bus": 412, "length_km": 107.73012224440883, "voltage_assumed_kv": 345.0, "thermal_mw": 720.15625, "reactance_pu": 0.20082112136739166, "is_interregional": true, "is_manual_override": false, "is_eia930_calibrated": true, "is_density_fill": true }, "geometry": { "type": "LineString", "coordinates": [ [ -81.216009336684678, 33.808647760261273 ], [ -82.033837022965869, 33.120561312533141 ] ] } },
{ "type": "Feature", "properties": { "line_id": 673, "from_bus": 228, "to_bus": 229, "length_km": 107.89847553054589, "voltage_assumed_kv": 230.0, "thermal_mw": 500.0, "reactance_pu": 0.20113495091667252, "is_interregional": false, "is_manual_override": false, "is_eia930_calibrated": false, "is_density_fill": true }, "geometry": { "type": "LineString", "coordinates": [ [ -90.542172900954228, 38.763763017013375 ], [ -89.560921161843197, 38.168657262635925 ] ] } },
{ "type": "Feature", "properties": { "line_id": 674, "from_bus": 51, "to_bus": 52, "length_km": 107.91375938335557, "voltage_assumed_kv": 230.0, "thermal_mw": 500.0, "reactance_pu": 0.20116344174538509, "is_interregional": false, "is_manual_override": false, "is_eia930_calibrated": false, "is_density_fill": true }, "geometry": { "type": "LineString", "coordinates": [ [ -120.642090898063458, 38.904127523206753 ], [ -120.064080317879942, 38.050693059363894 ] ] } },
{ "type": "Feature", "properties": { "line_id": 675, "from_bus": 173, "to_bus": 191, "length_km": 107.9443227889042, "voltage_assumed_kv": 230.0, "thermal_mw": 500.0, "reactance_pu": 0.20122041538699256, "is_interregional": false, "is_manual_override": false, "is_eia930_calibrated": false, "is_density_fill": true }, "geometry": { "type": "LineString", "coordinates": [ [ -90.112922570573076, 30.657677590722507 ], [ -91.16960683499596, 30.320606892704948 ] ] } },
{ "type": "Feature", "properties": { "line_id": 676, "from_bus": 317, "to_bus": 335, "length_km": 108.00264366689464, "voltage_assumed_kv": 230.0, "thermal_mw": 500.0, "reactance_pu": 0.20132913209382597, "is_interregional": false, "is_manual_override": false, "is_eia930_calibrated": false, "is_density_fill": true }, "geometry": { "type": "LineString", "coordinates": [ [ -76.553809608230452, 39.438783352875944 ], [ -75.462106336180199, 38.95515335708393 ] ] } },
{ "type": "Feature", "properties": { "line_id": 677, "from_bus": 51, "to_bus": 240, "length_km": 108.06924779232955, "voltage_assumed_kv": 345.0, "thermal_mw": 395.83823529411774, "reactance_pu": 0.20145328970990281, "is_interregional": true, "is_manual_override": false, "is_eia930_calibrated": true, "is_density_fill": true }, "geometry": { "type": "LineString", "coordinates": [ [ -120.642090898063458, 38.904127523206753 ], [ -119.48015024019773, 39.278924684910969 ] ] } },
{ "type": "Feature", "properties": { "line_id": 678, "from_bus": 259, "to_bus": 270, "length_km": 108.3864979087376, "voltage_assumed_kv": 345.0, "thermal_mw": 231.09375, "reactance_pu": 0.20204467977615059, "is_interregional": true, "is_manual_override": false, "is_eia930_calibrated": true, "is_density_fill": true }, "geometry": { "type": "LineString", "coordinates": [ [ -71.846070526174046, 41.681275085720529 ], [ -72.686792506022385, 40.940874933722853 ] ] } },
{ "type": "Feature", "properties": { "line_id": 679, "from_bus": 123, "to_bus": 129, "length_km": 108.53889284818223, "voltage_assumed_kv": 230.0, "thermal_mw": 500.0, "reactance_pu": 0.20232876116390353, "is_interregional": false, "is_manual_override": false, "is_eia930_calibrated": false, "is_density_fill": true }, "geometry": { "type": "LineString", "coordinates": [ [ -95.077082673713491, 33.211732568755274 ], [ -95.515334071810301, 32.310244723096439 ] ] } },
{ "type": "Feature", "properties": { "line_id": 680, "from_bus": 98, "to_bus": 102, "length_km": 108.62744718122663, "voltage_assumed_kv": 230.0, "thermal_mw": 500.0, "reactance_pu": 0.20249383644733793, "is_interregional": false, "is_manual_override": false, "is_eia930_calibrated": false, "is_density_fill": true }, "geometry": { "type": "LineString", "coordinates": [ [ -98.173356027594593, 33.149665167167008 ], [ -97.730322258668991, 32.248981011180206 ] ] } },
{ "type": "Feature", "properties": { "line_id": 681, "from_bus": 90, "to_bus": 100, "length_km": 108.77153966548332, "voltage_assumed_kv": 230.0, "thermal_mw": 500.0, "reactance_pu": 0.20276244112044306, "is_interregional": false, "is_manual_override": false, "is_eia930_calibrated": false, "is_density_fill": true }, "geometry": { "type": "LineString", "coordinates": [ [ -94.931598027512521, 31.753136633244186 ], [ -96.082903478603598, 31.704523546371476 ] ] } },
{ "type": "Feature", "properties": { "line_id": 682, "from_bus": 16, "to_bus": 52, "length_km": 109.2211118959023, "voltage_assumed_kv": 345.0, "thermal_mw": 275.39795918367349, "reactance_pu": 0.20360049455960613, "is_interregional": true, "is_manual_override": false, "is_eia930_calibrated": true, "is_density_fill": true }, "geometry": { "type": "LineString", "coordinates": [ [ -121.287976926156588, 38.277612800621185 ], [ -120.064080317879942, 38.050693059363894 ] ] } },
{ "type": "Feature", "properties": { "line_id": 683, "from_bus": 46, "to_bus": 47, "length_km": 109.48092896427329, "voltage_assumed_kv": 230.0, "thermal_mw": 500.0, "reactance_pu": 0.20408482293437838, "is_interregional": false, "is_manual_override": false, "is_eia930_calibrated": false, "is_density_fill": true }, "geometry": { "type": "LineString", "coordinates": [ [ -121.957297155933077, 37.900508225667629 ], [ -122.866566431829412, 38.578311313916949 ] ] } },
{ "type": "Feature", "properties": { "line_id": 684, "from_bus": 309, "to_bus": 333, "length_km": 109.65248058947807, "voltage_assumed_kv": 230.0, "thermal_mw": 500.0, "reactance_pu": 0.20440461454909373, "is_interregional": false, "is_manual_override": false, "is_eia930_calibrated": false, "is_density_fill": true }, "geometry": { "type": "LineString", "coordinates": [ [ -81.561398851043222, 41.00954023872 ], [ -80.271759273635496, 41.204899147512855 ] ] } },
{ "type": "Feature", "properties": { "line_id": 685, "from_bus": 105, "to_bus": 117, "length_km": 109.75348228716931, "voltage_assumed_kv": 230.0, "thermal_mw": 500.0, "reactance_pu": 0.20459289312678205, "is_interregional": false, "is_manual_override": false, "is_eia930_calibrated": false, "is_density_fill": true }, "geometry": { "type": "LineString", "coordinates": [ [ -95.823881408963658, 29.510091988967652 ], [ -96.88580393745309, 29.858176195069458 ] ] } },
{ "type": "Feature", "properties": { "line_id": 686, "from_bus": 226, "to_bus": 334, "length_km": 110.17996604009869, "voltage_assumed_kv": 345.0, "thermal_mw": 741.52282157676291, "reactance_pu": 0.20538790703490648, "is_interregional": true, "is_manual_override": false, "is_eia930_calibrated": true, "is_density_fill": true }, "geometry": { "type": "LineString", "coordinates": [ [ -87.020621089521029, 40.754107647543947 ], [ -87.974694871036149, 41.435403338377583 ] ] } },
{ "type": "Feature", "properties": { "line_id": 687, "from_bus": 84, "to_bus": 101, "length_km": 110.25095476493374, "voltage_assumed_kv": 230.0, "thermal_mw": 500.0, "reactance_pu": 0.20552023803972491, "is_interregional": false, "is_manual_override": false, "is_eia930_calibrated": false, "is_density_fill": true }, "geometry": { "type": "LineString", "coordinates": [ [ -95.397591193407777, 29.879724903044817 ], [ -96.202603092421413, 30.58715936527874 ] ] } },
{ "type": "Feature", "properties": { "line_id": 688, "from_bus": 472, "to_bus": 475, "length_km": 110.30947488924913, "voltage_assumed_kv": 230.0, "thermal_mw": 500.0, "reactance_pu": 0.20562932616422286, "is_interregional": false, "is_manual_override": false, "is_eia930_calibrated": false, "is_density_fill": true }, "geometry": { "type": "LineString", "coordinates": [ [ -88.991943648372555, 34.686975767128494 ], [ -89.185488610236007, 35.660278675115457 ] ] } },
{ "type": "Feature", "properties": { "line_id": 689, "from_bus": 126, "to_bus": 128, "length_km": 110.42182371865761, "voltage_assumed_kv": 230.0, "thermal_mw": 500.0, "reactance_pu": 0.205838757077658, "is_interregional": false, "is_manual_override": false, "is_eia930_calibrated": false, "is_density_fill": true }, "geometry": { "type": "LineString", "coordinates": [ [ -96.527085869044711, 31.019626517387085 ], [ -97.600207863024096, 30.6476091753315 ] ] } },
{ "type": "Feature", "properties": { "line_id": 690, "from_bus": 61, "to_bus": 78, "length_km": 110.54976238766166, "voltage_assumed_kv": 345.0, "thermal_mw": 581.64, "reactance_pu": 0.20607724921375112, "is_interregional": true, "is_manual_override": false, "is_eia930_calibrated": true, "is_density_fill": true }, "geometry": { "type": "LineString", "coordinates": [ [ -81.174928625984421, 34.937627154770553 ], [ -79.970869876000023, 35.104743694792298 ] ] } },
{ "type": "Feature", "properties": { "line_id": 691, "from_bus": 70, "to_bus": 72, "length_km": 110.71688186889513, "voltage_assumed_kv": 230.0, "thermal_mw": 500.0, "reactance_pu": 0.20638877881127171, "is_interregional": false, "is_manual_override": false, "is_eia930_calibrated": false, "is_density_fill": true }, "geometry": { "type": "LineString", "coordinates": [ [ -82.709815155341644, 28.026135169785654 ], [ -82.431894569333281, 28.99658958722339 ] ] } },
{ "type": "Feature", "properties": { "line_id": 692, "from_bus": 116, "to_bus": 117, "length_km": 111.0790285382206, "voltage_assumed_kv": 230.0, "thermal_mw": 500.0, "reactance_pu": 0.20706386112546801, "is_interregional": false, "is_manual_override": false, "is_eia930_calibrated": false, "is_density_fill": true }, "geometry": { "type": "LineString", "coordinates": [ [ -97.994310916295802, 29.595584376170738 ], [ -96.88580393745309, 29.858176195069458 ] ] } },
{ "type": "Feature", "properties": { "line_id": 693, "from_bus": 70, "to_bus": 401, "length_km": 111.11335768921285, "voltage_assumed_kv": 345.0, "thermal_mw": 830.16666666666617, "reactance_pu": 0.20712785454211166, "is_interregional": true, "is_manual_override": false, "is_eia930_calibrated": true, "is_density_fill": true }, "geometry": { "type": "LineString", "coordinates": [ [ -82.709815155341644, 28.026135169785654 ], [ -82.532324970641213, 29.018576065835834 ] ] } },
{ "type": "Feature", "properties": { "line_id": 694, "from_bus": 191, "to_bus": 230, "length_km": 111.23140426805676, "voltage_assumed_kv": 230.0, "thermal_mw": 500.0, "reactance_pu": 0.20734790670434014, "is_interregional": false, "is_manual_override": false, "is_eia930_calibrated": false, "is_density_fill": true }, "geometry": { "type": "LineString", "coordinates": [ [ -91.16960683499596, 30.320606892704948 ], [ -92.326642612962914, 30.37856721248459 ] ] } },
{ "type": "Feature", "properties": { "line_id": 695, "from_bus": 314, "to_bus": 350, "length_km": 111.27415266428561, "voltage_assumed_kv": 230.0, "thermal_mw": 500.0, "reactance_pu": 0.20742759454547946, "is_interregional": false, "is_manual_override": false, "is_eia930_calibrated": false, "is_density_fill": true }, "geometry": { "type": "LineString", "coordinates": [ [ -81.361600313774318, 39.399335033736328 ], [ -81.874869566746213, 38.487733623327813 ] ] } },
{ "type": "Feature", "properties": { "line_id": 696, "from_bus": 311, "to_bus": 363, "length_km": 111.35127030199713, "voltage_assumed_kv": 230.0, "thermal_mw": 500.0, "reactance_pu": 0.20757135053646678, "is_interregional": false, "is_manual_override": false, "is_eia930_calibrated": false, "is_density_fill": true }, "geometry": { "type": "LineString", "coordinates": [ [ -79.13406577157771, 39.094917279275478 ], [ -79.459102695896974, 40.057388954429157 ] ] } },
{ "type": "Feature", "properties": { "line_id": 697, "from_bus": 329, "to_bus": 346, "length_km": 111.36571351376847, "voltage_assumed_kv": 230.0, "thermal_mw": 500.0, "reactance_pu": 0.20759827431529149, "is_interregional": false, "is_manual_override": false, "is_eia930_calibrated": false, "is_density_fill": true }, "geometry": { "type": "LineString", "coordinates": [ [ -77.133760652300495, 41.381647083149502 ], [ -78.257462928434379, 40.842912720977615 ] ] } },
{ "type": "Feature", "properties": { "line_id": 698, "from_bus": 23, "to_bus": 149, "length_km": 111.39921525600045, "voltage_assumed_kv": 345.0, "thermal_mw": 583.6, "reactance_pu": 0.20766072534850877, "is_interregional": true, "is_manual_override": false, "is_eia930_calibrated": true, "is_density_fill": true }, "geometry": { "type": "LineString", "coordinates": [ [ -117.971319841818442, 46.166656904095966 ], [ -119.276812219079432, 45.749811258555191 ] ] } },
{ "type": "Feature", "properties": { "line_id": 699, "from_bus": 88, "to_bus": 109, "length_km": 111.40477566698578, "voltage_assumed_kv": 230.0, "thermal_mw": 500.0, "reactance_pu": 0.20767109058291186, "is_interregional": false, "is_manual_override": false, "is_eia930_calibrated": false, "is_density_fill": true }, "geometry": { "type": "LineString", "coordinates": [ [ -98.545726351264719, 29.463807259170153 ], [ -97.848298161934338, 30.263868400835634 ] ] } },
{ "type": "Feature", "properties": { "line_id": 700, "from_bus": 273, "to_bus": 276, "length_km": 111.46906354480194, "voltage_assumed_kv": 230.0, "thermal_mw": 500.0, "reactance_pu": 0.20779093045169139, "is_interregional": false, "is_manual_override": false, "is_eia930_calibrated": false, "is_density_fill": true }, "geometry": { "type": "LineString", "coordinates": [ [ -77.855344413053217, 42.584871366273731 ], [ -78.758195153703028, 43.336958812262246 ] ] } },
{ "type": "Feature", "properties": { "line_id": 701, "from_bus": 67, "to_bus": 328, "length_km": 111.69326592136964, "voltage_assumed_kv": 345.0, "thermal_mw": 343.53125, "reactance_pu": 0.20820886901648214, "is_interregional": true, "is_manual_override": false, "is_eia930_calibrated": true, "is_density_fill": true }, "geometry": { "type": "LineString", "coordinates": [ [ -79.714789261271676, 36.153012158664815 ], [ -79.172863848968305, 37.053160294192352 ] ] } },
{ "type": "Feature", "properties": { "line_id": 702, "from_bus": 411, "to_bus": 418, "length_km": 112.08033438528871, "voltage_assumed_kv": 230.0, "thermal_mw": 500.0, "reactance_pu": 0.20893040837196367, "is_interregional": false, "is_manual_override": false, "is_eia930_calibrated": false, "is_density_fill": true }, "geometry": { "type": "LineString", "coordinates": [ [ -83.983595736874022, 32.853059739771091 ], [ -85.054173395268862, 33.318477297498639 ] ] } },
{ "type": "Feature", "properties": { "line_id": 703, "from_bus": 297, "to_bus": 345, "length_km": 112.22568858753365, "voltage_assumed_kv": 230.0, "thermal_mw": 500.0, "reactance_pu": 0.20920136502997314, "is_interregional": false, "is_manual_override": false, "is_eia930_calibrated": false, "is_density_fill": true }, "geometry": { "type": "LineString", "coordinates": [ [ -77.476566314177234, 38.76626383497166 ], [ -78.152838543634644, 37.912084086968861 ] ] } },
{ "type": "Feature", "properties": { "line_id": 704, "from_bus": 75, "to_bus": 76, "length_km": 112.40688163252146, "voltage_assumed_kv": 230.0, "thermal_mw": 500.0, "reactance_pu": 0.20953912934064448, "is_interregional": false, "is_manual_override": false, "is_eia930_calibrated": false, "is_density_fill": true }, "geometry": { "type": "LineString", "coordinates": [ [ -78.02747675476283, 35.267675070803939 ], [ -78.776795651482317, 36.072322392985527 ] ] } },
{ "type": "Feature", "properties": { "line_id": 705, "from_bus": 330, "to_bus": 356, "length_km": 112.7901687322083, "voltage_assumed_kv": 230.0, "thermal_mw": 500.0, "reactance_pu": 0.21025361980590301, "is_interregional": false, "is_manual_override": false, "is_eia930_calibrated": false, "is_density_fill": true }, "geometry": { "type": "LineString", "coordinates": [ [ -77.402224708367925, 39.942030556651723 ], [ -76.248739168903683, 40.450566852927018 ] ] } },
{ "type": "Feature", "properties": { "line_id": 706, "from_bus": 9, "to_bus": 39, "length_km": 112.84824455618428, "voltage_assumed_kv": 345.0, "thermal_mw": 98.303030303030297, "reactance_pu": 0.21036187970436235, "is_interregional": true, "is_manual_override": false, "is_eia930_calibrated": true, "is_density_fill": true }, "geometry": { "type": "LineString", "coordinates": [ [ -116.000135147637721, 33.812895769110021 ], [ -116.769898248033215, 33.028193147673164 ] ] } },
{ "type": "Feature", "properties": { "line_id": 707, "from_bus": 318, "to_bus": 328, "length_km": 113.12620782427766, "voltage_assumed_kv": 230.0, "thermal_mw": 500.0, "reactance_pu": 0.21088003464593771, "is_interregional": false, "is_manual_override": false, "is_eia930_calibrated": false, "is_density_fill": true }, "geometry": { "type": "LineString", "coordinates": [ [ -77.944025071654139, 36.766318610868019 ], [ -79.172863848968305, 37.053160294192352 ] ] } },
{ "type": "Feature", "properties": { "line_id": 708, "from_bus": 342, "to_bus": 354, "length_km": 113.5270034471003, "voltage_assumed_kv": 230.0, "thermal_mw": 500.0, "reactance_pu": 0.21162716297678449, "is_interregional": false, "is_manual_override": false, "is_eia930_calibrated": false, "is_density_fill": true }, "geometry": { "type": "LineString", "coordinates": [ [ -80.833147674468762, 40.426400006246652 ], [ -82.093555316470599, 40.070357919248906 ] ] } },
{ "type": "Feature", "properties": { "line_id": 709, "from_bus": 407, "to_bus": 411, "length_km": 113.82708731213944, "voltage_assumed_kv": 230.0, "thermal_mw": 500.0, "reactance_pu": 0.21218655321069421, "is_interregional": false, "is_manual_override": false, "is_eia930_calibrated": false, "is_density_fill": true }, "geometry": { "type": "LineString", "coordinates": [ [ -84.452274744421928, 33.795702758157731 ], [ -83.983595736874022, 32.853059739771091 ] ] } },
{ "type": "Feature", "properties": { "line_id": 710, "from_bus": 63, "to_bus": 328, "length_km": 114.07196464275864, "voltage_assumed_kv": 345.0, "thermal_mw": 343.53125, "reactance_pu": 0.21264303222610675, "is_interregional": true, "is_manual_override": false, "is_eia930_calibrated": true, "is_density_fill": true }, "geometry": { "type": "LineString", "coordinates": [ [ -78.928260852571569, 36.05344370841982 ], [ -79.172863848968305, 37.053160294192352 ] ] } },
{ "type": "Feature", "properties": { "line_id": 711, "from_bus": 309, "to_bus": 354, "length_km": 114.29859321940988, "voltage_assumed_kv": 230.0, "thermal_mw": 500.0, "reactance_pu": 0.21306549350201379, "is_interregional": false, "is_manual_override": false, "is_eia930_calibrated": false, "is_density_fill": true }, "geometry": { "type": "LineString", "coordinates": [ [ -81.561398851043222, 41.00954023872 ], [ -82.093555316470599, 40.070357919248906 ] ] } },
{ "type": "Feature", "properties": { "line_id": 712, "from_bus": 62, "to_bus": 65, "length_km": 114.32189595499297, "voltage_assumed_kv": 230.0, "thermal_mw": 500.0, "reactance_pu": 0.21310893243434978, "is_interregional": false, "is_manual_override": false, "is_eia930_calibrated": false, "is_density_fill": true }, "geometry": { "type": "LineString", "coordinates": [ [ -80.290120197732136, 36.314389956989132 ], [ -81.259456398390583, 35.648124421908882 ] ] } },
{ "type": "Feature", "properties": { "line_id": 713, "from_bus": 389, "to_bus": 392, "length_km": 114.53520172422616, "voltage_assumed_kv": 345.0, "thermal_mw": 4.375, "reactance_pu": 0.21350655849175237, "is_interregional": true, "is_manual_override": false, "is_eia930_calibrated": true, "is_density_fill": true }, "geometry": { "type": "LineString", "coordinates": [ [ -120.8702515351888, 47.901579284882637 ], [ -121.855889492758919, 48.696611756981724 ] ] } },
{ "type": "Feature", "properties": { "line_id": 714, "from_bus": 380, "to_bus": 486, "length_km": 114.7344119510763, "voltage_assumed_kv": 345.0, "thermal_mw": 39.702020202020186, "reactance_pu": 0.21387790886535668, "is_interregional": true, "is_manual_override": false, "is_eia930_calibrated": true, "is_density_fill": true }, "geometry": { "type": "LineString", "coordinates": [ [ -104.337675569957838, 39.785527053199729 ], [ -104.447222304048481, 38.765209101652573 ] ] } },
{ "type": "Feature", "properties": { "line_id": 715, "from_bus": 403, "to_bus": 406, "length_km": 115.17990954808839, "voltage_assumed_kv": 345.0, "thermal_mw": 63.75, "reactance_pu": 0.21470836672741572, "is_interregional": true, "is_manual_override": false, "is_eia930_calibrated": true, "is_density_fill": true }, "geometry": { "type": "LineString", "coordinates": [ [ -81.216009336684678, 33.808647760261273 ], [ -82.455695698728434, 33.965697058517804 ] ] } },
{ "type": "Feature", "properties": { "line_id": 716, "from_bus": 76, "to_bus": 328, "length_km": 115.35265135094659, "voltage_assumed_kv": 345.0, "thermal_mw": 338.34375, "reactance_pu": 0.21503037696776708, "is_interregional": true, "is_manual_override": false, "is_eia930_calibrated": true, "is_density_fill": true }, "geometry": { "type": "LineString", "coordinates": [ [ -78.776795651482317, 36.072322392985527 ], [ -79.172863848968305, 37.053160294192352 ] ] } },
{ "type": "Feature", "properties": { "line_id": 717, "from_bus": 414, "to_bus": 420, "length_km": 115.50444979826931, "voltage_assumed_kv": 230.0, "thermal_mw": 500.0, "reactance_pu": 0.21531334642680119, "is_interregional": false, "is_manual_override": false, "is_eia930_calibrated": false, "is_density_fill": true }, "geometry": { "type": "LineString", "coordinates": [ [ -85.337498660115799, 32.625490859399392 ], [ -86.570485861883199, 32.539946628047453 ] ] } },
{ "type": "Feature", "properties": { "line_id": 718, "from_bus": 201, "to_bus": 308, "length_km": 115.58470183275575, "voltage_assumed_kv": 345.0, "thermal_mw": 741.52282157676291, "reactance_pu": 0.21546294528756382, "is_interregional": true, "is_manual_override": false, "is_eia930_calibrated": true, "is_density_fill": true }, "geometry": { "type": "LineString", "coordinates": [ [ -84.521552052076629, 42.402307361521693 ], [ -84.436701267391754, 41.371042043844675 ] ] } },
{ "type": "Feature", "properties": { "line_id": 719, "from_bus": 322, "to_bus": 362, "length_km": 115.81798580468657, "voltage_assumed_kv": 230.0, "thermal_mw": 500.0, "reactance_pu": 0.21589781297233171, "is_interregional": false, "is_manual_override": false, "is_eia930_calibrated": false, "is_density_fill": true }, "geometry": { "type": "LineString", "coordinates": [ [ -84.956209367101891, 37.082460157759996 ], [ -84.20039490995245, 37.930572385815601 ] ] } },
{ "type": "Feature", "properties": { "line_id": 720, "from_bus": 470, "to_bus": 476, "length_km": 115.84584845319763, "voltage_assumed_kv": 230.0, "thermal_mw": 500.0, "reactance_pu": 0.21594975209763559, "is_interregional": false, "is_manual_override": false, "is_eia930_calibrated": false, "is_density_fill": true }, "geometry": { "type": "LineString", "coordinates": [ [ -82.522992507344355, 36.292892046812462 ], [ -83.700368988930819, 35.857418242212361 ] ] } },
{ "type": "Feature", "properties": { "line_id": 721, "from_bus": 67, "to_bus": 338, "length_km": 116.11586531145117, "voltage_assumed_kv": 345.0, "thermal_mw": 343.53125, "reactance_pu": 0.21645309403332519, "is_interregional": true, "is_manual_override": false, "is_eia930_calibrated": true, "is_density_fill": true }, "geometry": { "type": "LineString", "coordinates": [ [ -79.714789261271676, 36.153012158664815 ], [ -80.31292786150739, 37.075233892005222 ] ] } },
{ "type": "Feature", "properties": { "line_id": 722, "from_bus": 89, "to_bus": 459, "length_km": 116.45330463581827, "voltage_assumed_kv": 345.0, "thermal_mw": 148.57142857142858, "reactance_pu": 0.2170821190645891, "is_interregional": true, "is_manual_override": false, "is_eia930_calibrated": true, "is_density_fill": true }, "geometry": { "type": "LineString", "coordinates": [ [ -95.604532528917545, 33.660428068997021 ], [ -94.347591450231974, 33.553063262399085 ] ] } },
{ "type": "Feature", "properties": { "line_id": 723, "from_bus": 412, "to_bus": 423, "length_km": 116.71801308038646, "voltage_assumed_kv": 230.0, "thermal_mw": 500.0, "reactance_pu": 0.21757556551731846, "is_interregional": false, "is_manual_override": false, "is_eia930_calibrated": false, "is_density_fill": true }, "geometry": { "type": "LineString", "coordinates": [ [ -82.033837022965869, 33.120561312533141 ], [ -81.330641864828706, 32.254867959452469 ] ] } },
{ "type": "Feature", "properties": { "line_id": 724, "from_bus": 212, "to_bus": 223, "length_km": 116.79377240958979, "voltage_assumed_kv": 230.0, "thermal_mw": 500.0, "reactance_pu": 0.21771678946775763, "is_interregional": false, "is_manual_override": false, "is_eia930_calibrated": false, "is_density_fill": true }, "geometry": { "type": "LineString", "coordinates": [ [ -92.962257534601036, 35.461553824536608 ], [ -91.722162251580812, 35.776498711937826 ] ] } },
{ "type": "Feature", "properties": { "line_id": 725, "from_bus": 326, "to_bus": 335, "length_km": 117.07087621907471, "voltage_assumed_kv": 230.0, "thermal_mw": 500.0, "reactance_pu": 0.21823334228136798, "is_interregional": false, "is_manual_override": false, "is_eia930_calibrated": false, "is_density_fill": true }, "geometry": { "type": "LineString", "coordinates": [ [ -76.822387143717577, 38.889368950792914 ], [ -75.462106336180199, 38.95515335708393 ] ] } },
{ "type": "Feature", "properties": { "line_id": 726, "from_bus": 406, "to_bus": 429, "length_km": 117.28775761023475, "voltage_assumed_kv": 345.0, "thermal_mw": 3.8125, "reactance_pu": 0.21863763370208752, "is_interregional": true, "is_manual_override": false, "is_eia930_calibrated": true, "is_density_fill": true }, "geometry": { "type": "LineString", "coordinates": [ [ -82.455695698728434, 33.965697058517804 ], [ -82.899097983301147, 32.981496718173602 ] ] } },
{ "type": "Feature", "properties": { "line_id": 727, "from_bus": 413, "to_bus": 463, "length_km": 117.37276244122626, "voltage_assumed_kv": 345.0, "thermal_mw": 17.916666666666668, "reactance_pu": 0.21879609231260158, "is_interregional": true, "is_manual_override": false, "is_eia930_calibrated": true, "is_density_fill": true }, "geometry": { "type": "LineString", "coordinates": [ [ -84.353115243404304, 31.431949835880818 ], [ -84.413372865275264, 30.377562785902285 ] ] } },
{ "type": "Feature", "properties": { "line_id": 728, "from_bus": 338, "to_bus": 369, "length_km": 117.56929472144168, "voltage_assumed_kv": 230.0, "thermal_mw": 500.0, "reactance_pu": 0.21916245069107082, "is_interregional": false, "is_manual_override": false, "is_eia930_calibrated": false, "is_density_fill": true }, "geometry": { "type": "LineString", "coordinates": [ [ -80.31292786150739, 37.075233892005222 ], [ -81.226139670400116, 37.843893020579692 ] ] } },
{ "type": "Feature", "properties": { "line_id": 729, "from_bus": 341, "to_bus": 357, "length_km": 118.17139973087497, "voltage_assumed_kv": 230.0, "thermal_mw": 500.0, "reactance_pu": 0.22028484246652053, "is_interregional": false, "is_manual_override": false, "is_eia930_calibrated": false, "is_density_fill": true }, "geometry": { "type": "LineString", "coordinates": [ [ -85.435527361759227, 40.357830796934849 ], [ -84.218620553010268, 39.838221470458777 ] ] } },
{ "type": "Feature", "properties": { "line_id": 730, "from_bus": 71, "to_bus": 72, "length_km": 118.17904108291566, "voltage_assumed_kv": 230.0, "thermal_mw": 500.0, "reactance_pu": 0.22029908681019714, "is_interregional": false, "is_manual_override": false, "is_eia930_calibrated": false, "is_density_fill": true }, "geometry": { "type": "LineString", "coordinates": [ [ -81.300205680258088, 28.621392603283546 ], [ -82.431894569333281, 28.99658958722339 ] ] } },
{ "type": "Feature", "properties": { "line_id": 731, "from_bus": 331, "to_bus": 349, "length_km": 118.27535238707138, "voltage_assumed_kv": 230.0, "thermal_mw": 500.0, "reactance_pu": 0.2204786219643208, "is_interregional": false, "is_manual_override": false, "is_eia930_calibrated": false, "is_density_fill": true }, "geometry": { "type": "LineString", "coordinates": [ [ -83.371934607205517, 41.431248719540584 ], [ -81.951387866433762, 41.532733828154186 ] ] } },
{ "type": "Feature", "properties": { "line_id": 732, "from_bus": 188, "to_bus": 222, "length_km": 118.29854267790229, "voltage_assumed_kv": 230.0, "thermal_mw": 500.0, "reactance_pu": 0.22052185128693244, "is_interregional": false, "is_manual_override": false, "is_eia930_calibrated": false, "is_density_fill": true }, "geometry": { "type": "LineString", "coordinates": [ [ -88.756604350653873, 40.299437129111034 ], [ -88.959098091888109, 41.344905525107166 ] ] } },
{ "type": "Feature", "properties": { "line_id": 733, "from_bus": 188, "to_bus": 315, "length_km": 118.32760422304946, "voltage_assumed_kv": 345.0, "thermal_mw": 741.52282157676291, "reactance_pu": 0.22057602529104142, "is_interregional": true, "is_manual_override": false, "is_eia930_calibrated": true, "is_density_fill": true }, "geometry": { "type": "LineString", "coordinates": [ [ -88.756604350653873, 40.299437129111034 ], [ -88.555793669254882, 41.345349877564004 ] ] } },
{ "type": "Feature", "properties": { "line_id": 734, "from_bus": 131, "to_bus": 140, "length_km": 118.5558643216373, "voltage_assumed_kv": 345.0, "thermal_mw": 385.00000000000006, "reactance_pu": 0.22100152790820027, "is_interregional": true, "is_manual_override": false, "is_eia930_calibrated": true, "is_density_fill": true }, "geometry": { "type": "LineString", "coordinates": [ [ -81.411374058095817, 28.067274295536329 ], [ -80.467854625094361, 27.40582770505431 ] ] } },
{ "type": "Feature", "properties": { "line_id": 735, "from_bus": 359, "to_bus": 368, "length_km": 118.598471059819, "voltage_assumed_kv": 230.0, "thermal_mw": 500.0, "reactance_pu": 0.22108095168273237, "is_interregional": false, "is_manual_override": false, "is_eia930_calibrated": false, "is_density_fill": true }, "geometry": { "type": "LineString", "coordinates": [ [ -79.468791717414533, 41.905465510102736 ], [ -79.506381224211296, 40.846300577499022 ] ] } },
{ "type": "Feature", "properties": { "line_id": 736, "from_bus": 294, "to_bus": 302, "length_km": 118.59989990735772, "voltage_assumed_kv": 230.0, "thermal_mw": 500.0, "reactance_pu": 0.22108361521600436, "is_interregional": false, "is_manual_override": false, "is_eia930_calibrated": false, "is_density_fill": true }, "geometry": { "type": "LineString", "coordinates": [ [ -83.836756122032426, 38.632502870919993 ], [ -82.650668143122218, 38.102544056801534 ] ] } },
{ "type": "Feature", "properties": { "line_id": 737, "from_bus": 124, "to_bus": 130, "length_km": 118.77998525415829, "voltage_assumed_kv": 230.0, "thermal_mw": 500.0, "reactance_pu": 0.22141931465208478, "is_interregional": false, "is_manual_override": false, "is_eia930_calibrated": false, "is_density_fill": true }, "geometry": { "type": "LineString", "coordinates": [ [ -100.417841902355363, 32.266689505710097 ], [ -100.47214738479812, 31.201084928409113 ] ] } },
{ "type": "Feature", "properties": { "line_id": 738, "from_bus": 69, "to_bus": 140, "length_km": 118.96293706633053, "voltage_assumed_kv": 345.0, "thermal_mw": 364.87804878048775, "reactance_pu": 0.2217603575035286, "is_interregional": true, "is_manual_override": false, "is_eia930_calibrated": true, "is_density_fill": true }, "geometry": { "type": "LineString", "coordinates": [ [ -81.499293065574449, 27.957756930016565 ], [ -80.467854625094361, 27.40582770505431 ] ] } },
{ "type": "Feature", "properties": { "line_id": 739, "from_bus": 29, "to_bus": 149, "length_km": 119.01538665804506, "voltage_assumed_kv": 345.0, "thermal_mw": 583.6, "reactance_pu": 0.22185812946928835, "is_interregional": true, "is_manual_override": false, "is_eia930_calibrated": true, "is_density_fill": true }, "geometry": { "type": "LineString", "coordinates": [ [ -120.783885810532794, 45.937143785510962 ], [ -119.276812219079432, 45.749811258555191 ] ] } },
{ "type": "Feature", "properties": { "line_id": 740, "from_bus": 7, "to_bus": 11, "length_km": 119.32014170767829, "voltage_assumed_kv": 345.0, "thermal_mw": 1200.0, "reactance_pu": 0.22242622731912531, "is_interregional": true, "is_manual_override": false, "is_eia930_calibrated": false, "is_density_fill": true }, "geometry": { "type": "LineString", "coordinates": [ [ -111.300920467034643, 32.945850176599457 ], [ -112.493316032347963, 33.348534439488454 ] ] } },
{ "type": "Feature", "properties": { "line_id": 741, "from_bus": 63, "to_bus": 75, "length_km": 119.46816665094073, "voltage_assumed_kv": 345.0, "thermal_mw": 581.64, "reactance_pu": 0.22270216254018507, "is_interregional": true, "is_manual_override": false, "is_eia930_calibrated": true, "is_density_fill": true }, "geometry": { "type": "LineString", "coordinates": [ [ -78.928260852571569, 36.05344370841982 ], [ -78.02747675476283, 35.267675070803939 ] ] } },
{ "type": "Feature", "properties": { "line_id": 742, "from_bus": 411, "to_bus": 422, "length_km": 119.59616523553224, "voltage_assumed_kv": 230.0, "thermal_mw": 500.0, "reactance_pu": 0.22294076636570367, "is_interregional": false, "is_manual_override": false, "is_eia930_calibrated": false, "is_density_fill": true }, "geometry": { "type": "LineString", "coordinates": [ [ -83.983595736874022, 32.853059739771091 ], [ -83.94261085131447, 33.923551368683498 ] ] } },
{ "type": "Feature", "properties": { "line_id": 743, "from_bus": 211, "to_bus": 215, "length_km": 120.02062735694972, "voltage_assumed_kv": 230.0, "thermal_mw": 500.0, "reactance_pu": 0.22373201172424562, "is_interregional": false, "is_manual_override": false, "is_eia930_calibrated": false, "is_density_fill": true }, "geometry": { "type": "LineString", "coordinates": [ [ -89.185144867184277, 39.578592521808119 ], [ -89.644627170733841, 40.592190511267162 ] ] } },
{ "type": "Feature", "properties": { "line_id": 744, "from_bus": 29, "to_bus": 391, "length_km": 120.04151600911625, "voltage_assumed_kv": 345.0, "thermal_mw": 488.03125, "reactance_pu": 0.2237709505323017, "is_interregional": true, "is_manual_override": false, "is_eia930_calibrated": true, "is_density_fill": true }, "geometry": { "type": "LineString", "coordinates": [ [ -120.783885810532794, 45.937143785510962 ], [ -119.903335069793712, 46.829947434799102 ] ] } },
{ "type": "Feature", "properties": { "line_id": 745, "from_bus": 219, "to_bus": 308, "length_km": 120.35494146245449, "voltage_assumed_kv": 345.0, "thermal_mw": 741.52282157676291, "reactance_pu": 0.22435521099440042, "is_interregional": true, "is_manual_override": false, "is_eia930_calibrated": true, "is_density_fill": true }, "geometry": { "type": "LineString", "coordinates": [ [ -83.423056818647581, 42.144177493762449 ], [ -84.436701267391754, 41.371042043844675 ] ] } },
{ "type": "Feature", "properties": { "line_id": 746, "from_bus": 305, "to_bus": 328, "length_km": 120.50308315183359, "voltage_assumed_kv": 230.0, "thermal_mw": 500.0, "reactance_pu": 0.22463136384341398, "is_interregional": false, "is_manual_override": false, "is_eia930_calibrated": false, "is_density_fill": true }, "geometry": { "type": "LineString", "coordinates": [ [ -79.75576657017163, 38.02729161465642 ], [ -79.172863848968305, 37.053160294192352 ] ] } },
{ "type": "Feature", "properties": { "line_id": 747, "from_bus": 99, "to_bus": 101, "length_km": 120.62008549180791, "voltage_assumed_kv": 230.0, "thermal_mw": 500.0, "reactance_pu": 0.2248494694263905, "is_interregional": false, "is_manual_override": false, "is_eia930_calibrated": false, "is_density_fill": true }, "geometry": { "type": "LineString", "coordinates": [ [ -97.321807968347358, 30.093231175430649 ], [ -96.202603092421413, 30.58715936527874 ] ] } },
{ "type": "Feature", "properties": { "line_id": 748, "from_bus": 422, "to_bus": 477, "length_km": 120.73018523256466, "voltage_assumed_kv": 345.0, "thermal_mw": 201.64383561643837, "reactance_pu": 0.22505470778443182, "is_interregional": true, "is_manual_override": false, "is_eia930_calibrated": true, "is_density_fill": true }, "geometry": { "type": "LineString", "coordinates": [ [ -83.94261085131447, 33.923551368683498 ], [ -84.571093952934163, 34.87380111063306 ] ] } },
{ "type": "Feature", "properties": { "line_id": 749, "from_bus": 171, "to_bus": 229, "length_km": 120.84235506363044, "voltage_assumed_kv": 230.0, "thermal_mw": 500.0, "reactance_pu": 0.22526380502472931, "is_interregional": false, "is_manual_override": false, "is_eia930_calibrated": false, "is_density_fill": true }, "geometry": { "type": "LineString", "coordinates": [ [ -90.944918004737232, 38.295593699110135 ], [ -89.560921161843197, 38.168657262635925 ] ] } },
{ "type": "Feature", "properties": { "line_id": 750, "from_bus": 168, "to_bus": 198, "length_km": 120.84523849694453, "voltage_assumed_kv": 230.0, "thermal_mw": 500.0, "reactance_pu": 0.22526918007025473, "is_interregional": false, "is_manual_override": false, "is_eia930_calibrated": false, "is_density_fill": true }, "geometry": { "type": "LineString", "coordinates": [ [ -86.088422643310466, 39.81911337186326 ], [ -85.398447767531408, 38.877666649497563 ] ] } },
{ "type": "Feature", "properties": { "line_id": 751, "from_bus": 301, "to_bus": 357, "length_km": 120.8656673894729, "voltage_assumed_kv": 230.0, "thermal_mw": 500.0, "reactance_pu": 0.22530726183439251, "is_interregional": false, "is_manual_override": false, "is_eia930_calibrated": false, "is_density_fill": true }, "geometry": { "type": "LineString", "coordinates": [ [ -83.130776641307804, 40.539851062787157 ], [ -84.218620553010268, 39.838221470458777 ] ] } },
{ "type": "Feature", "properties": { "line_id": 752, "from_bus": 3, "to_bus": 7, "length_km": 120.90071420829265, "voltage_assumed_kv": 230.0, "thermal_mw": 500.0, "reactance_pu": 0.22537259306496304, "is_interregional": false, "is_manual_override": false, "is_eia930_calibrated": false, "is_density_fill": true }, "geometry": { "type": "LineString", "coordinates": [ [ -112.49488339431413, 33.382265615308846 ], [ -111.300920467034643, 32.945850176599457 ] ] } },
{ "type": "Feature", "properties": { "line_id": 753, "from_bus": 347, "to_bus": 354, "length_km": 121.01333463744018, "voltage_assumed_kv": 230.0, "thermal_mw": 500.0, "reactance_pu": 0.2255825302710025, "is_interregional": false, "is_manual_override": false, "is_eia930_calibrated": false, "is_density_fill": true }, "geometry": { "type": "LineString", "coordinates": [ [ -80.688574371859801, 39.871308494059896 ], [ -82.093555316470599, 40.070357919248906 ] ] } },
{ "type": "Feature", "properties": { "line_id": 754, "from_bus": 102, "to_bus": 127, "length_km": 121.11462203594436, "voltage_assumed_kv": 230.0, "thermal_mw": 500.0, "reactance_pu": 0.22577134142729038, "is_interregional": false, "is_manual_override": false, "is_eia930_calibrated": false, "is_density_fill": true }, "geometry": { "type": "LineString", "coordinates": [ [ -97.730322258668991, 32.248981011180206 ], [ -96.752667796031147, 31.542485877636242 ] ] } },
{ "type": "Feature", "properties": { "line_id": 755, "from_bus": 269, "to_bus": 271, "length_km": 121.2426207424204, "voltage_assumed_kv": 230.0, "thermal_mw": 500.0, "reactance_pu": 0.22600994548001549, "is_interregional": false, "is_manual_override": false, "is_eia930_calibrated": false, "is_density_fill": true }, "geometry": { "type": "LineString", "coordinates": [ [ -74.161107653596076, 42.497078123909674 ], [ -74.33266462069659, 41.4206338194073 ] ] } },
{ "type": "Feature", "properties": { "line_id": 756, "from_bus": 467, "to_bus": 471, "length_km": 121.46588744282855, "voltage_assumed_kv": 230.0, "thermal_mw": 500.0, "reactance_pu": 0.22642613983871346, "is_interregional": false, "is_manual_override": false, "is_eia930_calibrated": false, "is_density_fill": true }, "geometry": { "type": "LineString", "coordinates": [ [ -86.567039261767476, 36.17219460741223 ], [ -87.910192418582042, 36.362973941882558 ] ] } },
{ "type": "Feature", "properties": { "line_id": 757, "from_bus": 266, "to_bus": 274, "length_km": 121.72011604955642, "voltage_assumed_kv": 230.0, "thermal_mw": 500.0, "reactance_pu": 0.22690005068948677, "is_interregional": false, "is_manual_override": false, "is_eia930_calibrated": false, "is_density_fill": true }, "geometry": { "type": "LineString", "coordinates": [ [ -76.04933853536582, 43.411678151513726 ], [ -76.227915952660254, 42.330036367683462 ] ] } },
{ "type": "Feature", "properties": { "line_id": 758, "from_bus": 420, "to_bus": 428, "length_km": 121.8451556228005, "voltage_assumed_kv": 230.0, "thermal_mw": 500.0, "reactance_pu": 0.22713313858348549, "is_interregional": false, "is_manual_override": false, "is_eia930_calibrated": false, "is_density_fill": true }, "geometry": { "type": "LineString", "coordinates": [ [ -86.570485861883199, 32.539946628047453 ], [ -87.04240318082806, 33.558691836739939 ] ] } },
{ "type": "Feature", "properties": { "line_id": 759, "from_bus": 1, "to_bus": 63, "length_km": 121.89298160949977, "voltage_assumed_kv": 345.0, "thermal_mw": 52.727272727272727, "reactance_pu": 0.22722229162702942, "is_interregional": true, "is_manual_override": false, "is_eia930_calibrated": true, "is_density_fill": true }, "geometry": { "type": "LineString", "coordinates": [ [ -80.139898944692135, 35.557723936659656 ], [ -78.928260852571569, 36.05344370841982 ] ] } },
{ "type": "Feature", "properties": { "line_id": 760, "from_bus": 79, "to_bus": 476, "length_km": 121.95423485464126, "voltage_assumed_kv": 345.0, "thermal_mw": 24.375, "reactance_pu": 0.2273364745975899, "is_interregional": true, "is_manual_override": false, "is_eia930_calibrated": true, "is_density_fill": true }, "geometry": { "type": "LineString", "coordinates": [ [ -82.407062410429319, 35.521617601899322 ], [ -83.700368988930819, 35.857418242212361 ] ] } },
{ "type": "Feature", "properties": { "line_id": 761, "from_bus": 280, "to_bus": 302, "length_km": 122.31688594936298, "voltage_assumed_kv": 345.0, "thermal_mw": 1200.0, "reactance_pu": 0.22801249721772487, "is_interregional": true, "is_manual_override": false, "is_eia930_calibrated": false, "is_density_fill": true }, "geometry": { "type": "LineString", "coordinates": [ [ -83.780914951264918, 38.758719447505392 ], [ -82.650668143122218, 38.102544056801534 ] ] } },
{ "type": "Feature", "properties": { "line_id": 762, "from_bus": 423, "to_bus": 425, "length_km": 122.3268359451786, "voltage_assumed_kv": 230.0, "thermal_mw": 500.0, "reactance_pu": 0.22803104513427472, "is_interregional": false, "is_manual_override": false, "is_eia930_calibrated": false, "is_density_fill": true }, "geometry": { "type": "LineString", "coordinates": [ [ -81.330641864828706, 32.254867959452469 ], [ -81.6888174099754, 31.199166414924836 ] ] } },
{ "type": "Feature", "properties": { "line_id": 763, "from_bus": 82, "to_bus": 471, "length_km": 122.52580959771406, "voltage_assumed_kv": 345.0, "thermal_mw": 1200.0, "reactance_pu": 0.22840195450662354, "is_interregional": true, "is_manual_override": false, "is_eia930_calibrated": false, "is_density_fill": true }, "geometry": { "type": "LineString", "coordinates": [ [ -88.886535108650762, 37.138773250908372 ], [ -87.910192418582042, 36.362973941882558 ] ] } },
{ "type": "Feature", "properties": { "line_id": 764, "from_bus": 199, "to_bus": 231, "length_km": 122.67257228824008, "voltage_assumed_kv": 230.0, "thermal_mw": 500.0, "reactance_pu": 0.22867553674594804, "is_interregional": false, "is_manual_override": false, "is_eia930_calibrated": false, "is_density_fill": true }, "geometry": { "type": "LineString", "coordinates": [ [ -92.695506477287367, 31.338722421342869 ], [ -91.533862065015853, 30.859169097238443 ] ] } },
{ "type": "Feature", "properties": { "line_id": 765, "from_bus": 330, "to_bus": 336, "length_km": 122.68414597352704, "voltage_assumed_kv": 230.0, "thermal_mw": 500.0, "reactance_pu": 0.22869711140314936, "is_interregional": false, "is_manual_override": false, "is_eia930_calibrated": false, "is_density_fill": true }, "geometry": { "type": "LineString", "coordinates": [ [ -77.402224708367925, 39.942030556651723 ], [ -78.200719732526863, 39.031159265992081 ] ] } },
{ "type": "Feature", "properties": { "line_id": 766, "from_bus": 26, "to_bus": 29, "length_km": 122.76813319261835, "voltage_assumed_kv": 230.0, "thermal_mw": 500.0, "reactance_pu": 0.22885367307009136, "is_interregional": false, "is_manual_override": false, "is_eia930_calibrated": false, "is_density_fill": true }, "geometry": { "type": "LineString", "coordinates": [ [ -119.240407904531835, 46.186036354238638 ], [ -120.783885810532794, 45.937143785510962 ] ] } },
{ "type": "Feature", "properties": { "line_id": 767, "from_bus": 280, "to_bus": 307, "length_km": 123.32680419053332, "voltage_assumed_kv": 345.0, "thermal_mw": 1200.0, "reactance_pu": 0.22989509894002766, "is_interregional": true, "is_manual_override": false, "is_eia930_calibrated": false, "is_density_fill": true }, "geometry": { "type": "LineString", "coordinates": [ [ -83.780914951264918, 38.758719447505392 ], [ -82.350637926225588, 38.830254513907811 ] ] } },
{ "type": "Feature", "properties": { "line_id": 768, "from_bus": 169, "to_bus": 199, "length_km": 123.4122535301095, "voltage_assumed_kv": 230.0, "thermal_mw": 500.0, "reactance_pu": 0.23005438616477297, "is_interregional": false, "is_manual_override": false, "is_eia930_calibrated": false, "is_density_fill": true }, "geometry": { "type": "LineString", "coordinates": [ [ -93.863484041171716, 30.855143853619499 ], [ -92.695506477287367, 31.338722421342869 ] ] } },
{ "type": "Feature", "properties": { "line_id": 769, "from_bus": 343, "to_bus": 366, "length_km": 123.46705792832448, "voltage_assumed_kv": 230.0, "thermal_mw": 500.0, "reactance_pu": 0.23015654775594274, "is_interregional": false, "is_manual_override": false, "is_eia930_calibrated": false, "is_density_fill": true }, "geometry": { "type": "LineString", "coordinates": [ [ -76.241892951181455, 36.746345086093534 ], [ -77.363892100895811, 36.095920830278551 ] ] } },
{ "type": "Feature", "properties": { "line_id": 770, "from_bus": 421, "to_bus": 463, "length_km": 123.82576502179087, "voltage_assumed_kv": 345.0, "thermal_mw": 17.916666666666668, "reactance_pu": 0.23082521831206559, "is_interregional": true, "is_manual_override": false, "is_eia930_calibrated": true, "is_density_fill": true }, "geometry": { "type": "LineString", "coordinates": [ [ -83.43767926686219, 31.111159315565558 ], [ -84.413372865275264, 30.377562785902285 ] ] } },
{ "type": "Feature", "properties": { "line_id": 771, "from_bus": 300, "to_bus": 366, "length_km": 123.89008980645562, "voltage_assumed_kv": 230.0, "thermal_mw": 500.0, "reactance_pu": 0.23094512697938141, "is_interregional": false, "is_manual_override": false, "is_eia930_calibrated": false, "is_density_fill": true }, "geometry": { "type": "LineString", "coordinates": [ [ -76.838299808176259, 37.120697054059896 ], [ -77.363892100895811, 36.095920830278551 ] ] } },
{ "type": "Feature", "properties": { "line_id": 772, "from_bus": 179, "to_bus": 201, "length_km": 123.91722509656282, "voltage_assumed_kv": 230.0, "thermal_mw": 500.0, "reactance_pu": 0.23099571022642901, "is_interregional": false, "is_manual_override": false, "is_eia930_calibrated": false, "is_density_fill": true }, "geometry": { "type": "LineString", "coordinates": [ [ -83.104178302889949, 42.801705581956064 ], [ -84.521552052076629, 42.402307361521693 ] ] } },
{ "type": "Feature", "properties": { "line_id": 773, "from_bus": 330, "to_bus": 346, "length_km": 123.95516288664372, "voltage_assumed_kv": 230.0, "thermal_mw": 500.0, "reactance_pu": 0.23106643055411008, "is_interregional": false, "is_manual_override": false, "is_eia930_calibrated": false, "is_density_fill": true }, "geometry": { "type": "LineString", "coordinates": [ [ -77.402224708367925, 39.942030556651723 ], [ -78.257462928434379, 40.842912720977615 ] ] } },
{ "type": "Feature", "properties": { "line_id": 774, "from_bus": 471, "to_bus": 478, "length_km": 124.15304594839861, "voltage_assumed_kv": 230.0, "thermal_mw": 500.0, "reactance_pu": 0.2314353069420072, "is_interregional": false, "is_manual_override": false, "is_eia930_calibrated": false, "is_density_fill": true }, "geometry": { "type": "LineString", "coordinates": [ [ -87.910192418582042, 36.362973941882558 ], [ -86.896721840243671, 37.129604842912109 ] ] } },
{ "type": "Feature", "properties": { "line_id": 775, "from_bus": 184, "to_bus": 229, "length_km": 124.30522986040617, "voltage_assumed_kv": 230.0, "thermal_mw": 500.0, "reactance_pu": 0.23171899495077131, "is_interregional": false, "is_manual_override": false, "is_eia930_calibrated": false, "is_density_fill": true }, "geometry": { "type": "LineString", "coordinates": [ [ -88.84408395879943, 37.210500416243228 ], [ -89.560921161843197, 38.168657262635925 ] ] } },
{ "type": "Feature", "properties": { "line_id": 776, "from_bus": 181, "to_bus": 340, "length_km": 124.48177081708398, "voltage_assumed_kv": 345.0, "thermal_mw": 741.52282157676291, "reactance_pu": 0.23204808724314688, "is_interregional": true, "is_manual_override": false, "is_eia930_calibrated": true, "is_density_fill": true }, "geometry": { "type": "LineString", "coordinates": [ [ -87.991419198931837, 43.028395377594279 ], [ -88.273706881871036, 41.934160875267388 ] ] } },
{ "type": "Feature", "properties": { "line_id": 777, "from_bus": 100, "to_bus": 101, "length_km": 124.81353663803415, "voltage_assumed_kv": 230.0, "thermal_mw": 500.0, "reactance_pu": 0.23266653622293573, "is_interregional": false, "is_manual_override": false, "is_eia930_calibrated": false, "is_density_fill": true }, "geometry": { "type": "LineString", "coordinates": [ [ -96.082903478603598, 31.704523546371476 ], [ -96.202603092421413, 30.58715936527874 ] ] } },
{ "type": "Feature", "properties": { "line_id": 778, "from_bus": 101, "to_bus": 105, "length_km": 124.97800507537514, "voltage_assumed_kv": 230.0, "thermal_mw": 500.0, "reactance_pu": 0.23297312397507278, "is_interregional": false, "is_manual_override": false, "is_eia930_calibrated": false, "is_density_fill": true }, "geometry": { "type": "LineString", "coordinates": [ [ -96.202603092421413, 30.58715936527874 ], [ -95.823881408963658, 29.510091988967652 ] ] } },
{ "type": "Feature", "properties": { "line_id": 779, "from_bus": 274, "to_bus": 299, "length_km": 125.26402978591044, "voltage_assumed_kv": 345.0, "thermal_mw": 541.79104477611941, "reactance_pu": 0.23350630635630285, "is_interregional": true, "is_manual_override": false, "is_eia930_calibrated": true, "is_density_fill": true }, "geometry": { "type": "LineString", "coordinates": [ [ -76.227915952660254, 42.330036367683462 ], [ -75.906907456654878, 41.235808211335595 ] ] } },
{ "type": "Feature", "properties": { "line_id": 780, "from_bus": 72, "to_bus": 261, "length_km": 125.3981351947142, "voltage_assumed_kv": 345.0, "thermal_mw": 1200.0, "reactance_pu": 0.23375629399222425, "is_interregional": true, "is_manual_override": false, "is_eia930_calibrated": false, "is_density_fill": true }, "geometry": { "type": "LineString", "coordinates": [ [ -82.431894569333281, 28.99658958722339 ], [ -81.148175925323983, 29.063411910405783 ] ] } },
{ "type": "Feature", "properties": { "line_id": 781, "from_bus": 336, "to_bus": 345, "length_km": 125.49964468948741, "voltage_assumed_kv": 230.0, "thermal_mw": 500.0, "reactance_pu": 0.23394551916105444, "is_interregional": false, "is_manual_override": false, "is_eia930_calibrated": false, "is_density_fill": true }, "geometry": { "type": "LineString", "coordinates": [ [ -78.200719732526863, 39.031159265992081 ], [ -78.152838543634644, 37.912084086968861 ] ] } },
{ "type": "Feature", "properties": { "line_id": 782, "from_bus": 181, "to_bus": 296, "length_km": 125.53191545033883, "voltage_assumed_kv": 345.0, "thermal_mw": 741.52282157676291, "reactance_pu": 0.23400567550587742, "is_interregional": true, "is_manual_override": false, "is_eia930_calibrated": true, "is_density_fill": true }, "geometry": { "type": "LineString", "coordinates": [ [ -87.991419198931837, 43.028395377594279 ], [ -87.644796982825071, 41.93443439195191 ] ] } },
{ "type": "Feature", "properties": { "line_id": 783, "from_bus": 435, "to_bus": 459, "length_km": 125.53274160388197, "voltage_assumed_kv": 230.0, "thermal_mw": 500.0, "reactance_pu": 0.23400721554943721, "is_interregional": false, "is_manual_override": false, "is_eia930_calibrated": false, "is_density_fill": true }, "geometry": { "type": "LineString", "coordinates": [ [ -94.424201465964842, 32.430017045212708 ], [ -94.347591450231974, 33.553063262399085 ] ] } },
{ "type": "Feature", "properties": { "line_id": 784, "from_bus": 85, "to_bus": 92, "length_km": 125.55548781068811, "voltage_assumed_kv": 230.0, "thermal_mw": 500.0, "reactance_pu": 0.23404961704924521, "is_interregional": false, "is_manual_override": false, "is_eia930_calibrated": false, "is_density_fill": true }, "geometry": { "type": "LineString", "coordinates": [ [ -101.217937802961075, 32.306571897954299 ], [ -102.429319111624849, 31.830970948762769 ] ] } },
{ "type": "Feature", "properties": { "line_id": 785, "from_bus": 184, "to_bus": 471, "length_km": 125.83067735598623, "voltage_assumed_kv": 345.0, "thermal_mw": 267.1219512195122, "reactance_pu": 0.23456260145809954, "is_interregional": true, "is_manual_override": false, "is_eia930_calibrated": true, "is_density_fill": true }, "geometry": { "type": "LineString", "coordinates": [ [ -88.84408395879943, 37.210500416243228 ], [ -87.910192418582042, 36.362973941882558 ] ] } },
{ "type": "Feature", "properties": { "line_id": 786, "from_bus": 170, "to_bus": 236, "length_km": 125.86718063850724, "voltage_assumed_kv": 230.0, "thermal_mw": 500.0, "reactance_pu": 0.23463064770158962, "is_interregional": false, "is_manual_override": false, "is_eia930_calibrated": false, "is_density_fill": true }, "geometry": { "type": "LineString", "coordinates": [ [ -93.026877889718861, 44.549756220629988 ], [ -91.480867947458265, 44.816588800312012 ] ] } },
{ "type": "Feature", "properties": { "line_id": 787, "from_bus": 428, "to_bus": 473, "length_km": 125.99688833354259, "voltage_assumed_kv": 345.0, "thermal_mw": 201.64383561643837, "reactance_pu": 0.23487243750210507, "is_interregional": true, "is_manual_override": false, "is_eia930_calibrated": true, "is_density_fill": true }, "geometry": { "type": "LineString", "coordinates": [ [ -87.04240318082806, 33.558691836739939 ], [ -86.846091502856751, 34.674420310244642 ] ] } },
{ "type": "Feature", "properties": { "line_id": 788, "from_bus": 76, "to_bus": 366, "length_km": 126.11429120713704, "voltage_assumed_kv": 345.0, "thermal_mw": 338.34375, "reactance_pu": 0.23509128972500987, "is_interregional": true, "is_manual_override": false, "is_eia930_calibrated": true, "is_density_fill": true }, "geometry": { "type": "LineString", "coordinates": [ [ -78.776795651482317, 36.072322392985527 ], [ -77.363892100895811, 36.095920830278551 ] ] } },
{ "type": "Feature", "properties": { "line_id": 789, "from_bus": 409, "to_bus": 421, "length_km": 126.61602411154935, "voltage_assumed_kv": 230.0, "thermal_mw": 500.0, "reactance_pu": 0.23602657655465256, "is_interregional": false, "is_manual_override": false, "is_eia930_calibrated": false, "is_density_fill": true }, "geometry": { "type": "LineString", "coordinates": [ [ -82.348166173618495, 31.770578431144724 ], [ -83.43767926686219, 31.111159315565558 ] ] } },
{ "type": "Feature", "properties": { "line_id": 790, "from_bus": 280, "to_bus": 357, "length_km": 126.63296013903627, "voltage_assumed_kv": 345.0, "thermal_mw": 1200.0, "reactance_pu": 0.23605814722365931, "is_interregional": true, "is_manual_override": false, "is_eia930_calibrated": false, "is_density_fill": true }, "geometry": { "type": "LineString", "coordinates": [ [ -83.780914951264918, 38.758719447505392 ], [ -84.218620553010268, 39.838221470458777 ] ] } },
{ "type": "Feature", "properties": { "line_id": 791, "from_bus": 307, "to_bus": 325, "length_km": 126.80192290531608, "voltage_assumed_kv": 230.0, "thermal_mw": 500.0, "reactance_pu": 0.23637311291279747, "is_interregional": false, "is_manual_override": false, "is_eia930_calibrated": false, "is_density_fill": true }, "geometry": { "type": "LineString", "coordinates": [ [ -82.350637926225588, 38.830254513907811 ], [ -82.99187211924874, 39.850736906236293 ] ] } },
{ "type": "Feature", "properties": { "line_id": 792, "from_bus": 168, "to_bus": 178, "length_km": 126.86353873955372, "voltage_assumed_kv": 230.0, "thermal_mw": 500.0, "reactance_pu": 0.23648797179040568, "is_interregional": false, "is_manual_override": false, "is_eia930_calibrated": false, "is_density_fill": true }, "geometry": { "type": "LineString", "coordinates": [ [ -86.088422643310466, 39.81911337186326 ], [ -87.279530911159227, 39.140288268540473 ] ] } },
{ "type": "Feature", "properties": { "line_id": 793, "from_bus": 250, "to_bus": 258, "length_km": 127.03000710142996, "voltage_assumed_kv": 230.0, "thermal_mw": 500.0, "reactance_pu": 0.23679828762786789, "is_interregional": false, "is_manual_override": false, "is_eia930_calibrated": false, "is_density_fill": true }, "geometry": { "type": "LineString", "coordinates": [ [ -72.771688499931017, 44.304557083424136 ], [ -71.177767407983225, 44.382158322006852 ] ] } },
{ "type": "Feature", "properties": { "line_id": 794, "from_bus": 302, "to_bus": 369, "length_km": 127.29594271419479, "voltage_assumed_kv": 230.0, "thermal_mw": 500.0, "reactance_pu": 0.23729402166078578, "is_interregional": false, "is_manual_override": false, "is_eia930_calibrated": false, "is_density_fill": true }, "geometry": { "type": "LineString", "coordinates": [ [ -82.650668143122218, 38.102544056801534 ], [ -81.226139670400116, 37.843893020579692 ] ] } },
{ "type": "Feature", "properties": { "line_id": 795, "from_bus": 99, "to_bus": 126, "length_km": 127.99238170429886, "voltage_assumed_kv": 230.0, "thermal_mw": 500.0, "reactance_pu": 0.23859226263594566, "is_interregional": false, "is_manual_override": false, "is_eia930_calibrated": false, "is_density_fill": true }, "geometry": { "type": "LineString", "coordinates": [ [ -97.321807968347358, 30.093231175430649 ], [ -96.527085869044711, 31.019626517387085 ] ] } },
{ "type": "Feature", "properties": { "line_id": 796, "from_bus": 111, "to_bus": 123, "length_km": 128.28718598866038, "voltage_assumed_kv": 230.0, "thermal_mw": 500.0, "reactance_pu": 0.23914181113487967, "is_interregional": false, "is_manual_override": false, "is_eia930_calibrated": false, "is_density_fill": true }, "geometry": { "type": "LineString", "coordinates": [ [ -96.269014020844111, 32.632293863408677 ], [ -95.077082673713491, 33.211732568755274 ] ] } },
{ "type": "Feature", "properties": { "line_id": 797, "from_bus": 419, "to_bus": 477, "length_km": 128.32328746147527, "voltage_assumed_kv": 345.0, "thermal_mw": 201.64383561643837, "reactance_pu": 0.23920910835967304, "is_interregional": true, "is_manual_override": false, "is_eia930_calibrated": true, "is_density_fill": true }, "geometry": { "type": "LineString", "coordinates": [ [ -83.411007483735034, 34.222162039632394 ], [ -84.571093952934163, 34.87380111063306 ] ] } },
{ "type": "Feature", "properties": { "line_id": 798, "from_bus": 170, "to_bus": 213, "length_km": 128.46733874496456, "voltage_assumed_kv": 230.0, "thermal_mw": 500.0, "reactance_pu": 0.23947763622989215, "is_interregional": false, "is_manual_override": false, "is_eia930_calibrated": false, "is_density_fill": true }, "geometry": { "type": "LineString", "coordinates": [ [ -93.026877889718861, 44.549756220629988 ], [ -94.424805091959968, 43.973896634917551 ] ] } },
{ "type": "Feature", "properties": { "line_id": 799, "from_bus": 411, "to_bus": 414, "length_km": 128.67805099333592, "voltage_assumed_kv": 230.0, "thermal_mw": 500.0, "reactance_pu": 0.23987042767134037, "is_interregional": false, "is_manual_override": false, "is_eia930_calibrated": false, "is_density_fill": true }, "geometry": { "type": "LineString", "coordinates": [ [ -83.983595736874022, 32.853059739771091 ], [ -85.337498660115799, 32.625490859399392 ] ] } },
{ "type": "Feature", "properties": { "line_id": 800, "from_bus": 24, "to_bus": 44, "length_km": 282.11254325965405, "voltage_assumed_kv": 500.0, "thermal_mw": 1821.25, "reactance_pu": 0.35059310623558904, "is_interregional": true, "is_manual_override": true, "is_eia930_calibrated": true, "is_density_fill": false }, "geometry": { "type": "LineString", "coordinates": [ [ -118.72621721290183, 41.340603906168724 ], [ -122.005823421526046, 40.723628307127676 ] ] } },
{ "type": "Feature", "properties": { "line_id": 801, "from_bus": 284, "to_bus": 45, "length_km": 218.09027344399061, "voltage_assumed_kv": 500.0, "thermal_mw": 1920.0, "reactance_pu": 0.27102994260033175, "is_interregional": true, "is_manual_override": true, "is_eia930_calibrated": false, "is_density_fill": false }, "geometry": { "type": "LineString", "coordinates": [ [ -113.36609885940608, 37.680174792726355 ], [ -115.039339619640316, 36.247033442478411 ] ] } },
{ "type": "Feature", "properties": { "line_id": 802, "from_bus": 239, "to_bus": 45, "length_km": 4.3722607417448547, "voltage_assumed_kv": 500.0, "thermal_mw": 395.83823529411774, "reactance_pu": 0.0054335920587174841, "is_interregional": true, "is_manual_override": true, "is_eia930_calibrated": true, "is_density_fill": false }, "geometry": { "type": "LineString", "coordinates": [ [ -115.013564285276942, 36.213810017326274 ], [ -115.039339619640316, 36.247033442478411 ] ] } },
{ "type": "Feature", "properties": { "line_id": 803, "from_bus": 437, "to_bus": 497, "length_km": 331.03813022561144, "voltage_assumed_kv": 500.0, "thermal_mw": 137.5, "reactance_pu": 0.41139498803283686, "is_interregional": true, "is_manual_override": true, "is_eia930_calibrated": true, "is_density_fill": false }, "geometry": { "type": "LineString", "coordinates": [ [ -103.375634178673351, 47.963775355192418 ], [ -107.758432218763176, 47.778824990864763 ] ] } },
{ "type": "Feature", "properties": { "line_id": 804, "from_bus": 224, "to_bus": 444, "length_km": 26.689424410784177, "voltage_assumed_kv": 500.0, "thermal_mw": 177.41379310344828, "reactance_pu": 0.033168068671106755, "is_interregional": true, "is_manual_override": true, "is_eia930_calibrated": true, "is_density_fill": false }, "geometry": { "type": "LineString", "coordinates": [ [ -101.553643984597485, 47.192958158179472 ], [ -101.33299303668754, 47.380648837668879 ] ] } },
{ "type": "Feature", "properties": { "line_id": 805, "from_bus": 9, "to_bus": 42, "length_km": 7.4261839340469615, "voltage_assumed_kv": 500.0, "thermal_mw": 196.60606060606059, "reactance_pu": 0.0092288306745653883, "is_interregional": true, "is_manual_override": true, "is_eia930_calibrated": true, "is_density_fill": false }, "geometry": { "type": "LineString", "coordinates": [ [ -116.000135147637721, 33.812895769110021 ], [ -115.993934989631413, 33.746624180337015 ] ] } },
{ "type": "Feature", "properties": { "line_id": 806, "from_bus": 198, "to_bus": 310, "length_km": 30.343929864139259, "voltage_assumed_kv": 500.0, "thermal_mw": 1359.4585062240653, "reactance_pu": 0.037709676087220152, "is_interregional": true, "is_manual_override": true, "is_eia930_calibrated": true, "is_density_fill": false }, "geometry": { "type": "LineString", "coordinates": [ [ -85.398447767531408, 38.877666649497563 ], [ -85.282204368231532, 38.622094021595295 ] ] } },
{ "type": "Feature", "properties": { "line_id": 807, "from_bus": 30, "to_bus": 293, "length_km": 59.168496388928403, "voltage_assumed_kv": 500.0, "thermal_mw": 90.166666666666671, "reactance_pu": 0.07353117553936965, "is_interregional": true, "is_manual_override": true, "is_eia930_calibrated": true, "is_density_fill": false }, "geometry": { "type": "LineString", "coordinates": [ [ -121.229807259694212, 43.951023498789858 ], [ -120.796044723306196, 44.38170142533027 ] ] } },
{ "type": "Feature", "properties": { "line_id": 808, "from_bus": 24, "to_bus": 245, "length_km": 51.600556376343249, "voltage_assumed_kv": 500.0, "thermal_mw": 52.666666666666707, "reactance_pu": 0.064126178632249564, "is_interregional": true, "is_manual_override": true, "is_eia930_calibrated": true, "is_density_fill": false }, "geometry": { "type": "LineString", "coordinates": [ [ -118.72621721290183, 41.340603906168724 ], [ -118.110977201677173, 41.406708071870774 ] ] } },
{ "type": "Feature", "properties": { "line_id": 809, "from_bus": 283, "to_bus": 293, "length_km": 819.59355048723455, "voltage_assumed_kv": 500.0, "thermal_mw": 1200.0, "reactance_pu": 1.018543328119607, "is_interregional": true, "is_manual_override": true, "is_eia930_calibrated": false, "is_density_fill": false }, "geometry": { "type": "LineString", "coordinates": [ [ -112.011187785656205, 40.813580036510608 ], [ -120.796044723306196, 44.38170142533027 ] ] } },
{ "type": "Feature", "properties": { "line_id": 810, "from_bus": 3, "to_bus": 395, "length_km": 3.7693055429257414, "voltage_assumed_kv": 500.0, "thermal_mw": 1323.651515151515, "reactance_pu": 0.0046842743090266216, "is_interregional": true, "is_manual_override": true, "is_eia930_calibrated": true, "is_density_fill": false }, "geometry": { "type": "LineString", "coordinates": [ [ -112.49488339431413, 33.382265615308846 ], [ -112.493316032347963, 33.348534439488454 ] ] } },
{ "type": "Feature", "properties": { "line_id": 811, "from_bus": 493, "to_bus": 4, "length_km": 63.485138540509695, "voltage_assumed_kv": 500.0, "thermal_mw": 151.25, "reactance_pu": 0.078895648040110108, "is_interregional": true, "is_manual_override": true, "is_eia930_calibrated": true, "is_density_fill": false }, "geometry": { "type": "LineString", "coordinates": [ [ -110.291427734886938, 35.540474990898645 ], [ -109.612494617448519, 35.385986585410848 ] ] } },
{ "type": "Feature", "properties": { "line_id": 812, "from_bus": 193, "to_bus": 480, "length_km": 46.424009785606764, "voltage_assumed_kv": 500.0, "thermal_mw": 267.1219512195122, "reactance_pu": 0.05769306676898453, "is_interregional": true, "is_manual_override": true, "is_eia930_calibrated": true, "is_density_fill": false }, "geometry": { "type": "LineString", "coordinates": [ [ -90.180778553037328, 35.497514947918148 ], [ -89.891437752938174, 35.154353471490445 ] ] } },
{ "type": "Feature", "properties": { "line_id": 813, "from_bus": 470, "to_bus": 321, "length_km": 75.244114453732905, "voltage_assumed_kv": 500.0, "thermal_mw": 824.375, "reactance_pu": 0.093509021284460953, "is_interregional": true, "is_manual_override": true, "is_eia930_calibrated": true, "is_density_fill": false }, "geometry": { "type": "LineString", "coordinates": [ [ -82.522992507344355, 36.292892046812462 ], [ -82.312658774785987, 36.943620512386765 ] ] } },
{ "type": "Feature", "properties": { "line_id": 814, "from_bus": 270, "to_bus": 257, "length_km": 53.132926835224609, "voltage_assumed_kv": 500.0, "thermal_mw": 231.09375, "reactance_pu": 0.06603051976106071, "is_interregional": true, "is_manual_override": true, "is_eia930_calibrated": true, "is_density_fill": false }, "geometry": { "type": "LineString", "coordinates": [ [ -72.686792506022385, 40.940874933722853 ], [ -73.00273822271312, 41.353186747780086 ] ] } },
{ "type": "Feature", "properties": { "line_id": 815, "from_bus": 327, "to_bus": 275, "length_km": 30.052175883970381, "voltage_assumed_kv": 500.0, "thermal_mw": 541.79104477611941, "reactance_pu": 0.037347101162397124, "is_interregional": true, "is_manual_override": true, "is_eia930_calibrated": true, "is_density_fill": false }, "geometry": { "type": "LineString", "coordinates": [ [ -74.167123810634095, 40.988953528059362 ], [ -73.893611693615171, 41.163825004544208 ] ] } },
{ "type": "Feature", "properties": { "line_id": 816, "from_bus": 427, "to_bus": 479, "length_km": 38.511962785083028, "voltage_assumed_kv": 500.0, "thermal_mw": 201.64383561643837, "reactance_pu": 0.047860433655459653, "is_interregional": true, "is_manual_override": true, "is_eia930_calibrated": true, "is_density_fill": false }, "geometry": { "type": "LineString", "coordinates": [ [ -84.814157590224013, 34.18771436776975 ], [ -85.22566755840586, 34.261258459089326 ] ] } },
{ "type": "Feature", "properties": { "line_id": 817, "from_bus": 239, "to_bus": 5, "length_km": 125.02096572060734, "voltage_assumed_kv": 500.0, "thermal_mw": 1200.0, "reactance_pu": 0.15536880498155903, "is_interregional": true, "is_manual_override": true, "is_eia930_calibrated": false, "is_density_fill": false }, "geometry": { "type": "LineString", "coordinates": [ [ -115.013564285276942, 36.213810017326274 ], [ -113.770575741046443, 35.701944606543741 ] ] } }
]
}
