{
"type": "FeatureCollection",
"name": "synthetic_buses",
"crs": { "type": "name", "properties": { "name": "urn:ogc:def:crs:OGC:1.3:CRS84" } },
"features": [
{ "type": "Feature", "properties": { "bus_id": 0, "ba_code": "AESO", "lon": -111.97626451008531, "lat": 48.575256463760816, "n_counties": 5, "population": 1.3414254461765514, "generation_cap_mw": 0.0025001634547816066, "load_mw": 0.0, "role": "load" }, "geometry": { "type": "Point", "coordinates": [ -111.976264510085315, 48.575256463760816 ] } },
{ "type": "Feature", "properties": { "bus_id": 1, "ba_code": "YAD", "lon": -80.139898944692135, "lat": 35.557723936659656, "n_counties": 5, "population": 70165.85062764649, "generation_cap_mw": 348.32352550988179, "load_mw": 0.0, "role": "mixed" }, "geometry": { "type": "Point", "coordinates": [ -80.139898944692135, 35.557723936659656 ] } },
{ "type": "Feature", "properties": { "bus_id": 2, "ba_code": "AMPL", "lon": -149.13219107152412, "lat": 61.149534597202944, "n_counties": 0, "population": 0.0, "generation_cap_mw": 0.0, "load_mw": 0.0, "role": "mixed" }, "geometry": { "type": "Point", "coordinates": [ -149.132191071524119, 61.149534597202944 ] } },
{ "type": "Feature", "properties": { "bus_id": 3, "ba_code": "AZPS", "lon": -112.49488339431413, "lat": 33.382265615308846, "n_counties": 2, "population": 4668668.3844457325, "generation_cap_mw": 14985.890852888746, "load_mw": 2783.0531385317549, "role": "mixed" }, "geometry": { "type": "Point", "coordinates": [ -112.49488339431413, 33.382265615308846 ] } },
{ "type": "Feature", "properties": { "bus_id": 4, "ba_code": "AZPS", "lon": -109.61249461744852, "lat": 35.385986585410848, "n_counties": 6, "population": 143798.17513136665, "generation_cap_mw": 2253.941698393814, "load_mw": 85.719937605292273, "role": "generation" }, "geometry": { "type": "Point", "coordinates": [ -109.612494617448519, 35.385986585410848 ] } },
{ "type": "Feature", "properties": { "bus_id": 5, "ba_code": "AZPS", "lon": -113.77057574104644, "lat": 35.701944606543741, "n_counties": 4, "population": 72997.882255358389, "generation_cap_mw": 1283.5681718867907, "load_mw": 43.51497441835668, "role": "generation" }, "geometry": { "type": "Point", "coordinates": [ -113.770575741046443, 35.701944606543741 ] } },
{ "type": "Feature", "properties": { "bus_id": 6, "ba_code": "AZPS", "lon": -113.90796085432819, "lat": 32.798219376819588, "n_counties": 2, "population": 221030.76008598509, "generation_cap_mw": 986.30016013444208, "load_mw": 131.75927264801652, "role": "mixed" }, "geometry": { "type": "Point", "coordinates": [ -113.907960854328195, 32.798219376819588 ] } },
{ "type": "Feature", "properties": { "bus_id": 7, "ba_code": "AZPS", "lon": -111.30092046703464, "lat": 32.945850176599457, "n_counties": 5, "population": 463737.34016338305, "generation_cap_mw": 2257.2237334280994, "load_mw": 276.43977976587274, "role": "mixed" }, "geometry": { "type": "Point", "coordinates": [ -111.300920467034643, 32.945850176599457 ] } },
{ "type": "Feature", "properties": { "bus_id": 8, "ba_code": "AZPS", "lon": -111.76877876332877, "lat": 35.835450576066165, "n_counties": 2, "population": 125826.10749532293, "generation_cap_mw": 1227.0848628146346, "load_mw": 75.006557445965626, "role": "generation" }, "geometry": { "type": "Point", "coordinates": [ -111.768778763328768, 35.835450576066165 ] } },
{ "type": "Feature", "properties": { "bus_id": 9, "ba_code": "AZPS", "lon": -116.00013514763772, "lat": 33.812895769110021, "n_counties": 3, "population": 136439.44341195104, "generation_cap_mw": 227.05956817114873, "load_mw": 81.333303190313558, "role": "load" }, "geometry": { "type": "Point", "coordinates": [ -116.000135147637721, 33.812895769110021 ] } },
{ "type": "Feature", "properties": { "bus_id": 10, "ba_code": "AZPS", "lon": -111.78915075935406, "lat": 32.099429803152425, "n_counties": 1, "population": 603357.31903513847, "generation_cap_mw": 458.36710429168858, "load_mw": 359.66904096063791, "role": "load" }, "geometry": { "type": "Point", "coordinates": [ -111.789150759354058, 32.099429803152425 ] } },
{ "type": "Feature", "properties": { "bus_id": 11, "ba_code": "DEAA", "lon": -112.49331603234796, "lat": 33.348534439488454, "n_counties": 1, "population": 24002.659086504689, "generation_cap_mw": 80.819430636410033, "load_mw": 0.0, "role": "mixed" }, "geometry": { "type": "Point", "coordinates": [ -112.493316032347963, 33.348534439488454 ] } },
{ "type": "Feature", "properties": { "bus_id": 12, "ba_code": "AECI", "lon": -92.772930497926964, "lat": 39.229654851621973, "n_counties": 68, "population": 873130.06937728031, "generation_cap_mw": 3152.3321218755591, "load_mw": 1638.8271641479419, "role": "mixed" }, "geometry": { "type": "Point", "coordinates": [ -92.772930497926964, 39.229654851621973 ] } },
{ "type": "Feature", "properties": { "bus_id": 13, "ba_code": "AECI", "lon": -91.55865339692032, "lat": 37.09815155766227, "n_counties": 52, "population": 570317.10090689687, "generation_cap_mw": 1089.8359275036546, "load_mw": 1070.4603929296836, "role": "mixed" }, "geometry": { "type": "Point", "coordinates": [ -91.55865339692032, 37.09815155766227 ] } },
{ "type": "Feature", "properties": { "bus_id": 14, "ba_code": "AVRN", "lon": -117.97554671728173, "lat": 45.494760712088237, "n_counties": 3, "population": 7031.735495181495, "generation_cap_mw": 130.9873853536387, "load_mw": 0.0, "role": "mixed" }, "geometry": { "type": "Point", "coordinates": [ -117.97554671728173, 45.494760712088237 ] } },
{ "type": "Feature", "properties": { "bus_id": 15, "ba_code": "AVA", "lon": -117.08678638470832, "lat": 47.153048076904973, "n_counties": 25, "population": 966720.68214668788, "generation_cap_mw": 3176.7945984657304, "load_mw": 1492.7334474885845, "role": "mixed" }, "geometry": { "type": "Point", "coordinates": [ -117.086786384708319, 47.153048076904973 ] } },
{ "type": "Feature", "properties": { "bus_id": 16, "ba_code": "BANC", "lon": -121.28797692615659, "lat": 38.277612800621185, "n_counties": 12, "population": 1822591.6360094114, "generation_cap_mw": 1898.3533260418096, "load_mw": 1938.4267046740176, "role": "mixed" }, "geometry": { "type": "Point", "coordinates": [ -121.287976926156588, 38.277612800621185 ] } },
{ "type": "Feature", "properties": { "bus_id": 17, "ba_code": "BANC", "lon": -122.71263005693599, "lat": 40.693140320543343, "n_counties": 3, "population": 8359.9028921933896, "generation_cap_mw": 87.698201175116239, "load_mw": 8.8912177004117137, "role": "generation" }, "geometry": { "type": "Point", "coordinates": [ -122.712630056935993, 40.693140320543343 ] } },
{ "type": "Feature", "properties": { "bus_id": 18, "ba_code": "BPAT", "lon": -120.19027833029604, "lat": 45.387294199531134, "n_counties": 6, "population": 47283.153761828034, "generation_cap_mw": 3280.8685260157686, "load_mw": 45.931492844973278, "role": "generation" }, "geometry": { "type": "Point", "coordinates": [ -120.190278330296039, 45.387294199531134 ] } },
{ "type": "Feature", "properties": { "bus_id": 19, "ba_code": "BPAT", "lon": -115.12656250222895, "lat": 48.14943173705889, "n_counties": 9, "population": 138647.12351622892, "generation_cap_mw": 1465.8554765518813, "load_mw": 134.68368446486613, "role": "generation" }, "geometry": { "type": "Point", "coordinates": [ -115.12656250222895, 48.14943173705889 ] } },
{ "type": "Feature", "properties": { "bus_id": 20, "ba_code": "BPAT", "lon": -122.33370870524918, "lat": 46.718658150033733, "n_counties": 5, "population": 799735.38773214875, "generation_cap_mw": 2568.2530936368357, "load_mw": 776.87373444928528, "role": "mixed" }, "geometry": { "type": "Point", "coordinates": [ -122.33370870524918, 46.718658150033733 ] } },
{ "type": "Feature", "properties": { "bus_id": 21, "ba_code": "BPAT", "lon": -119.71729762824039, "lat": 48.538900803618354, "n_counties": 5, "population": 17396.938385032794, "generation_cap_mw": 1712.1978027113284, "load_mw": 16.899620422562982, "role": "generation" }, "geometry": { "type": "Point", "coordinates": [ -119.717297628240388, 48.538900803618354 ] } },
{ "type": "Feature", "properties": { "bus_id": 22, "ba_code": "BPAT", "lon": -122.65058792352019, "lat": 45.529726296630031, "n_counties": 12, "population": 3010097.2740466213, "generation_cap_mw": 3343.7463654950302, "load_mw": 2924.0490619972702, "role": "load" }, "geometry": { "type": "Point", "coordinates": [ -122.650587923520192, 45.529726296630031 ] } },
{ "type": "Feature", "properties": { "bus_id": 23, "ba_code": "BPAT", "lon": -117.97131984181844, "lat": 46.166656904095966, "n_counties": 10, "population": 99676.532651558649, "generation_cap_mw": 1651.689852205642, "load_mw": 96.827127254631066, "role": "generation" }, "geometry": { "type": "Point", "coordinates": [ -117.971319841818442, 46.166656904095966 ] } },
{ "type": "Feature", "properties": { "bus_id": 24, "ba_code": "BPAT", "lon": -118.72621721290183, "lat": 41.340603906168724, "n_counties": 7, "population": 80710.772133240345, "generation_cap_mw": 373.24998982657689, "load_mw": 78.403531867263354, "role": "mixed" }, "geometry": { "type": "Point", "coordinates": [ -118.72621721290183, 41.340603906168724 ] } },
{ "type": "Feature", "properties": { "bus_id": 25, "ba_code": "BPAT", "lon": -123.00751438614377, "lat": 44.037120248820649, "n_counties": 10, "population": 732658.04242601898, "generation_cap_mw": 544.1955241239034, "load_mw": 711.71389715273892, "role": "load" }, "geometry": { "type": "Point", "coordinates": [ -123.007514386143768, 44.037120248820649 ] } },
{ "type": "Feature", "properties": { "bus_id": 26, "ba_code": "BPAT", "lon": -119.24040790453184, "lat": 46.186036354238638, "n_counties": 4, "population": 341392.29653539509, "generation_cap_mw": 3578.5516250235187, "load_mw": 331.63307812821023, "role": "generation" }, "geometry": { "type": "Point", "coordinates": [ -119.240407904531835, 46.186036354238638 ] } },
{ "type": "Feature", "properties": { "bus_id": 27, "ba_code": "BPAT", "lon": -121.76252237359274, "lat": 47.955635437046645, "n_counties": 9, "population": 778279.13260365883, "generation_cap_mw": 115.83820803562583, "load_mw": 756.03083903079551, "role": "load" }, "geometry": { "type": "Point", "coordinates": [ -121.762522373592745, 47.955635437046645 ] } },
{ "type": "Feature", "properties": { "bus_id": 28, "ba_code": "BPAT", "lon": -123.67832047520923, "lat": 47.298234071342101, "n_counties": 5, "population": 225723.18835435371, "generation_cap_mw": 795.757736757977, "load_mw": 219.27054745685214, "role": "mixed" }, "geometry": { "type": "Point", "coordinates": [ -123.678320475209233, 47.298234071342101 ] } },
{ "type": "Feature", "properties": { "bus_id": 29, "ba_code": "BPAT", "lon": -120.78388581053279, "lat": 45.937143785510962, "n_counties": 2, "population": 146800.10040651323, "generation_cap_mw": 3156.3618356961538, "load_mw": 142.60359610163272, "role": "generation" }, "geometry": { "type": "Point", "coordinates": [ -120.783885810532794, 45.937143785510962 ] } },
{ "type": "Feature", "properties": { "bus_id": 30, "ba_code": "BPAT", "lon": -121.22980725969421, "lat": 43.951023498789858, "n_counties": 5, "population": 280279.15597444453, "generation_cap_mw": 738.02676049197839, "load_mw": 272.26694970647901, "role": "mixed" }, "geometry": { "type": "Point", "coordinates": [ -121.229807259694212, 43.951023498789858 ] } },
{ "type": "Feature", "properties": { "bus_id": 31, "ba_code": "BPAT", "lon": -115.33290517107989, "lat": 46.644223716167367, "n_counties": 10, "population": 77717.738134134168, "generation_cap_mw": 386.50320252039893, "load_mw": 75.496058300521469, "role": "mixed" }, "geometry": { "type": "Point", "coordinates": [ -115.332905171079886, 46.644223716167367 ] } },
{ "type": "Feature", "properties": { "bus_id": 32, "ba_code": "BCHA", "lon": -118.20055506158285, "lat": 48.589028046375638, "n_counties": 8, "population": 134.8217574342047, "generation_cap_mw": 1.0318521079216663, "load_mw": 0.0, "role": "mixed" }, "geometry": { "type": "Point", "coordinates": [ -118.200555061582847, 48.589028046375638 ] } },
{ "type": "Feature", "properties": { "bus_id": 33, "ba_code": "BCTC", "lon": -118.20055506158285, "lat": 48.589028046375638, "n_counties": 8, "population": 134.8217574342047, "generation_cap_mw": 1.0318521079216663, "load_mw": 0.0, "role": "mixed" }, "geometry": { "type": "Point", "coordinates": [ -118.200555061582847, 48.589028046375638 ] } },
{ "type": "Feature", "properties": { "bus_id": 34, "ba_code": "CISO", "lon": -121.3186377010019, "lat": 38.267099459063154, "n_counties": 2, "population": 2358655.9999999898, "generation_cap_mw": 2395.8, "load_mw": 1764.762704207214, "role": "mixed" }, "geometry": { "type": "Point", "coordinates": [ -121.318637701001904, 38.267099459063154 ] } },
{ "type": "Feature", "properties": { "bus_id": 35, "ba_code": "CISO", "lon": -118.26184925712269, "lat": 34.196118045511213, "n_counties": 1, "population": 7367575.0852634776, "generation_cap_mw": 8208.7593840573682, "load_mw": 5512.4705471757334, "role": "mixed" }, "geometry": { "type": "Point", "coordinates": [ -118.261849257122691, 34.196118045511213 ] } },
{ "type": "Feature", "properties": { "bus_id": 36, "ba_code": "CISO", "lon": -116.17662434134017, "lat": 34.84202996354221, "n_counties": 1, "population": 2086151.2854838194, "generation_cap_mw": 3970.317681606929, "load_mw": 1560.8727953359019, "role": "mixed" }, "geometry": { "type": "Point", "coordinates": [ -116.176624341340172, 34.84202996354221 ] } },
{ "type": "Feature", "properties": { "bus_id": 37, "ba_code": "CISO", "lon": -123.72589232057248, "lat": 40.690521193763153, "n_counties": 3, "population": 130204.31450147065, "generation_cap_mw": 263.38467185701694, "load_mw": 97.419767087300102, "role": "mixed" }, "geometry": { "type": "Point", "coordinates": [ -123.725892320572484, 40.690521193763153 ] } },
{ "type": "Feature", "properties": { "bus_id": 38, "ba_code": "CISO", "lon": -119.67789354006101, "lat": 36.743535643355322, "n_counties": 3, "population": 1318037.9999999995, "generation_cap_mw": 4157.2, "load_mw": 986.16513180721449, "role": "mixed" }, "geometry": { "type": "Point", "coordinates": [ -119.677893540061007, 36.743535643355322 ] } },
{ "type": "Feature", "properties": { "bus_id": 39, "ba_code": "CISO", "lon": -116.76989824803321, "lat": 33.028193147673164, "n_counties": 1, "population": 2907471.7066852762, "generation_cap_mw": 2439.5816373473967, "load_mw": 2175.3904051696786, "role": "load" }, "geometry": { "type": "Point", "coordinates": [ -116.769898248033215, 33.028193147673164 ] } },
{ "type": "Feature", "properties": { "bus_id": 40, "ba_code": "CISO", "lon": -118.72904085708133, "lat": 35.343534554470708, "n_counties": 1, "population": 906883.0, "generation_cap_mw": 8660.5, "load_mw": 678.53612204558772, "role": "generation" }, "geometry": { "type": "Point", "coordinates": [ -118.72904085708133, 35.343534554470708 ] } },
{ "type": "Feature", "properties": { "bus_id": 41, "ba_code": "CISO", "lon": -120.4507125029518, "lat": 35.387578401847684, "n_counties": 1, "population": 258850.20577014473, "generation_cap_mw": 2906.1290637594916, "load_mw": 193.67351115190868, "role": "generation" }, "geometry": { "type": "Point", "coordinates": [ -120.450712502951802, 35.387578401847684 ] } },
{ "type": "Feature", "properties": { "bus_id": 42, "ba_code": "CISO", "lon": -115.99393498963141, "lat": 33.746624180337015, "n_counties": 3, "population": 1675245.4031711703, "generation_cap_mw": 2705.050902920942, "load_mw": 1253.4301771479484, "role": "mixed" }, "geometry": { "type": "Point", "coordinates": [ -115.993934989631413, 33.746624180337015 ] } },
{ "type": "Feature", "properties": { "bus_id": 43, "ba_code": "CISO", "lon": -121.8268075941796, "lat": 39.080727828715482, "n_counties": 5, "population": 448414.99999999756, "generation_cap_mw": 2051.8, "load_mw": 335.50719901803274, "role": "generation" }, "geometry": { "type": "Point", "coordinates": [ -121.826807594179598, 39.080727828715482 ] } },
{ "type": "Feature", "properties": { "bus_id": 44, "ba_code": "CISO", "lon": -122.00582342152605, "lat": 40.723628307127676, "n_counties": 5, "population": 252092.43903494216, "generation_cap_mw": 2232.4608603032771, "load_mw": 188.61730342258417, "role": "generation" }, "geometry": { "type": "Point", "coordinates": [ -122.005823421526046, 40.723628307127676 ] } },
{ "type": "Feature", "properties": { "bus_id": 45, "ba_code": "CISO", "lon": -115.03933961964032, "lat": 36.247033442478411, "n_counties": 3, "population": 399228.44584027323, "generation_cap_mw": 1464.8093617843649, "load_mw": 298.70547959411078, "role": "mixed" }, "geometry": { "type": "Point", "coordinates": [ -115.039339619640316, 36.247033442478411 ] } },
{ "type": "Feature", "properties": { "bus_id": 46, "ba_code": "CISO", "lon": -121.95729715593308, "lat": 37.900508225667629, "n_counties": 4, "population": 3247192.047009374, "generation_cap_mw": 6156.9547601839176, "load_mw": 2429.5715093512772, "role": "mixed" }, "geometry": { "type": "Point", "coordinates": [ -121.957297155933077, 37.900508225667629 ] } },
{ "type": "Feature", "properties": { "bus_id": 47, "ba_code": "CISO", "lon": -122.86656643182941, "lat": 38.578311313916949, "n_counties": 5, "population": 898601.68125509564, "generation_cap_mw": 1487.325341867549, "load_mw": 672.33998218345459, "role": "mixed" }, "geometry": { "type": "Point", "coordinates": [ -122.866566431829412, 38.578311313916949 ] } },
{ "type": "Feature", "properties": { "bus_id": 48, "ba_code": "CISO", "lon": -121.80135148037361, "lat": 37.247778943350497, "n_counties": 3, "population": 2583815.3018198865, "generation_cap_mw": 1508.6407244355173, "load_mw": 1933.2284484094591, "role": "load" }, "geometry": { "type": "Point", "coordinates": [ -121.801351480373611, 37.247778943350497 ] } },
{ "type": "Feature", "properties": { "bus_id": 49, "ba_code": "CISO", "lon": -121.285845788698, "lat": 36.272383631500368, "n_counties": 2, "population": 449181.77745698555, "generation_cap_mw": 1971.0064483445155, "load_mw": 336.08090720545778, "role": "generation" }, "geometry": { "type": "Point", "coordinates": [ -121.285845788697998, 36.272383631500368 ] } },
{ "type": "Feature", "properties": { "bus_id": 50, "ba_code": "CISO", "lon": -117.77656012360372, "lat": 33.676895998992023, "n_counties": 1, "population": 2673729.7250203011, "generation_cap_mw": 448.22821569239181, "load_mw": 2000.5030406494452, "role": "load" }, "geometry": { "type": "Point", "coordinates": [ -117.776560123603716, 33.676895998992023 ] } },
{ "type": "Feature", "properties": { "bus_id": 51, "ba_code": "CISO", "lon": -120.64209089806346, "lat": 38.904127523206753, "n_counties": 6, "population": 633543.82768976991, "generation_cap_mw": 1541.4834327927126, "load_mw": 474.02186609136402, "role": "mixed" }, "geometry": { "type": "Point", "coordinates": [ -120.642090898063458, 38.904127523206753 ] } },
{ "type": "Feature", "properties": { "bus_id": 52, "ba_code": "CISO", "lon": -120.06408031787994, "lat": 38.050693059363894, "n_counties": 6, "population": 131413.75218194426, "generation_cap_mw": 1649.7266287955681, "load_mw": 98.324676710222093, "role": "generation" }, "geometry": { "type": "Point", "coordinates": [ -120.064080317879942, 38.050693059363894 ] } },
{ "type": "Feature", "properties": { "bus_id": 53, "ba_code": "CISO", "lon": -119.27071189465838, "lat": 34.385364855731261, "n_counties": 2, "population": 999028.79452219396, "generation_cap_mw": 1582.4471236761669, "load_mw": 747.48024171471718, "role": "mixed" }, "geometry": { "type": "Point", "coordinates": [ -119.270711894658376, 34.385364855731261 ] } },
{ "type": "Feature", "properties": { "bus_id": 54, "ba_code": "CISO", "lon": -121.37346661467102, "lat": 39.765030230975803, "n_counties": 4, "population": 235097.51150826429, "generation_cap_mw": 1707.5347715196071, "load_mw": 175.90158130804699, "role": "generation" }, "geometry": { "type": "Point", "coordinates": [ -121.373466614671017, 39.765030230975803 ] } },
{ "type": "Feature", "properties": { "bus_id": 55, "ba_code": "CISO", "lon": -118.40097097018145, "lat": 36.305639736343565, "n_counties": 3, "population": 492685.00872375653, "generation_cap_mw": 574.0, "load_mw": 368.63032520117184, "role": "mixed" }, "geometry": { "type": "Point", "coordinates": [ -118.400970970181447, 36.305639736343565 ] } },
{ "type": "Feature", "properties": { "bus_id": 56, "ba_code": "CISO", "lon": -120.90600866506401, "lat": 37.43813904682677, "n_counties": 2, "population": 834352.99999999674, "generation_cap_mw": 1418.5, "load_mw": 624.26867527244428, "role": "mixed" }, "geometry": { "type": "Point", "coordinates": [ -120.906008665064007, 37.43813904682677 ] } },
{ "type": "Feature", "properties": { "bus_id": 57, "ba_code": "CEA", "lon": -152.07910795535003, "lat": 63.355956140961936, "n_counties": 0, "population": 0.0, "generation_cap_mw": 0.0, "load_mw": 0.0, "role": "mixed" }, "geometry": { "type": "Point", "coordinates": [ -152.079107955350025, 63.355956140961936 ] } },
{ "type": "Feature", "properties": { "bus_id": 58, "ba_code": "CFE", "lon": -105.20541312761152, "lat": 30.424747612256141, "n_counties": 22, "population": 6123.7785869880818, "generation_cap_mw": 8.923627037542051, "load_mw": 0.0, "role": "mixed" }, "geometry": { "type": "Point", "coordinates": [ -105.205413127611521, 30.424747612256141 ] } },
{ "type": "Feature", "properties": { "bus_id": 59, "ba_code": "DUK", "lon": -80.52217397666405, "lat": 35.697017103953641, "n_counties": 6, "population": 558721.3580818848, "generation_cap_mw": 2058.4559157738113, "load_mw": 1035.9709907385268, "role": "mixed" }, "geometry": { "type": "Point", "coordinates": [ -80.52217397666405, 35.697017103953641 ] } },
{ "type": "Feature", "properties": { "bus_id": 60, "ba_code": "DUK", "lon": -82.883563419388395, "lat": 34.709478884955374, "n_counties": 12, "population": 425901.76605342323, "generation_cap_mw": 7152.7075898410549, "load_mw": 789.69931640055324, "role": "generation" }, "geometry": { "type": "Point", "coordinates": [ -82.883563419388395, 34.709478884955374 ] } },
{ "type": "Feature", "properties": { "bus_id": 61, "ba_code": "DUK", "lon": -81.174928625984421, "lat": 34.937627154770553, "n_counties": 7, "population": 389096.8990823254, "generation_cap_mw": 2630.3018729332816, "load_mw": 721.45640077093481, "role": "mixed" }, "geometry": { "type": "Point", "coordinates": [ -81.174928625984421, 34.937627154770553 ] } },
{ "type": "Feature", "properties": { "bus_id": 62, "ba_code": "DUK", "lon": -80.290120197732136, "lat": 36.314389956989132, "n_counties": 9, "population": 548124.10935221962, "generation_cap_mw": 2510.1825217983769, "load_mw": 1016.321764685556, "role": "mixed" }, "geometry": { "type": "Point", "coordinates": [ -80.290120197732136, 36.314389956989132 ] } },
{ "type": "Feature", "properties": { "bus_id": 63, "ba_code": "DUK", "lon": -78.928260852571569, "lat": 36.05344370841982, "n_counties": 6, "population": 430828.74835885869, "generation_cap_mw": 306.89401190652586, "load_mw": 798.83483747287482, "role": "load" }, "geometry": { "type": "Point", "coordinates": [ -78.928260852571569, 36.05344370841982 ] } },
{ "type": "Feature", "properties": { "bus_id": 64, "ba_code": "DUK", "lon": -81.604636765130437, "lat": 35.221037549156897, "n_counties": 4, "population": 234959.49403091104, "generation_cap_mw": 4239.8683213145523, "load_mw": 435.65762484947317, "role": "generation" }, "geometry": { "type": "Point", "coordinates": [ -81.604636765130437, 35.221037549156897 ] } },
{ "type": "Feature", "properties": { "bus_id": 65, "ba_code": "DUK", "lon": -81.259456398390583, "lat": 35.648124421908882, "n_counties": 10, "population": 550584.53456027037, "generation_cap_mw": 4893.3483835044581, "load_mw": 1020.8838404028204, "role": "generation" }, "geometry": { "type": "Point", "coordinates": [ -81.259456398390583, 35.648124421908882 ] } },
{ "type": "Feature", "properties": { "bus_id": 66, "ba_code": "DUK", "lon": -82.181279462047627, "lat": 34.823704404632537, "n_counties": 9, "population": 1032046.0859758604, "generation_cap_mw": 47.22493347182764, "load_mw": 1913.6011013553129, "role": "load" }, "geometry": { "type": "Point", "coordinates": [ -82.181279462047627, 34.823704404632537 ] } },
{ "type": "Feature", "properties": { "bus_id": 67, "ba_code": "DUK", "lon": -79.714789261271676, "lat": 36.153012158664815, "n_counties": 7, "population": 859614.72997261141, "generation_cap_mw": 746.21335716639032, "load_mw": 1593.8820139620343, "role": "load" }, "geometry": { "type": "Point", "coordinates": [ -79.714789261271676, 36.153012158664815 ] } },
{ "type": "Feature", "properties": { "bus_id": 68, "ba_code": "DUK", "lon": -80.851832026359233, "lat": 35.264068794943377, "n_counties": 4, "population": 1408252.7201186656, "generation_cap_mw": 2320.1014472860138, "load_mw": 2611.1566070788103, "role": "load" }, "geometry": { "type": "Point", "coordinates": [ -80.851832026359233, 35.264068794943377 ] } },
{ "type": "Feature", "properties": { "bus_id": 69, "ba_code": "FPC", "lon": -81.499293065574449, "lat": 27.957756930016565, "n_counties": 7, "population": 827915.23761726543, "generation_cap_mw": 5784.4677555178569, "load_mw": 1598.2120187714454, "role": "generation" }, "geometry": { "type": "Point", "coordinates": [ -81.499293065574449, 27.957756930016565 ] } },
{ "type": "Feature", "properties": { "bus_id": 70, "ba_code": "FPC", "lon": -82.709815155341644, "lat": 28.026135169785654, "n_counties": 3, "population": 479605.56467673182, "generation_cap_mw": 1026.4408873022608, "load_mw": 925.83315647388395, "role": "mixed" }, "geometry": { "type": "Point", "coordinates": [ -82.709815155341644, 28.026135169785654 ] } },
{ "type": "Feature", "properties": { "bus_id": 71, "ba_code": "FPC", "lon": -81.300205680258088, "lat": 28.621392603283546, "n_counties": 6, "population": 1729547.7497227343, "generation_cap_mw": 2762.7199721203701, "load_mw": 3338.728259913762, "role": "load" }, "geometry": { "type": "Point", "coordinates": [ -81.300205680258088, 28.621392603283546 ] } },
{ "type": "Feature", "properties": { "bus_id": 72, "ba_code": "FPC", "lon": -82.431894569333281, "lat": 28.99658958722339, "n_counties": 6, "population": 270991.42744636518, "generation_cap_mw": 1144.1136319382945, "load_mw": 523.12330616751899, "role": "mixed" }, "geometry": { "type": "Point", "coordinates": [ -82.431894569333281, 28.99658958722339 ] } },
{ "type": "Feature", "properties": { "bus_id": 73, "ba_code": "FPC", "lon": -83.621400175302654, "lat": 30.218109076394143, "n_counties": 12, "population": 53806.070897273283, "generation_cap_mw": 95.233885699297787, "load_mw": 103.86752807978192, "role": "mixed" }, "geometry": { "type": "Point", "coordinates": [ -83.621400175302654, 30.218109076394143 ] } },
{ "type": "Feature", "properties": { "bus_id": 74, "ba_code": "CPLE", "lon": -79.821652696957813, "lat": 34.292444596251926, "n_counties": 17, "population": 663863.78449216473, "generation_cap_mw": 1561.0778857191744, "load_mw": 839.37279728998851, "role": "mixed" }, "geometry": { "type": "Point", "coordinates": [ -79.821652696957813, 34.292444596251926 ] } },
{ "type": "Feature", "properties": { "bus_id": 75, "ba_code": "CPLE", "lon": -78.02747675476283, "lat": 35.267675070803939, "n_counties": 20, "population": 1587866.4325334541, "generation_cap_mw": 2602.3142806958967, "load_mw": 2007.6586798872304, "role": "mixed" }, "geometry": { "type": "Point", "coordinates": [ -78.02747675476283, 35.267675070803939 ] } },
{ "type": "Feature", "properties": { "bus_id": 76, "ba_code": "CPLE", "lon": -78.776795651482317, "lat": 36.072322392985527, "n_counties": 18, "population": 1646583.3092876228, "generation_cap_mw": 4082.199034722094, "load_mw": 2081.8988331243586, "role": "mixed" }, "geometry": { "type": "Point", "coordinates": [ -78.776795651482317, 36.072322392985527 ] } },
{ "type": "Feature", "properties": { "bus_id": 77, "ba_code": "CPLE", "lon": -78.258046528347251, "lat": 34.094030567592796, "n_counties": 6, "population": 610039.12985163974, "generation_cap_mw": 2430.3252521590598, "load_mw": 771.31824757035668, "role": "mixed" }, "geometry": { "type": "Point", "coordinates": [ -78.258046528347251, 34.094030567592796 ] } },
{ "type": "Feature", "properties": { "bus_id": 78, "ba_code": "CPLE", "lon": -79.970869876000023, "lat": 35.104743694792298, "n_counties": 13, "population": 836529.98368899082, "generation_cap_mw": 3786.1532707589413, "load_mw": 1057.6876293426787, "role": "mixed" }, "geometry": { "type": "Point", "coordinates": [ -79.970869876000023, 35.104743694792298 ] } },
{ "type": "Feature", "properties": { "bus_id": 79, "ba_code": "CPLW", "lon": -82.407062410429319, "lat": 35.521617601899322, "n_counties": 11, "population": 385740.26431122521, "generation_cap_mw": 859.44948002391311, "load_mw": 548.31563926940635, "role": "mixed" }, "geometry": { "type": "Point", "coordinates": [ -82.407062410429319, 35.521617601899322 ] } },
{ "type": "Feature", "properties": { "bus_id": 80, "ba_code": "EKPC", "lon": -84.769124303588114, "lat": 38.749185670020367, "n_counties": 15, "population": 252380.97509095562, "generation_cap_mw": 1378.6583997785553, "load_mw": 0.0, "role": "mixed" }, "geometry": { "type": "Point", "coordinates": [ -84.769124303588114, 38.749185670020367 ] } },
{ "type": "Feature", "properties": { "bus_id": 81, "ba_code": "ELE", "lon": -105.82457722426766, "lat": 32.315626685615989, "n_counties": 9, "population": 1119838.1529096162, "generation_cap_mw": 2413.9638672335795, "load_mw": 0.0, "role": "mixed" }, "geometry": { "type": "Point", "coordinates": [ -105.824577224267657, 32.315626685615989 ] } },
{ "type": "Feature", "properties": { "bus_id": 82, "ba_code": "EEI", "lon": -88.886535108650762, "lat": 37.138773250908372, "n_counties": 4, "population": 4589.8036041955247, "generation_cap_mw": 81.547743240942978, "load_mw": 0.0, "role": "mixed" }, "geometry": { "type": "Point", "coordinates": [ -88.886535108650762, 37.138773250908372 ] } },
{ "type": "Feature", "properties": { "bus_id": 83, "ba_code": "ERCO", "lon": -97.504133501983702, "lat": 31.065515814432349, "n_counties": 2, "population": 455747.99999999965, "generation_cap_mw": 1606.4, "load_mw": 916.96680510586634, "role": "mixed" }, "geometry": { "type": "Point", "coordinates": [ -97.504133501983702, 31.065515814432349 ] } },
{ "type": "Feature", "properties": { "bus_id": 84, "ba_code": "ERCO", "lon": -95.397591193407777, "lat": 29.879724903044817, "n_counties": 3, "population": 5028770.1025964823, "generation_cap_mw": 8453.1458945135582, "load_mw": 10117.905628965567, "role": "mixed" }, "geometry": { "type": "Point", "coordinates": [ -95.397591193407777, 29.879724903044817 ] } },
{ "type": "Feature", "properties": { "bus_id": 85, "ba_code": "ERCO", "lon": -101.21793780296107, "lat": 32.306571897954299, "n_counties": 3, "population": 48662.999999999956, "generation_cap_mw": 1722.9, "load_mw": 97.91015130481486, "role": "generation" }, "geometry": { "type": "Point", "coordinates": [ -101.217937802961075, 32.306571897954299 ] } },
{ "type": "Feature", "properties": { "bus_id": 86, "ba_code": "ERCO", "lon": -97.531644183077219, "lat": 27.835920332657132, "n_counties": 6, "population": 444196.81815595913, "generation_cap_mw": 3505.0062324293322, "load_mw": 893.72578087597003, "role": "generation" }, "geometry": { "type": "Point", "coordinates": [ -97.531644183077219, 27.835920332657132 ] } },
{ "type": "Feature", "properties": { "bus_id": 87, "ba_code": "ERCO", "lon": -97.319380686831693, "lat": 32.772229164172529, "n_counties": 2, "population": 2265041.9999999958, "generation_cap_mw": 1328.6, "load_mw": 4557.2735945535669, "role": "load" }, "geometry": { "type": "Point", "coordinates": [ -97.319380686831693, 32.772229164172529 ] } },
{ "type": "Feature", "properties": { "bus_id": 88, "ba_code": "ERCO", "lon": -98.545726351264719, "lat": 29.463807259170153, "n_counties": 5, "population": 2184859.0, "generation_cap_mw": 4412.7, "load_mw": 4395.9450767459193, "role": "mixed" }, "geometry": { "type": "Point", "coordinates": [ -98.545726351264719, 29.463807259170153 ] } },
{ "type": "Feature", "properties": { "bus_id": 89, "ba_code": "ERCO", "lon": -95.604532528917545, "lat": 33.660428068997021, "n_counties": 4, "population": 91299.9286716762, "generation_cap_mw": 1374.8597540652934, "load_mw": 183.69582291191725, "role": "generation" }, "geometry": { "type": "Point", "coordinates": [ -95.604532528917545, 33.660428068997021 ] } },
{ "type": "Feature", "properties": { "bus_id": 90, "ba_code": "ERCO", "lon": -94.931598027512521, "lat": 31.753136633244186, "n_counties": 10, "population": 207997.64699442065, "generation_cap_mw": 1051.9090838969225, "load_mw": 418.49210053365414, "role": "mixed" }, "geometry": { "type": "Point", "coordinates": [ -94.931598027512521, 31.753136633244186 ] } },
{ "type": "Feature", "properties": { "bus_id": 91, "ba_code": "ERCO", "lon": -99.722597992182742, "lat": 32.349666792521127, "n_counties": 9, "population": 258834.99999999985, "generation_cap_mw": 1859.9, "load_mw": 520.77705881227553, "role": "generation" }, "geometry": { "type": "Point", "coordinates": [ -99.722597992182742, 32.349666792521127 ] } },
{ "type": "Feature", "properties": { "bus_id": 92, "ba_code": "ERCO", "lon": -102.42931911162485, "lat": 31.830970948762769, "n_counties": 6, "population": 357977.73814938916, "generation_cap_mw": 2340.0, "load_mw": 720.25264586980086, "role": "mixed" }, "geometry": { "type": "Point", "coordinates": [ -102.429319111624849, 31.830970948762769 ] } },
{ "type": "Feature", "properties": { "bus_id": 93, "ba_code": "ERCO", "lon": -98.207299468069365, "lat": 26.408404488821837, "n_counties": 4, "population": 948176.287970362, "generation_cap_mw": 2156.8315995560324, "load_mw": 1907.7344968213208, "role": "mixed" }, "geometry": { "type": "Point", "coordinates": [ -98.207299468069365, 26.408404488821837 ] } },
{ "type": "Feature", "properties": { "bus_id": 94, "ba_code": "ERCO", "lon": -95.434371585021552, "lat": 29.167724074564109, "n_counties": 1, "population": 346128.3938233059, "generation_cap_mw": 1880.3291015227644, "load_mw": 696.41171752938499, "role": "mixed" }, "geometry": { "type": "Point", "coordinates": [ -95.434371585021552, 29.167724074564109 ] } },
{ "type": "Feature", "properties": { "bus_id": 95, "ba_code": "ERCO", "lon": -99.315348400248254, "lat": 27.75834289958955, "n_counties": 5, "population": 306696.06552817038, "generation_cap_mw": 655.41942261561826, "load_mw": 617.07371474127376, "role": "mixed" }, "geometry": { "type": "Point", "coordinates": [ -99.315348400248254, 27.75834289958955 ] } },
{ "type": "Feature", "properties": { "bus_id": 96, "ba_code": "ERCO", "lon": -96.77777333716044, "lat": 32.766489241279032, "n_counties": 1, "population": 2604052.9999999991, "generation_cap_mw": 1779.7, "load_mw": 5239.365087145412, "role": "load" }, "geometry": { "type": "Point", "coordinates": [ -96.77777333716044, 32.766489241279032 ] } },
{ "type": "Feature", "properties": { "bus_id": 97, "ba_code": "ERCO", "lon": -96.972708320566923, "lat": 28.647981730414539, "n_counties": 6, "population": 150958.45638936246, "generation_cap_mw": 2095.9626529688021, "load_mw": 303.72902011433303, "role": "generation" }, "geometry": { "type": "Point", "coordinates": [ -96.972708320566923, 28.647981730414539 ] } },
{ "type": "Feature", "properties": { "bus_id": 98, "ba_code": "ERCO", "lon": -98.173356027594593, "lat": 33.149665167167008, "n_counties": 6, "population": 154541.32586199918, "generation_cap_mw": 3752.4, "load_mw": 310.93776787282025, "role": "generation" }, "geometry": { "type": "Point", "coordinates": [ -98.173356027594593, 33.149665167167008 ] } },
{ "type": "Feature", "properties": { "bus_id": 99, "ba_code": "ERCO", "lon": -97.321807968347358, "lat": 30.093231175430649, "n_counties": 3, "population": 162118.99999999988, "generation_cap_mw": 1850.7, "load_mw": 326.18407865082884, "role": "generation" }, "geometry": { "type": "Point", "coordinates": [ -97.321807968347358, 30.093231175430649 ] } },
{ "type": "Feature", "properties": { "bus_id": 100, "ba_code": "ERCO", "lon": -96.082903478603598, "lat": 31.704523546371476, "n_counties": 3, "population": 93603.999999999796, "generation_cap_mw": 1035.9999999999966, "load_mw": 188.33162367169879, "role": "generation" }, "geometry": { "type": "Point", "coordinates": [ -96.082903478603598, 31.704523546371476 ] } },
{ "type": "Feature", "properties": { "bus_id": 101, "ba_code": "ERCO", "lon": -96.202603092421413, "lat": 30.58715936527874, "n_counties": 6, "population": 258533.12476594595, "generation_cap_mw": 647.48378213899787, "load_mw": 520.16968462980844, "role": "mixed" }, "geometry": { "type": "Point", "coordinates": [ -96.202603092421413, 30.58715936527874 ] } },
{ "type": "Feature", "properties": { "bus_id": 102, "ba_code": "ERCO", "lon": -97.730322258668991, "lat": 32.248981011180206, "n_counties": 7, "population": 337572.99999999988, "generation_cap_mw": 4934.7, "load_mw": 679.19823082054722, "role": "generation" }, "geometry": { "type": "Point", "coordinates": [ -97.730322258668991, 32.248981011180206 ] } },
{ "type": "Feature", "properties": { "bus_id": 103, "ba_code": "ERCO", "lon": -100.43657561445167, "lat": 29.283571522795739, "n_counties": 7, "population": 147262.57244063978, "generation_cap_mw": 148.96793641517209, "load_mw": 296.29288677638687, "role": "load" }, "geometry": { "type": "Point", "coordinates": [ -100.436575614451669, 29.283571522795739 ] } },
{ "type": "Feature", "properties": { "bus_id": 104, "ba_code": "ERCO", "lon": -96.677589726405671, "lat": 33.626839495623933, "n_counties": 4, "population": 137124.32111121272, "generation_cap_mw": 907.23599967584664, "load_mw": 275.89468441256946, "role": "mixed" }, "geometry": { "type": "Point", "coordinates": [ -96.677589726405671, 33.626839495623933 ] } },
{ "type": "Feature", "properties": { "bus_id": 105, "ba_code": "ERCO", "lon": -95.823881408963658, "lat": 29.510091988967652, "n_counties": 3, "population": 931683.18654617283, "generation_cap_mw": 5522.2, "load_mw": 1874.5503105621913, "role": "mixed" }, "geometry": { "type": "Point", "coordinates": [ -95.823881408963658, 29.510091988967652 ] } },
{ "type": "Feature", "properties": { "bus_id": 106, "ba_code": "ERCO", "lon": -94.737347501553685, "lat": 29.595701947561977, "n_counties": 4, "population": 224684.87397210987, "generation_cap_mw": 2867.8775460100965, "load_mw": 452.0668681855322, "role": "generation" }, "geometry": { "type": "Point", "coordinates": [ -94.737347501553685, 29.595701947561977 ] } },
{ "type": "Feature", "properties": { "bus_id": 107, "ba_code": "ERCO", "lon": -101.0392124901764, "lat": 33.646325763827775, "n_counties": 16, "population": 22743.076632371496, "generation_cap_mw": 447.34756523382896, "load_mw": 45.759161461736731, "role": "generation" }, "geometry": { "type": "Point", "coordinates": [ -101.039212490176396, 33.646325763827775 ] } },
{ "type": "Feature", "properties": { "bus_id": 108, "ba_code": "ERCO", "lon": -96.004270064967272, "lat": 28.7855753157179, "n_counties": 1, "population": 27250.05873388056, "generation_cap_mw": 2036.0682211963499, "load_mw": 54.827227538362614, "role": "generation" }, "geometry": { "type": "Point", "coordinates": [ -96.004270064967272, 28.7855753157179 ] } },
{ "type": "Feature", "properties": { "bus_id": 109, "ba_code": "ERCO", "lon": -97.848298161934338, "lat": 30.263868400835634, "n_counties": 3, "population": 1546012.9999999951, "generation_cap_mw": 2305.3, "load_mw": 3110.58436079178, "role": "load" }, "geometry": { "type": "Point", "coordinates": [ -97.848298161934338, 30.263868400835634 ] } },
{ "type": "Feature", "properties": { "bus_id": 110, "ba_code": "ERCO", "lon": -96.521987296165548, "lat": 33.18136500056805, "n_counties": 2, "population": 1180748.9999999988, "generation_cap_mw": 539.9, "load_mw": 2375.6717268357647, "role": "load" }, "geometry": { "type": "Point", "coordinates": [ -96.521987296165548, 33.18136500056805 ] } },
{ "type": "Feature", "properties": { "bus_id": 111, "ba_code": "ERCO", "lon": -96.269014020844111, "lat": 32.632293863408677, "n_counties": 4, "population": 331224.98474718723, "generation_cap_mw": 1894.2, "load_mw": 666.42599865466832, "role": "mixed" }, "geometry": { "type": "Point", "coordinates": [ -96.269014020844111, 32.632293863408677 ] } },
{ "type": "Feature", "properties": { "bus_id": 112, "ba_code": "ERCO", "lon": -102.81384344071925, "lat": 30.710937214435358, "n_counties": 5, "population": 33564.90859161321, "generation_cap_mw": 582.38141455460936, "load_mw": 67.532730796233949, "role": "generation" }, "geometry": { "type": "Point", "coordinates": [ -102.813843440719253, 30.710937214435358 ] } },
{ "type": "Feature", "properties": { "bus_id": 113, "ba_code": "ERCO", "lon": -101.13355504243252, "lat": 31.8315431288617, "n_counties": 3, "population": 5768.0, "generation_cap_mw": 1207.2, "load_mw": 11.605239149377816, "role": "generation" }, "geometry": { "type": "Point", "coordinates": [ -101.133555042432519, 31.8315431288617 ] } },
{ "type": "Feature", "properties": { "bus_id": 114, "ba_code": "ERCO", "lon": -98.594350948276684, "lat": 30.8356095007852, "n_counties": 8, "population": 141979.99999999988, "generation_cap_mw": 888.1, "load_mw": 285.66432982466381, "role": "mixed" }, "geometry": { "type": "Point", "coordinates": [ -98.594350948276684, 30.8356095007852 ] } },
{ "type": "Feature", "properties": { "bus_id": 115, "ba_code": "ERCO", "lon": -103.15056343562632, "lat": 31.59613080635145, "n_counties": 10, "population": 37678.263427947088, "generation_cap_mw": 635.6187740310404, "load_mw": 75.808817235537774, "role": "generation" }, "geometry": { "type": "Point", "coordinates": [ -103.150563435626324, 31.59613080635145 ] } },
{ "type": "Feature", "properties": { "bus_id": 116, "ba_code": "ERCO", "lon": -97.994310916295802, "lat": 29.595584376170738, "n_counties": 4, "population": 409145.99999999988, "generation_cap_mw": 2035.2, "load_mw": 823.20339407270012, "role": "mixed" }, "geometry": { "type": "Point", "coordinates": [ -97.994310916295802, 29.595584376170738 ] } },
{ "type": "Feature", "properties": { "bus_id": 117, "ba_code": "ERCO", "lon": -96.88580393745309, "lat": 29.858176195069458, "n_counties": 4, "population": 95930.999999999898, "generation_cap_mw": 1932.0, "load_mw": 193.01355701091575, "role": "generation" }, "geometry": { "type": "Point", "coordinates": [ -96.88580393745309, 29.858176195069458 ] } },
{ "type": "Feature", "properties": { "bus_id": 118, "ba_code": "ERCO", "lon": -96.795022976915277, "lat": 32.316885105872601, "n_counties": 3, "population": 284480.99999999994, "generation_cap_mw": 2193.8, "load_mw": 572.37691374031715, "role": "generation" }, "geometry": { "type": "Point", "coordinates": [ -96.795022976915277, 32.316885105872601 ] } },
{ "type": "Feature", "properties": { "bus_id": 119, "ba_code": "ERCO", "lon": -101.19371033794566, "lat": 32.745270136949209, "n_counties": 6, "population": 29954.125834221606, "generation_cap_mw": 1236.7180103969445, "load_mw": 60.2678213967923, "role": "generation" }, "geometry": { "type": "Point", "coordinates": [ -101.19371033794566, 32.745270136949209 ] } },
{ "type": "Feature", "properties": { "bus_id": 120, "ba_code": "ERCO", "lon": -98.825607639914239, "lat": 33.910923519678803, "n_counties": 14, "population": 174025.1985893838, "generation_cap_mw": 376.0695910091714, "load_mw": 350.13939799718548, "role": "mixed" }, "geometry": { "type": "Point", "coordinates": [ -98.825607639914239, 33.910923519678803 ] } },
{ "type": "Feature", "properties": { "bus_id": 121, "ba_code": "ERCO", "lon": -97.541490394498368, "lat": 26.465693250262845, "n_counties": 3, "population": 333523.05697629822, "generation_cap_mw": 1223.6780351834434, "load_mw": 671.04972920275725, "role": "mixed" }, "geometry": { "type": "Point", "coordinates": [ -97.541490394498368, 26.465693250262845 ] } },
{ "type": "Feature", "properties": { "bus_id": 122, "ba_code": "ERCO", "lon": -97.124349866256111, "lat": 33.239756186861875, "n_counties": 2, "population": 956548.51001185935, "generation_cap_mw": 244.51224023731902, "load_mw": 1924.5794411700151, "role": "load" }, "geometry": { "type": "Point", "coordinates": [ -97.124349866256111, 33.239756186861875 ] } },
{ "type": "Feature", "properties": { "bus_id": 123, "ba_code": "ERCO", "lon": -95.077082673713491, "lat": 33.211732568755274, "n_counties": 6, "population": 59261.111944154989, "generation_cap_mw": 412.00001072370804, "load_mw": 119.23359507107642, "role": "generation" }, "geometry": { "type": "Point", "coordinates": [ -95.077082673713491, 33.211732568755274 ] } },
{ "type": "Feature", "properties": { "bus_id": 124, "ba_code": "ERCO", "lon": -100.41784190235536, "lat": 32.266689505710097, "n_counties": 3, "population": 21641.999999999975, "generation_cap_mw": 1631.6, "load_mw": 43.543790858327739, "role": "generation" }, "geometry": { "type": "Point", "coordinates": [ -100.417841902355363, 32.266689505710097 ] } },
{ "type": "Feature", "properties": { "bus_id": 125, "ba_code": "ERCO", "lon": -98.649451447026294, "lat": 28.866628919617447, "n_counties": 5, "population": 94402.999999999971, "generation_cap_mw": 611.6, "load_mw": 189.93921487841774, "role": "mixed" }, "geometry": { "type": "Point", "coordinates": [ -98.649451447026294, 28.866628919617447 ] } },
{ "type": "Feature", "properties": { "bus_id": 126, "ba_code": "ERCO", "lon": -96.527085869044711, "lat": 31.019626517387085, "n_counties": 2, "population": 41991.999999999891, "generation_cap_mw": 2144.6, "load_mw": 84.488072531323155, "role": "generation" }, "geometry": { "type": "Point", "coordinates": [ -96.527085869044711, 31.019626517387085 ] } },
{ "type": "Feature", "properties": { "bus_id": 127, "ba_code": "ERCO", "lon": -96.752667796031147, "lat": 31.542485877636242, "n_counties": 3, "population": 300325.0, "generation_cap_mw": 1849.8, "load_mw": 604.25510532886483, "role": "mixed" }, "geometry": { "type": "Point", "coordinates": [ -96.752667796031147, 31.542485877636242 ] } },
{ "type": "Feature", "properties": { "bus_id": 128, "ba_code": "ERCO", "lon": -97.600207863024096, "lat": 30.6476091753315, "n_counties": 1, "population": 617395.99999999546, "generation_cap_mw": 1.4, "load_mw": 1242.2032298663685, "role": "load" }, "geometry": { "type": "Point", "coordinates": [ -97.600207863024096, 30.6476091753315 ] } },
{ "type": "Feature", "properties": { "bus_id": 129, "ba_code": "ERCO", "lon": -95.515334071810301, "lat": 32.310244723096439, "n_counties": 4, "population": 320214.54410666181, "generation_cap_mw": 243.30581474163711, "load_mw": 644.27294789646339, "role": "load" }, "geometry": { "type": "Point", "coordinates": [ -95.515334071810301, 32.310244723096439 ] } },
{ "type": "Feature", "properties": { "bus_id": 130, "ba_code": "ERCO", "lon": -100.47214738479812, "lat": 31.201084928409113, "n_counties": 8, "population": 139119.99999999997, "generation_cap_mw": 149.99999999999983, "load_mw": 279.90999834629707, "role": "load" }, "geometry": { "type": "Point", "coordinates": [ -100.47214738479812, 31.201084928409113 ] } },
{ "type": "Feature", "properties": { "bus_id": 131, "ba_code": "FMPP", "lon": -81.411374058095817, "lat": 28.067274295536329, "n_counties": 8, "population": 669350.05996877223, "generation_cap_mw": 1833.3856218380904, "load_mw": 2164.3811643835616, "role": "mixed" }, "geometry": { "type": "Point", "coordinates": [ -81.411374058095817, 28.067274295536329 ] } },
{ "type": "Feature", "properties": { "bus_id": 132, "ba_code": "FPL", "lon": -80.460460475891381, "lat": 26.152329067597766, "n_counties": 1, "population": 1816032.2254420614, "generation_cap_mw": 2474.9186022394665, "load_mw": 3524.5844505171294, "role": "mixed" }, "geometry": { "type": "Point", "coordinates": [ -80.460460475891381, 26.152329067597766 ] } },
{ "type": "Feature", "properties": { "bus_id": 133, "ba_code": "FPL", "lon": -81.148175925323983, "lat": 29.063411910405783, "n_counties": 1, "population": 340825.81792934, "generation_cap_mw": 1922.1033469058136, "load_mw": 661.48021019622558, "role": "generation" }, "geometry": { "type": "Point", "coordinates": [ -81.148175925323983, 29.063411910405783 ] } },
{ "type": "Feature", "properties": { "bus_id": 134, "ba_code": "FPL", "lon": -82.365721067038749, "lat": 27.401120755709751, "n_counties": 5, "population": 342188.5440578874, "generation_cap_mw": 1047.8481857770098, "load_mw": 664.12501090829574, "role": "mixed" }, "geometry": { "type": "Point", "coordinates": [ -82.365721067038749, 27.401120755709751 ] } },
{ "type": "Feature", "properties": { "bus_id": 135, "ba_code": "FPL", "lon": -80.437482822157662, "lat": 26.647527919646446, "n_counties": 2, "population": 1400450.1148627126, "generation_cap_mw": 5532.848917330658, "load_mw": 2718.016029351305, "role": "mixed" }, "geometry": { "type": "Point", "coordinates": [ -80.437482822157662, 26.647527919646446 ] } },
{ "type": "Feature", "properties": { "bus_id": 136, "ba_code": "FPL", "lon": -80.701005673543051, "lat": 28.299735936874153, "n_counties": 2, "population": 501363.38572793547, "generation_cap_mw": 2169.1208052473698, "load_mw": 973.05409487717304, "role": "mixed" }, "geometry": { "type": "Point", "coordinates": [ -80.701005673543051, 28.299735936874153 ] } },
{ "type": "Feature", "properties": { "bus_id": 137, "ba_code": "FPL", "lon": -80.505624566411683, "lat": 25.61052162820684, "n_counties": 1, "population": 2265477.5021475023, "generation_cap_mw": 2550.7971594394617, "load_mw": 4396.8750472595748, "role": "load" }, "geometry": { "type": "Point", "coordinates": [ -80.505624566411683, 25.61052162820684 ] } },
{ "type": "Feature", "properties": { "bus_id": 138, "ba_code": "FPL", "lon": -81.724711193738472, "lat": 30.506773880266749, "n_counties": 5, "population": 118002.47142986848, "generation_cap_mw": 232.22747930536929, "load_mw": 229.02108789565389, "role": "mixed" }, "geometry": { "type": "Point", "coordinates": [ -81.724711193738472, 30.506773880266749 ] } },
{ "type": "Feature", "properties": { "bus_id": 139, "ba_code": "FPL", "lon": -81.966591103248533, "lat": 26.579927755004384, "n_counties": 3, "population": 315852.44735740602, "generation_cap_mw": 791.27610757063167, "load_mw": 613.01149231683098, "role": "mixed" }, "geometry": { "type": "Point", "coordinates": [ -81.966591103248533, 26.579927755004384 ] } },
{ "type": "Feature", "properties": { "bus_id": 140, "ba_code": "FPL", "lon": -80.467854625094361, "lat": 27.40582770505431, "n_counties": 4, "population": 397084.7498575502, "generation_cap_mw": 1965.6457219118549, "load_mw": 770.6684470011113, "role": "mixed" }, "geometry": { "type": "Point", "coordinates": [ -80.467854625094361, 27.40582770505431 ] } },
{ "type": "Feature", "properties": { "bus_id": 141, "ba_code": "FPL", "lon": -81.638642956026658, "lat": 29.576647567347429, "n_counties": 2, "population": 124830.73857968416, "generation_cap_mw": 643.88577586280633, "load_mw": 242.27349822353719, "role": "generation" }, "geometry": { "type": "Point", "coordinates": [ -81.638642956026658, 29.576647567347429 ] } },
{ "type": "Feature", "properties": { "bus_id": 142, "ba_code": "FPL", "lon": -80.398936123806251, "lat": 27.081704789458016, "n_counties": 2, "population": 144040.5044150186, "generation_cap_mw": 2203.0555687495435, "load_mw": 279.55611965103628, "role": "generation" }, "geometry": { "type": "Point", "coordinates": [ -80.398936123806251, 27.081704789458016 ] } },
{ "type": "Feature", "properties": { "bus_id": 143, "ba_code": "FPL", "lon": -81.262086693838526, "lat": 28.657253318914034, "n_counties": 3, "population": 381679.40219312924, "generation_cap_mw": 110.19015532649715, "load_mw": 740.7695013369663, "role": "load" }, "geometry": { "type": "Point", "coordinates": [ -81.262086693838526, 28.657253318914034 ] } },
{ "type": "Feature", "properties": { "bus_id": 144, "ba_code": "FPL", "lon": -82.441603218786994, "lat": 30.076666550347898, "n_counties": 7, "population": 69598.765857324877, "generation_cap_mw": 42.86535622761474, "load_mw": 135.07840030547743, "role": "load" }, "geometry": { "type": "Point", "coordinates": [ -82.441603218786994, 30.076666550347898 ] } },
{ "type": "Feature", "properties": { "bus_id": 145, "ba_code": "FPL", "lon": -81.486326739141887, "lat": 29.924288832225393, "n_counties": 2, "population": 230892.03566228345, "generation_cap_mw": 0.0, "load_mw": 448.11896355277219, "role": "load" }, "geometry": { "type": "Point", "coordinates": [ -81.486326739141887, 29.924288832225393 ] } },
{ "type": "Feature", "properties": { "bus_id": 146, "ba_code": "FPL", "lon": -81.366202252322552, "lat": 25.040020508969668, "n_counties": 1, "population": 18738.327632339729, "generation_cap_mw": 28.89179520124538, "load_mw": 36.367646606911585, "role": "mixed" }, "geometry": { "type": "Point", "coordinates": [ -81.366202252322552, 25.040020508969668 ] } },
{ "type": "Feature", "properties": { "bus_id": 147, "ba_code": "GVL", "lon": -82.357583234064208, "lat": 29.674758508055973, "n_counties": 1, "population": 88307.432998324133, "generation_cap_mw": 205.79780992177251, "load_mw": 234.52237442922373, "role": "mixed" }, "geometry": { "type": "Point", "coordinates": [ -82.357583234064208, 29.674758508055973 ] } },
{ "type": "Feature", "properties": { "bus_id": 148, "ba_code": "GRMA", "lon": -112.49331603234796, "lat": 33.348534439488454, "n_counties": 1, "population": 24000.854776409105, "generation_cap_mw": 80.813355338082005, "load_mw": 0.0, "role": "mixed" }, "geometry": { "type": "Point", "coordinates": [ -112.493316032347963, 33.348534439488454 ] } },
{ "type": "Feature", "properties": { "bus_id": 149, "ba_code": "GRID", "lon": -119.27681221907943, "lat": 45.749811258555191, "n_counties": 3, "population": 7074.8340141937442, "generation_cap_mw": 159.19890610935121, "load_mw": 0.0, "role": "mixed" }, "geometry": { "type": "Point", "coordinates": [ -119.276812219079432, 45.749811258555191 ] } },
{ "type": "Feature", "properties": { "bus_id": 150, "ba_code": "GLHB", "lon": -89.119958090688812, "lat": 37.280901920775307, "n_counties": 5, "population": 9498.4374917444293, "generation_cap_mw": 0.0, "load_mw": 0.0, "role": "load" }, "geometry": { "type": "Point", "coordinates": [ -89.119958090688812, 37.280901920775307 ] } },
{ "type": "Feature", "properties": { "bus_id": 151, "ba_code": "GRIF", "lon": -113.76209955243661, "lat": 35.697842583931902, "n_counties": 1, "population": 795.70476777132944, "generation_cap_mw": 14.255747210616395, "load_mw": 0.0, "role": "mixed" }, "geometry": { "type": "Point", "coordinates": [ -113.762099552436609, 35.697842583931902 ] } },
{ "type": "Feature", "properties": { "bus_id": 152, "ba_code": "HEC", "lon": -156.32886678790473, "lat": 20.254187526002589, "n_counties": 0, "population": 0.0, "generation_cap_mw": 0.0, "load_mw": 0.0, "role": "mixed" }, "geometry": { "type": "Point", "coordinates": [ -156.32886678790473, 20.254187526002589 ] } },
{ "type": "Feature", "properties": { "bus_id": 153, "ba_code": "HST", "lon": -80.505624566411683, "lat": 25.61052162820684, "n_counties": 1, "population": 4359.285594132607, "generation_cap_mw": 4.908304452442465, "load_mw": 72.248287671232873, "role": "mixed" }, "geometry": { "type": "Point", "coordinates": [ -80.505624566411683, 25.61052162820684 ] } },
{ "type": "Feature", "properties": { "bus_id": 154, "ba_code": "HQT", "lon": -72.03589474480556, "lat": 44.959472502537132, "n_counties": 12, "population": 119.5298037449372, "generation_cap_mw": 0.86296365074768266, "load_mw": 0.0, "role": "mixed" }, "geometry": { "type": "Point", "coordinates": [ -72.03589474480556, 44.959472502537132 ] } },
{ "type": "Feature", "properties": { "bus_id": 155, "ba_code": "IPCO", "lon": -111.86612941976279, "lat": 43.254764957220992, "n_counties": 21, "population": 420448.31711956434, "generation_cap_mw": 856.7191773536174, "load_mw": 572.98962263178123, "role": "mixed" }, "geometry": { "type": "Point", "coordinates": [ -111.866129419762785, 43.254764957220992 ] } },
{ "type": "Feature", "properties": { "bus_id": 156, "ba_code": "IPCO", "lon": -116.13847625386936, "lat": 43.419085269372523, "n_counties": 8, "population": 809063.62346145383, "generation_cap_mw": 956.48235774982061, "load_mw": 1102.5970170798632, "role": "load" }, "geometry": { "type": "Point", "coordinates": [ -116.138476253869356, 43.419085269372523 ] } },
{ "type": "Feature", "properties": { "bus_id": 157, "ba_code": "IPCO", "lon": -114.43705082466234, "lat": 42.58504242086984, "n_counties": 10, "population": 207635.21375902495, "generation_cap_mw": 718.58336340848393, "load_mw": 282.96658098650505, "role": "mixed" }, "geometry": { "type": "Point", "coordinates": [ -114.437050824662336, 42.58504242086984 ] } },
{ "type": "Feature", "properties": { "bus_id": 158, "ba_code": "IPCO", "lon": -116.84497784933374, "lat": 44.396549806467277, "n_counties": 12, "population": 94427.079455417406, "generation_cap_mw": 1212.7939399230213, "load_mw": 128.68582039774134, "role": "generation" }, "geometry": { "type": "Point", "coordinates": [ -116.844977849333745, 44.396549806467277 ] } },
{ "type": "Feature", "properties": { "bus_id": 159, "ba_code": "IESO", "lon": -86.241095266859205, "lat": 46.112196237279015, "n_counties": 9, "population": 317.0512343179866, "generation_cap_mw": 2.2091996039510815, "load_mw": 0.0, "role": "mixed" }, "geometry": { "type": "Point", "coordinates": [ -86.241095266859205, 46.112196237279015 ] } },
{ "type": "Feature", "properties": { "bus_id": 160, "ba_code": "IID", "lon": -115.36288059804177, "lat": 33.531247385947147, "n_counties": 6, "population": 993714.14819143922, "generation_cap_mw": 3803.0317447313782, "load_mw": 428.8519406392694, "role": "mixed" }, "geometry": { "type": "Point", "coordinates": [ -115.36288059804177, 33.531247385947147 ] } },
{ "type": "Feature", "properties": { "bus_id": 161, "ba_code": "JEA", "lon": -81.856673040794277, "lat": 30.187488604184562, "n_counties": 6, "population": 986551.18495271145, "generation_cap_mw": 2681.0929517492964, "load_mw": 1499.9944063926939, "role": "mixed" }, "geometry": { "type": "Point", "coordinates": [ -81.856673040794277, 30.187488604184562 ] } },
{ "type": "Feature", "properties": { "bus_id": 162, "ba_code": "LGEE", "lon": -82.811466700959912, "lat": 36.95377324611497, "n_counties": 20, "population": 95063.001363832809, "generation_cap_mw": 894.26725865347578, "load_mw": 248.70850445223658, "role": "mixed" }, "geometry": { "type": "Point", "coordinates": [ -82.811466700959912, 36.95377324611497 ] } },
{ "type": "Feature", "properties": { "bus_id": 163, "ba_code": "LGEE", "lon": -85.206924594100329, "lat": 38.216961049305681, "n_counties": 57, "population": 1408329.6047407617, "generation_cap_mw": 5420.0447905162027, "load_mw": 3684.5412489168875, "role": "mixed" }, "geometry": { "type": "Point", "coordinates": [ -85.206924594100329, 38.216961049305681 ] } },
{ "type": "Feature", "properties": { "bus_id": 164, "ba_code": "LGEE", "lon": -87.352635413152043, "lat": 37.230342203259937, "n_counties": 30, "population": 72797.851908677272, "generation_cap_mw": 1398.8752869652274, "load_mw": 190.4573242564465, "role": "generation" }, "geometry": { "type": "Point", "coordinates": [ -87.352635413152043, 37.230342203259937 ] } },
{ "type": "Feature", "properties": { "bus_id": 165, "ba_code": "LDWP", "lon": -118.26184931892898, "lat": 34.19611805718521, "n_counties": 2, "population": 1139787.5927793095, "generation_cap_mw": 1269.921571140791, "load_mw": 2664.9751538509299, "role": "mixed" }, "geometry": { "type": "Point", "coordinates": [ -118.261849318928981, 34.19611805718521 ] } },
{ "type": "Feature", "properties": { "bus_id": 166, "ba_code": "LDWP", "lon": -117.41253180072241, "lat": 36.510685091461369, "n_counties": 4, "population": 3497.0845191138446, "generation_cap_mw": 63.704993690729445, "load_mw": 8.1766492400831332, "role": "generation" }, "geometry": { "type": "Point", "coordinates": [ -117.412531800722405, 36.510685091461369 ] } },
{ "type": "Feature", "properties": { "bus_id": 167, "ba_code": "MHEB", "lon": -97.852871271991972, "lat": 48.777312717729146, "n_counties": 7, "population": 6.245425910687203, "generation_cap_mw": 7.669943663361117e-07, "load_mw": 0.0, "role": "load" }, "geometry": { "type": "Point", "coordinates": [ -97.852871271991972, 48.777312717729146 ] } },
{ "type": "Feature", "properties": { "bus_id": 168, "ba_code": "MISO", "lon": -86.088422643310466, "lat": 39.81911337186326, "n_counties": 22, "population": 2298894.2554181279, "generation_cap_mw": 2855.1923742667482, "load_mw": 3925.5891848330825, "role": "load" }, "geometry": { "type": "Point", "coordinates": [ -86.088422643310466, 39.81911337186326 ] } },
{ "type": "Feature", "properties": { "bus_id": 169, "ba_code": "MISO", "lon": -93.863484041171716, "lat": 30.855143853619499, "n_counties": 8, "population": 116949.20660438578, "generation_cap_mw": 907.5, "load_mw": 199.70233060479998, "role": "generation" }, "geometry": { "type": "Point", "coordinates": [ -93.863484041171716, 30.855143853619499 ] } },
{ "type": "Feature", "properties": { "bus_id": 170, "ba_code": "MISO", "lon": -93.026877889718861, "lat": 44.549756220629988, "n_counties": 9, "population": 928397.99999999977, "generation_cap_mw": 3264.7, "load_mw": 1585.3313563384377, "role": "mixed" }, "geometry": { "type": "Point", "coordinates": [ -93.026877889718861, 44.549756220629988 ] } },
{ "type": "Feature", "properties": { "bus_id": 171, "ba_code": "MISO", "lon": -90.944918004737232, "lat": 38.295593699110135, "n_counties": 9, "population": 454562.27370109764, "generation_cap_mw": 2537.7686525102599, "load_mw": 776.21001543179261, "role": "mixed" }, "geometry": { "type": "Point", "coordinates": [ -90.944918004737232, 38.295593699110135 ] } },
{ "type": "Feature", "properties": { "bus_id": 172, "ba_code": "MISO", "lon": -85.750132434762023, "lat": 42.90672566052983, "n_counties": 11, "population": 1426241.9119446448, "generation_cap_mw": 2513.267684847749, "load_mw": 2435.4490474235517, "role": "load" }, "geometry": { "type": "Point", "coordinates": [ -85.750132434762023, 42.90672566052983 ] } },
{ "type": "Feature", "properties": { "bus_id": 173, "ba_code": "MISO", "lon": -90.112922570573076, "lat": 30.657677590722507, "n_counties": 9, "population": 508471.63131128275, "generation_cap_mw": 498.54348885607112, "load_mw": 868.26557244450555, "role": "load" }, "geometry": { "type": "Point", "coordinates": [ -90.112922570573076, 30.657677590722507 ] } },
{ "type": "Feature", "properties": { "bus_id": 174, "ba_code": "MISO", "lon": -92.983704682000948, "lat": 34.379715122661047, "n_counties": 11, "population": 317965.94945650088, "generation_cap_mw": 2249.1159280933985, "load_mw": 542.95828935576526, "role": "mixed" }, "geometry": { "type": "Point", "coordinates": [ -92.983704682000948, 34.379715122661047 ] } },
{ "type": "Feature", "properties": { "bus_id": 175, "ba_code": "MISO", "lon": -90.680450930090615, "lat": 41.48234611647586, "n_counties": 13, "population": 555963.04754663841, "generation_cap_mw": 4287.1012716140804, "load_mw": 949.36186015174917, "role": "generation" }, "geometry": { "type": "Point", "coordinates": [ -90.680450930090615, 41.48234611647586 ] } },
{ "type": "Feature", "properties": { "bus_id": 176, "ba_code": "MISO", "lon": -97.721831947778412, "lat": 47.19810140706813, "n_counties": 36, "population": 523085.82763429999, "generation_cap_mw": 1214.3008715595329, "load_mw": 893.22075726671005, "role": "mixed" }, "geometry": { "type": "Point", "coordinates": [ -97.721831947778412, 47.19810140706813 ] } },
{ "type": "Feature", "properties": { "bus_id": 177, "ba_code": "MISO", "lon": -93.440192937351185, "lat": 41.81179841178119, "n_counties": 20, "population": 1062598.9653370986, "generation_cap_mw": 3068.3327720294815, "load_mw": 1814.4927703007581, "role": "mixed" }, "geometry": { "type": "Point", "coordinates": [ -93.440192937351185, 41.81179841178119 ] } },
{ "type": "Feature", "properties": { "bus_id": 178, "ba_code": "MISO", "lon": -87.279530911159227, "lat": 39.140288268540473, "n_counties": 13, "population": 488118.99999999919, "generation_cap_mw": 3215.3, "load_mw": 833.51144264050629, "role": "mixed" }, "geometry": { "type": "Point", "coordinates": [ -87.279530911159227, 39.140288268540473 ] } },
{ "type": "Feature", "properties": { "bus_id": 179, "ba_code": "MISO", "lon": -83.104178302889949, "lat": 42.801705581956064, "n_counties": 6, "population": 2678725.3510527038, "generation_cap_mw": 3188.1111249834494, "load_mw": 4574.1883266040441, "role": "load" }, "geometry": { "type": "Point", "coordinates": [ -83.104178302889949, 42.801705581956064 ] } },
{ "type": "Feature", "properties": { "bus_id": 180, "ba_code": "MISO", "lon": -87.979989020712225, "lat": 45.926285758435334, "n_counties": 16, "population": 243436.50609226039, "generation_cap_mw": 564.0142132872312, "load_mw": 415.69189764038003, "role": "mixed" }, "geometry": { "type": "Point", "coordinates": [ -87.979989020712225, 45.926285758435334 ] } },
{ "type": "Feature", "properties": { "bus_id": 181, "ba_code": "MISO", "lon": -87.991419198931837, "lat": 43.028395377594279, "n_counties": 9, "population": 1005614.7122324524, "generation_cap_mw": 1230.7641532158189, "load_mw": 1717.1865252804955, "role": "load" }, "geometry": { "type": "Point", "coordinates": [ -87.991419198931837, 43.028395377594279 ] } },
{ "type": "Feature", "properties": { "bus_id": 182, "ba_code": "MISO", "lon": -90.69823095496433, "lat": 33.565076603362101, "n_counties": 19, "population": 266155.24196464999, "generation_cap_mw": 1472.7668805056539, "load_mw": 454.4863848698551, "role": "mixed" }, "geometry": { "type": "Point", "coordinates": [ -90.69823095496433, 33.565076603362101 ] } },
{ "type": "Feature", "properties": { "bus_id": 183, "ba_code": "MISO", "lon": -94.889109160611739, "lat": 45.845832934813352, "n_counties": 19, "population": 604536.40816977352, "generation_cap_mw": 218.5, "load_mw": 1032.3056748503923, "role": "load" }, "geometry": { "type": "Point", "coordinates": [ -94.889109160611739, 45.845832934813352 ] } },
{ "type": "Feature", "properties": { "bus_id": 184, "ba_code": "MISO", "lon": -88.84408395879943, "lat": 37.210500416243228, "n_counties": 24, "population": 365006.0615077198, "generation_cap_mw": 2379.8595436067803, "load_mw": 623.28393055756771, "role": "mixed" }, "geometry": { "type": "Point", "coordinates": [ -88.84408395879943, 37.210500416243228 ] } },
{ "type": "Feature", "properties": { "bus_id": 185, "ba_code": "MISO", "lon": -103.83354217325551, "lat": 48.151613736021929, "n_counties": 14, "population": 63606.215117850254, "generation_cap_mw": 909.0012813822334, "load_mw": 108.61389973301966, "role": "generation" }, "geometry": { "type": "Point", "coordinates": [ -103.833542173255509, 48.151613736021929 ] } },
{ "type": "Feature", "properties": { "bus_id": 186, "ba_code": "MISO", "lon": -95.026591775705043, "lat": 43.227058442770684, "n_counties": 12, "population": 144643.99999999994, "generation_cap_mw": 1408.3, "load_mw": 246.99392793415856, "role": "generation" }, "geometry": { "type": "Point", "coordinates": [ -95.026591775705043, 43.227058442770684 ] } },
{ "type": "Feature", "properties": { "bus_id": 187, "ba_code": "MISO", "lon": -89.271280233537922, "lat": 43.088285669450428, "n_counties": 14, "population": 1162410.5889561006, "generation_cap_mw": 4036.6163839442188, "load_mw": 1984.930983922776, "role": "mixed" }, "geometry": { "type": "Point", "coordinates": [ -89.271280233537922, 43.088285669450428 ] } },
{ "type": "Feature", "properties": { "bus_id": 188, "ba_code": "MISO", "lon": -88.756604350653873, "lat": 40.299437129111034, "n_counties": 5, "population": 243892.25327377068, "generation_cap_mw": 2991.6124110247383, "load_mw": 416.47013100302314, "role": "generation" }, "geometry": { "type": "Point", "coordinates": [ -88.756604350653873, 40.299437129111034 ] } },
{ "type": "Feature", "properties": { "bus_id": 189, "ba_code": "MISO", "lon": -86.886762985159763, "lat": 41.494277312205959, "n_counties": 13, "population": 979303.46036511846, "generation_cap_mw": 1760.7222542124491, "load_mw": 1672.257461872558, "role": "load" }, "geometry": { "type": "Point", "coordinates": [ -86.886762985159763, 41.494277312205959 ] } },
{ "type": "Feature", "properties": { "bus_id": 190, "ba_code": "MISO", "lon": -90.599657230127491, "lat": 32.172862581765578, "n_counties": 17, "population": 568359.54484627116, "generation_cap_mw": 2135.9468580505263, "load_mw": 970.53010467389663, "role": "mixed" }, "geometry": { "type": "Point", "coordinates": [ -90.599657230127491, 32.172862581765578 ] } },
{ "type": "Feature", "properties": { "bus_id": 191, "ba_code": "MISO", "lon": -91.16960683499596, "lat": 30.320606892704948, "n_counties": 10, "population": 948751.43906128022, "generation_cap_mw": 2992.3147963100187, "load_mw": 1620.0868654554019, "role": "mixed" }, "geometry": { "type": "Point", "coordinates": [ -91.16960683499596, 30.320606892704948 ] } },
{ "type": "Feature", "properties": { "bus_id": 192, "ba_code": "MISO", "lon": -88.434827501806197, "lat": 44.245337227767308, "n_counties": 11, "population": 926688.82601036516, "generation_cap_mw": 2103.2756611514751, "load_mw": 1582.4127728007675, "role": "mixed" }, "geometry": { "type": "Point", "coordinates": [ -88.434827501806197, 44.245337227767308 ] } },
{ "type": "Feature", "properties": { "bus_id": 193, "ba_code": "MISO", "lon": -90.180778553037328, "lat": 35.497514947918148, "n_counties": 17, "population": 349559.8742676081, "generation_cap_mw": 1962.6229667016444, "load_mw": 596.90803900284254, "role": "mixed" }, "geometry": { "type": "Point", "coordinates": [ -90.180778553037328, 35.497514947918148 ] } },
{ "type": "Feature", "properties": { "bus_id": 194, "ba_code": "MISO", "lon": -93.458475416397931, "lat": 47.602463220536954, "n_counties": 9, "population": 379539.02617293614, "generation_cap_mw": 1328.2793005801025, "load_mw": 648.10040429439823, "role": "mixed" }, "geometry": { "type": "Point", "coordinates": [ -93.458475416397931, 47.602463220536954 ] } },
{ "type": "Feature", "properties": { "bus_id": 195, "ba_code": "MISO", "lon": -84.135344229707158, "lat": 43.643441253134675, "n_counties": 14, "population": 635703.53821522824, "generation_cap_mw": 3366.9923595080927, "load_mw": 1085.5266302468249, "role": "mixed" }, "geometry": { "type": "Point", "coordinates": [ -84.135344229707158, 43.643441253134675 ] } },
{ "type": "Feature", "properties": { "bus_id": 196, "ba_code": "MISO", "lon": -87.103351878505507, "lat": 37.924151874110869, "n_counties": 20, "population": 491399.49331051187, "generation_cap_mw": 4755.5743922213496, "load_mw": 839.11320924212998, "role": "generation" }, "geometry": { "type": "Point", "coordinates": [ -87.103351878505507, 37.924151874110869 ] } },
{ "type": "Feature", "properties": { "bus_id": 197, "ba_code": "MISO", "lon": -95.176493628093553, "lat": 41.384287714752148, "n_counties": 25, "population": 250439.15399650898, "generation_cap_mw": 3316.8156968162089, "load_mw": 427.64961114256653, "role": "generation" }, "geometry": { "type": "Point", "coordinates": [ -95.176493628093553, 41.384287714752148 ] } },
{ "type": "Feature", "properties": { "bus_id": 198, "ba_code": "MISO", "lon": -85.398447767531408, "lat": 38.877666649497563, "n_counties": 24, "population": 595445.44762328337, "generation_cap_mw": 3919.8178442756853, "load_mw": 1016.7819610836818, "role": "mixed" }, "geometry": { "type": "Point", "coordinates": [ -85.398447767531408, 38.877666649497563 ] } },
{ "type": "Feature", "properties": { "bus_id": 199, "ba_code": "MISO", "lon": -92.695506477287367, "lat": 31.338722421342869, "n_counties": 9, "population": 306192.39369929978, "generation_cap_mw": 2024.6679392526969, "load_mw": 522.85377909455201, "role": "mixed" }, "geometry": { "type": "Point", "coordinates": [ -92.695506477287367, 31.338722421342869 ] } },
{ "type": "Feature", "properties": { "bus_id": 200, "ba_code": "MISO", "lon": -89.754123109273095, "lat": 38.722532978059853, "n_counties": 6, "population": 658500.9999999993, "generation_cap_mw": 959.7, "load_mw": 1124.4555497536796, "role": "load" }, "geometry": { "type": "Point", "coordinates": [ -89.754123109273095, 38.722532978059853 ] } },
{ "type": "Feature", "properties": { "bus_id": 201, "ba_code": "MISO", "lon": -84.521552052076629, "lat": 42.402307361521693, "n_counties": 14, "population": 1240294.9520860438, "generation_cap_mw": 934.45352799992247, "load_mw": 2117.9262327690126, "role": "load" }, "geometry": { "type": "Point", "coordinates": [ -84.521552052076629, 42.402307361521693 ] } },
{ "type": "Feature", "properties": { "bus_id": 202, "ba_code": "MISO", "lon": -92.647339238385698, "lat": 33.188621025843766, "n_counties": 13, "population": 184365.71216197894, "generation_cap_mw": 2589.3180344171697, "load_mw": 314.82267790759147, "role": "generation" }, "geometry": { "type": "Point", "coordinates": [ -92.647339238385698, 33.188621025843766 ] } },
{ "type": "Feature", "properties": { "bus_id": 203, "ba_code": "MISO", "lon": -93.304076240505225, "lat": 43.161677467477134, "n_counties": 11, "population": 178129.99999999991, "generation_cap_mw": 2795.3, "load_mw": 304.17458299626435, "role": "generation" }, "geometry": { "type": "Point", "coordinates": [ -93.304076240505225, 43.161677467477134 ] } },
{ "type": "Feature", "properties": { "bus_id": 204, "ba_code": "MISO", "lon": -93.413735074048546, "lat": 45.135833671588081, "n_counties": 13, "population": 3021067.9999999953, "generation_cap_mw": 5413.9999999999945, "load_mw": 5158.7722399559725, "role": "load" }, "geometry": { "type": "Point", "coordinates": [ -93.413735074048546, 45.135833671588081 ] } },
{ "type": "Feature", "properties": { "bus_id": 205, "ba_code": "MISO", "lon": -95.589260666814525, "lat": 30.496961720164489, "n_counties": 14, "population": 569735.56381882436, "generation_cap_mw": 1036.5086327131446, "load_mw": 972.87979308781519, "role": "load" }, "geometry": { "type": "Point", "coordinates": [ -95.589260666814525, 30.496961720164489 ] } },
{ "type": "Feature", "properties": { "bus_id": 206, "ba_code": "MISO", "lon": -96.385166379159955, "lat": 43.964208502250059, "n_counties": 19, "population": 337695.68695619493, "generation_cap_mw": 1788.2539858595248, "load_mw": 576.64876640396142, "role": "mixed" }, "geometry": { "type": "Point", "coordinates": [ -96.385166379159955, 43.964208502250059 ] } },
{ "type": "Feature", "properties": { "bus_id": 207, "ba_code": "MISO", "lon": -90.22335982715849, "lat": 29.824000143084998, "n_counties": 8, "population": 999042.60310113698, "generation_cap_mw": 5758.5874448988416, "load_mw": 1705.9639992914776, "role": "mixed" }, "geometry": { "type": "Point", "coordinates": [ -90.22335982715849, 29.824000143084998 ] } },
{ "type": "Feature", "properties": { "bus_id": 208, "ba_code": "MISO", "lon": -89.862904397506895, "lat": 44.769989884206566, "n_counties": 12, "population": 530332.99999999953, "generation_cap_mw": 1293.4, "load_mw": 905.5960204578555, "role": "mixed" }, "geometry": { "type": "Point", "coordinates": [ -89.862904397506895, 44.769989884206566 ] } },
{ "type": "Feature", "properties": { "bus_id": 209, "ba_code": "MISO", "lon": -93.356639882292271, "lat": 30.247411175885677, "n_counties": 3, "population": 251968.88319265126, "generation_cap_mw": 2964.6, "load_mw": 430.26177495738602, "role": "generation" }, "geometry": { "type": "Point", "coordinates": [ -93.356639882292271, 30.247411175885677 ] } },
{ "type": "Feature", "properties": { "bus_id": 210, "ba_code": "MISO", "lon": -84.898224317728648, "lat": 44.949607395527728, "n_counties": 19, "population": 341555.21706490556, "generation_cap_mw": 578.2175841622975, "load_mw": 583.23929557579436, "role": "load" }, "geometry": { "type": "Point", "coordinates": [ -84.898224317728648, 44.949607395527728 ] } },
{ "type": "Feature", "properties": { "bus_id": 211, "ba_code": "MISO", "lon": -89.185144867184277, "lat": 39.578592521808119, "n_counties": 9, "population": 486421.99999999988, "generation_cap_mw": 3336.5, "load_mw": 830.61364739352678, "role": "mixed" }, "geometry": { "type": "Point", "coordinates": [ -89.185144867184277, 39.578592521808119 ] } },
{ "type": "Feature", "properties": { "bus_id": 212, "ba_code": "MISO", "lon": -92.962257534601036, "lat": 35.461553824536608, "n_counties": 20, "population": 336455.18988233886, "generation_cap_mw": 1177.403728764448, "load_mw": 574.5304950282906, "role": "mixed" }, "geometry": { "type": "Point", "coordinates": [ -92.962257534601036, 35.461553824536608 ] } },
{ "type": "Feature", "properties": { "bus_id": 213, "ba_code": "MISO", "lon": -94.424805091959968, "lat": 43.973896634917551, "n_counties": 11, "population": 249896.99999999983, "generation_cap_mw": 1958.5, "load_mw": 426.72382960207403, "role": "generation" }, "geometry": { "type": "Point", "coordinates": [ -94.424805091959968, 43.973896634917551 ] } },
{ "type": "Feature", "properties": { "bus_id": 214, "ba_code": "MISO", "lon": -95.868403414910347, "lat": 42.422681993201735, "n_counties": 13, "population": 220478.02887695117, "generation_cap_mw": 1856.1489622007755, "load_mw": 376.48802836964569, "role": "generation" }, "geometry": { "type": "Point", "coordinates": [ -95.868403414910347, 42.422681993201735 ] } },
{ "type": "Feature", "properties": { "bus_id": 215, "ba_code": "MISO", "lon": -89.644627170733841, "lat": 40.592190511267162, "n_counties": 12, "population": 512147.24758480198, "generation_cap_mw": 2231.4573050700374, "load_mw": 874.54205056302567, "role": "mixed" }, "geometry": { "type": "Point", "coordinates": [ -89.644627170733841, 40.592190511267162 ] } },
{ "type": "Feature", "properties": { "bus_id": 216, "ba_code": "MISO", "lon": -94.072386912185408, "lat": 30.039514880171062, "n_counties": 5, "population": 461597.31853298517, "generation_cap_mw": 3784.0716331706585, "load_mw": 788.2230498903308, "role": "generation" }, "geometry": { "type": "Point", "coordinates": [ -94.072386912185408, 30.039514880171062 ] } },
{ "type": "Feature", "properties": { "bus_id": 217, "ba_code": "MISO", "lon": -92.096713643318608, "lat": 38.768732551657294, "n_counties": 13, "population": 268941.48157665413, "generation_cap_mw": 1562.8248872870113, "load_mw": 459.24416442472528, "role": "mixed" }, "geometry": { "type": "Point", "coordinates": [ -92.096713643318608, 38.768732551657294 ] } },
{ "type": "Feature", "properties": { "bus_id": 218, "ba_code": "MISO", "lon": -87.038593990335514, "lat": 44.003099590747375, "n_counties": 9, "population": 146523.31414872958, "generation_cap_mw": 1855.7597906586664, "load_mw": 250.20304261169079, "role": "generation" }, "geometry": { "type": "Point", "coordinates": [ -87.038593990335514, 44.003099590747375 ] } },
{ "type": "Feature", "properties": { "bus_id": 219, "ba_code": "MISO", "lon": -83.423056818647581, "lat": 42.144177493762449, "n_counties": 6, "population": 2281460.8499469166, "generation_cap_mw": 5173.366002334782, "load_mw": 3895.8199217139531, "role": "mixed" }, "geometry": { "type": "Point", "coordinates": [ -83.423056818647581, 42.144177493762449 ] } },
{ "type": "Feature", "properties": { "bus_id": 220, "ba_code": "MISO", "lon": -87.599185808392519, "lat": 38.373690274714193, "n_counties": 13, "population": 386244.99999999988, "generation_cap_mw": 7248.5, "load_mw": 659.55151748381604, "role": "generation" }, "geometry": { "type": "Point", "coordinates": [ -87.599185808392519, 38.373690274714193 ] } },
{ "type": "Feature", "properties": { "bus_id": 221, "ba_code": "MISO", "lon": -92.108258188229001, "lat": 43.783195542377968, "n_counties": 12, "population": 524442.99999999953, "generation_cap_mw": 1344.8, "load_mw": 895.53826323645535, "role": "mixed" }, "geometry": { "type": "Point", "coordinates": [ -92.108258188229001, 43.783195542377968 ] } },
{ "type": "Feature", "properties": { "bus_id": 222, "ba_code": "MISO", "lon": -88.959098091888109, "lat": 41.344905525107166, "n_counties": 9, "population": 122106.04381530077, "generation_cap_mw": 1864.3492912919908, "load_mw": 208.50813989133056, "role": "generation" }, "geometry": { "type": "Point", "coordinates": [ -88.959098091888109, 41.344905525107166 ] } },
{ "type": "Feature", "properties": { "bus_id": 223, "ba_code": "MISO", "lon": -91.722162251580812, "lat": 35.776498711937826, "n_counties": 16, "population": 220132.45816568047, "generation_cap_mw": 1282.5559820802407, "load_mw": 375.89793222078532, "role": "mixed" }, "geometry": { "type": "Point", "coordinates": [ -91.722162251580812, 35.776498711937826 ] } },
{ "type": "Feature", "properties": { "bus_id": 224, "ba_code": "MISO", "lon": -101.55364398459749, "lat": 47.192958158179472, "n_counties": 24, "population": 59515.858491042898, "generation_cap_mw": 941.4570620440395, "load_mw": 101.62921146453523, "role": "generation" }, "geometry": { "type": "Point", "coordinates": [ -101.553643984597485, 47.192958158179472 ] } },
{ "type": "Feature", "properties": { "bus_id": 225, "ba_code": "MISO", "lon": -91.6978350606269, "lat": 42.229930012999375, "n_counties": 14, "population": 844147.99999999977, "generation_cap_mw": 1140.8, "load_mw": 1441.466153298886, "role": "load" }, "geometry": { "type": "Point", "coordinates": [ -91.6978350606269, 42.229930012999375 ] } },
{ "type": "Feature", "properties": { "bus_id": 226, "ba_code": "MISO", "lon": -87.020621089521029, "lat": 40.754107647543947, "n_counties": 13, "population": 446583.81542003911, "generation_cap_mw": 2785.4725184099366, "load_mw": 762.5860092531924, "role": "mixed" }, "geometry": { "type": "Point", "coordinates": [ -87.020621089521029, 40.754107647543947 ] } },
{ "type": "Feature", "properties": { "bus_id": 227, "ba_code": "MISO", "lon": -92.075662827776355, "lat": 34.49578892884422, "n_counties": 9, "population": 610161.99999999988, "generation_cap_mw": 2766.4, "load_mw": 1041.9119289853852, "role": "mixed" }, "geometry": { "type": "Point", "coordinates": [ -92.075662827776355, 34.49578892884422 ] } },
{ "type": "Feature", "properties": { "bus_id": 228, "ba_code": "MISO", "lon": -90.542172900954228, "lat": 38.763763017013375, "n_counties": 11, "population": 1870967.0995901886, "generation_cap_mw": 1534.9193757478183, "load_mw": 3194.8612660280469, "role": "load" }, "geometry": { "type": "Point", "coordinates": [ -90.542172900954228, 38.763763017013375 ] } },
{ "type": "Feature", "properties": { "bus_id": 229, "ba_code": "MISO", "lon": -89.560921161843197, "lat": 38.168657262635925, "n_counties": 11, "population": 277671.66725499043, "generation_cap_mw": 3466.6255026430854, "load_mw": 474.15181944177971, "role": "generation" }, "geometry": { "type": "Point", "coordinates": [ -89.560921161843197, 38.168657262635925 ] } },
{ "type": "Feature", "properties": { "bus_id": 230, "ba_code": "MISO", "lon": -92.326642612962914, "lat": 30.37856721248459, "n_counties": 7, "population": 519983.81190435728, "generation_cap_mw": 2929.6, "load_mw": 887.92375877626387, "role": "mixed" }, "geometry": { "type": "Point", "coordinates": [ -92.326642612962914, 30.37856721248459 ] } },
{ "type": "Feature", "properties": { "bus_id": 231, "ba_code": "MISO", "lon": -91.533862065015853, "lat": 30.859169097238443, "n_counties": 8, "population": 164306.99999999994, "generation_cap_mw": 2987.6, "load_mw": 280.57044410468313, "role": "generation" }, "geometry": { "type": "Point", "coordinates": [ -91.533862065015853, 30.859169097238443 ] } },
{ "type": "Feature", "properties": { "bus_id": 232, "ba_code": "MISO", "lon": -92.179028311975117, "lat": 32.484190969732175, "n_counties": 10, "population": 341681.81043595867, "generation_cap_mw": 1945.4, "load_mw": 583.4554662705126, "role": "mixed" }, "geometry": { "type": "Point", "coordinates": [ -92.179028311975117, 32.484190969732175 ] } },
{ "type": "Feature", "properties": { "bus_id": 233, "ba_code": "MISO", "lon": -92.150466323969013, "lat": 46.421974729388509, "n_counties": 12, "population": 208468.80564801005, "generation_cap_mw": 253.39118563887769, "load_mw": 355.98109260491077, "role": "load" }, "geometry": { "type": "Point", "coordinates": [ -92.150466323969013, 46.421974729388509 ] } },
{ "type": "Feature", "properties": { "bus_id": 234, "ba_code": "MISO", "lon": -87.670114861527992, "lat": 39.959281343203529, "n_counties": 10, "population": 459034.99999999907, "generation_cap_mw": 2376.6, "load_mw": 783.8476377122887, "role": "mixed" }, "geometry": { "type": "Point", "coordinates": [ -87.670114861527992, 39.959281343203529 ] } },
{ "type": "Feature", "properties": { "bus_id": 235, "ba_code": "MISO", "lon": -91.797689997357566, "lat": 40.82805849932403, "n_counties": 19, "population": 277817.63409449306, "generation_cap_mw": 1166.0274803413211, "load_mw": 474.40107224892614, "role": "mixed" }, "geometry": { "type": "Point", "coordinates": [ -91.797689997357566, 40.82805849932403 ] } },
{ "type": "Feature", "properties": { "bus_id": 236, "ba_code": "MISO", "lon": -91.480867947458265, "lat": 44.816588800312012, "n_counties": 9, "population": 350362.99999999988, "generation_cap_mw": 779.7, "load_mw": 598.27945557918474, "role": "mixed" }, "geometry": { "type": "Point", "coordinates": [ -91.480867947458265, 44.816588800312012 ] } },
{ "type": "Feature", "properties": { "bus_id": 237, "ba_code": "GWA", "lon": -112.34450940615093, "lat": 48.681332238642433, "n_counties": 2, "population": 81.058662943531601, "generation_cap_mw": 2.7445587115469952, "load_mw": 0.0, "role": "mixed" }, "geometry": { "type": "Point", "coordinates": [ -112.344509406150934, 48.681332238642433 ] } },
{ "type": "Feature", "properties": { "bus_id": 238, "ba_code": "WWA", "lon": -112.34450940615093, "lat": 48.681332238642433, "n_counties": 2, "population": 102.86402757662854, "generation_cap_mw": 4.8425048098304977, "load_mw": 0.0, "role": "mixed" }, "geometry": { "type": "Point", "coordinates": [ -112.344509406150934, 48.681332238642433 ] } },
{ "type": "Feature", "properties": { "bus_id": 239, "ba_code": "NEVP", "lon": -115.01356428527694, "lat": 36.213810017326274, "n_counties": 5, "population": 1872886.8408463735, "generation_cap_mw": 6929.2843151240804, "load_mw": 2984.1007466519154, "role": "mixed" }, "geometry": { "type": "Point", "coordinates": [ -115.013564285276942, 36.213810017326274 ] } },
{ "type": "Feature", "properties": { "bus_id": 240, "ba_code": "NEVP", "lon": -119.48015024019773, "lat": 39.278924684910969, "n_counties": 6, "population": 172569.67101223482, "generation_cap_mw": 1398.040147832254, "load_mw": 274.95803424213722, "role": "generation" }, "geometry": { "type": "Point", "coordinates": [ -119.48015024019773, 39.278924684910969 ] } },
{ "type": "Feature", "properties": { "bus_id": 241, "ba_code": "NEVP", "lon": -115.35373075212138, "lat": 41.145266208327754, "n_counties": 7, "population": 53629.168600290846, "generation_cap_mw": 32.146902336643791, "load_mw": 85.448217464183941, "role": "load" }, "geometry": { "type": "Point", "coordinates": [ -115.353730752121379, 41.145266208327754 ] } },
{ "type": "Feature", "properties": { "bus_id": 242, "ba_code": "NEVP", "lon": -119.66457695248418, "lat": 40.656898460626898, "n_counties": 3, "population": 443628.34776230704, "generation_cap_mw": 159.79932041735836, "load_mw": 706.84018645526146, "role": "load" }, "geometry": { "type": "Point", "coordinates": [ -119.664576952484182, 40.656898460626898 ] } },
{ "type": "Feature", "properties": { "bus_id": 243, "ba_code": "NEVP", "lon": -116.38915679639879, "lat": 38.012869406904329, "n_counties": 4, "population": 47233.867747260876, "generation_cap_mw": 101.93823679881872, "load_mw": 75.258481686038351, "role": "mixed" }, "geometry": { "type": "Point", "coordinates": [ -116.389156796398794, 38.012869406904329 ] } },
{ "type": "Feature", "properties": { "bus_id": 244, "ba_code": "NEVP", "lon": -116.10920582414606, "lat": 39.849720231106282, "n_counties": 4, "population": 16349.167592710186, "generation_cap_mw": 731.21124947464955, "load_mw": 26.049391856742535, "role": "generation" }, "geometry": { "type": "Point", "coordinates": [ -116.109205824146059, 39.849720231106282 ] } },
{ "type": "Feature", "properties": { "bus_id": 245, "ba_code": "NEVP", "lon": -118.11097720167717, "lat": 41.406708071870774, "n_counties": 3, "population": 8346.5687098181334, "generation_cap_mw": 304.97815079482683, "load_mw": 13.298722258998906, "role": "generation" }, "geometry": { "type": "Point", "coordinates": [ -118.110977201677173, 41.406708071870774 ] } },
{ "type": "Feature", "properties": { "bus_id": 246, "ba_code": "NEVP", "lon": -120.66789468732689, "lat": 39.022244917268161, "n_counties": 5, "population": 108788.30319371964, "generation_cap_mw": 219.30062201776045, "load_mw": 173.3341543692348, "role": "mixed" }, "geometry": { "type": "Point", "coordinates": [ -120.667894687326893, 39.022244917268161 ] } },
{ "type": "Feature", "properties": { "bus_id": 247, "ba_code": "NEVP", "lon": -118.34989712457612, "lat": 39.588971270091065, "n_counties": 3, "population": 36364.789152114507, "generation_cap_mw": 326.22779838929273, "load_mw": 57.940603828272394, "role": "generation" }, "geometry": { "type": "Point", "coordinates": [ -118.349897124576117, 39.588971270091065 ] } },
{ "type": "Feature", "properties": { "bus_id": 248, "ba_code": "NBSO", "lon": -68.09567067825553, "lat": 45.811964060430313, "n_counties": 2, "population": 85.516944067463299, "generation_cap_mw": 0.38776612289255308, "load_mw": 0.0, "role": "load" }, "geometry": { "type": "Point", "coordinates": [ -68.09567067825553, 45.811964060430313 ] } },
{ "type": "Feature", "properties": { "bus_id": 249, "ba_code": "ISNE", "lon": -72.223737475117588, "lat": 42.487249208904387, "n_counties": 5, "population": 1089667.3047805659, "generation_cap_mw": 3487.7988120175423, "load_mw": 1065.5991523053754, "role": "mixed" }, "geometry": { "type": "Point", "coordinates": [ -72.223737475117588, 42.487249208904387 ] } },
{ "type": "Feature", "properties": { "bus_id": 250, "ba_code": "ISNE", "lon": -72.771688499931017, "lat": 44.304557083424136, "n_counties": 14, "population": 554629.12183797604, "generation_cap_mw": 503.67717408692693, "load_mw": 542.3786870373599, "role": "load" }, "geometry": { "type": "Point", "coordinates": [ -72.771688499931017, 44.304557083424136 ] } },
{ "type": "Feature", "properties": { "bus_id": 251, "ba_code": "ISNE", "lon": -70.210300551562014, "lat": 43.930106977357603, "n_counties": 6, "population": 542518.07952739415, "generation_cap_mw": 1372.849065098228, "load_mw": 530.53514877290831, "role": "mixed" }, "geometry": { "type": "Point", "coordinates": [ -70.210300551562014, 43.930106977357603 ] } },
{ "type": "Feature", "properties": { "bus_id": 252, "ba_code": "ISNE", "lon": -72.697323057852017, "lat": 42.035861100063293, "n_counties": 7, "population": 1837110.774698009, "generation_cap_mw": 1669.9434315547667, "load_mw": 1796.5333782346445, "role": "load" }, "geometry": { "type": "Point", "coordinates": [ -72.697323057852017, 42.035861100063293 ] } },
{ "type": "Feature", "properties": { "bus_id": 253, "ba_code": "ISNE", "lon": -70.781885493686119, "lat": 41.814832768200105, "n_counties": 6, "population": 950794.62159570935, "generation_cap_mw": 972.79467713628253, "load_mw": 929.7938355532533, "role": "mixed" }, "geometry": { "type": "Point", "coordinates": [ -70.781885493686119, 41.814832768200105 ] } },
{ "type": "Feature", "properties": { "bus_id": 254, "ba_code": "ISNE", "lon": -68.947567590715352, "lat": 45.365315451616858, "n_counties": 7, "population": 336048.13839733537, "generation_cap_mw": 1708.6509638955281, "load_mw": 328.6256363194376, "role": "generation" }, "geometry": { "type": "Point", "coordinates": [ -68.947567590715352, 45.365315451616858 ] } },
{ "type": "Feature", "properties": { "bus_id": 255, "ba_code": "ISNE", "lon": -71.232545634979687, "lat": 43.062398173709518, "n_counties": 7, "population": 1273460.0952720777, "generation_cap_mw": 3140.6756457122237, "load_mw": 1245.3323983047439, "role": "mixed" }, "geometry": { "type": "Point", "coordinates": [ -71.232545634979687, 43.062398173709518 ] } },
{ "type": "Feature", "properties": { "bus_id": 256, "ba_code": "ISNE", "lon": -71.202390990474782, "lat": 42.369661543240234, "n_counties": 4, "population": 3262065.5715122242, "generation_cap_mw": 2571.2239679235449, "load_mw": 3190.0143213602009, "role": "load" }, "geometry": { "type": "Point", "coordinates": [ -71.202390990474782, 42.369661543240234 ] } },
{ "type": "Feature", "properties": { "bus_id": 257, "ba_code": "ISNE", "lon": -73.00273822271312, "lat": 41.353186747780086, "n_counties": 8, "population": 1680647.5952733955, "generation_cap_mw": 4077.6495267636469, "load_mw": 1643.5260973605552, "role": "mixed" }, "geometry": { "type": "Point", "coordinates": [ -73.00273822271312, 41.353186747780086 ] } },
{ "type": "Feature", "properties": { "bus_id": 258, "ba_code": "ISNE", "lon": -71.177767407983225, "lat": 44.382158322006852, "n_counties": 6, "population": 266991.59146973811, "generation_cap_mw": 1577.2351624555183, "load_mw": 261.09438384967331, "role": "generation" }, "geometry": { "type": "Point", "coordinates": [ -71.177767407983225, 44.382158322006852 ] } },
{ "type": "Feature", "properties": { "bus_id": 259, "ba_code": "ISNE", "lon": -71.846070526174046, "lat": 41.681275085720529, "n_counties": 6, "population": 1280538.3279175528, "generation_cap_mw": 5300.2451243490823, "load_mw": 1252.2542896689688, "role": "generation" }, "geometry": { "type": "Point", "coordinates": [ -71.846070526174046, 41.681275085720529 ] } },
{ "type": "Feature", "properties": { "bus_id": 260, "ba_code": "HGMA", "lon": -112.49331603234796, "lat": 33.348534439488454, "n_counties": 1, "population": 24003.415797269059, "generation_cap_mw": 80.821978559659385, "load_mw": 0.0, "role": "mixed" }, "geometry": { "type": "Point", "coordinates": [ -112.493316032347963, 33.348534439488454 ] } },
{ "type": "Feature", "properties": { "bus_id": 261, "ba_code": "NSB", "lon": -81.148175925323983, "lat": 29.063411910405783, "n_counties": 1, "population": 12263.123103040462, "generation_cap_mw": 69.158463707578676, "load_mw": 0.0, "role": "mixed" }, "geometry": { "type": "Point", "coordinates": [ -81.148175925323983, 29.063411910405783 ] } },
{ "type": "Feature", "properties": { "bus_id": 262, "ba_code": "NYIS", "lon": -73.726443322198634, "lat": 42.949643943844173, "n_counties": 10, "population": 742077.54825788247, "generation_cap_mw": 1385.8971944982975, "load_mw": 831.11636434836203, "role": "mixed" }, "geometry": { "type": "Point", "coordinates": [ -73.726443322198634, 42.949643943844173 ] } },
{ "type": "Feature", "properties": { "bus_id": 263, "ba_code": "NYIS", "lon": -73.866730991923035, "lat": 40.694414239637922, "n_counties": 8, "population": 6787051.3876471389, "generation_cap_mw": 6069.2210537611891, "load_mw": 7601.4016152211179, "role": "load" }, "geometry": { "type": "Point", "coordinates": [ -73.866730991923035, 40.694414239637922 ] } },
{ "type": "Feature", "properties": { "bus_id": 264, "ba_code": "NYIS", "lon": -77.441597742656413, "lat": 43.240397118981456, "n_counties": 3, "population": 521911.35410238802, "generation_cap_mw": 372.18027290850182, "load_mw": 584.533339072221, "role": "load" }, "geometry": { "type": "Point", "coordinates": [ -77.441597742656413, 43.240397118981456 ] } },
{ "type": "Feature", "properties": { "bus_id": 265, "ba_code": "NYIS", "lon": -73.819812518226954, "lat": 41.783372584838219, "n_counties": 3, "population": 478608.03095495747, "generation_cap_mw": 1349.6284157332909, "load_mw": 536.03422926491601, "role": "mixed" }, "geometry": { "type": "Point", "coordinates": [ -73.819812518226954, 41.783372584838219 ] } },
{ "type": "Feature", "properties": { "bus_id": 266, "ba_code": "NYIS", "lon": -76.04933853536582, "lat": 43.411678151513726, "n_counties": 8, "population": 1100149.1333405771, "generation_cap_mw": 5754.6256632169188, "load_mw": 1232.1514780895534, "role": "generation" }, "geometry": { "type": "Point", "coordinates": [ -76.04933853536582, 43.411678151513726 ] } },
{ "type": "Feature", "properties": { "bus_id": 267, "ba_code": "NYIS", "lon": -78.871627985209159, "lat": 42.626571762039021, "n_counties": 6, "population": 986415.77419063763, "generation_cap_mw": 343.8700641921024, "load_mw": 1104.7717235292184, "role": "load" }, "geometry": { "type": "Point", "coordinates": [ -78.871627985209159, 42.626571762039021 ] } },
{ "type": "Feature", "properties": { "bus_id": 268, "ba_code": "NYIS", "lon": -73.783472696599517, "lat": 44.664257833554082, "n_counties": 6, "population": 164619.21968247081, "generation_cap_mw": 977.90779269407631, "load_mw": 184.37119905534905, "role": "generation" }, "geometry": { "type": "Point", "coordinates": [ -73.783472696599517, 44.664257833554082 ] } },
{ "type": "Feature", "properties": { "bus_id": 269, "ba_code": "NYIS", "lon": -74.161107653596076, "lat": 42.497078123909674, "n_counties": 7, "population": 608483.87517659087, "generation_cap_mw": 3637.3, "load_mw": 681.4933389220738, "role": "generation" }, "geometry": { "type": "Point", "coordinates": [ -74.161107653596076, 42.497078123909674 ] } },
{ "type": "Feature", "properties": { "bus_id": 270, "ba_code": "NYIS", "lon": -72.686792506022385, "lat": 40.940874933722853, "n_counties": 1, "population": 597742.91023940523, "generation_cap_mw": 1589.4343636068006, "load_mw": 669.46361002225171, "role": "mixed" }, "geometry": { "type": "Point", "coordinates": [ -72.686792506022385, 40.940874933722853 ] } },
{ "type": "Feature", "properties": { "bus_id": 271, "ba_code": "NYIS", "lon": -74.33266462069659, "lat": 41.4206338194073, "n_counties": 5, "population": 479910.41331376432, "generation_cap_mw": 2664.4934529872571, "load_mw": 537.49287909684278, "role": "generation" }, "geometry": { "type": "Point", "coordinates": [ -74.33266462069659, 41.4206338194073 ] } },
{ "type": "Feature", "properties": { "bus_id": 272, "ba_code": "NYIS", "lon": -75.069032305969628, "lat": 44.495797980055556, "n_counties": 1, "population": 108624.75779847427, "generation_cap_mw": 1192.6032808443879, "load_mw": 121.658193259764, "role": "generation" }, "geometry": { "type": "Point", "coordinates": [ -75.069032305969628, 44.495797980055556 ] } },
{ "type": "Feature", "properties": { "bus_id": 273, "ba_code": "NYIS", "lon": -77.855344413053217, "lat": 42.584871366273731, "n_counties": 8, "population": 326026.6589851451, "generation_cap_mw": 938.96656589729423, "load_mw": 365.14524948572148, "role": "mixed" }, "geometry": { "type": "Point", "coordinates": [ -77.855344413053217, 42.584871366273731 ] } },
{ "type": "Feature", "properties": { "bus_id": 274, "ba_code": "NYIS", "lon": -76.227915952660254, "lat": 42.330036367683462, "n_counties": 10, "population": 577968.03432787524, "generation_cap_mw": 55.283108966442924, "load_mw": 647.316028530783, "role": "load" }, "geometry": { "type": "Point", "coordinates": [ -76.227915952660254, 42.330036367683462 ] } },
{ "type": "Feature", "properties": { "bus_id": 275, "ba_code": "NYIS", "lon": -73.893611693615171, "lat": 41.163825004544208, "n_counties": 6, "population": 1390165.3392279916, "generation_cap_mw": 1369.9081062070545, "load_mw": 1556.9655291346473, "role": "mixed" }, "geometry": { "type": "Point", "coordinates": [ -73.893611693615171, 41.163825004544208 ] } },
{ "type": "Feature", "properties": { "bus_id": 276, "ba_code": "NYIS", "lon": -78.758195153703028, "lat": 43.336958812262246, "n_counties": 2, "population": 118380.74975656494, "generation_cap_mw": 1220.2277774834408, "load_mw": 132.58476634616926, "role": "generation" }, "geometry": { "type": "Point", "coordinates": [ -78.758195153703028, 43.336958812262246 ] } },
{ "type": "Feature", "properties": { "bus_id": 277, "ba_code": "NMISA", "lon": -68.303626361388027, "lat": 45.395455885008978, "n_counties": 4, "population": 56480.26194410646, "generation_cap_mw": 203.45520259598624, "load_mw": 0.0, "role": "mixed" }, "geometry": { "type": "Point", "coordinates": [ -68.303626361388027, 45.395455885008978 ] } },
{ "type": "Feature", "properties": { "bus_id": 278, "ba_code": "MPCO", "lon": -109.97156352602394, "lat": 46.39522200392129, "n_counties": 55, "population": 855886.33659279975, "generation_cap_mw": 3451.0437714714735, "load_mw": 0.0, "role": "mixed" }, "geometry": { "type": "Point", "coordinates": [ -109.971563526023942, 46.39522200392129 ] } },
{ "type": "Feature", "properties": { "bus_id": 279, "ba_code": "NSPI", "lon": -63.387795155410387, "lat": 45.13694706734745, "n_counties": 0, "population": 0.0, "generation_cap_mw": 0.0, "load_mw": 0.0, "role": "mixed" }, "geometry": { "type": "Point", "coordinates": [ -63.387795155410387, 45.13694706734745 ] } },
{ "type": "Feature", "properties": { "bus_id": 280, "ba_code": "OVEC", "lon": -83.780914951264918, "lat": 38.758719447505392, "n_counties": 4, "population": 1356.5672704442225, "generation_cap_mw": 126.06603815254564, "load_mw": 0.0, "role": "mixed" }, "geometry": { "type": "Point", "coordinates": [ -83.780914951264918, 38.758719447505392 ] } },
{ "type": "Feature", "properties": { "bus_id": 281, "ba_code": "PACE", "lon": -110.70957225335432, "lat": 38.9999993062494, "n_counties": 8, "population": 75122.427373837374, "generation_cap_mw": 2550.0018549668653, "load_mw": 121.52400382536432, "role": "generation" }, "geometry": { "type": "Point", "coordinates": [ -110.709572253354324, 38.9999993062494 ] } },
{ "type": "Feature", "properties": { "bus_id": 282, "ba_code": "PACE", "lon": -108.86887744622219, "lat": 41.722667282463895, "n_counties": 2, "population": 77294.384279258433, "generation_cap_mw": 2414.445014340175, "load_mw": 125.03753378585704, "role": "generation" }, "geometry": { "type": "Point", "coordinates": [ -108.868877446222186, 41.722667282463895 ] } },
{ "type": "Feature", "properties": { "bus_id": 283, "ba_code": "PACE", "lon": -112.0111877856562, "lat": 40.813580036510608, "n_counties": 9, "population": 1993841.914070732, "generation_cap_mw": 906.89931861405898, "load_mw": 3225.3970067677583, "role": "load" }, "geometry": { "type": "Point", "coordinates": [ -112.011187785656205, 40.813580036510608 ] } },
{ "type": "Feature", "properties": { "bus_id": 284, "ba_code": "PACE", "lon": -113.36609885940608, "lat": 37.680174792726355, "n_counties": 6, "population": 254493.3980773653, "generation_cap_mw": 485.58827595632658, "load_mw": 411.68872948658958, "role": "mixed" }, "geometry": { "type": "Point", "coordinates": [ -113.36609885940608, 37.680174792726355 ] } },
{ "type": "Feature", "properties": { "bus_id": 285, "ba_code": "PACE", "lon": -105.91469780633498, "lat": 42.969420472488927, "n_counties": 2, "population": 37424.631384980705, "generation_cap_mw": 376.81744001658382, "load_mw": 60.541055535369431, "role": "generation" }, "geometry": { "type": "Point", "coordinates": [ -105.914697806334985, 42.969420472488927 ] } },
{ "type": "Feature", "properties": { "bus_id": 286, "ba_code": "PACE", "lon": -110.89043520164449, "lat": 41.940110485916172, "n_counties": 10, "population": 186150.11898691088, "generation_cap_mw": 1178.2557650706108, "load_mw": 301.13121424156441, "role": "mixed" }, "geometry": { "type": "Point", "coordinates": [ -110.890435201644493, 41.940110485916172 ] } },
{ "type": "Feature", "properties": { "bus_id": 287, "ba_code": "PACE", "lon": -109.24665782412559, "lat": 40.350976292624253, "n_counties": 7, "population": 63060.398736479663, "generation_cap_mw": 911.00620004305165, "load_mw": 102.01150848261651, "role": "generation" }, "geometry": { "type": "Point", "coordinates": [ -109.246657824125592, 40.350976292624253 ] } },
{ "type": "Feature", "properties": { "bus_id": 288, "ba_code": "PACE", "lon": -106.70510168695596, "lat": 41.68585333432123, "n_counties": 5, "population": 22844.111271492078, "generation_cap_mw": 344.83633604750958, "load_mw": 36.954448393006494, "role": "generation" }, "geometry": { "type": "Point", "coordinates": [ -106.705101686955956, 41.68585333432123 ] } },
{ "type": "Feature", "properties": { "bus_id": 289, "ba_code": "PACE", "lon": -112.9952603225056, "lat": 39.277822590901771, "n_counties": 4, "population": 26731.5254108878, "generation_cap_mw": 1761.8741779582729, "load_mw": 43.243038195833165, "role": "generation" }, "geometry": { "type": "Point", "coordinates": [ -112.995260322505601, 39.277822590901771 ] } },
{ "type": "Feature", "properties": { "bus_id": 290, "ba_code": "PACE", "lon": -111.64969557287706, "lat": 40.108563613367274, "n_counties": 3, "population": 729846.0, "generation_cap_mw": 1473.0, "load_mw": 1180.6568450531183, "role": "mixed" }, "geometry": { "type": "Point", "coordinates": [ -111.649695572877064, 40.108563613367274 ] } },
{ "type": "Feature", "properties": { "bus_id": 291, "ba_code": "PACE", "lon": -109.69698603687715, "lat": 44.317281177456884, "n_counties": 9, "population": 61567.586029409984, "generation_cap_mw": 32.011213363026194, "load_mw": 99.596616106712418, "role": "load" }, "geometry": { "type": "Point", "coordinates": [ -109.696986036877149, 44.317281177456884 ] } },
{ "type": "Feature", "properties": { "bus_id": 292, "ba_code": "PACE", "lon": -106.07608953961038, "lat": 44.372717650515199, "n_counties": 6, "population": 52216.666790590651, "generation_cap_mw": 224.26074328238428, "load_mw": 84.46982661022831, "role": "mixed" }, "geometry": { "type": "Point", "coordinates": [ -106.076089539610379, 44.372717650515199 ] } },
{ "type": "Feature", "properties": { "bus_id": 293, "ba_code": "PACW", "lon": -120.7960447233062, "lat": 44.38170142533027, "n_counties": 40, "population": 808713.34871717996, "generation_cap_mw": 4805.9253881546292, "load_mw": 2392.2375570776258, "role": "mixed" }, "geometry": { "type": "Point", "coordinates": [ -120.796044723306196, 44.38170142533027 ] } },
{ "type": "Feature", "properties": { "bus_id": 294, "ba_code": "PJM", "lon": -83.836756122032426, "lat": 38.632502870919993, "n_counties": 12, "population": 235823.84968730656, "generation_cap_mw": 1824.9, "load_mw": 355.90980787149255, "role": "generation" }, "geometry": { "type": "Point", "coordinates": [ -83.836756122032426, 38.632502870919993 ] } },
{ "type": "Feature", "properties": { "bus_id": 295, "ba_code": "PJM", "lon": -75.016360314007798, "lat": 39.654423440885367, "n_counties": 4, "population": 1188707.6829649727, "generation_cap_mw": 1717.970815399726, "load_mw": 1794.0200858412277, "role": "mixed" }, "geometry": { "type": "Point", "coordinates": [ -75.016360314007798, 39.654423440885367 ] } },
{ "type": "Feature", "properties": { "bus_id": 296, "ba_code": "PJM", "lon": -87.644796982825071, "lat": 41.93443439195191, "n_counties": 3, "population": 3303277.8109590835, "generation_cap_mw": 933.17390054744726, "load_mw": 4985.3692601639068, "role": "load" }, "geometry": { "type": "Point", "coordinates": [ -87.644796982825071, 41.93443439195191 ] } },
{ "type": "Feature", "properties": { "bus_id": 297, "ba_code": "PJM", "lon": -77.476566314177234, "lat": 38.76626383497166, "n_counties": 8, "population": 1829820.0710122655, "generation_cap_mw": 2178.6433116633298, "load_mw": 2761.5990103499294, "role": "load" }, "geometry": { "type": "Point", "coordinates": [ -77.476566314177234, 38.76626383497166 ] } },
{ "type": "Feature", "properties": { "bus_id": 298, "ba_code": "PJM", "lon": -80.125498531755511, "lat": 40.521535231075113, "n_counties": 3, "population": 1622569.9999999932, "generation_cap_mw": 2950.1, "load_mw": 2448.8132889178642, "role": "mixed" }, "geometry": { "type": "Point", "coordinates": [ -80.125498531755511, 40.521535231075113 ] } },
{ "type": "Feature", "properties": { "bus_id": 299, "ba_code": "PJM", "lon": -75.906907456654878, "lat": 41.235808211335595, "n_counties": 5, "population": 683508.28030450782, "generation_cap_mw": 3312.1701344923722, "load_mw": 1031.5636058198304, "role": "mixed" }, "geometry": { "type": "Point", "coordinates": [ -75.906907456654878, 41.235808211335595 ] } },
{ "type": "Feature", "properties": { "bus_id": 300, "ba_code": "PJM", "lon": -76.838299808176259, "lat": 37.120697054059896, "n_counties": 15, "population": 419599.45136658533, "generation_cap_mw": 2112.3795597540679, "load_mw": 633.26741683202795, "role": "mixed" }, "geometry": { "type": "Point", "coordinates": [ -76.838299808176259, 37.120697054059896 ] } },
{ "type": "Feature", "properties": { "bus_id": 301, "ba_code": "PJM", "lon": -83.130776641307804, "lat": 40.539851062787157, "n_counties": 9, "population": 645306.99999999953, "generation_cap_mw": 321.7, "load_mw": 973.90951208991021, "role": "load" }, "geometry": { "type": "Point", "coordinates": [ -83.130776641307804, 40.539851062787157 ] } },
{ "type": "Feature", "properties": { "bus_id": 302, "ba_code": "PJM", "lon": -82.650668143122218, "lat": 38.102544056801534, "n_counties": 12, "population": 291966.99999999953, "generation_cap_mw": 2375.5, "load_mw": 440.6421106796526, "role": "generation" }, "geometry": { "type": "Point", "coordinates": [ -82.650668143122218, 38.102544056801534 ] } },
{ "type": "Feature", "properties": { "bus_id": 303, "ba_code": "PJM", "lon": -74.430826529480427, "lat": 40.41164391421519, "n_counties": 4, "population": 2039060.5490210215, "generation_cap_mw": 2965.8399389136589, "load_mw": 3077.3886916132151, "role": "mixed" }, "geometry": { "type": "Point", "coordinates": [ -74.430826529480427, 40.41164391421519 ] } },
{ "type": "Feature", "properties": { "bus_id": 304, "ba_code": "PJM", "lon": -76.247582309772028, "lat": 40.04228199362349, "n_counties": 1, "population": 553201.99999999953, "generation_cap_mw": 1802.5, "load_mw": 834.90290653466104, "role": "mixed" }, "geometry": { "type": "Point", "coordinates": [ -76.247582309772028, 40.04228199362349 ] } },
{ "type": "Feature", "properties": { "bus_id": 305, "ba_code": "PJM", "lon": -79.75576657017163, "lat": 38.02729161465642, "n_counties": 13, "population": 250007.99999999968, "generation_cap_mw": 3206.2, "load_mw": 377.31679541454554, "role": "generation" }, "geometry": { "type": "Point", "coordinates": [ -79.75576657017163, 38.02729161465642 ] } },
{ "type": "Feature", "properties": { "bus_id": 306, "ba_code": "PJM", "lon": -89.318917055108798, "lat": 41.994180495769641, "n_counties": 15, "population": 518700.89163458889, "generation_cap_mw": 4980.9025655247015, "load_mw": 782.83318217909346, "role": "generation" }, "geometry": { "type": "Point", "coordinates": [ -89.318917055108798, 41.994180495769641 ] } },
{ "type": "Feature", "properties": { "bus_id": 307, "ba_code": "PJM", "lon": -82.350637926225588, "lat": 38.830254513907811, "n_counties": 8, "population": 281219.99999999977, "generation_cap_mw": 8594.7, "load_mw": 424.42253530478445, "role": "generation" }, "geometry": { "type": "Point", "coordinates": [ -82.350637926225588, 38.830254513907811 ] } },
{ "type": "Feature", "properties": { "bus_id": 308, "ba_code": "PJM", "lon": -84.436701267391754, "lat": 41.371042043844675, "n_counties": 9, "population": 215695.51904120517, "generation_cap_mw": 605.49336914825881, "load_mw": 325.53175110358364, "role": "mixed" }, "geometry": { "type": "Point", "coordinates": [ -84.436701267391754, 41.371042043844675 ] } },
{ "type": "Feature", "properties": { "bus_id": 309, "ba_code": "PJM", "lon": -81.561398851043222, "lat": 41.00954023872, "n_counties": 6, "population": 1426325.9999999998, "generation_cap_mw": 98.5, "load_mw": 2152.6381377253838, "role": "load" }, "geometry": { "type": "Point", "coordinates": [ -81.561398851043222, 41.00954023872 ] } },
{ "type": "Feature", "properties": { "bus_id": 310, "ba_code": "PJM", "lon": -85.282204368231532, "lat": 38.622094021595295, "n_counties": 12, "population": 35795.015789136749, "generation_cap_mw": 3120.9193577978972, "load_mw": 54.022513877036559, "role": "generation" }, "geometry": { "type": "Point", "coordinates": [ -85.282204368231532, 38.622094021595295 ] } },
{ "type": "Feature", "properties": { "bus_id": 311, "ba_code": "PJM", "lon": -79.13406577157771, "lat": 39.094917279275478, "n_counties": 9, "population": 297848.99999999971, "generation_cap_mw": 2256.9, "load_mw": 449.51933617095057, "role": "generation" }, "geometry": { "type": "Point", "coordinates": [ -79.13406577157771, 39.094917279275478 ] } },
{ "type": "Feature", "properties": { "bus_id": 312, "ba_code": "PJM", "lon": -86.04575018327057, "lat": 41.773903724177664, "n_counties": 9, "population": 439406.45407961361, "generation_cap_mw": 1772.0795988230307, "load_mw": 663.1605194145335, "role": "mixed" }, "geometry": { "type": "Point", "coordinates": [ -86.04575018327057, 41.773903724177664 ] } },
{ "type": "Feature", "properties": { "bus_id": 313, "ba_code": "PJM", "lon": -84.508774119245842, "lat": 39.246839693448521, "n_counties": 10, "population": 1988959.0027236105, "generation_cap_mw": 3114.5882893716575, "load_mw": 3001.7744916906017, "role": "mixed" }, "geometry": { "type": "Point", "coordinates": [ -84.508774119245842, 39.246839693448521 ] } },
{ "type": "Feature", "properties": { "bus_id": 314, "ba_code": "PJM", "lon": -81.361600313774318, "lat": 39.399335033736328, "n_counties": 10, "population": 269199.99999999994, "generation_cap_mw": 3473.3, "load_mw": 406.28172428720586, "role": "generation" }, "geometry": { "type": "Point", "coordinates": [ -81.361600313774318, 39.399335033736328 ] } },
{ "type": "Feature", "properties": { "bus_id": 315, "ba_code": "PJM", "lon": -88.555793669254882, "lat": 41.345349877564004, "n_counties": 9, "population": 262287.02871040482, "generation_cap_mw": 5237.9950483893326, "load_mw": 395.84853745405337, "role": "generation" }, "geometry": { "type": "Point", "coordinates": [ -88.555793669254882, 41.345349877564004 ] } },
{ "type": "Feature", "properties": { "bus_id": 316, "ba_code": "PJM", "lon": -78.994782633292544, "lat": 40.601373171784765, "n_counties": 3, "population": 264269.99999999977, "generation_cap_mw": 2983.5, "load_mw": 398.84127517600234, "role": "generation" }, "geometry": { "type": "Point", "coordinates": [ -78.994782633292544, 40.601373171784765 ] } },
{ "type": "Feature", "properties": { "bus_id": 317, "ba_code": "PJM", "lon": -76.553809608230452, "lat": 39.438783352875944, "n_counties": 5, "population": 1690943.4498298969, "generation_cap_mw": 1012.5380586659657, "load_mw": 2552.0037907468318, "role": "load" }, "geometry": { "type": "Point", "coordinates": [ -76.553809608230452, 39.438783352875944 ] } },
{ "type": "Feature", "properties": { "bus_id": 318, "ba_code": "PJM", "lon": -77.944025071654139, "lat": 36.766318610868019, "n_counties": 10, "population": 119112.03268837517, "generation_cap_mw": 1781.8246677518796, "load_mw": 179.76612936102194, "role": "generation" }, "geometry": { "type": "Point", "coordinates": [ -77.944025071654139, 36.766318610868019 ] } },
{ "type": "Feature", "properties": { "bus_id": 319, "ba_code": "PJM", "lon": -77.464462994755209, "lat": 37.534128746944894, "n_counties": 12, "population": 1202921.9999999986, "generation_cap_mw": 2921.9999999999982, "load_mw": 1815.4726015713738, "role": "mixed" }, "geometry": { "type": "Point", "coordinates": [ -77.464462994755209, 37.534128746944894 ] } },
{ "type": "Feature", "properties": { "bus_id": 320, "ba_code": "PJM", "lon": -77.426458338156905, "lat": 38.144493964534291, "n_counties": 5, "population": 367495.49881295284, "generation_cap_mw": 899.4, "load_mw": 554.63114756877167, "role": "mixed" }, "geometry": { "type": "Point", "coordinates": [ -77.426458338156905, 38.144493964534291 ] } },
{ "type": "Feature", "properties": { "bus_id": 321, "ba_code": "PJM", "lon": -82.312658774785987, "lat": 36.943620512386765, "n_counties": 17, "population": 344852.77453947283, "generation_cap_mw": 1783.0765920317649, "load_mw": 520.45832044994097, "role": "mixed" }, "geometry": { "type": "Point", "coordinates": [ -82.312658774785987, 36.943620512386765 ] } },
{ "type": "Feature", "properties": { "bus_id": 322, "ba_code": "PJM", "lon": -84.956209367101891, "lat": 37.082460157759996, "n_counties": 20, "population": 291653.97507392557, "generation_cap_mw": 617.39089371943669, "load_mw": 440.1696875492284, "role": "mixed" }, "geometry": { "type": "Point", "coordinates": [ -84.956209367101891, 37.082460157759996 ] } },
{ "type": "Feature", "properties": { "bus_id": 323, "ba_code": "PJM", "lon": -80.057363604601576, "lat": 39.622362656105807, "n_counties": 4, "population": 232168.99999999985, "generation_cap_mw": 2106.4, "load_mw": 350.39383969552847, "role": "generation" }, "geometry": { "type": "Point", "coordinates": [ -80.057363604601576, 39.622362656105807 ] } },
{ "type": "Feature", "properties": { "bus_id": 324, "ba_code": "PJM", "lon": -75.252081896236945, "lat": 40.26649946204364, "n_counties": 2, "population": 1501561.9999999986, "generation_cap_mw": 4453.3, "load_mw": 2266.1857298816681, "role": "mixed" }, "geometry": { "type": "Point", "coordinates": [ -75.252081896236945, 40.26649946204364 ] } },
{ "type": "Feature", "properties": { "bus_id": 325, "ba_code": "PJM", "lon": -82.99187211924874, "lat": 39.850736906236293, "n_counties": 7, "population": 1714251.9999999998, "generation_cap_mw": 646.2, "load_mw": 2587.1814948840688, "role": "load" }, "geometry": { "type": "Point", "coordinates": [ -82.99187211924874, 39.850736906236293 ] } },
{ "type": "Feature", "properties": { "bus_id": 326, "ba_code": "PJM", "lon": -76.822387143717577, "lat": 38.889368950792914, "n_counties": 5, "population": 2449296.2994815558, "generation_cap_mw": 3720.4622553248623, "load_mw": 3696.5242341888534, "role": "mixed" }, "geometry": { "type": "Point", "coordinates": [ -76.822387143717577, 38.889368950792914 ] } },
{ "type": "Feature", "properties": { "bus_id": 327, "ba_code": "PJM", "lon": -74.167123810634095, "lat": 40.988953528059362, "n_counties": 8, "population": 1609517.1151109478, "generation_cap_mw": 1433.4893489622496, "load_mw": 2429.1136285179987, "role": "load" }, "geometry": { "type": "Point", "coordinates": [ -74.167123810634095, 40.988953528059362 ] } },
{ "type": "Feature", "properties": { "bus_id": 328, "ba_code": "PJM", "lon": -79.172863848968305, "lat": 37.053160294192352, "n_counties": 12, "population": 432695.81250943011, "generation_cap_mw": 1596.3309832912335, "load_mw": 653.03269241524833, "role": "mixed" }, "geometry": { "type": "Point", "coordinates": [ -79.172863848968305, 37.053160294192352 ] } },
{ "type": "Feature", "properties": { "bus_id": 329, "ba_code": "PJM", "lon": -77.133760652300495, "lat": 41.381647083149502, "n_counties": 5, "population": 209464.86812503572, "generation_cap_mw": 969.41404834170635, "load_mw": 316.1283350647538, "role": "mixed" }, "geometry": { "type": "Point", "coordinates": [ -77.133760652300495, 41.381647083149502 ] } },
{ "type": "Feature", "properties": { "bus_id": 330, "ba_code": "PJM", "lon": -77.402224708367925, "lat": 39.942030556651723, "n_counties": 7, "population": 760622.99999999907, "generation_cap_mw": 1235.9, "load_mw": 1147.9465972232804, "role": "mixed" }, "geometry": { "type": "Point", "coordinates": [ -77.402224708367925, 39.942030556651723 ] } },
{ "type": "Feature", "properties": { "bus_id": 331, "ba_code": "PJM", "lon": -83.371934607205517, "lat": 41.431248719540584, "n_counties": 7, "population": 593856.22678888193, "generation_cap_mw": 2196.1841755156752, "load_mw": 896.25903342674962, "role": "mixed" }, "geometry": { "type": "Point", "coordinates": [ -83.371934607205517, 41.431248719540584 ] } },
{ "type": "Feature", "properties": { "bus_id": 332, "ba_code": "PJM", "lon": -75.261569697377752, "lat": 40.757015544230264, "n_counties": 6, "population": 1154354.9666223174, "generation_cap_mw": 4913.2891291764281, "load_mw": 1742.1743175290312, "role": "mixed" }, "geometry": { "type": "Point", "coordinates": [ -75.261569697377752, 40.757015544230264 ] } },
{ "type": "Feature", "properties": { "bus_id": 333, "ba_code": "PJM", "lon": -80.271759273635496, "lat": 41.204899147512855, "n_counties": 5, "population": 558836.99999999965, "generation_cap_mw": 748.8, "load_mw": 843.40735496095533, "role": "load" }, "geometry": { "type": "Point", "coordinates": [ -80.271759273635496, 41.204899147512855 ] } },
{ "type": "Feature", "properties": { "bus_id": 334, "ba_code": "PJM", "lon": -87.974694871036149, "lat": 41.435403338377583, "n_counties": 5, "population": 804552.46007345954, "generation_cap_mw": 5966.4511963845935, "load_mw": 1214.2457680466514, "role": "generation" }, "geometry": { "type": "Point", "coordinates": [ -87.974694871036149, 41.435403338377583 ] } },
{ "type": "Feature", "properties": { "bus_id": 335, "ba_code": "PJM", "lon": -75.462106336180199, "lat": 38.95515335708393, "n_counties": 5, "population": 450430.3734874673, "generation_cap_mw": 512.94188731260328, "load_mw": 679.79802678981582, "role": "load" }, "geometry": { "type": "Point", "coordinates": [ -75.462106336180199, 38.95515335708393 ] } },
{ "type": "Feature", "properties": { "bus_id": 336, "ba_code": "PJM", "lon": -78.200719732526863, "lat": 39.031159265992081, "n_counties": 11, "population": 473141.99999999965, "generation_cap_mw": 1482.9, "load_mw": 714.07484246915715, "role": "mixed" }, "geometry": { "type": "Point", "coordinates": [ -78.200719732526863, 39.031159265992081 ] } },
{ "type": "Feature", "properties": { "bus_id": 337, "ba_code": "PJM", "lon": -85.130150355375719, "lat": 37.83672744497715, "n_counties": 16, "population": 407727.92191369855, "generation_cap_mw": 1099.9743024096249, "load_mw": 615.35068036826419, "role": "mixed" }, "geometry": { "type": "Point", "coordinates": [ -85.130150355375719, 37.83672744497715 ] } },
{ "type": "Feature", "properties": { "bus_id": 338, "ba_code": "PJM", "lon": -80.31292786150739, "lat": 37.075233892005222, "n_counties": 23, "population": 642880.94346820994, "generation_cap_mw": 174.49983377934953, "load_mw": 970.24806175204355, "role": "load" }, "geometry": { "type": "Point", "coordinates": [ -80.31292786150739, 37.075233892005222 ] } },
{ "type": "Feature", "properties": { "bus_id": 339, "ba_code": "PJM", "lon": -76.726195187697542, "lat": 39.919858515105453, "n_counties": 1, "population": 457051.0, "generation_cap_mw": 6158.2, "load_mw": 689.79000136401112, "role": "generation" }, "geometry": { "type": "Point", "coordinates": [ -76.726195187697542, 39.919858515105453 ] } },
{ "type": "Feature", "properties": { "bus_id": 340, "ba_code": "PJM", "lon": -88.273706881871036, "lat": 41.934160875267388, "n_counties": 5, "population": 1859623.6088836442, "generation_cap_mw": 1760.1995328497926, "load_mw": 2806.5790725945158, "role": "load" }, "geometry": { "type": "Point", "coordinates": [ -88.273706881871036, 41.934160875267388 ] } },
{ "type": "Feature", "properties": { "bus_id": 341, "ba_code": "PJM", "lon": -85.435527361759227, "lat": 40.357830796934849, "n_counties": 14, "population": 404862.00889340177, "generation_cap_mw": 728.50968926768905, "load_mw": 611.02539031052527, "role": "mixed" }, "geometry": { "type": "Point", "coordinates": [ -85.435527361759227, 40.357830796934849 ] } },
{ "type": "Feature", "properties": { "bus_id": 342, "ba_code": "PJM", "lon": -80.833147674468762, "lat": 40.426400006246652, "n_counties": 7, "population": 352387.99999999988, "generation_cap_mw": 1932.8, "load_mw": 531.83062503016311, "role": "generation" }, "geometry": { "type": "Point", "coordinates": [ -80.833147674468762, 40.426400006246652 ] } },
{ "type": "Feature", "properties": { "bus_id": 343, "ba_code": "PJM", "lon": -76.241892951181455, "lat": 36.746345086093534, "n_counties": 15, "population": 992832.26556254434, "generation_cap_mw": 59.068453589671762, "load_mw": 1498.4012064662841, "role": "load" }, "geometry": { "type": "Point", "coordinates": [ -76.241892951181455, 36.746345086093534 ] } },
{ "type": "Feature", "properties": { "bus_id": 344, "ba_code": "PJM", "lon": -77.267121222682675, "lat": 39.185446097052314, "n_counties": 4, "population": 2083522.9999999974, "generation_cap_mw": 488.5, "load_mw": 3144.4922623776047, "role": "load" }, "geometry": { "type": "Point", "coordinates": [ -77.267121222682675, 39.185446097052314 ] } },
{ "type": "Feature", "properties": { "bus_id": 345, "ba_code": "PJM", "lon": -78.152838543634644, "lat": 37.912084086968861, "n_counties": 12, "population": 383987.99999999953, "generation_cap_mw": 4376.9, "load_mw": 579.5219418484229, "role": "generation" }, "geometry": { "type": "Point", "coordinates": [ -78.152838543634644, 37.912084086968861 ] } },
{ "type": "Feature", "properties": { "bus_id": 346, "ba_code": "PJM", "lon": -78.257462928434379, "lat": 40.842912720977615, "n_counties": 7, "population": 486702.99999999953, "generation_cap_mw": 887.2, "load_mw": 734.54135979106923, "role": "mixed" }, "geometry": { "type": "Point", "coordinates": [ -78.257462928434379, 40.842912720977615 ] } },
{ "type": "Feature", "properties": { "bus_id": 347, "ba_code": "PJM", "lon": -80.688574371859801, "lat": 39.871308494059896, "n_counties": 5, "population": 167118.99999999988, "generation_cap_mw": 1785.5, "load_mw": 252.21915111869811, "role": "generation" }, "geometry": { "type": "Point", "coordinates": [ -80.688574371859801, 39.871308494059896 ] } },
{ "type": "Feature", "properties": { "bus_id": 348, "ba_code": "PJM", "lon": -76.455414662105497, "lat": 41.788100868834306, "n_counties": 8, "population": 104685.28057007393, "generation_cap_mw": 1044.0477525030558, "load_mw": 157.99300259100883, "role": "generation" }, "geometry": { "type": "Point", "coordinates": [ -76.455414662105497, 41.788100868834306 ] } },
{ "type": "Feature", "properties": { "bus_id": 349, "ba_code": "PJM", "lon": -81.951387866433762, "lat": 41.532733828154186, "n_counties": 4, "population": 723759.12293152953, "generation_cap_mw": 356.20384181396412, "load_mw": 1092.3109377162618, "role": "load" }, "geometry": { "type": "Point", "coordinates": [ -81.951387866433762, 41.532733828154186 ] } },
{ "type": "Feature", "properties": { "bus_id": 350, "ba_code": "PJM", "lon": -81.874869566746213, "lat": 38.487733623327813, "n_counties": 7, "population": 401560.99999999988, "generation_cap_mw": 2985.9, "load_mw": 606.04344534359097, "role": "generation" }, "geometry": { "type": "Point", "coordinates": [ -81.874869566746213, 38.487733623327813 ] } },
{ "type": "Feature", "properties": { "bus_id": 351, "ba_code": "PJM", "lon": -75.54372759110214, "lat": 39.575585391948259, "n_counties": 3, "population": 656439.29276980984, "generation_cap_mw": 5950.9513708430313, "load_mw": 990.71057858986762, "role": "generation" }, "geometry": { "type": "Point", "coordinates": [ -75.54372759110214, 39.575585391948259 ] } },
{ "type": "Feature", "properties": { "bus_id": 352, "ba_code": "PJM", "lon": -76.680897362356646, "lat": 40.998510678605022, "n_counties": 5, "population": 257133.9999999993, "generation_cap_mw": 1811.1, "load_mw": 388.07148920084001, "role": "generation" }, "geometry": { "type": "Point", "coordinates": [ -76.680897362356646, 40.998510678605022 ] } },
{ "type": "Feature", "properties": { "bus_id": 353, "ba_code": "PJM", "lon": -80.351374933718091, "lat": 39.243763677902031, "n_counties": 9, "population": 194586.9999999998, "generation_cap_mw": 2149.6, "load_mw": 293.67437549730488, "role": "generation" }, "geometry": { "type": "Point", "coordinates": [ -80.351374933718091, 39.243763677902031 ] } },
{ "type": "Feature", "properties": { "bus_id": 354, "ba_code": "PJM", "lon": -82.093555316470599, "lat": 40.070357919248906, "n_counties": 7, "population": 482655.99999999977, "generation_cap_mw": 683.9, "load_mw": 728.43355095678157, "role": "mixed" }, "geometry": { "type": "Point", "coordinates": [ -82.093555316470599, 40.070357919248906 ] } },
{ "type": "Feature", "properties": { "bus_id": 355, "ba_code": "PJM", "lon": -74.439483570592003, "lat": 39.871139550254, "n_counties": 2, "population": 990517.65283638111, "generation_cap_mw": 657.66783250320805, "load_mw": 1494.9079492246694, "role": "load" }, "geometry": { "type": "Point", "coordinates": [ -74.439483570592003, 39.871139550254 ] } },
{ "type": "Feature", "properties": { "bus_id": 356, "ba_code": "PJM", "lon": -76.248739168903683, "lat": 40.450566852927018, "n_counties": 4, "population": 1001049.9999999995, "generation_cap_mw": 1936.9, "load_mw": 1510.8035664847971, "role": "mixed" }, "geometry": { "type": "Point", "coordinates": [ -76.248739168903683, 40.450566852927018 ] } },
{ "type": "Feature", "properties": { "bus_id": 357, "ba_code": "PJM", "lon": -84.218620553010268, "lat": 39.838221470458777, "n_counties": 9, "population": 1169921.2661725043, "generation_cap_mw": 1145.2803614021182, "load_mw": 1765.6672708054841, "role": "load" }, "geometry": { "type": "Point", "coordinates": [ -84.218620553010268, 39.838221470458777 ] } },
{ "type": "Feature", "properties": { "bus_id": 358, "ba_code": "PJM", "lon": -75.326546165299632, "lat": 39.964996140411714, "n_counties": 3, "population": 2704993.9999999939, "generation_cap_mw": 3058.7, "load_mw": 4082.4280330852303, "role": "load" }, "geometry": { "type": "Point", "coordinates": [ -75.326546165299632, 39.964996140411714 ] } },
{ "type": "Feature", "properties": { "bus_id": 359, "ba_code": "PJM", "lon": -79.468791717414533, "lat": 41.905465510102736, "n_counties": 6, "population": 226397.43355320452, "generation_cap_mw": 494.04843086877082, "load_mw": 341.68328260844754, "role": "mixed" }, "geometry": { "type": "Point", "coordinates": [ -79.468791717414533, 41.905465510102736 ] } },
{ "type": "Feature", "properties": { "bus_id": 360, "ba_code": "PJM", "lon": -83.875879150879697, "lat": 37.116993966442273, "n_counties": 15, "population": 247652.88219624979, "generation_cap_mw": 70.000522340758891, "load_mw": 373.76240714483163, "role": "load" }, "geometry": { "type": "Point", "coordinates": [ -83.875879150879697, 37.116993966442273 ] } },
{ "type": "Feature", "properties": { "bus_id": 361, "ba_code": "PJM", "lon": -74.266713355366576, "lat": 40.732165405647791, "n_counties": 5, "population": 2484953.3340568184, "generation_cap_mw": 4599.4306701338382, "load_mw": 3750.338504211908, "role": "mixed" }, "geometry": { "type": "Point", "coordinates": [ -74.266713355366576, 40.732165405647791 ] } },
{ "type": "Feature", "properties": { "bus_id": 362, "ba_code": "PJM", "lon": -84.20039490995245, "lat": 37.930572385815601, "n_counties": 13, "population": 290425.44981490332, "generation_cap_mw": 727.2077813356683, "load_mw": 438.31557402558076, "role": "mixed" }, "geometry": { "type": "Point", "coordinates": [ -84.20039490995245, 37.930572385815601 ] } },
{ "type": "Feature", "properties": { "bus_id": 363, "ba_code": "PJM", "lon": -79.459102695896974, "lat": 40.057388954429157, "n_counties": 3, "population": 556632.99999999895, "generation_cap_mw": 1238.1, "load_mw": 840.0810365347694, "role": "mixed" }, "geometry": { "type": "Point", "coordinates": [ -79.459102695896974, 40.057388954429157 ] } },
{ "type": "Feature", "properties": { "bus_id": 364, "ba_code": "PJM", "lon": -75.658940937431524, "lat": 38.092485065051754, "n_counties": 5, "population": 185971.68942046477, "generation_cap_mw": 201.05154540347962, "load_mw": 280.67198605628221, "role": "load" }, "geometry": { "type": "Point", "coordinates": [ -75.658940937431524, 38.092485065051754 ] } },
{ "type": "Feature", "properties": { "bus_id": 365, "ba_code": "PJM", "lon": -76.993174664116196, "lat": 38.41039244094312, "n_counties": 4, "population": 180524.14433687157, "generation_cap_mw": 883.90621551541221, "load_mw": 272.45044813022525, "role": "mixed" }, "geometry": { "type": "Point", "coordinates": [ -76.993174664116196, 38.41039244094312 ] } },
{ "type": "Feature", "properties": { "bus_id": 366, "ba_code": "PJM", "lon": -77.363892100895811, "lat": 36.095920830278551, "n_counties": 12, "population": 245371.5168806914, "generation_cap_mw": 608.13820008656512, "load_mw": 370.31932752323394, "role": "mixed" }, "geometry": { "type": "Point", "coordinates": [ -77.363892100895811, 36.095920830278551 ] } },
{ "type": "Feature", "properties": { "bus_id": 367, "ba_code": "PJM", "lon": -84.72709875714061, "lat": 40.922734346124052, "n_counties": 8, "population": 691778.23549050803, "generation_cap_mw": 1010.7, "load_mw": 1044.0447783783227, "role": "mixed" }, "geometry": { "type": "Point", "coordinates": [ -84.72709875714061, 40.922734346124052 ] } },
{ "type": "Feature", "properties": { "bus_id": 368, "ba_code": "PJM", "lon": -79.506381224211296, "lat": 40.846300577499022, "n_counties": 4, "population": 341914.99999999988, "generation_cap_mw": 2645.8, "load_mw": 516.02457563023779, "role": "generation" }, "geometry": { "type": "Point", "coordinates": [ -79.506381224211296, 40.846300577499022 ] } },
{ "type": "Feature", "properties": { "bus_id": 369, "ba_code": "PJM", "lon": -81.226139670400116, "lat": 37.843893020579692, "n_counties": 9, "population": 305189.99999999942, "generation_cap_mw": 188.2, "load_mw": 460.59851201787575, "role": "load" }, "geometry": { "type": "Point", "coordinates": [ -81.226139670400116, 37.843893020579692 ] } },
{ "type": "Feature", "properties": { "bus_id": 370, "ba_code": "PJM", "lon": -86.635774455908546, "lat": 41.988133369463434, "n_counties": 3, "population": 88634.139514637296, "generation_cap_mw": 1119.0258158795591, "load_mw": 133.76831735779948, "role": "generation" }, "geometry": { "type": "Point", "coordinates": [ -86.635774455908546, 41.988133369463434 ] } },
{ "type": "Feature", "properties": { "bus_id": 371, "ba_code": "PJM", "lon": -76.46984917593241, "lat": 38.513159188443836, "n_counties": 4, "population": 174123.10125697113, "generation_cap_mw": 1461.8384820538579, "load_mw": 262.78987301975485, "role": "generation" }, "geometry": { "type": "Point", "coordinates": [ -76.46984917593241, 38.513159188443836 ] } },
{ "type": "Feature", "properties": { "bus_id": 372, "ba_code": "PJM", "lon": -81.003727314719455, "lat": 41.616190396154728, "n_counties": 4, "population": 402911.29595113272, "generation_cap_mw": 363.33316871344425, "load_mw": 608.08133749561273, "role": "load" }, "geometry": { "type": "Point", "coordinates": [ -81.003727314719455, 41.616190396154728 ] } },
{ "type": "Feature", "properties": { "bus_id": 373, "ba_code": "PGE", "lon": -122.79136312008865, "lat": 45.476069397874518, "n_counties": 11, "population": 1471657.1585807204, "generation_cap_mw": 883.64446878975195, "load_mw": 2567.644178082192, "role": "mixed" }, "geometry": { "type": "Point", "coordinates": [ -122.791363120088647, 45.476069397874518 ] } },
{ "type": "Feature", "properties": { "bus_id": 374, "ba_code": "POWX", "lon": -117.518231125311, "lat": 48.579474597490453, "n_counties": 7, "population": 133.18286931023235, "generation_cap_mw": 1.0318521079216663, "load_mw": 0.0, "role": "mixed" }, "geometry": { "type": "Point", "coordinates": [ -117.518231125311004, 48.579474597490453 ] } },
{ "type": "Feature", "properties": { "bus_id": 375, "ba_code": "AEC", "lon": -86.589117164173473, "lat": 31.444449421251573, "n_counties": 36, "population": 1050192.684852398, "generation_cap_mw": 5421.9009052226138, "load_mw": 0.0, "role": "mixed" }, "geometry": { "type": "Point", "coordinates": [ -86.589117164173473, 31.444449421251573 ] } },
{ "type": "Feature", "properties": { "bus_id": 376, "ba_code": "PSCO", "lon": -104.39371849607144, "lat": 40.554159270488398, "n_counties": 1, "population": 89842.649837199147, "generation_cap_mw": 894.48006349894376, "load_mw": 118.52479615974276, "role": "generation" }, "geometry": { "type": "Point", "coordinates": [ -104.393718496071443, 40.554159270488398 ] } },
{ "type": "Feature", "properties": { "bus_id": 377, "ba_code": "PSCO", "lon": -105.09727339869512, "lat": 39.634060976912984, "n_counties": 7, "population": 1718216.6453795736, "generation_cap_mw": 772.76783359505635, "load_mw": 2266.7550213725954, "role": "load" }, "geometry": { "type": "Point", "coordinates": [ -105.097273398695123, 39.634060976912984 ] } },
{ "type": "Feature", "properties": { "bus_id": 378, "ba_code": "PSCO", "lon": -108.20750319332863, "lat": 40.617682487234454, "n_counties": 4, "population": 11120.275157410995, "generation_cap_mw": 1096.1287539599082, "load_mw": 14.670408193221643, "role": "generation" }, "geometry": { "type": "Point", "coordinates": [ -108.207503193328634, 40.617682487234454 ] } },
{ "type": "Feature", "properties": { "bus_id": 379, "ba_code": "PSCO", "lon": -104.51709122625566, "lat": 38.186869929707242, "n_counties": 7, "population": 149226.79620308062, "generation_cap_mw": 1145.5085670264591, "load_mw": 196.86725217468276, "role": "generation" }, "geometry": { "type": "Point", "coordinates": [ -104.517091226255658, 38.186869929707242 ] } },
{ "type": "Feature", "properties": { "bus_id": 380, "ba_code": "PSCO", "lon": -104.33767556995784, "lat": 39.785527053199729, "n_counties": 5, "population": 985606.12124260492, "generation_cap_mw": 981.23110540846358, "load_mw": 1300.2595629776929, "role": "mixed" }, "geometry": { "type": "Point", "coordinates": [ -104.337675569957838, 39.785527053199729 ] } },
{ "type": "Feature", "properties": { "bus_id": 381, "ba_code": "PSCO", "lon": -108.30974593701949, "lat": 39.126682517990709, "n_counties": 6, "population": 220793.79957862891, "generation_cap_mw": 77.613373115743002, "load_mw": 291.28192607645735, "role": "load" }, "geometry": { "type": "Point", "coordinates": [ -108.309745937019485, 39.126682517990709 ] } },
{ "type": "Feature", "properties": { "bus_id": 382, "ba_code": "PSCO", "lon": -106.99079141255213, "lat": 40.484051037801272, "n_counties": 3, "population": 24938.137127061229, "generation_cap_mw": 465.28276203159373, "load_mw": 32.89960419627792, "role": "generation" }, "geometry": { "type": "Point", "coordinates": [ -106.990791412552127, 40.484051037801272 ] } },
{ "type": "Feature", "properties": { "bus_id": 383, "ba_code": "PSCO", "lon": -105.85840562984285, "lat": 37.560520051150135, "n_counties": 10, "population": 42706.842549721739, "generation_cap_mw": 145.40145466687227, "load_mw": 56.340945163620532, "role": "generation" }, "geometry": { "type": "Point", "coordinates": [ -105.858405629842849, 37.560520051150135 ] } },
{ "type": "Feature", "properties": { "bus_id": 384, "ba_code": "PSCO", "lon": -106.39382717082353, "lat": 39.331735630410385, "n_counties": 7, "population": 120302.71897347747, "generation_cap_mw": 218.93971737216543, "load_mw": 158.70920180595994, "role": "mixed" }, "geometry": { "type": "Point", "coordinates": [ -106.393827170823528, 39.331735630410385 ] } },
{ "type": "Feature", "properties": { "bus_id": 385, "ba_code": "PSCO", "lon": -105.39220408048665, "lat": 40.280850383667065, "n_counties": 3, "population": 306937.0750587447, "generation_cap_mw": 359.5252365151137, "load_mw": 404.92632754184933, "role": "mixed" }, "geometry": { "type": "Point", "coordinates": [ -105.39220408048665, 40.280850383667065 ] } },
{ "type": "Feature", "properties": { "bus_id": 386, "ba_code": "PNM", "lon": -106.3234176379255, "lat": 35.026586473076513, "n_counties": 26, "population": 1266076.6102274084, "generation_cap_mw": 1320.825859874132, "load_mw": 1363.2551120537382, "role": "mixed" }, "geometry": { "type": "Point", "coordinates": [ -106.323417637925502, 35.026586473076513 ] } },
{ "type": "Feature", "properties": { "bus_id": 387, "ba_code": "PNM", "lon": -107.85368233958941, "lat": 32.213885549343743, "n_counties": 11, "population": 134333.89518375756, "generation_cap_mw": 1087.660501234978, "load_mw": 144.64477730021022, "role": "generation" }, "geometry": { "type": "Point", "coordinates": [ -107.853682339589412, 32.213885549343743 ] } },
{ "type": "Feature", "properties": { "bus_id": 388, "ba_code": "PNM", "lon": -108.22061141227843, "lat": 36.397250641625838, "n_counties": 6, "population": 148783.13604918428, "generation_cap_mw": 750.94311548473968, "load_mw": 160.20307868258126, "role": "generation" }, "geometry": { "type": "Point", "coordinates": [ -108.22061141227843, 36.397250641625838 ] } },
{ "type": "Feature", "properties": { "bus_id": 389, "ba_code": "CHPD", "lon": -120.8702515351888, "lat": 47.901579284882637, "n_counties": 7, "population": 79261.979320180224, "generation_cap_mw": 1897.3846848980095, "load_mw": 225.59463470319633, "role": "mixed" }, "geometry": { "type": "Point", "coordinates": [ -120.8702515351888, 47.901579284882637 ] } },
{ "type": "Feature", "properties": { "bus_id": 390, "ba_code": "DOPD", "lon": -120.29413751401839, "lat": 48.036259345270089, "n_counties": 8, "population": 75020.237385033673, "generation_cap_mw": 7365.3760755283784, "load_mw": 255.58025114155251, "role": "mixed" }, "geometry": { "type": "Point", "coordinates": [ -120.294137514018388, 48.036259345270089 ] } },
{ "type": "Feature", "properties": { "bus_id": 391, "ba_code": "GCPD", "lon": -119.90333506979371, "lat": 46.829947434799102, "n_counties": 9, "population": 123867.01216194012, "generation_cap_mw": 1057.7914136152178, "load_mw": 714.05251141552515, "role": "mixed" }, "geometry": { "type": "Point", "coordinates": [ -119.903335069793712, 46.829947434799102 ] } },
{ "type": "Feature", "properties": { "bus_id": 392, "ba_code": "PSEI", "lon": -121.85588949275892, "lat": 48.696611756981724, "n_counties": 6, "population": 524895.49041379639, "generation_cap_mw": 1746.0114412068642, "load_mw": 437.28531513337043, "role": "generation" }, "geometry": { "type": "Point", "coordinates": [ -121.855889492758919, 48.696611756981724 ] } },
{ "type": "Feature", "properties": { "bus_id": 393, "ba_code": "PSEI", "lon": -121.57147575520304, "lat": 47.267404922448343, "n_counties": 13, "population": 2887162.2741444465, "generation_cap_mw": 2181.1735332446633, "load_mw": 2405.2667396611505, "role": "mixed" }, "geometry": { "type": "Point", "coordinates": [ -121.571475755203039, 47.267404922448343 ] } },
{ "type": "Feature", "properties": { "bus_id": 394, "ba_code": "RC", "lon": -81.236025993493541, "lat": 28.288655843672124, "n_counties": 2, "population": 45049.278168400582, "generation_cap_mw": 77.834982940065316, "load_mw": 0.0, "role": "mixed" }, "geometry": { "type": "Point", "coordinates": [ -81.236025993493541, 28.288655843672124 ] } },
{ "type": "Feature", "properties": { "bus_id": 395, "ba_code": "SRP", "lon": -112.49331603234796, "lat": 33.348534439488454, "n_counties": 1, "population": 954628.58466949197, "generation_cap_mw": 3214.3329788660253, "load_mw": 3544.5179156933073, "role": "mixed" }, "geometry": { "type": "Point", "coordinates": [ -112.493316032347963, 33.348534439488454 ] } },
{ "type": "Feature", "properties": { "bus_id": 396, "ba_code": "SRP", "lon": -111.34467833357944, "lat": 32.904750713230541, "n_counties": 1, "population": 82400.95194408104, "generation_cap_mw": 470.32689156845242, "load_mw": 305.95317920120578, "role": "mixed" }, "geometry": { "type": "Point", "coordinates": [ -111.344678333579438, 32.904750713230541 ] } },
{ "type": "Feature", "properties": { "bus_id": 397, "ba_code": "SRP", "lon": -110.81002244671667, "lat": 33.799288417199385, "n_counties": 1, "population": 5617.6812793025929, "generation_cap_mw": 0.0, "load_mw": 20.85834455296223, "role": "load" }, "geometry": { "type": "Point", "coordinates": [ -110.810022446716673, 33.799288417199385 ] } },
{ "type": "Feature", "properties": { "bus_id": 398, "ba_code": "SRP", "lon": -112.55239871168587, "lat": 34.599279327625979, "n_counties": 1, "population": 0.0033954707962441468, "generation_cap_mw": 9.5226801542902324e-07, "load_mw": 1.2607318974915903e-05, "role": "load" }, "geometry": { "type": "Point", "coordinates": [ -112.552398711685868, 34.599279327625979 ] } },
{ "type": "Feature", "properties": { "bus_id": 399, "ba_code": "SPC", "lon": -104.68367776981347, "lat": 48.65528619191381, "n_counties": 9, "population": 2.5609723600053842, "generation_cap_mw": 0.0, "load_mw": 0.0, "role": "load" }, "geometry": { "type": "Point", "coordinates": [ -104.683677769813471, 48.65528619191381 ] } },
{ "type": "Feature", "properties": { "bus_id": 400, "ba_code": "SCL", "lon": -121.8360256297546, "lat": 47.490724328427397, "n_counties": 1, "population": 97632.154773386908, "generation_cap_mw": 6.0761034074276976, "load_mw": 1087.7429223744291, "role": "mixed" }, "geometry": { "type": "Point", "coordinates": [ -121.836025629754602, 47.490724328427397 ] } },
{ "type": "Feature", "properties": { "bus_id": 401, "ba_code": "SEC", "lon": -82.532324970641213, "lat": 29.018576065835834, "n_counties": 63, "population": 2982000.7806030107, "generation_cap_mw": 9211.1841287423576, "load_mw": 227.28313734444572, "role": "mixed" }, "geometry": { "type": "Point", "coordinates": [ -82.532324970641213, 29.018576065835834 ] } },
{ "type": "Feature", "properties": { "bus_id": 402, "ba_code": "SCEG", "lon": -80.609567303255858, "lat": 32.633799957585239, "n_counties": 11, "population": 631038.37571897404, "generation_cap_mw": 1284.5023597181325, "load_mw": 1159.9510256305507, "role": "mixed" }, "geometry": { "type": "Point", "coordinates": [ -80.609567303255858, 32.633799957585239 ] } },
{ "type": "Feature", "properties": { "bus_id": 403, "ba_code": "SCEG", "lon": -81.216009336684678, "lat": 33.808647760261273, "n_counties": 17, "population": 848025.02911225194, "generation_cap_mw": 3097.4773933554616, "load_mw": 1558.8077367852502, "role": "mixed" }, "geometry": { "type": "Point", "coordinates": [ -81.216009336684678, 33.808647760261273 ] } },
{ "type": "Feature", "properties": { "bus_id": 404, "ba_code": "SC", "lon": -79.712073915898529, "lat": 33.290850546464327, "n_counties": 11, "population": 497078.44247567229, "generation_cap_mw": 4571.8306576802552, "load_mw": 1846.8598744356987, "role": "mixed" }, "geometry": { "type": "Point", "coordinates": [ -79.712073915898529, 33.290850546464327 ] } },
{ "type": "Feature", "properties": { "bus_id": 405, "ba_code": "SC", "lon": -80.931162732642221, "lat": 34.185770894349531, "n_counties": 14, "population": 304611.09197445714, "generation_cap_mw": 2123.1180628945453, "load_mw": 1131.7610159752605, "role": "mixed" }, "geometry": { "type": "Point", "coordinates": [ -80.931162732642221, 34.185770894349531 ] } },
{ "type": "Feature", "properties": { "bus_id": 406, "ba_code": "SEPA", "lon": -82.455695698728434, "lat": 33.965697058517804, "n_counties": 12, "population": 142900.84788130596, "generation_cap_mw": 854.74463628375781, "load_mw": 0.0, "role": "mixed" }, "geometry": { "type": "Point", "coordinates": [ -82.455695698728434, 33.965697058517804 ] } },
{ "type": "Feature", "properties": { "bus_id": 407, "ba_code": "SOCO", "lon": -84.452274744421928, "lat": 33.795702758157731, "n_counties": 7, "population": 3390124.9999999935, "generation_cap_mw": 2876.9, "load_mw": 6179.1512421974767, "role": "load" }, "geometry": { "type": "Point", "coordinates": [ -84.452274744421928, 33.795702758157731 ] } },
{ "type": "Feature", "properties": { "bus_id": 408, "ba_code": "SOCO", "lon": -88.210925812363897, "lat": 30.704730969215046, "n_counties": 6, "population": 365339.26697459217, "generation_cap_mw": 3137.697429831926, "load_mw": 665.90069255545779, "role": "generation" }, "geometry": { "type": "Point", "coordinates": [ -88.210925812363897, 30.704730969215046 ] } },
{ "type": "Feature", "properties": { "bus_id": 409, "ba_code": "SOCO", "lon": -82.348166173618495, "lat": 31.770578431144724, "n_counties": 12, "population": 224139.9999999998, "generation_cap_mw": 1848.0, "load_mw": 408.53802129011285, "role": "generation" }, "geometry": { "type": "Point", "coordinates": [ -82.348166173618495, 31.770578431144724 ] } },
{ "type": "Feature", "properties": { "bus_id": 410, "ba_code": "SOCO", "lon": -86.608142543010885, "lat": 33.268893108066727, "n_counties": 4, "population": 337600.99999999953, "generation_cap_mw": 2158.5, "load_mw": 615.34239549193956, "role": "mixed" }, "geometry": { "type": "Point", "coordinates": [ -86.608142543010885, 33.268893108066727 ] } },
{ "type": "Feature", "properties": { "bus_id": 411, "ba_code": "SOCO", "lon": -83.983595736874022, "lat": 32.853059739771091, "n_counties": 20, "population": 657669.99999999988, "generation_cap_mw": 5082.9, "load_mw": 1198.7293676357131, "role": "mixed" }, "geometry": { "type": "Point", "coordinates": [ -83.983595736874022, 32.853059739771091 ] } },
{ "type": "Feature", "properties": { "bus_id": 412, "ba_code": "SOCO", "lon": -82.033837022965869, "lat": 33.120561312533141, "n_counties": 14, "population": 425356.94519697607, "generation_cap_mw": 5071.8162463240396, "load_mw": 775.29439070571857, "role": "generation" }, "geometry": { "type": "Point", "coordinates": [ -82.033837022965869, 33.120561312533141 ] } },
{ "type": "Feature", "properties": { "bus_id": 413, "ba_code": "SOCO", "lon": -84.353115243404304, "lat": 31.431949835880818, "n_counties": 20, "population": 322138.49486513593, "generation_cap_mw": 496.09478076843595, "load_mw": 587.15902236806437, "role": "load" }, "geometry": { "type": "Point", "coordinates": [ -84.353115243404304, 31.431949835880818 ] } },
{ "type": "Feature", "properties": { "bus_id": 414, "ba_code": "SOCO", "lon": -85.337498660115799, "lat": 32.625490859399392, "n_counties": 11, "population": 594117.20146667724, "generation_cap_mw": 3434.2, "load_mw": 1082.8922365557951, "role": "mixed" }, "geometry": { "type": "Point", "coordinates": [ -85.337498660115799, 32.625490859399392 ] } },
{ "type": "Feature", "properties": { "bus_id": 415, "ba_code": "SOCO", "lon": -89.479578939614953, "lat": 31.548491835006296, "n_counties": 19, "population": 449649.18102268886, "generation_cap_mw": 1577.2096530934298, "load_mw": 819.57163687752848, "role": "mixed" }, "geometry": { "type": "Point", "coordinates": [ -89.479578939614953, 31.548491835006296 ] } },
{ "type": "Feature", "properties": { "bus_id": 416, "ba_code": "SOCO", "lon": -85.640022883119258, "lat": 30.362675207084777, "n_counties": 11, "population": 285145.04401687463, "generation_cap_mw": 447.23260909255868, "load_mw": 519.73138245443113, "role": "load" }, "geometry": { "type": "Point", "coordinates": [ -85.640022883119258, 30.362675207084777 ] } },
{ "type": "Feature", "properties": { "bus_id": 417, "ba_code": "SOCO", "lon": -88.20640886433516, "lat": 32.69620741704658, "n_counties": 14, "population": 196591.80831388227, "generation_cap_mw": 1907.9036606871077, "load_mw": 358.32617279556837, "role": "generation" }, "geometry": { "type": "Point", "coordinates": [ -88.20640886433516, 32.69620741704658 ] } },
{ "type": "Feature", "properties": { "bus_id": 418, "ba_code": "SOCO", "lon": -85.054173395268862, "lat": 33.318477297498639, "n_counties": 7, "population": 421560.99999999895, "generation_cap_mw": 4982.7, "load_mw": 768.37555453324262, "role": "generation" }, "geometry": { "type": "Point", "coordinates": [ -85.054173395268862, 33.318477297498639 ] } },
{ "type": "Feature", "properties": { "bus_id": 419, "ba_code": "SOCO", "lon": -83.411007483735034, "lat": 34.222162039632394, "n_counties": 20, "population": 683326.01806283393, "generation_cap_mw": 1754.9599514560794, "load_mw": 1245.4923677855018, "role": "mixed" }, "geometry": { "type": "Point", "coordinates": [ -83.411007483735034, 34.222162039632394 ] } },
{ "type": "Feature", "properties": { "bus_id": 420, "ba_code": "SOCO", "lon": -86.570485861883199, "lat": 32.539946628047453, "n_counties": 8, "population": 324906.33608024282, "generation_cap_mw": 4345.0705348882166, "load_mw": 592.20394238798485, "role": "generation" }, "geometry": { "type": "Point", "coordinates": [ -86.570485861883199, 32.539946628047453 ] } },
{ "type": "Feature", "properties": { "bus_id": 421, "ba_code": "SOCO", "lon": -83.43767926686219, "lat": 31.111159315565558, "n_counties": 20, "population": 375714.28744166839, "generation_cap_mw": 1.8126099176284938, "load_mw": 684.81115178836467, "role": "load" }, "geometry": { "type": "Point", "coordinates": [ -83.43767926686219, 31.111159315565558 ] } },
{ "type": "Feature", "properties": { "bus_id": 422, "ba_code": "SOCO", "lon": -83.94261085131447, "lat": 33.923551368683498, "n_counties": 8, "population": 1647476.7922501625, "generation_cap_mw": 1451.8, "load_mw": 3002.8415669994843, "role": "load" }, "geometry": { "type": "Point", "coordinates": [ -83.94261085131447, 33.923551368683498 ] } },
{ "type": "Feature", "properties": { "bus_id": 423, "ba_code": "SOCO", "lon": -81.330641864828706, "lat": 32.254867959452469, "n_counties": 9, "population": 502252.60204567952, "generation_cap_mw": 3060.4555225940435, "load_mw": 915.45143315585176, "role": "mixed" }, "geometry": { "type": "Point", "coordinates": [ -81.330641864828706, 32.254867959452469 ] } },
{ "type": "Feature", "properties": { "bus_id": 424, "ba_code": "SOCO", "lon": -88.846314338021145, "lat": 30.469541108881746, "n_counties": 6, "population": 341801.28385462664, "generation_cap_mw": 2258.7453918036163, "load_mw": 622.99821620589591, "role": "mixed" }, "geometry": { "type": "Point", "coordinates": [ -88.846314338021145, 30.469541108881746 ] } },
{ "type": "Feature", "properties": { "bus_id": 425, "ba_code": "SOCO", "lon": -81.6888174099754, "lat": 31.199166414924836, "n_counties": 9, "population": 222563.75685943919, "generation_cap_mw": 575.82940342097311, "load_mw": 405.66501667818841, "role": "mixed" }, "geometry": { "type": "Point", "coordinates": [ -81.6888174099754, 31.199166414924836 ] } },
{ "type": "Feature", "properties": { "bus_id": 426, "ba_code": "SOCO", "lon": -86.014568721714937, "lat": 33.807529366184149, "n_counties": 9, "population": 386594.92688231153, "generation_cap_mw": 885.18294947234153, "load_mw": 704.64319831041121, "role": "mixed" }, "geometry": { "type": "Point", "coordinates": [ -86.014568721714937, 33.807529366184149 ] } },
{ "type": "Feature", "properties": { "bus_id": 427, "ba_code": "SOCO", "lon": -84.814157590224013, "lat": 34.18771436776975, "n_counties": 7, "population": 599695.32447062421, "generation_cap_mw": 3580.9274074262535, "load_mw": 1093.0594326588796, "role": "mixed" }, "geometry": { "type": "Point", "coordinates": [ -84.814157590224013, 34.18771436776975 ] } },
{ "type": "Feature", "properties": { "bus_id": 428, "ba_code": "SOCO", "lon": -87.04240318082806, "lat": 33.558691836739939, "n_counties": 11, "population": 1062523.3063005714, "generation_cap_mw": 3107.590234573333, "load_mw": 1936.6519547187668, "role": "mixed" }, "geometry": { "type": "Point", "coordinates": [ -87.04240318082806, 33.558691836739939 ] } },
{ "type": "Feature", "properties": { "bus_id": 429, "ba_code": "SOCO", "lon": -82.899097983301147, "lat": 32.981496718173602, "n_counties": 13, "population": 209609.99999999974, "generation_cap_mw": 1943.6, "load_mw": 382.05431713491799, "role": "generation" }, "geometry": { "type": "Point", "coordinates": [ -82.899097983301147, 32.981496718173602 ] } },
{ "type": "Feature", "properties": { "bus_id": 430, "ba_code": "SOCO", "lon": -87.055100602089283, "lat": 30.57987283688697, "n_counties": 5, "population": 345746.38457660854, "generation_cap_mw": 830.68418294694368, "load_mw": 630.18891685169172, "role": "mixed" }, "geometry": { "type": "Point", "coordinates": [ -87.055100602089283, 30.57987283688697 ] } },
{ "type": "Feature", "properties": { "bus_id": 431, "ba_code": "SWPP", "lon": -101.95545409365977, "lat": 35.427044166468853, "n_counties": 21, "population": 413373.41553374077, "generation_cap_mw": 4439.2659005345595, "load_mw": 918.95405272333198, "role": "mixed" }, "geometry": { "type": "Point", "coordinates": [ -101.955454093659768, 35.427044166468853 ] } },
{ "type": "Feature", "properties": { "bus_id": 432, "ba_code": "SWPP", "lon": -94.563875796131214, "lat": 38.997482323554813, "n_counties": 27, "population": 2137897.3360311761, "generation_cap_mw": 6943.1517011610786, "load_mw": 4752.6748151319016, "role": "mixed" }, "geometry": { "type": "Point", "coordinates": [ -94.563875796131214, 38.997482323554813 ] } },
{ "type": "Feature", "properties": { "bus_id": 433, "ba_code": "SWPP", "lon": -97.217759893098162, "lat": 35.337989849172942, "n_counties": 12, "population": 1405221.6841333786, "generation_cap_mw": 4493.1969023140437, "load_mw": 3123.8926188364708, "role": "mixed" }, "geometry": { "type": "Point", "coordinates": [ -97.217759893098162, 35.337989849172942 ] } },
{ "type": "Feature", "properties": { "bus_id": 434, "ba_code": "SWPP", "lon": -99.783584193557857, "lat": 44.134799592011156, "n_counties": 20, "population": 76750.939286806984, "generation_cap_mw": 1612.7, "load_mw": 170.62197049335109, "role": "generation" }, "geometry": { "type": "Point", "coordinates": [ -99.783584193557857, 44.134799592011156 ] } },
{ "type": "Feature", "properties": { "bus_id": 435, "ba_code": "SWPP", "lon": -94.424201465964842, "lat": 32.430017045212708, "n_counties": 23, "population": 764529.12558624428, "generation_cap_mw": 6366.3123648326964, "load_mw": 1699.5943908859294, "role": "mixed" }, "geometry": { "type": "Point", "coordinates": [ -94.424201465964842, 32.430017045212708 ] } },
{ "type": "Feature", "properties": { "bus_id": 436, "ba_code": "SWPP", "lon": -98.527869004222566, "lat": 40.61175483538338, "n_counties": 28, "population": 275767.99999999983, "generation_cap_mw": 703.7, "load_mw": 613.04890853757115, "role": "load" }, "geometry": { "type": "Point", "coordinates": [ -98.527869004222566, 40.61175483538338 ] } },
{ "type": "Feature", "properties": { "bus_id": 437, "ba_code": "SWPP", "lon": -103.37563417867335, "lat": 47.963775355192418, "n_counties": 14, "population": 42254.513528685144, "generation_cap_mw": 559.47146876377269, "load_mw": 93.934333931226519, "role": "generation" }, "geometry": { "type": "Point", "coordinates": [ -103.375634178673351, 47.963775355192418 ] } },
{ "type": "Feature", "properties": { "bus_id": 438, "ba_code": "SWPP", "lon": -98.775583427359507, "lat": 37.103308269891848, "n_counties": 10, "population": 50253.999999999964, "generation_cap_mw": 1079.8, "load_mw": 111.71767518220786, "role": "generation" }, "geometry": { "type": "Point", "coordinates": [ -98.775583427359507, 37.103308269891848 ] } },
{ "type": "Feature", "properties": { "bus_id": 439, "ba_code": "SWPP", "lon": -96.369421551251634, "lat": 41.032452627740291, "n_counties": 23, "population": 1351751.0546289769, "generation_cap_mw": 4289.4464573106752, "load_mw": 3005.0241821197728, "role": "mixed" }, "geometry": { "type": "Point", "coordinates": [ -96.369421551251634, 41.032452627740291 ] } },
{ "type": "Feature", "properties": { "bus_id": 440, "ba_code": "SWPP", "lon": -95.653459397101102, "lat": 36.134323230575916, "n_counties": 10, "population": 1101183.4130083693, "generation_cap_mw": 9045.2594915438713, "load_mw": 2447.9971912783885, "role": "mixed" }, "geometry": { "type": "Point", "coordinates": [ -95.653459397101102, 36.134323230575916 ] } },
{ "type": "Feature", "properties": { "bus_id": 441, "ba_code": "SWPP", "lon": -103.37411623298676, "lat": 33.083665563732112, "n_counties": 15, "population": 196570.0112300629, "generation_cap_mw": 2880.6926494922168, "load_mw": 436.98699934658202, "role": "generation" }, "geometry": { "type": "Point", "coordinates": [ -103.374116232986765, 33.083665563732112 ] } },
{ "type": "Feature", "properties": { "bus_id": 442, "ba_code": "SWPP", "lon": -100.73901632343244, "lat": 40.972372488896468, "n_counties": 33, "population": 144308.7009516535, "generation_cap_mw": 1801.9677220305091, "load_mw": 320.80695226018241, "role": "generation" }, "geometry": { "type": "Point", "coordinates": [ -100.739016323432438, 40.972372488896468 ] } },
{ "type": "Feature", "properties": { "bus_id": 443, "ba_code": "SWPP", "lon": -102.04533978948724, "lat": 33.851686862321579, "n_counties": 20, "population": 486435.27505149634, "generation_cap_mw": 2694.7344243692223, "load_mw": 1081.3749762281818, "role": "mixed" }, "geometry": { "type": "Point", "coordinates": [ -102.045339789487244, 33.851686862321579 ] } },
{ "type": "Feature", "properties": { "bus_id": 444, "ba_code": "SWPP", "lon": -101.33299303668754, "lat": 47.380648837668879, "n_counties": 25, "population": 276456.33580537722, "generation_cap_mw": 4758.4750187452119, "load_mw": 614.57912057883016, "role": "generation" }, "geometry": { "type": "Point", "coordinates": [ -101.33299303668754, 47.380648837668879 ] } },
{ "type": "Feature", "properties": { "bus_id": 445, "ba_code": "SWPP", "lon": -93.934692451135149, "lat": 37.180036329292811, "n_counties": 15, "population": 687848.88598129537, "generation_cap_mw": 2174.9097199578146, "load_mw": 1529.1295900525718, "role": "mixed" }, "geometry": { "type": "Point", "coordinates": [ -93.934692451135149, 37.180036329292811 ] } },
{ "type": "Feature", "properties": { "bus_id": 446, "ba_code": "SWPP", "lon": -98.274147942009904, "lat": 35.119259226129074, "n_counties": 17, "population": 474798.80210344354, "generation_cap_mw": 3118.9304089908287, "load_mw": 1055.5063945217082, "role": "mixed" }, "geometry": { "type": "Point", "coordinates": [ -98.274147942009904, 35.119259226129074 ] } },
{ "type": "Feature", "properties": { "bus_id": 447, "ba_code": "SWPP", "lon": -100.39129604620088, "lat": 38.016949311618795, "n_counties": 35, "population": 215691.36944342984, "generation_cap_mw": 2664.9061220444573, "load_mw": 479.49493276329656, "role": "generation" }, "geometry": { "type": "Point", "coordinates": [ -100.391296046200878, 38.016949311618795 ] } },
{ "type": "Feature", "properties": { "bus_id": 448, "ba_code": "SWPP", "lon": -95.503001647685764, "lat": 38.150045040642873, "n_counties": 16, "population": 216081.61226039651, "generation_cap_mw": 4222.0692014679444, "load_mw": 480.36246609931106, "role": "generation" }, "geometry": { "type": "Point", "coordinates": [ -95.503001647685764, 38.150045040642873 ] } },
{ "type": "Feature", "properties": { "bus_id": 449, "ba_code": "SWPP", "lon": -97.914701178421481, "lat": 42.551357647871654, "n_counties": 29, "population": 228192.04818449463, "generation_cap_mw": 1496.3521767156949, "load_mw": 507.28469610853102, "role": "mixed" }, "geometry": { "type": "Point", "coordinates": [ -97.914701178421481, 42.551357647871654 ] } },
{ "type": "Feature", "properties": { "bus_id": 450, "ba_code": "SWPP", "lon": -96.950935906296039, "lat": 44.364820052480418, "n_counties": 19, "population": 196650.39759946495, "generation_cap_mw": 1066.2461258804753, "load_mw": 437.16570309764535, "role": "mixed" }, "geometry": { "type": "Point", "coordinates": [ -96.950935906296039, 44.364820052480418 ] } },
{ "type": "Feature", "properties": { "bus_id": 451, "ba_code": "SWPP", "lon": -96.412425857244003, "lat": 39.325440552026123, "n_counties": 15, "population": 412342.9999999993, "generation_cap_mw": 2639.3, "load_mw": 916.66337679900289, "role": "mixed" }, "geometry": { "type": "Point", "coordinates": [ -96.412425857244003, 39.325440552026123 ] } },
{ "type": "Feature", "properties": { "bus_id": 452, "ba_code": "SWPP", "lon": -94.303418934301121, "lat": 35.997681887663624, "n_counties": 15, "population": 854504.61715996393, "generation_cap_mw": 864.91919395747084, "load_mw": 1899.6153393077925, "role": "load" }, "geometry": { "type": "Point", "coordinates": [ -94.303418934301121, 35.997681887663624 ] } },
{ "type": "Feature", "properties": { "bus_id": 453, "ba_code": "SWPP", "lon": -97.634546506873434, "lat": 37.977956179053649, "n_counties": 15, "population": 867132.99999999953, "generation_cap_mw": 1880.5, "load_mw": 1927.688996572879, "role": "load" }, "geometry": { "type": "Point", "coordinates": [ -97.634546506873434, 37.977956179053649 ] } },
{ "type": "Feature", "properties": { "bus_id": 454, "ba_code": "SWPP", "lon": -102.96901983488723, "lat": 43.496081497495297, "n_counties": 21, "population": 212445.37755097635, "generation_cap_mw": 117.4541296550849, "load_mw": 472.278896867941, "role": "load" }, "geometry": { "type": "Point", "coordinates": [ -102.969019834887234, 43.496081497495297 ] } },
{ "type": "Feature", "properties": { "bus_id": 455, "ba_code": "SWPP", "lon": -97.211505156343847, "lat": 36.407666979439703, "n_counties": 11, "population": 368450.99999999953, "generation_cap_mw": 2366.9, "load_mw": 819.08881160822307, "role": "mixed" }, "geometry": { "type": "Point", "coordinates": [ -97.211505156343847, 36.407666979439703 ] } },
{ "type": "Feature", "properties": { "bus_id": 456, "ba_code": "SWPP", "lon": -95.574041808226681, "lat": 34.666020137965646, "n_counties": 16, "population": 224835.43180951657, "generation_cap_mw": 2150.395745467571, "load_mw": 499.82273531155795, "role": "mixed" }, "geometry": { "type": "Point", "coordinates": [ -95.574041808226681, 34.666020137965646 ] } },
{ "type": "Feature", "properties": { "bus_id": 457, "ba_code": "SWPP", "lon": -99.50042036536928, "lat": 35.944637067325715, "n_counties": 15, "population": 120056.43026903275, "generation_cap_mw": 1804.2, "load_mw": 266.89269073767656, "role": "generation" }, "geometry": { "type": "Point", "coordinates": [ -99.50042036536928, 35.944637067325715 ] } },
{ "type": "Feature", "properties": { "bus_id": 458, "ba_code": "SWPP", "lon": -98.39722656831826, "lat": 45.887488985896717, "n_counties": 17, "population": 82652.392918079931, "generation_cap_mw": 601.3000586628566, "load_mw": 183.74125810988733, "role": "mixed" }, "geometry": { "type": "Point", "coordinates": [ -98.39722656831826, 45.887488985896717 ] } },
{ "type": "Feature", "properties": { "bus_id": 459, "ba_code": "SWPP", "lon": -94.347591450231974, "lat": 33.553063262399085, "n_counties": 17, "population": 309210.54857326043, "generation_cap_mw": 1856.9840611827981, "load_mw": 687.39371250885176, "role": "mixed" }, "geometry": { "type": "Point", "coordinates": [ -94.347591450231974, 33.553063262399085 ] } },
{ "type": "Feature", "properties": { "bus_id": 460, "ba_code": "SWPP", "lon": -95.178122275053767, "lat": 40.126053552260316, "n_counties": 22, "population": 215566.76059028975, "generation_cap_mw": 1920.1629556129103, "load_mw": 479.21791976174575, "role": "mixed" }, "geometry": { "type": "Point", "coordinates": [ -95.178122275053767, 40.126053552260316 ] } },
{ "type": "Feature", "properties": { "bus_id": 461, "ba_code": "SPA", "lon": -92.877779731918253, "lat": 35.88911205235712, "n_counties": 54, "population": 528857.67562147707, "generation_cap_mw": 4736.2778208571981, "load_mw": 46.815753424657537, "role": "mixed" }, "geometry": { "type": "Point", "coordinates": [ -92.877779731918253, 35.88911205235712 ] } },
{ "type": "Feature", "properties": { "bus_id": 462, "ba_code": "TPWR", "lon": -121.98661538453068, "lat": 47.264170196138501, "n_counties": 2, "population": 39581.804449757794, "generation_cap_mw": 25.258000766892746, "load_mw": 547.509703196347, "role": "mixed" }, "geometry": { "type": "Point", "coordinates": [ -121.98661538453068, 47.264170196138501 ] } },
{ "type": "Feature", "properties": { "bus_id": 463, "ba_code": "TAL", "lon": -84.413372865275264, "lat": 30.377562785902285, "n_counties": 3, "population": 155778.38310138549, "generation_cap_mw": 409.17707426923369, "load_mw": 315.50445205479451, "role": "mixed" }, "geometry": { "type": "Point", "coordinates": [ -84.413372865275264, 30.377562785902285 ] } },
{ "type": "Feature", "properties": { "bus_id": 464, "ba_code": "TEC", "lon": -82.171320938371935, "lat": 28.061524564741077, "n_counties": 8, "population": 1502227.7220743175, "generation_cap_mw": 5887.0202491943246, "load_mw": 2551.1833333333334, "role": "mixed" }, "geometry": { "type": "Point", "coordinates": [ -82.171320938371935, 28.061524564741077 ] } },
{ "type": "Feature", "properties": { "bus_id": 465, "ba_code": "TVA", "lon": -89.864099736666432, "lat": 34.32833975956941, "n_counties": 9, "population": 168873.80251140447, "generation_cap_mw": 890.94456798886381, "load_mw": 287.73296105038889, "role": "mixed" }, "geometry": { "type": "Point", "coordinates": [ -89.864099736666432, 34.32833975956941 ] } },
{ "type": "Feature", "properties": { "bus_id": 466, "ba_code": "TVA", "lon": -84.770694215688437, "lat": 35.746938294627206, "n_counties": 19, "population": 529017.32728097099, "generation_cap_mw": 4691.1091062805526, "load_mw": 901.35781726853077, "role": "generation" }, "geometry": { "type": "Point", "coordinates": [ -84.770694215688437, 35.746938294627206 ] } },
{ "type": "Feature", "properties": { "bus_id": 467, "ba_code": "TVA", "lon": -86.567039261767476, "lat": 36.17219460741223, "n_counties": 20, "population": 2098939.9333335208, "generation_cap_mw": 2418.9999999999977, "load_mw": 3576.2456526918945, "role": "load" }, "geometry": { "type": "Point", "coordinates": [ -86.567039261767476, 36.17219460741223 ] } },
{ "type": "Feature", "properties": { "bus_id": 468, "ba_code": "TVA", "lon": -87.776147428054173, "lat": 34.872460810558664, "n_counties": 9, "population": 290046.6190409119, "generation_cap_mw": 2552.8, "load_mw": 494.19135057173656, "role": "generation" }, "geometry": { "type": "Point", "coordinates": [ -87.776147428054173, 34.872460810558664 ] } },
{ "type": "Feature", "properties": { "bus_id": 469, "ba_code": "TVA", "lon": -85.386310707098133, "lat": 35.157550110389586, "n_counties": 12, "population": 779038.99999999872, "generation_cap_mw": 4531.6, "load_mw": 1327.353295243031, "role": "mixed" }, "geometry": { "type": "Point", "coordinates": [ -85.386310707098133, 35.157550110389586 ] } },
{ "type": "Feature", "properties": { "bus_id": 470, "ba_code": "TVA", "lon": -82.522992507344355, "lat": 36.292892046812462, "n_counties": 26, "population": 705133.38532014785, "generation_cap_mw": 1622.8652175136933, "load_mw": 1201.4303810086192, "role": "mixed" }, "geometry": { "type": "Point", "coordinates": [ -82.522992507344355, 36.292892046812462 ] } },
{ "type": "Feature", "properties": { "bus_id": 471, "ba_code": "TVA", "lon": -87.910192418582042, "lat": 36.362973941882558, "n_counties": 22, "population": 595047.9615215417, "generation_cap_mw": 5161.6328083621238, "load_mw": 1013.8630704666492, "role": "generation" }, "geometry": { "type": "Point", "coordinates": [ -87.910192418582042, 36.362973941882558 ] } },
{ "type": "Feature", "properties": { "bus_id": 472, "ba_code": "TVA", "lon": -88.991943648372555, "lat": 34.686975767128494, "n_counties": 10, "population": 315255.92755089176, "generation_cap_mw": 1003.5, "load_mw": 537.14383269589212, "role": "mixed" }, "geometry": { "type": "Point", "coordinates": [ -88.991943648372555, 34.686975767128494 ] } },
{ "type": "Feature", "properties": { "bus_id": 473, "ba_code": "TVA", "lon": -86.846091502856751, "lat": 34.674420310244642, "n_counties": 12, "population": 910540.07645094243, "generation_cap_mw": 5777.1989230113686, "load_mw": 1551.4093272968385, "role": "mixed" }, "geometry": { "type": "Point", "coordinates": [ -86.846091502856751, 34.674420310244642 ] } },
{ "type": "Feature", "properties": { "bus_id": 474, "ba_code": "TVA", "lon": -88.996917951690193, "lat": 33.240501103617547, "n_counties": 23, "population": 351288.31848613219, "generation_cap_mw": 4320.862663772712, "load_mw": 598.53705285993601, "role": "generation" }, "geometry": { "type": "Point", "coordinates": [ -88.996917951690193, 33.240501103617547 ] } },
{ "type": "Feature", "properties": { "bus_id": 475, "ba_code": "TVA", "lon": -89.185488610236007, "lat": 35.660278675115457, "n_counties": 15, "population": 359759.07462985127, "generation_cap_mw": 2089.7893342441348, "load_mw": 612.96981691997109, "role": "mixed" }, "geometry": { "type": "Point", "coordinates": [ -89.185488610236007, 35.660278675115457 ] } },
{ "type": "Feature", "properties": { "bus_id": 476, "ba_code": "TVA", "lon": -83.700368988930819, "lat": 35.857418242212361, "n_counties": 20, "population": 1235494.0828493221, "generation_cap_mw": 1222.1883339907351, "load_mw": 2105.0770784560423, "role": "load" }, "geometry": { "type": "Point", "coordinates": [ -83.700368988930819, 35.857418242212361 ] } },
{ "type": "Feature", "properties": { "bus_id": 477, "ba_code": "TVA", "lon": -84.571093952934163, "lat": 34.87380111063306, "n_counties": 17, "population": 451686.30509411776, "generation_cap_mw": 2153.1156063488606, "load_mw": 769.59857655756286, "role": "mixed" }, "geometry": { "type": "Point", "coordinates": [ -84.571093952934163, 34.87380111063306 ] } },
{ "type": "Feature", "properties": { "bus_id": 478, "ba_code": "TVA", "lon": -86.896721840243671, "lat": 37.129604842912109, "n_counties": 18, "population": 342350.04648869042, "generation_cap_mw": 918.04172215098458, "load_mw": 583.30771929693992, "role": "mixed" }, "geometry": { "type": "Point", "coordinates": [ -86.896721840243671, 37.129604842912109 ] } },
{ "type": "Feature", "properties": { "bus_id": 479, "ba_code": "TVA", "lon": -85.22566755840586, "lat": 34.261258459089326, "n_counties": 11, "population": 313932.7531481784, "generation_cap_mw": 1633.9004855167022, "load_mw": 534.88936288934474, "role": "mixed" }, "geometry": { "type": "Point", "coordinates": [ -85.22566755840586, 34.261258459089326 ] } },
{ "type": "Feature", "properties": { "bus_id": 480, "ba_code": "TVA", "lon": -89.891437752938174, "lat": 35.154353471490445, "n_counties": 6, "population": 1126534.2111487442, "generation_cap_mw": 1778.7020338777916, "load_mw": 1919.4275220782226, "role": "load" }, "geometry": { "type": "Point", "coordinates": [ -89.891437752938174, 35.154353471490445 ] } },
{ "type": "Feature", "properties": { "bus_id": 481, "ba_code": "TEPC", "lon": -109.90697972529215, "lat": 31.887911271176559, "n_counties": 5, "population": 206342.27816442295, "generation_cap_mw": 570.93146847783703, "load_mw": 489.05447574474198, "role": "mixed" }, "geometry": { "type": "Point", "coordinates": [ -109.906979725292146, 31.887911271176559 ] } },
{ "type": "Feature", "properties": { "bus_id": 482, "ba_code": "TEPC", "lon": -111.69016882682673, "lat": 32.280429919651816, "n_counties": 2, "population": 476840.70216951484, "generation_cap_mw": 549.65677031309588, "load_mw": 1130.166254282806, "role": "mixed" }, "geometry": { "type": "Point", "coordinates": [ -111.690168826826735, 32.280429919651816 ] } },
{ "type": "Feature", "properties": { "bus_id": 483, "ba_code": "TIDC", "lon": -120.65663605326313, "lat": 37.520305873772045, "n_counties": 5, "population": 272793.53061251546, "generation_cap_mw": 475.29619177781154, "load_mw": 322.4544520547945, "role": "mixed" }, "geometry": { "type": "Point", "coordinates": [ -120.656636053263128, 37.520305873772045 ] } },
{ "type": "Feature", "properties": { "bus_id": 484, "ba_code": "WALC", "lon": -113.87697757123566, "lat": 35.162314270510329, "n_counties": 6, "population": 229925.82313488718, "generation_cap_mw": 2716.4093079778063, "load_mw": 954.28801369863015, "role": "mixed" }, "geometry": { "type": "Point", "coordinates": [ -113.876977571235656, 35.162314270510329 ] } },
{ "type": "Feature", "properties": { "bus_id": 485, "ba_code": "WACM", "lon": -105.57895172568735, "lat": 44.247808200678215, "n_counties": 8, "population": 61337.4460147231, "generation_cap_mw": 1155.0652861717331, "load_mw": 87.72062333862219, "role": "generation" }, "geometry": { "type": "Point", "coordinates": [ -105.578951725687347, 44.247808200678215 ] } },
{ "type": "Feature", "properties": { "bus_id": 486, "ba_code": "WACM", "lon": -104.44722230404848, "lat": 38.765209101652573, "n_counties": 11, "population": 901695.37431328266, "generation_cap_mw": 2759.8299925261722, "load_mw": 1289.5431002674507, "role": "mixed" }, "geometry": { "type": "Point", "coordinates": [ -104.447222304048481, 38.765209101652573 ] } },
{ "type": "Feature", "properties": { "bus_id": 487, "ba_code": "WACM", "lon": -108.18690427186142, "lat": 36.735536115639455, "n_counties": 7, "population": 187615.40399883661, "generation_cap_mw": 1009.5706978091655, "load_mw": 268.31472870185945, "role": "mixed" }, "geometry": { "type": "Point", "coordinates": [ -108.186904271861422, 36.735536115639455 ] } },
{ "type": "Feature", "properties": { "bus_id": 488, "ba_code": "WACM", "lon": -104.33784681011527, "lat": 39.874111415385833, "n_counties": 2, "population": 195200.20616568314, "generation_cap_mw": 587.36891191685493, "load_mw": 279.1619943968837, "role": "mixed" }, "geometry": { "type": "Point", "coordinates": [ -104.337846810115266, 39.874111415385833 ] } },
{ "type": "Feature", "properties": { "bus_id": 489, "ba_code": "WACM", "lon": -105.00128151495909, "lat": 41.890373564130122, "n_counties": 8, "population": 150824.89056939041, "generation_cap_mw": 2297.1956876465479, "load_mw": 215.69945074906838, "role": "generation" }, "geometry": { "type": "Point", "coordinates": [ -105.001281514959089, 41.890373564130122 ] } },
{ "type": "Feature", "properties": { "bus_id": 490, "ba_code": "WACM", "lon": -105.55997938238229, "lat": 40.539803486430223, "n_counties": 10, "population": 409007.70522043935, "generation_cap_mw": 990.42246367356643, "load_mw": 584.9348674156455, "role": "load" }, "geometry": { "type": "Point", "coordinates": [ -105.559979382382295, 40.539803486430223 ] } },
{ "type": "Feature", "properties": { "bus_id": 491, "ba_code": "WACM", "lon": -107.69022589217089, "lat": 38.56540444741924, "n_counties": 17, "population": 127650.75896800015, "generation_cap_mw": 302.21837231880284, "load_mw": 182.55739150980264, "role": "load" }, "geometry": { "type": "Point", "coordinates": [ -107.690225892170886, 38.56540444741924 ] } },
{ "type": "Feature", "properties": { "bus_id": 492, "ba_code": "WACM", "lon": -104.04213472783005, "lat": 40.514187758252838, "n_counties": 13, "population": 312341.57285246882, "generation_cap_mw": 4265.9520669746626, "load_mw": 446.68957130376089, "role": "generation" }, "geometry": { "type": "Point", "coordinates": [ -104.042134727830046, 40.514187758252838 ] } },
{ "type": "Feature", "properties": { "bus_id": 493, "ba_code": "WACM", "lon": -110.29142773488694, "lat": 35.540474990898645, "n_counties": 4, "population": 48712.800550241722, "generation_cap_mw": 668.10932519185542, "load_mw": 69.665718194583562, "role": "generation" }, "geometry": { "type": "Point", "coordinates": [ -110.291427734886938, 35.540474990898645 ] } },
{ "type": "Feature", "properties": { "bus_id": 494, "ba_code": "WACM", "lon": -105.83431395763591, "lat": 42.98005996764067, "n_counties": 5, "population": 65382.23802735081, "generation_cap_mw": 1147.7985153538314, "load_mw": 93.505208444066838, "role": "generation" }, "geometry": { "type": "Point", "coordinates": [ -105.834313957635914, 42.98005996764067 ] } },
{ "type": "Feature", "properties": { "bus_id": 495, "ba_code": "WACM", "lon": -103.25621220076336, "lat": 44.12344708350583, "n_counties": 6, "population": 70587.084285697536, "generation_cap_mw": 43.647699665984476, "load_mw": 100.94882385078392, "role": "load" }, "geometry": { "type": "Point", "coordinates": [ -103.256212200763358, 44.12344708350583 ] } },
{ "type": "Feature", "properties": { "bus_id": 496, "ba_code": "WACM", "lon": -102.84773911926594, "lat": 38.11699187701273, "n_counties": 17, "population": 51666.033123734756, "generation_cap_mw": 309.65297847288673, "load_mw": 73.889229590029473, "role": "mixed" }, "geometry": { "type": "Point", "coordinates": [ -102.847739119265938, 38.11699187701273 ] } },
{ "type": "Feature", "properties": { "bus_id": 497, "ba_code": "WAUW", "lon": -107.75843221876318, "lat": 47.778824990864763, "n_counties": 20, "population": 52147.691209589582, "generation_cap_mw": 674.63953230940695, "load_mw": 94.776369863013699, "role": "mixed" }, "geometry": { "type": "Point", "coordinates": [ -107.758432218763176, 47.778824990864763 ] } },
{ "type": "Feature", "properties": { "bus_id": 498, "ba_code": "EPE", "lon": -106.49875074193551, "lat": 31.979188774193553, "n_counties": 0, "population": 0.0, "generation_cap_mw": 2195.4, "load_mw": 1044.0810502283105, "role": "generation" }, "geometry": { "type": "Point", "coordinates": [ -106.49875074193551, 31.979188774193553 ] } },
{ "type": "Feature", "properties": { "bus_id": 499, "ba_code": "NWMT", "lon": -111.61797766176471, "lat": 46.689880955882359, "n_counties": 0, "population": 0.0, "generation_cap_mw": 3056.0, "load_mw": 1363.7512557077623, "role": "generation" }, "geometry": { "type": "Point", "coordinates": [ -111.617977661764712, 46.689880955882359 ] } }
]
}
