{
"type": "FeatureCollection",
"name": "mw_counties",
"crs": { "type": "name", "properties": { "name": "urn:ogc:def:crs:OGC:1.3:CRS84" } },
"features": [
{ "type": "Feature", "properties": { "GEOID": "08109", "county_name": "Saguache", "state": "CO" }, "geometry": { "type": "Polygon", "coordinates": [ [ [ -107.000600780727936, 37.95604187734024 ], [ -107.00059826456517, 38.425619386110277 ], [ -106.088127754834005, 38.422282155936557 ], [ -106.019040986053867, 38.454425312726528 ], [ -105.673040468708322, 38.15912893270113 ], [ -105.584460201027525, 37.967857689800937 ], [ -105.440739563238722, 37.869614043350381 ], [ -105.435175556720722, 37.804768435176435 ], [ -105.457250366746933, 37.751464702543537 ], [ -106.586372216568137, 37.747809492433397 ], [ -106.587137156142461, 37.834426545072773 ], [ -106.693843317100757, 37.835244714264888 ], [ -106.695312312090465, 37.874999737050416 ], [ -106.847268573717287, 37.919170847298112 ], [ -106.894558616364677, 37.96710487624231 ], [ -107.000600780727936, 37.95604187734024 ] ] ] } },
{ "type": "Feature", "properties": { "GEOID": "49033", "county_name": "Rich", "state": "UT" }, "geometry": { "type": "Polygon", "coordinates": [ [ [ -111.512044642185913, 41.905375464195188 ], [ -111.471503358429132, 41.928236447499451 ], [ -111.507808324582413, 41.999554087964384 ], [ -111.046715322368229, 42.001704753348321 ], [ -111.046769012057538, 41.251630854516272 ], [ -111.232409987743182, 41.142975843337823 ], [ -111.264969998051313, 41.144329829040828 ], [ -111.221741010760809, 41.214959846266737 ], [ -111.281974969166825, 41.225543784388741 ], [ -111.259628925868753, 41.293019711035249 ], [ -111.295119791269798, 41.330306550232955 ], [ -111.383557582765462, 41.37387632304975 ], [ -111.445870499974546, 41.366934249828716 ], [ -111.510751412243522, 41.420860110043428 ], [ -111.401537476434768, 41.654597286224885 ], [ -111.512044642185913, 41.905375464195188 ] ] ] } },
{ "type": "Feature", "properties": { "GEOID": "56023", "county_name": "Lincoln", "state": "WY" }, "geometry": { "type": "Polygon", "coordinates": [ [ [ -111.045839371624552, 41.57984851055533 ], [ -111.044895949251355, 43.315721464259063 ], [ -110.81399923343298, 43.31394284626446 ], [ -110.813996101832529, 43.235180920447341 ], [ -110.578659544862532, 43.235227721102753 ], [ -110.587665528408891, 42.779193368429631 ], [ -110.623437582316839, 42.779210280794153 ], [ -110.623480588762874, 42.710186151738576 ], [ -110.590077520530073, 42.710092229051568 ], [ -110.59013390774156, 42.448438779435698 ], [ -110.543331711499832, 42.448539885498278 ], [ -110.541635838030373, 42.27749431427339 ], [ -110.053708288692093, 42.270747954942181 ], [ -110.048002342582436, 41.57801745161423 ], [ -111.045839371624552, 41.57984851055533 ] ] ] } },
{ "type": "Feature", "properties": { "GEOID": "31101", "county_name": "Keith", "state": "NE" }, "geometry": { "type": "Polygon", "coordinates": [ [ [ -102.051760255512846, 41.003874068112765 ], [ -102.055255141593534, 41.39516204686722 ], [ -101.26969323987052, 41.394933260355785 ], [ -101.249973013036026, 41.003949097966789 ], [ -102.051760255512846, 41.003874068112765 ] ] ] } },
{ "type": "Feature", "properties": { "GEOID": "56013", "county_name": "Fremont", "state": "WY" }, "geometry": { "type": "Polygon", "coordinates": [ [ [ -109.325773930817491, 42.868785312163205 ], [ -109.370342336291614, 42.945578698381567 ], [ -109.552582359401399, 43.012541522171659 ], [ -109.553006235560829, 43.072305461760486 ], [ -109.676102984722277, 43.215263481411753 ], [ -109.694127915137187, 43.365359221458725 ], [ -109.754464952514923, 43.365908198665785 ], [ -109.754719835353853, 43.463203101999014 ], [ -110.051573221217893, 43.46478616066581 ], [ -110.053183017341851, 44.008025043265171 ], [ -109.993874919533127, 43.949560046695446 ], [ -109.858757475923639, 43.957991142719116 ], [ -109.87361649129879, 43.930182166671173 ], [ -109.813788250417105, 43.861764358586633 ], [ -109.85648432222473, 43.828372329800381 ], [ -109.787372152325787, 43.801159540155773 ], [ -109.665482076896666, 43.845937382887101 ], [ -109.654368081109808, 43.907119213190462 ], [ -109.605469076100192, 43.947965042892498 ], [ -109.476050046681124, 43.948837899799614 ], [ -109.171450669621862, 43.699201725422483 ], [ -109.171640442708664, 43.619767802698348 ], [ -108.814276573843642, 43.605258718534422 ], [ -108.814276403317805, 43.575558782563284 ], [ -108.694671605649873, 43.575758710359246 ], [ -108.695071405794394, 43.53225880383085 ], [ -108.576165391947654, 43.532559833375316 ], [ -108.576165358197116, 43.503259877853097 ], [ -108.456959891527163, 43.503160092547944 ], [ -108.456971004446117, 43.474283081876571 ], [ -108.337859249928144, 43.459769580721364 ], [ -107.595138011963343, 43.472284605968682 ], [ -107.59510601522102, 43.501402544821978 ], [ -107.534898385064679, 43.501367718799877 ], [ -107.51703252177397, 43.472664865337102 ], [ -107.501425270775286, 42.781460593284798 ], [ -107.543526142003742, 42.781560706788468 ], [ -107.522723430304623, 42.261759452938463 ], [ -109.043864846566422, 42.263688634594054 ], [ -109.072850618262223, 42.693519232548873 ], [ -109.13446612161998, 42.694294348775863 ], [ -109.132314971949128, 42.737490411467839 ], [ -109.236096786597045, 42.768463617231021 ], [ -109.214144426691874, 42.799838524928852 ], [ -109.325773930817491, 42.868785312163205 ] ] ] } },
{ "type": "Feature", "properties": { "GEOID": "08115", "county_name": "Sedgwick", "state": "CO" }, "geometry": { "type": "Polygon", "coordinates": [ [ [ -102.653487824800479, 40.999989479815454 ], [ -102.051716254396439, 41.002359068141189 ], [ -102.051416057030195, 40.749586057527537 ], [ -102.651309838771596, 40.749402814580286 ], [ -102.653487824800479, 40.999989479815454 ] ] ] } },
{ "type": "Feature", "properties": { "GEOID": "30065", "county_name": "Musselshell", "state": "MT" }, "geometry": { "type": "Polygon", "coordinates": [ [ [ -108.989002050300499, 46.577852583534529 ], [ -109.009576717647121, 46.75070301653529 ], [ -107.827693804805804, 46.755876114908524 ], [ -107.792945923504519, 46.679831110145898 ], [ -107.837738994908875, 46.596648124718762 ], [ -107.795480019818783, 46.596653118791551 ], [ -107.782094037050356, 46.395183178163144 ], [ -107.928553996278879, 46.395285197070152 ], [ -108.011954972399565, 46.336814254966221 ], [ -108.029369966389368, 46.264056316317486 ], [ -108.320819188478254, 46.26399844230658 ], [ -108.404863404463967, 46.235961582719021 ], [ -108.404802400403057, 46.132953733511719 ], [ -108.779740194463415, 46.132459206924224 ], [ -108.779279398780602, 46.277400110459219 ], [ -108.862284419692131, 46.36458803661192 ], [ -108.904911330923412, 46.576909588235743 ], [ -108.989002050300499, 46.577852583534529 ] ] ] } },
{ "type": "Feature", "properties": { "GEOID": "56041", "county_name": "Uinta", "state": "WY" }, "geometry": { "type": "Polygon", "coordinates": [ [ [ -111.04681727209821, 40.997878520519897 ], [ -111.045839371624552, 41.57984851055533 ], [ -110.048002342582436, 41.57801745161423 ], [ -110.048486212072802, 40.997300632779002 ], [ -111.04681727209821, 40.997878520519897 ] ] ] } },
{ "type": "Feature", "properties": { "GEOID": "08017", "county_name": "Cheyenne", "state": "CO" }, "geometry": { "type": "Polygon", "coordinates": [ [ [ -102.04479302320199, 38.615340059745442 ], [ -103.172943722137163, 38.612451188888386 ], [ -103.163026882359375, 39.037610648760868 ], [ -102.046571148343659, 39.047038300169639 ], [ -102.04479302320199, 38.615340059745442 ] ] ] } },
{ "type": "Feature", "properties": { "GEOID": "08027", "county_name": "Custer", "state": "CO" }, "geometry": { "type": "Polygon", "coordinates": [ [ [ -105.796895399919876, 38.265049943606371 ], [ -105.049214780010544, 38.257976015714107 ], [ -105.049918017168906, 37.915482582089219 ], [ -105.077800886169769, 37.952967625012448 ], [ -105.125975671546115, 37.951173503460261 ], [ -105.168652672610335, 38.018949486570172 ], [ -105.283223391522242, 37.899995942800281 ], [ -105.317080557257412, 37.938952019078933 ], [ -105.413633148261496, 37.890529365206952 ], [ -105.473007718571736, 37.895698177415596 ], [ -105.583920197135186, 37.967198684179401 ], [ -105.673040468708322, 38.15912893270113 ], [ -105.796895399919876, 38.265049943606371 ] ] ] } },
{ "type": "Feature", "properties": { "GEOID": "30059", "county_name": "Meagher", "state": "MT" }, "geometry": { "type": "Polygon", "coordinates": [ [ [ -111.658135604506171, 46.913364399678734 ], [ -111.539218549500447, 46.913371541779846 ], [ -111.539377093086586, 47.000559048015035 ], [ -111.158390115348553, 47.011771461028843 ], [ -111.158563181314321, 47.088301456113349 ], [ -111.08092227025378, 47.088033485040832 ], [ -111.076829223118096, 47.045013490570597 ], [ -111.105007178394217, 47.028992480963652 ], [ -111.084637175421548, 47.010782490630717 ], [ -110.92499329397225, 46.985080647967365 ], [ -110.856042261437437, 46.921347807793971 ], [ -110.760051277954588, 46.900307945233529 ], [ -110.754755162132525, 46.846584996345669 ], [ -110.650759259697153, 46.824505000693897 ], [ -110.631716182010152, 46.779646031750772 ], [ -110.563708258810294, 46.771364023578847 ], [ -110.56263016948904, 46.732865036409642 ], [ -110.466630176651918, 46.678527040817087 ], [ -110.333010355893009, 46.67216708678319 ], [ -110.273341507988363, 46.710510076820178 ], [ -110.281919347132373, 46.184398314042461 ], [ -111.06195899528926, 46.19283500769366 ], [ -111.07498023225294, 46.250738064790077 ], [ -111.127073375047416, 46.273755107215678 ], [ -111.057229609841571, 46.40340800075375 ], [ -111.122464786772852, 46.452640004506968 ], [ -111.246522848080716, 46.438110054301632 ], [ -111.257382018273645, 46.498486040922899 ], [ -111.344740762183335, 46.545430514992454 ], [ -111.320000560064983, 46.562271340672105 ], [ -111.330355610910928, 46.633339258844309 ], [ -111.411201119510139, 46.639977589566165 ], [ -111.505774010360554, 46.814116106037766 ], [ -111.639507140494686, 46.832134984650118 ], [ -111.602771713363168, 46.891612606707405 ], [ -111.658135604506171, 46.913364399678734 ] ] ] } },
{ "type": "Feature", "properties": { "GEOID": "08067", "county_name": "La Plata", "state": "CO" }, "geometry": { "type": "Polygon", "coordinates": [ [ [ -107.481735881236688, 37.000127576269172 ], [ -108.381067220894508, 37.001469683712578 ], [ -108.290457126546244, 37.145976683094212 ], [ -108.291495182655083, 37.222520624067414 ], [ -108.219686342702133, 37.287416505203275 ], [ -108.197566847540301, 37.355158268190223 ], [ -108.106233109652436, 37.381821509337314 ], [ -108.078041391053674, 37.438880913956837 ], [ -108.044103404507027, 37.442999547919605 ], [ -108.02300581217564, 37.59099864353994 ], [ -107.970085630063295, 37.639586883838568 ], [ -107.482176477298722, 37.639502744229219 ], [ -107.481735881236688, 37.000127576269172 ] ] ] } },
{ "type": "Feature", "properties": { "GEOID": "30087", "county_name": "Rosebud", "state": "MT" }, "geometry": { "type": "Polygon", "coordinates": [ [ [ -107.847090550959237, 46.819085106519076 ], [ -107.892239405707997, 46.851216143719064 ], [ -107.467776685170406, 46.851160836523178 ], [ -107.467754650455959, 46.8592548195398 ], [ -106.720166322035695, 46.859605085765182 ], [ -106.086473568665966, 46.845883665516901 ], [ -106.120640583742215, 46.831440717202042 ], [ -106.153440534003892, 46.137265055855252 ], [ -106.191636432059724, 46.137187986047856 ], [ -106.191739446687023, 45.78860659900495 ], [ -106.234507266676133, 45.788584470172772 ], [ -106.235723144362169, 45.351802840778312 ], [ -106.279556123835604, 45.351803573572248 ], [ -106.279716716345618, 45.179733119422529 ], [ -106.768017971614455, 45.179730185459093 ], [ -106.768679977280684, 45.352828857537602 ], [ -106.729547274956929, 45.351483080366691 ], [ -106.727577194364812, 45.676472264126481 ], [ -106.912962860642139, 45.683917547520139 ], [ -106.912804366660637, 45.788223549725267 ], [ -106.877120392702537, 45.788219663778357 ], [ -106.87722168814274, 45.831716673823905 ], [ -106.939081650306122, 45.831610483523662 ], [ -106.939073546916219, 46.136669497408143 ], [ -107.007400517229641, 46.134200331307689 ], [ -107.028429574807603, 46.395462054389185 ], [ -107.153451423570175, 46.395614816833898 ], [ -107.174538633663886, 46.482714656593799 ], [ -107.796762128314612, 46.495875130022327 ], [ -107.795480019818783, 46.596653118791551 ], [ -107.837738994908875, 46.596648124718762 ], [ -107.792945923504519, 46.679831110145898 ], [ -107.826033868785132, 46.714200118033652 ], [ -107.808497851184555, 46.736001110446615 ], [ -107.853330708735868, 46.777956121085701 ], [ -107.847090550959237, 46.819085106519076 ] ] ] } },
{ "type": "Feature", "properties": { "GEOID": "08111", "county_name": "San Juan", "state": "CO" }, "geometry": { "type": "Polygon", "coordinates": [ [ [ -107.975059753490953, 37.683648272628496 ], [ -107.877194174804259, 37.716309634760329 ], [ -107.782642165136608, 37.867693613050577 ], [ -107.738283428504261, 37.905433895741368 ], [ -107.650595546264327, 37.909649453639325 ], [ -107.641588073640307, 37.965011787165643 ], [ -107.532591589562813, 37.943908328508698 ], [ -107.516814401181193, 37.826706899931203 ], [ -107.459221353484025, 37.794272582297545 ], [ -107.482176477298722, 37.639502744229219 ], [ -107.970085630063295, 37.639586883838568 ], [ -107.975059753490953, 37.683648272628496 ] ] ] } },
{ "type": "Feature", "properties": { "GEOID": "30097", "county_name": "Sweet Grass", "state": "MT" }, "geometry": { "type": "Polygon", "coordinates": [ [ [ -110.29266421599236, 45.785058139293369 ], [ -110.281974509378998, 46.220606380560916 ], [ -109.653876291560664, 46.219406054925493 ], [ -109.653845148620817, 46.132466840034937 ], [ -109.604195401819339, 46.132485854775496 ], [ -109.60515827781515, 46.044995646867122 ], [ -109.417164267666877, 46.044760746556733 ], [ -109.423032167429582, 45.960012546398453 ], [ -109.506609743974778, 45.95911349145797 ], [ -109.5059686363103, 45.870219264996386 ], [ -109.548827363363841, 45.87075025252463 ], [ -109.562074898085712, 45.609119942536651 ], [ -109.685389252835577, 45.609023273512705 ], [ -109.685389252340983, 45.565611375914578 ], [ -109.808796778048404, 45.565926595561621 ], [ -109.808844824000133, 45.522471741372883 ], [ -109.932028500636221, 45.522457699454215 ], [ -109.931987355241844, 45.348757046092402 ], [ -110.064584119318624, 45.348757202141222 ], [ -110.064521323666554, 45.172131494528401 ], [ -110.228055168296507, 45.1721316995162 ], [ -110.220910325666665, 45.784974134954226 ], [ -110.29266421599236, 45.785058139293369 ] ] ] } },
{ "type": "Feature", "properties": { "GEOID": "30049", "county_name": "Lewis and Clark", "state": "MT" }, "geometry": { "type": "Polygon", "coordinates": [ [ [ -113.165893466738169, 47.721249831641998 ], [ -113.081000495832072, 47.749914842501433 ], [ -113.061414471231842, 47.7879467832567 ], [ -113.086637313409369, 47.918179543999649 ], [ -112.984737432819315, 47.953915349005229 ], [ -112.913431695620389, 47.826878593775334 ], [ -112.914223816376861, 47.69495579593778 ], [ -112.818963878311763, 47.60811603717034 ], [ -112.549725089343625, 47.65197511600239 ], [ -112.278004646771279, 47.505621326292911 ], [ -112.047786065834643, 47.516032696825349 ], [ -112.044833405831724, 47.192709891841751 ], [ -111.977386343381653, 47.183931005587951 ], [ -111.896363185333868, 47.12128024237861 ], [ -111.789282101675809, 47.12892145834477 ], [ -111.79024058467725, 46.913764164987143 ], [ -111.621408653200177, 46.903177511878624 ], [ -111.603141728755716, 46.889170622188132 ], [ -111.642223920645833, 46.865390752631896 ], [ -111.639507140494686, 46.832134984650118 ], [ -111.589283218060032, 46.805600161914015 ], [ -111.509213006482796, 46.816247094779825 ], [ -111.497298225673788, 46.76379936209085 ], [ -111.587337355640031, 46.781868310827363 ], [ -111.63926676228543, 46.738181638019732 ], [ -111.631912738586735, 46.569974813448304 ], [ -112.029235528161351, 46.568805634519563 ], [ -112.062858218004493, 46.523850617708455 ], [ -112.205759736441294, 46.499748028104165 ], [ -112.187394707546076, 46.449485127728018 ], [ -112.316784013335038, 46.422477854187889 ], [ -112.293207504822576, 46.605088509868288 ], [ -112.320873620228298, 46.655926356613811 ], [ -112.410640514828316, 46.656010251872516 ], [ -112.410848662856736, 46.699504158136335 ], [ -112.535599499011212, 46.69948102229656 ], [ -112.535751171452034, 46.834232888619304 ], [ -112.795644765955416, 46.831663574127376 ], [ -112.795811812132612, 47.177002341853743 ], [ -113.059056865167392, 47.1795681137447 ], [ -113.059202859875811, 47.488597234127269 ], [ -113.115434846361779, 47.491441176404308 ], [ -113.147358672446856, 47.602262007537128 ], [ -113.128473590894913, 47.661044940744475 ], [ -113.165893466738169, 47.721249831641998 ] ] ] } },
{ "type": "Feature", "properties": { "GEOID": "49013", "county_name": "Duchesne", "state": "UT" }, "geometry": { "type": "Polygon", "coordinates": [ [ [ -110.891656730972443, 39.899657559819182 ], [ -110.892231399590685, 40.727047241994256 ], [ -110.806412185999278, 40.711603360822551 ], [ -110.750734858121646, 40.74771044678814 ], [ -110.379167086007655, 40.787140774622429 ], [ -110.293548759777011, 40.833371210968807 ], [ -109.976405408678417, 40.809691563079923 ], [ -109.976758037610892, 39.806236200460098 ], [ -110.857781552772309, 39.813288479548845 ], [ -110.857648734071503, 39.899710613795342 ], [ -110.891656730972443, 39.899657559819182 ] ] ] } },
{ "type": "Feature", "properties": { "GEOID": "31007", "county_name": "Banner", "state": "NE" }, "geometry": { "type": "Polygon", "coordinates": [ [ [ -104.052286955618428, 41.393216909406043 ], [ -104.052686358323925, 41.69782688271917 ], [ -103.370389732537447, 41.699211864822111 ], [ -103.370436704077179, 41.394516302910532 ], [ -104.052286955618428, 41.393216909406043 ] ] ] } },
{ "type": "Feature", "properties": { "GEOID": "16037", "county_name": "Custer", "state": "ID" }, "geometry": { "type": "Polygon", "coordinates": [ [ [ -115.305023187692868, 44.579726742047143 ], [ -115.168421223565318, 44.647202749002112 ], [ -115.151938186708421, 44.728591641746618 ], [ -115.088935240168723, 44.771076689123724 ], [ -115.009621302115008, 44.713366844611016 ], [ -114.81240851743749, 44.808345920210698 ], [ -114.81792750526121, 44.740324953737812 ], [ -114.741319519972507, 44.652789109654158 ], [ -114.629154486466149, 44.652860152343358 ], [ -114.569254428679841, 44.576196230176237 ], [ -114.477400416369889, 44.594175233437724 ], [ -114.386673404100691, 44.671111195871639 ], [ -114.37284439798465, 44.709717178964915 ], [ -114.404155420346257, 44.739547162617228 ], [ -114.220101314106685, 44.878577160988769 ], [ -114.189552232238299, 44.824986135939383 ], [ -114.21678324614949, 44.746879151684304 ], [ -114.135574120573267, 44.73034411197137 ], [ -114.084861997902493, 44.755947059034625 ], [ -114.003916168269129, 44.634701184184877 ], [ -113.818743373936897, 44.495500797177407 ], [ -113.552554315772696, 44.426197050022616 ], [ -113.451833169056655, 44.454937129309975 ], [ -113.360960530085478, 44.345362104035402 ], [ -113.320610820160326, 44.233165007686587 ], [ -113.416526881067512, 44.233364960235441 ], [ -113.416274106258427, 44.059338829175871 ], [ -113.457818116763605, 44.059528831239689 ], [ -113.458940135407204, 43.884107820222304 ], [ -113.360827298429911, 43.796833851381571 ], [ -113.442843132052403, 43.808709838637732 ], [ -113.486892059144111, 43.73952987899407 ], [ -113.760000050940818, 43.622681848671704 ], [ -113.80007004688936, 43.569157863641664 ], [ -113.862619969785001, 43.645222877041647 ], [ -113.974036975291568, 43.707645948834475 ], [ -114.004153053061671, 43.764995005805432 ], [ -114.116997857804975, 43.740347845808849 ], [ -114.275726642409111, 43.831138663899466 ], [ -114.292685628001109, 43.887143642156687 ], [ -114.485067429772954, 43.904504743443212 ], [ -114.523499349500682, 43.848558777476377 ], [ -114.562351343324778, 43.844368701210293 ], [ -114.660062400743797, 43.921884467922041 ], [ -114.813791380478577, 43.9277723128193 ], [ -114.813874430170642, 43.992941322554643 ], [ -114.888112432642785, 43.989110310770783 ], [ -114.970781379292177, 43.937791291505675 ], [ -114.982559472430523, 44.011188297952202 ], [ -115.048136452774528, 44.037803275201512 ], [ -114.996904620302331, 44.090551292136148 ], [ -115.046726595400784, 44.11997125808459 ], [ -115.024182697381974, 44.155478268414903 ], [ -115.16768549882481, 44.202840123587713 ], [ -115.1752505062681, 44.292980065284546 ], [ -115.288935325051895, 44.325854963825869 ], [ -115.22364632103465, 44.463448929472221 ], [ -115.305023187692868, 44.579726742047143 ] ] ] } },
{ "type": "Feature", "properties": { "GEOID": "31057", "county_name": "Dundy", "state": "NE" }, "geometry": { "type": "Polygon", "coordinates": [ [ [ -101.323351660330815, 40.350553061962145 ], [ -101.324035236243589, 40.002696965841679 ], [ -102.051744218550922, 40.003077913224161 ], [ -102.051586060747113, 40.349213317047592 ], [ -101.323351660330815, 40.350553061962145 ] ] ] } },
{ "type": "Feature", "properties": { "GEOID": "08097", "county_name": "Pitkin", "state": "CO" }, "geometry": { "type": "Polygon", "coordinates": [ [ [ -107.465797860053428, 39.322470088957651 ], [ -107.430948817470494, 39.366179146309754 ], [ -106.426487536516831, 39.361872488758678 ], [ -106.432460108009309, 39.31635466371786 ], [ -106.502690018967499, 39.298068670390968 ], [ -106.493648444433219, 39.198328220568989 ], [ -106.511076411472629, 39.163534410656197 ], [ -106.561264255497576, 39.155679383290263 ], [ -106.598295922542562, 38.998746969021006 ], [ -106.703043541046227, 39.055919453317493 ], [ -106.804241004010393, 38.978141032625288 ], [ -106.996143074369741, 39.034176229851361 ], [ -106.988970188101902, 39.070713300135338 ], [ -107.066318438549843, 39.118806210700392 ], [ -107.282488920799551, 39.118718895069854 ], [ -107.377212406373175, 39.199649942793002 ], [ -107.378375475451165, 39.274805064355967 ], [ -107.465797860053428, 39.322470088957651 ] ] ] } },
{ "type": "Feature", "properties": { "GEOID": "08093", "county_name": "Park", "state": "CO" }, "geometry": { "type": "Polygon", "coordinates": [ [ [ -106.210172374010114, 39.103919594672476 ], [ -106.17308538028243, 39.138103702077018 ], [ -106.183971628546118, 39.309355977869906 ], [ -106.140273647715304, 39.338811029978118 ], [ -106.149196731909583, 39.367899044631883 ], [ -106.021965481059155, 39.361715166847333 ], [ -105.951866364427204, 39.414340138162977 ], [ -105.966042409042799, 39.438784215774987 ], [ -105.853886370494976, 39.504507855163482 ], [ -105.859506480440274, 39.531537814822741 ], [ -105.822924447121537, 39.529932647170625 ], [ -105.829661593150945, 39.564866570001946 ], [ -105.398948574348282, 39.566057017709262 ], [ -105.397874317102989, 39.129565732171201 ], [ -105.330382400994694, 39.129686751630203 ], [ -105.328959563615157, 38.697205533129946 ], [ -105.96974865041031, 38.693552950543108 ], [ -105.906583899270927, 38.806874861471002 ], [ -105.941843913626855, 38.840391795156677 ], [ -105.925121959706587, 38.872179779786755 ], [ -106.028137066333358, 38.942850619334884 ], [ -106.112664001628957, 38.94136748027119 ], [ -106.108952202567906, 38.987378481922931 ], [ -106.192953312982695, 39.017710411578825 ], [ -106.169866348350581, 39.09073260034171 ], [ -106.210172374010114, 39.103919594672476 ] ] ] } },
{ "type": "Feature", "properties": { "GEOID": "31157", "county_name": "Scotts Bluff", "state": "NE" }, "geometry": { "type": "Polygon", "coordinates": [ [ [ -103.370389732537447, 41.699211864822111 ], [ -104.052686358323925, 41.69782688271917 ], [ -104.052643077994659, 42.001734174847726 ], [ -103.363336256203922, 42.002930945113469 ], [ -103.370389732537447, 41.699211864822111 ] ] ] } },
{ "type": "Feature", "properties": { "GEOID": "16019", "county_name": "Bonneville", "state": "ID" }, "geometry": { "type": "Polygon", "coordinates": [ [ [ -112.520028040532992, 43.425171766505699 ], [ -112.51986459024053, 43.626624583590093 ], [ -111.243843307213226, 43.621855146704441 ], [ -111.207564649004965, 43.543859193966682 ], [ -111.045476677220691, 43.501053433014 ], [ -111.044074957089776, 43.019409817461906 ], [ -111.589492168493209, 43.020054446970086 ], [ -111.588052672739465, 43.281843359845524 ], [ -111.822497657881229, 43.282288244179242 ], [ -111.822478760962824, 43.36603723632448 ], [ -112.043824634839382, 43.366710132866899 ], [ -112.04367563776718, 43.410145157496444 ], [ -112.103301660134889, 43.425059142168827 ], [ -112.520028040532992, 43.425171766505699 ] ] ] } },
{ "type": "Feature", "properties": { "GEOID": "30033", "county_name": "Garfield", "state": "MT" }, "geometry": { "type": "Polygon", "coordinates": [ [ [ -107.968464080117542, 47.250321396747033 ], [ -107.934758907574732, 47.318569438860315 ], [ -107.963891833161085, 47.354013495657455 ], [ -107.90910370243904, 47.401932515036528 ], [ -107.92277260454118, 47.445203569895959 ], [ -107.860948557429978, 47.457049560204212 ], [ -107.864926445419741, 47.51374162412813 ], [ -107.763306379196962, 47.547046606656771 ], [ -107.694691236143598, 47.629763595202903 ], [ -107.648865196781415, 47.625375564267777 ], [ -107.654948171883319, 47.65244758945483 ], [ -107.449468071066363, 47.622186463683086 ], [ -107.41138097948685, 47.692304565388604 ], [ -107.247878057361277, 47.661476501926622 ], [ -106.885845908591023, 47.676691354006479 ], [ -106.860314643789252, 47.737921271544742 ], [ -106.746576601375565, 47.731317203600078 ], [ -106.710495474817861, 47.773237105772068 ], [ -106.609816539179747, 47.777235028547743 ], [ -106.609536443993093, 47.805874982538128 ], [ -106.528538330664873, 47.850757843798306 ], [ -106.542710233807554, 47.875827812753272 ], [ -106.50818922911391, 47.880216775121156 ], [ -106.530890132918515, 47.904491753087385 ], [ -106.489431055591211, 47.92738266872874 ], [ -106.508816963160612, 47.951025651091875 ], [ -106.438972814935937, 47.982030501753322 ], [ -106.427791942872091, 47.954102532921908 ], [ -106.358290916469258, 47.957216427860132 ], [ -106.358088426470886, 47.868412568412147 ], [ -106.260935529006815, 47.868431417438217 ], [ -106.261127019742716, 47.529053526713319 ], [ -106.298078927841217, 47.52904261353531 ], [ -106.298165195442635, 47.35430002591157 ], [ -106.170682339559704, 47.354496786595909 ], [ -106.170428521253527, 47.18082810872712 ], [ -106.086785603044575, 47.180940010374933 ], [ -106.086473568665966, 46.845883665516901 ], [ -107.901468396571218, 46.852499153157353 ], [ -107.941383215893467, 46.89372420638805 ], [ -107.882476830453626, 46.999156125859407 ], [ -107.922014744679473, 47.02074521404208 ], [ -107.913917603338248, 47.069244230288064 ], [ -107.960871428972339, 47.126045333047024 ], [ -107.92285027490054, 47.179318311539042 ], [ -107.968464080117542, 47.250321396747033 ] ] ] } },
{ "type": "Feature", "properties": { "GEOID": "08081", "county_name": "Moffat", "state": "CO" }, "geometry": { "type": "Polygon", "coordinates": [ [ [ -109.050031649179303, 41.000696155873975 ], [ -107.317795828719966, 41.002921129523521 ], [ -107.31415561974535, 40.600281538740035 ], [ -107.371489807097831, 40.600302553760812 ], [ -107.371330939617408, 40.542399602469388 ], [ -107.428816049804908, 40.542207643229219 ], [ -107.439374729506724, 40.220454222373462 ], [ -109.050952959677417, 40.222651573323922 ], [ -109.050031649179303, 41.000696155873975 ] ] ] } },
{ "type": "Feature", "properties": { "GEOID": "46081", "county_name": "Lawrence", "state": "SD" }, "geometry": { "type": "Polygon", "coordinates": [ [ [ -104.055945134736703, 44.571027274923303 ], [ -103.567654250872607, 44.604101132016666 ], [ -103.574396118924909, 44.256079703259807 ], [ -103.453015616319632, 44.256611783973106 ], [ -103.452452194174427, 44.140774713005285 ], [ -104.054590270899439, 44.141082630279605 ], [ -104.055945134736703, 44.571027274923303 ] ] ] } },
{ "type": "Feature", "properties": { "GEOID": "46137", "county_name": "Ziebach", "state": "SD" }, "geometry": { "type": "Polygon", "coordinates": [ [ [ -102.000431519993199, 44.51113822561193 ], [ -101.999790512780919, 45.47241642907295 ], [ -101.470190690864797, 45.472418262129338 ], [ -101.500988183132591, 44.993651222344376 ], [ -101.136161983257921, 44.994076081458303 ], [ -101.136837698414681, 44.747127915090957 ], [ -101.235138716383943, 44.690575875936361 ], [ -101.359892747958938, 44.689020968158964 ], [ -101.364755728499048, 44.65642394110845 ], [ -101.454860712678354, 44.638031004850653 ], [ -101.531034616223977, 44.567877015360502 ], [ -101.660812659383225, 44.588139122645003 ], [ -101.811197546980978, 44.52237518646438 ], [ -101.888463576321399, 44.538562202943041 ], [ -102.000431519993199, 44.51113822561193 ] ] ] } },
{ "type": "Feature", "properties": { "GEOID": "08059", "county_name": "Jefferson", "state": "CO" }, "geometry": { "type": "MultiPolygon", "coordinates": [ [ [ [ -105.397874317102989, 39.129565732171201 ], [ -105.39785017857767, 39.912887121741598 ], [ -105.148473143148095, 39.914050683975375 ], [ -105.165168098995593, 39.891487565624509 ], [ -105.138326013374893, 39.889229588578281 ], [ -105.147118138636259, 39.914003685393354 ], [ -105.052892838794889, 39.914225799133838 ], [ -105.053256081877777, 39.667786066198268 ], [ -105.081457107565171, 39.668578037140961 ], [ -105.070833025689055, 39.649580041451344 ], [ -105.058031028445015, 39.652960055215139 ], [ -105.053581017917267, 39.65116105881927 ], [ -105.109923970385381, 39.627085999050422 ], [ -105.05351590083329, 39.620865046043498 ], [ -105.048739685350185, 39.566089025891458 ], [ -105.086750469139517, 39.493423990823636 ], [ -105.134930519961117, 39.470953006270349 ], [ -105.123597543357803, 39.434130062361824 ], [ -105.170962553812828, 39.407826094789442 ], [ -105.21741850412748, 39.260396341525947 ], [ -105.329444402245912, 39.129488752523216 ], [ -105.397874317102989, 39.129565732171201 ] ] ], [ [ [ -105.064988035475793, 39.653332048530274 ], [ -105.063898036333285, 39.653781049773329 ], [ -105.063890034600632, 39.653334049609938 ], [ -105.064988035475793, 39.653332048530274 ] ] ], [ [ [ -105.062589027842733, 39.651855050314062 ], [ -105.063539032951326, 39.652980049818702 ], [ -105.062560032210442, 39.652992050783972 ], [ -105.062589027842733, 39.651855050314062 ] ] ], [ [ [ -105.080869977494075, 39.635002027119867 ], [ -105.081572980712451, 39.635689026695225 ], [ -105.080869980126522, 39.635684027335842 ], [ -105.080869977494075, 39.635002027119867 ] ] ], [ [ [ -105.057008945428038, 39.63168004749069 ], [ -105.053341969862942, 39.638771053792901 ], [ -105.053456934246498, 39.629527049766828 ], [ -105.057008945428038, 39.63168004749069 ] ] ], [ [ [ -105.053482913898151, 39.624254047508387 ], [ -105.055779922492931, 39.625999046236934 ], [ -105.053329928206665, 39.6279900492273 ], [ -105.053482913898151, 39.624254047508387 ] ] ] ] } },
{ "type": "Feature", "properties": { "GEOID": "08117", "county_name": "Summit", "state": "CO" }, "geometry": { "type": "Polygon", "coordinates": [ [ [ -106.440303586290739, 39.918323629817806 ], [ -106.246911718913495, 39.91270205415055 ], [ -106.084116094397601, 39.806657599517443 ], [ -106.026686316929528, 39.689523680525944 ], [ -105.924618123986193, 39.698974019655921 ], [ -105.9107529924418, 39.662295928982431 ], [ -105.864767008086872, 39.667219542659744 ], [ -105.77574373816023, 39.605577083404995 ], [ -105.838368630358872, 39.572953595476179 ], [ -105.822924447121537, 39.529932647170625 ], [ -105.859506480440274, 39.531537814822741 ], [ -105.853886370494976, 39.504507855163482 ], [ -105.966042409042799, 39.438784215774987 ], [ -105.951866364427204, 39.414340138162977 ], [ -106.021965481059155, 39.361715166847333 ], [ -106.206731881665789, 39.379637989089375 ], [ -106.255888791109967, 39.531815020305352 ], [ -106.211268548055841, 39.530134112680194 ], [ -106.179345275182357, 39.642505470659358 ], [ -106.38548198290971, 39.767166360270089 ], [ -106.440303586290739, 39.918323629817806 ] ] ] } },
{ "type": "Feature", "properties": { "GEOID": "56003", "county_name": "Big Horn", "state": "WY" }, "geometry": { "type": "Polygon", "coordinates": [ [ [ -108.622150743384594, 44.983121153925225 ], [ -107.89000648724631, 44.991658843333312 ], [ -107.849521323615505, 44.905675039466018 ], [ -107.865021225200067, 44.87364208399687 ], [ -107.81646823075036, 44.818498203849224 ], [ -107.832322134239533, 44.790164243466208 ], [ -107.754391360844679, 44.77059429362739 ], [ -107.743470187978701, 44.715426385613782 ], [ -107.66971126959632, 44.679581504102188 ], [ -107.615894560911769, 44.70130050769508 ], [ -107.549175724142586, 44.678796598233248 ], [ -107.527206675602258, 44.63429569323106 ], [ -107.383476097929446, 44.595358157717754 ], [ -107.294163237097891, 44.50071156943622 ], [ -107.300369058872022, 44.45893357851898 ], [ -107.202042437337695, 44.446309695368363 ], [ -107.161408290830181, 44.368639697855691 ], [ -107.189055078233324, 44.347499709024589 ], [ -107.145005158217188, 44.324008702909744 ], [ -107.146811809472112, 44.165670667823491 ], [ -108.573799148177002, 44.168470607960238 ], [ -108.592299587568746, 44.87144676614799 ], [ -108.620465470377241, 44.87148386671003 ], [ -108.622150743384594, 44.983121153925225 ] ] ] } },
{ "type": "Feature", "properties": { "GEOID": "56017", "county_name": "Hot Springs", "state": "WY" }, "geometry": { "type": "Polygon", "coordinates": [ [ [ -109.313031133779603, 43.812603350181334 ], [ -109.093605410255378, 43.817622490636495 ], [ -109.092880448244401, 43.904477158534995 ], [ -108.912785048112923, 43.9047570951466 ], [ -108.915987273184356, 43.990856795843513 ], [ -108.791781291709086, 43.9910557492923 ], [ -108.792279214731209, 44.079618741546064 ], [ -108.490256415123071, 44.079762563677214 ], [ -108.489433501977643, 43.991868622556353 ], [ -108.427066152716705, 43.992056390890404 ], [ -108.429563616840113, 43.90335784968655 ], [ -108.309360457760519, 43.903257578331178 ], [ -108.309693801254042, 43.84662197626028 ], [ -107.956447940847227, 43.818669983180037 ], [ -107.956576879294431, 43.733449973159985 ], [ -107.715876781883807, 43.733347340137477 ], [ -107.716218588059249, 43.645770662725738 ], [ -107.595158222035806, 43.646431884747713 ], [ -107.595138011963343, 43.472284605968682 ], [ -108.456971004446117, 43.474283081876571 ], [ -108.456959891527163, 43.503160092547944 ], [ -108.576165358197116, 43.503259877853097 ], [ -108.576165391947654, 43.532559833375316 ], [ -108.695071405794394, 43.53225880383085 ], [ -108.694671605649873, 43.575758710359246 ], [ -108.814276403317805, 43.575558782563284 ], [ -108.814276573843642, 43.605258718534422 ], [ -109.171640442708664, 43.619767802698348 ], [ -109.171450669621862, 43.699201725422483 ], [ -109.313031133779603, 43.812603350181334 ] ] ] } },
{ "type": "Feature", "properties": { "GEOID": "56043", "county_name": "Washakie", "state": "WY" }, "geometry": { "type": "Polygon", "coordinates": [ [ [ -108.550760419044892, 44.079405619366796 ], [ -108.550564158212822, 44.168457588295425 ], [ -107.128587884867883, 44.165696657307691 ], [ -107.110738501033453, 43.500291376390244 ], [ -107.59510601522102, 43.501402544821978 ], [ -107.595158222035806, 43.646431884747713 ], [ -107.716218588059249, 43.645770662725738 ], [ -107.715876781883807, 43.733347340137477 ], [ -107.956576879294431, 43.733449973159985 ], [ -107.956447940847227, 43.818669983180037 ], [ -108.309693801254042, 43.84662197626028 ], [ -108.309360457760519, 43.903257578331178 ], [ -108.429563616840113, 43.90335784968655 ], [ -108.427066152716705, 43.992056390890404 ], [ -108.489433501977643, 43.991868622556353 ], [ -108.490256415123071, 44.079762563677214 ], [ -108.550760419044892, 44.079405619366796 ] ] ] } },
{ "type": "Feature", "properties": { "GEOID": "08013", "county_name": "Boulder", "state": "CO" }, "geometry": { "type": "MultiPolygon", "coordinates": [ [ [ [ -105.166151199517728, 39.914048662804994 ], [ -105.683406089086958, 39.934106127169628 ], [ -105.689819387332292, 40.015109485936229 ], [ -105.640643414589022, 40.03502043463714 ], [ -105.626567513738294, 40.118655564257793 ], [ -105.677555689090312, 40.188508630930222 ], [ -105.653322670012372, 40.260458774379813 ], [ -105.055088556534173, 40.2617964548758 ], [ -105.05279800825312, 39.977676068735057 ], [ -105.068066051590989, 39.970934022691893 ], [ -105.07989207021825, 39.96151996896954 ], [ -105.088032096190773, 39.959754952053281 ], [ -105.076638002586989, 39.943330895023607 ], [ -105.109415058603304, 39.92547677990612 ], [ -105.128003229287273, 39.954174881913097 ], [ -105.166151199517728, 39.914048662804994 ] ], [ [ -105.102764149656323, 39.958770930863032 ], [ -105.10373014916901, 39.95754292447171 ], [ -105.09102610143168, 39.957804940249453 ], [ -105.102764149656323, 39.958770930863032 ] ] ], [ [ [ -105.082350073068554, 39.959365956931634 ], [ -105.057710020227148, 39.974671050389894 ], [ -105.052828976852538, 39.965894018658553 ], [ -105.052889955501712, 39.957827984329697 ], [ -105.082350073068554, 39.959365956931634 ] ] ] ] } },
{ "type": "Feature", "properties": { "GEOID": "08031", "county_name": "Denver", "state": "CO" }, "geometry": { "type": "MultiPolygon", "coordinates": [ [ [ [ -104.934076169933746, 39.69843727017944 ], [ -104.931714175571983, 39.70020927606943 ], [ -104.931651170271266, 39.698399274905952 ], [ -104.934076169933746, 39.69843727017944 ] ] ], [ [ [ -105.109923970674629, 39.627160999065637 ], [ -105.053581017917267, 39.65116105881927 ], [ -105.070833025689055, 39.649580041451344 ], [ -105.08145308239196, 39.662057035094932 ], [ -105.053256081877777, 39.667786066198268 ], [ -105.064405525191248, 39.791081260902253 ], [ -104.790895145673545, 39.798252835555481 ], [ -104.790859052791802, 39.841804052068277 ], [ -104.730952948264928, 39.845197247280304 ], [ -104.73038980349358, 39.896133493005514 ], [ -104.599580816589764, 39.899040942601701 ], [ -104.619798997161965, 39.822419657965433 ], [ -104.762462036911117, 39.823445025891139 ], [ -104.734601165738056, 39.769182862950018 ], [ -104.879901292814239, 39.754736438046159 ], [ -104.865962178724871, 39.696560402222893 ], [ -104.903544175839656, 39.698536330102463 ], [ -104.889308139646488, 39.682057345497661 ], [ -104.908094125873774, 39.67972730730375 ], [ -104.847296112404109, 39.657103406927703 ], [ -104.885264008080071, 39.624130309100309 ], [ -104.913406974146824, 39.624084256279488 ], [ -104.973486054810735, 39.667685172523178 ], [ -105.010941019772403, 39.660508105874129 ], [ -105.008664088030145, 39.678628119036766 ], [ -105.025421907887775, 39.628559074184118 ], [ -105.109923970674629, 39.627160999065637 ] ], [ [ -104.904048988854228, 39.625437274836187 ], [ -104.902795987462312, 39.624305276346149 ], [ -104.903786992718238, 39.626829276361988 ], [ -104.904048988854228, 39.625437274836187 ] ], [ [ -105.081572980712451, 39.635689026695225 ], [ -105.080869977494075, 39.635002027119867 ], [ -105.080869980126522, 39.635684027335842 ], [ -105.081572980712451, 39.635689026695225 ] ], [ [ -105.063539032951326, 39.652980049818702 ], [ -105.062589027842733, 39.651855050314062 ], [ -105.062560032210442, 39.652992050783972 ], [ -105.063539032951326, 39.652980049818702 ] ], [ [ -105.064997037193748, 39.653775048689255 ], [ -105.063890034600632, 39.653334049609938 ], [ -105.063898036333285, 39.653781049773329 ], [ -105.064997037193748, 39.653775048689255 ] ], [ [ -104.917559103213691, 39.672984284048695 ], [ -104.921016066106631, 39.660339268227467 ], [ -104.912985060716736, 39.65621028059806 ], [ -104.917559103213691, 39.672984284048695 ] ], [ [ -104.931641096851664, 39.673375257130722 ], [ -104.931622079549456, 39.667474252971033 ], [ -104.927201086527077, 39.66896626254993 ], [ -104.931641096851664, 39.673375257130722 ] ], [ [ -104.911032130802738, 39.682074303331177 ], [ -104.908203126236032, 39.679884307208233 ], [ -104.908205131950965, 39.682071308817882 ], [ -104.911032130802738, 39.682074303331177 ] ], [ [ -104.898786144832656, 39.685705329825822 ], [ -104.899347139728548, 39.683738327263235 ], [ -104.898783139113974, 39.683403328108632 ], [ -104.898786144832656, 39.685705329825822 ] ], [ [ -104.929182181301726, 39.702044282347828 ], [ -104.928766179149562, 39.701281282619902 ], [ -104.928299179200536, 39.701275283532553 ], [ -104.929182181301726, 39.702044282347828 ] ], [ [ -104.931648207535375, 39.711099283942836 ], [ -104.94062515944033, 39.695401255214058 ], [ -104.928183165822986, 39.696635280442507 ], [ -104.931648207535375, 39.711099283942836 ] ] ] ] } },
{ "type": "Feature", "properties": { "GEOID": "30011", "county_name": "Carter", "state": "MT" }, "geometry": { "type": "Polygon", "coordinates": [ [ [ -104.981977393518406, 45.776433104558983 ], [ -104.939294238477856, 45.786969280696376 ], [ -104.939211377271846, 46.136580959531393 ], [ -104.516130423900577, 46.136201430813927 ], [ -104.516082267984643, 46.054849901889426 ], [ -104.390747920436112, 46.054831006185935 ], [ -104.390879977471997, 45.970368179159131 ], [ -104.134845195574798, 45.968836237700778 ], [ -104.134829439911258, 45.881931128352399 ], [ -104.044197326717267, 45.881980177309792 ], [ -104.039695467497353, 44.998073155754994 ], [ -105.038253075037133, 45.000110362072206 ], [ -105.038206564088952, 45.352036528139308 ], [ -104.987319457181627, 45.352041595746527 ], [ -104.981977393518406, 45.776433104558983 ] ] ] } },
{ "type": "Feature", "properties": { "GEOID": "31105", "county_name": "Kimball", "state": "NE" }, "geometry": { "type": "Polygon", "coordinates": [ [ [ -103.382491775430623, 41.00225363903381 ], [ -104.053249275806351, 41.001407714535858 ], [ -104.052286955618428, 41.393216909406043 ], [ -103.37761971283112, 41.394635306493669 ], [ -103.382491775430623, 41.00225363903381 ] ] ] } },
{ "type": "Feature", "properties": { "GEOID": "08085", "county_name": "Montrose", "state": "CO" }, "geometry": { "type": "Polygon", "coordinates": [ [ [ -108.086695921427051, 38.275750152352359 ], [ -107.937593178625178, 38.218994252246461 ], [ -107.946967262306003, 38.152493284973019 ], [ -109.042583110774316, 38.153030276784882 ], [ -109.060119088211835, 38.500029882710542 ], [ -108.379139018942951, 38.499989271597713 ], [ -108.378702909310661, 38.668099334104994 ], [ -107.500655539993332, 38.668553837916832 ], [ -107.500020348938079, 38.301928267766549 ], [ -107.635042634468348, 38.301898734831418 ], [ -107.635699716949802, 38.332150805005831 ], [ -108.13238417849243, 38.331575374227654 ], [ -108.086695921427051, 38.275750152352359 ] ] ] } },
{ "type": "Feature", "properties": { "GEOID": "08037", "county_name": "Eagle", "state": "CO" }, "geometry": { "type": "Polygon", "coordinates": [ [ [ -107.113445186434987, 39.366067251089895 ], [ -107.113671713340807, 39.919111901001337 ], [ -106.434510477077879, 39.92491460373963 ], [ -106.38548198290971, 39.767166360270089 ], [ -106.176114185411919, 39.633970450739632 ], [ -106.210446105155128, 39.595573305574561 ], [ -106.211268548055841, 39.530134112680194 ], [ -106.255888791109967, 39.531815020305352 ], [ -106.206731881665789, 39.379637989089375 ], [ -106.283811963815864, 39.349470861950721 ], [ -106.400073610580776, 39.381009490659494 ], [ -107.113445186434987, 39.366067251089895 ] ] ] } },
{ "type": "Feature", "properties": { "GEOID": "08113", "county_name": "San Miguel", "state": "CO" }, "geometry": { "type": "Polygon", "coordinates": [ [ [ -109.041992097375854, 37.881084883928615 ], [ -109.042583110774316, 38.153030276784882 ], [ -107.965793353076705, 38.152330254567531 ], [ -107.951577745177133, 38.116127310244657 ], [ -107.891472503184431, 38.115959379809986 ], [ -107.889718118052201, 38.011617392875507 ], [ -107.795470734441125, 37.988522297378083 ], [ -107.733159571014156, 37.92032200829955 ], [ -107.843599314078133, 37.773557061270019 ], [ -107.989472866150777, 37.856754530516092 ], [ -108.209838480389422, 37.821023525003639 ], [ -108.256499746635399, 37.894609598856846 ], [ -109.041992097375854, 37.881084883928615 ] ] ] } },
{ "type": "Feature", "properties": { "GEOID": "08014", "county_name": "Broomfield", "state": "CO" }, "geometry": { "type": "MultiPolygon", "coordinates": [ [ [ [ -105.10373014916901, 39.95754292447171 ], [ -105.099961139592892, 39.958980934994869 ], [ -105.09102610143168, 39.957804940249453 ], [ -105.10373014916901, 39.95754292447171 ] ] ], [ [ [ -105.166057146054783, 39.901769609374931 ], [ -105.128003229287273, 39.954174881913097 ], [ -105.109518169394775, 39.956997915449186 ], [ -105.120838191670899, 39.951294877774558 ], [ -105.109334146438982, 39.950641888306734 ], [ -105.118775120296647, 39.933797804698862 ], [ -105.109415058603304, 39.92547677990612 ], [ -105.052824066521779, 40.000262164862534 ], [ -104.989647765158139, 40.007681286436579 ], [ -104.999007778966686, 40.025778339005612 ], [ -104.961071582530664, 40.044146527202194 ], [ -104.988108716962486, 39.968470123601683 ], [ -105.015845863586591, 39.981195125433828 ], [ -105.015469734444238, 39.921310873752184 ], [ -105.166057146054783, 39.901769609374931 ] ], [ [ -105.082567073633626, 39.959278956309596 ], [ -105.052889955501712, 39.957827984329697 ], [ -105.052828976852538, 39.965894018658553 ], [ -105.057710020227148, 39.974671050389894 ], [ -105.082567073633626, 39.959278956309596 ] ], [ [ -104.979911678613888, 40.03305542563357 ], [ -104.973074652119692, 40.029514429755899 ], [ -104.973050647554643, 40.033039445139543 ], [ -104.979911678613888, 40.03305542563357 ] ] ] ] } },
{ "type": "Feature", "properties": { "GEOID": "08015", "county_name": "Chaffee", "state": "CO" }, "geometry": { "type": "Polygon", "coordinates": [ [ [ -106.595507881145522, 38.991279914718639 ], [ -106.577965099678366, 39.057910795195049 ], [ -106.19100533595946, 39.05607450171577 ], [ -106.16913324050013, 38.991303399790347 ], [ -106.108952202567906, 38.987378481922931 ], [ -106.110993997316754, 38.940100483143944 ], [ -105.976530023211993, 38.914420703225716 ], [ -105.974295968249649, 38.882459731007266 ], [ -105.925121959706587, 38.872179779786755 ], [ -105.941843913626855, 38.840391795156677 ], [ -105.906585899356116, 38.806963861378385 ], [ -105.969984652317322, 38.694904947779982 ], [ -105.922639723282813, 38.677007025926258 ], [ -105.878797753372339, 38.606225179051251 ], [ -105.906473558663336, 38.50675932500431 ], [ -106.010748978142615, 38.446568346071629 ], [ -106.058568901549023, 38.456947201673856 ], [ -106.075938780483298, 38.423790189475255 ], [ -106.246937468078997, 38.422769698000202 ], [ -106.344227350467321, 38.504590922427575 ], [ -106.364195337353635, 38.614500875508014 ], [ -106.452123229648507, 38.69877775409438 ], [ -106.416662273786955, 38.727814908511775 ], [ -106.416179905861981, 38.824093463629126 ], [ -106.349301208957925, 38.854888477191786 ], [ -106.326097665201871, 38.911005605727361 ], [ -106.465030632117646, 38.910356285364919 ], [ -106.554210151195193, 38.998714126606842 ], [ -106.595507881145522, 38.991279914718639 ] ] ] } },
{ "type": "Feature", "properties": { "GEOID": "08043", "county_name": "Fremont", "state": "CO" }, "geometry": { "type": "Polygon", "coordinates": [ [ [ -106.012786953932206, 38.440779348215713 ], [ -105.906852556666919, 38.50626832567167 ], [ -105.878031750406706, 38.60058318849488 ], [ -105.922639723282813, 38.677007025926258 ], [ -105.96974865041031, 38.693552950543108 ], [ -105.237042687405548, 38.697269614020939 ], [ -105.239926642542386, 38.647466672851309 ], [ -104.942206016652548, 38.650136665137083 ], [ -104.94036584308337, 38.258278259553954 ], [ -105.796895399919876, 38.265049943606371 ], [ -106.012786953932206, 38.440779348215713 ] ] ] } },
{ "type": "Feature", "properties": { "GEOID": "56009", "county_name": "Converse", "state": "WY" }, "geometry": { "type": "Polygon", "coordinates": [ [ [ -106.078244659769595, 43.479686079266031 ], [ -104.899945987922635, 43.499644103000151 ], [ -104.89243989022718, 42.608945176859727 ], [ -105.286514059675739, 42.605831605794009 ], [ -105.282260639187115, 42.431333471188466 ], [ -105.351966653773488, 42.404897317604103 ], [ -105.375543406485519, 42.29014416642022 ], [ -105.613867660204491, 42.304459638173135 ], [ -105.614658827438859, 42.377440757366742 ], [ -105.575644802342111, 42.377318828400938 ], [ -105.556044913761795, 42.430587951229512 ], [ -106.075855837392893, 42.433221947725727 ], [ -106.078244659769595, 43.479686079266031 ] ] ] } },
{ "type": "Feature", "properties": { "GEOID": "30031", "county_name": "Gallatin", "state": "MT" }, "geometry": { "type": "Polygon", "coordinates": [ [ [ -110.919223998682241, 45.524862184477968 ], [ -110.917901748947386, 45.351275067157232 ], [ -111.038172007034632, 45.351392930436994 ], [ -111.059973828887721, 44.477346792347227 ], [ -111.227634974651593, 44.576688774907026 ], [ -111.219322996612135, 44.622522994766562 ], [ -111.377019141305155, 44.751445142835522 ], [ -111.351382523609885, 45.641939067545735 ], [ -111.536244546652895, 45.642258835635943 ], [ -111.659741900451806, 45.743346102042636 ], [ -111.721687096777202, 45.743280247327952 ], [ -111.721851103625667, 45.772371234438204 ], [ -111.763277061936847, 45.772556173149411 ], [ -111.763328060461717, 45.786830166014518 ], [ -111.805383664285998, 45.786749783579964 ], [ -111.805257669513438, 45.798547786027115 ], [ -111.703023051236826, 45.796619183898414 ], [ -111.587699851699611, 45.906683980700926 ], [ -111.471288610529612, 45.951476777517847 ], [ -111.460648652384052, 45.997042783155763 ], [ -111.415805438068531, 46.001786619253267 ], [ -111.398524776233018, 46.105850701902 ], [ -111.349375581865701, 46.122608524648541 ], [ -111.346655827006131, 46.187786597819155 ], [ -110.783835780656773, 46.192699926280355 ], [ -110.794775952364702, 45.590683303270502 ], [ -110.857383878949094, 45.590651136548189 ], [ -110.858254015804405, 45.524880335713235 ], [ -110.919223998682241, 45.524862184477968 ] ] ] } },
{ "type": "Feature", "properties": { "GEOID": "31045", "county_name": "Dawes", "state": "NE" }, "geometry": { "type": "Polygon", "coordinates": [ [ [ -102.79211200149652, 42.999983627909785 ], [ -102.773367940142293, 42.439923488863606 ], [ -103.480011545689635, 42.43726871237417 ], [ -103.505104426101241, 43.000775885504751 ], [ -102.79211200149652, 42.999983627909785 ] ] ] } },
{ "type": "Feature", "properties": { "GEOID": "16023", "county_name": "Butte", "state": "ID" }, "geometry": { "type": "Polygon", "coordinates": [ [ [ -113.456638134561885, 43.876191821947444 ], [ -113.457818116763605, 44.059528831239689 ], [ -113.416274106258427, 44.059338829175871 ], [ -113.416526881067512, 44.233364960235441 ], [ -112.995092963141047, 44.234127088515088 ], [ -112.994325221441798, 43.972363189502957 ], [ -112.695244612505661, 43.971942168307955 ], [ -112.698894928254433, 43.54005384737539 ], [ -112.816281968285239, 43.535950895413563 ], [ -112.816708170222853, 43.449165876691495 ], [ -112.936839123371158, 43.449387868219489 ], [ -112.947020226879857, 43.284822670479926 ], [ -113.361961611581975, 43.284679417573408 ], [ -113.361913623000262, 43.36716156527023 ], [ -113.635232877449454, 43.367547223822825 ], [ -113.634327722066899, 43.497475237658769 ], [ -113.672832539644304, 43.500360118707889 ], [ -113.69473927980026, 43.579559976938683 ], [ -113.798443049005243, 43.569217863563999 ], [ -113.760000050940818, 43.622681848671704 ], [ -113.486892059144111, 43.73952987899407 ], [ -113.442843132052403, 43.808709838637732 ], [ -113.360827298429911, 43.796833851381571 ], [ -113.456638134561885, 43.876191821947444 ] ] ] } },
{ "type": "Feature", "properties": { "GEOID": "08029", "county_name": "Delta", "state": "CO" }, "geometry": { "type": "Polygon", "coordinates": [ [ [ -107.776021757375034, 39.047783126246216 ], [ -107.500605893589039, 39.21791687644275 ], [ -107.500655539993332, 38.668553837916832 ], [ -108.378702909310661, 38.668099334104994 ], [ -108.37895790146608, 38.829110789330237 ], [ -108.141125349439164, 38.906485770219284 ], [ -108.094665724901304, 38.980022235020378 ], [ -107.982175853911727, 39.059878094052038 ], [ -107.8585581218843, 39.080165190036645 ], [ -107.776021757375034, 39.047783126246216 ] ] ] } },
{ "type": "Feature", "properties": { "GEOID": "08045", "county_name": "Garfield", "state": "CO" }, "geometry": { "type": "Polygon", "coordinates": [ [ [ -107.113445186434987, 39.366067251089895 ], [ -109.050766820267597, 39.366682342315791 ], [ -109.05123107756701, 39.660473270019871 ], [ -108.554628701869092, 39.650166448722061 ], [ -108.55472362257612, 39.693642186373346 ], [ -107.938547947645191, 39.694465662901038 ], [ -107.938503994741239, 39.82499764244978 ], [ -107.431770074307778, 39.828377449363728 ], [ -107.431665381260942, 39.917725364413535 ], [ -107.318750384665222, 39.914967900417238 ], [ -107.316993576496884, 40.0907649732981 ], [ -107.037363675685569, 40.09153802219263 ], [ -107.033968252085216, 39.918913065492944 ], [ -107.113671713340807, 39.919111901001337 ], [ -107.113445186434987, 39.366067251089895 ] ] ] } },
{ "type": "Feature", "properties": { "GEOID": "56037", "county_name": "Sweetwater", "state": "WY" }, "geometry": { "type": "Polygon", "coordinates": [ [ [ -107.91842346653182, 41.002037486713775 ], [ -110.048486212072802, 40.997300632779002 ], [ -110.053708288692093, 42.270747954942181 ], [ -107.522723430304623, 42.261759452938463 ], [ -107.509722470426794, 41.657454899916729 ], [ -107.929738659307063, 41.659599494962258 ], [ -107.91842346653182, 41.002037486713775 ] ] ] } },
{ "type": "Feature", "properties": { "GEOID": "56011", "county_name": "Crook", "state": "WY" }, "geometry": { "type": "Polygon", "coordinates": [ [ [ -104.054489338684022, 44.180382627436082 ], [ -105.082187914028808, 44.176177919261043 ], [ -105.076605074391551, 44.999930463663603 ], [ -104.057697504488885, 44.997366170650324 ], [ -104.054489338684022, 44.180382627436082 ] ] ] } },
{ "type": "Feature", "properties": { "GEOID": "08103", "county_name": "Rio Blanco", "state": "CO" }, "geometry": { "type": "Polygon", "coordinates": [ [ [ -108.554708633273577, 39.687781221742604 ], [ -108.554628701869092, 39.650166448722061 ], [ -109.05123107756701, 39.660473270019871 ], [ -109.050952959677417, 40.222651573323922 ], [ -107.037929348969712, 40.225372202374501 ], [ -107.037363675685569, 40.09153802219263 ], [ -107.316993576496884, 40.0907649732981 ], [ -107.318750384665222, 39.914967900417238 ], [ -107.431665381260942, 39.917725364413535 ], [ -107.431770074307778, 39.828377449363728 ], [ -107.938503994741239, 39.82499764244978 ], [ -107.938547947645191, 39.694465662901038 ], [ -108.554708633273577, 39.687781221742604 ] ] ] } },
{ "type": "Feature", "properties": { "GEOID": "08087", "county_name": "Morgan", "state": "CO" }, "geometry": { "type": "Polygon", "coordinates": [ [ [ -103.471990562766294, 40.00150413135794 ], [ -104.150332293112328, 40.00085897759115 ], [ -104.147713653892623, 40.524391921331606 ], [ -103.467200295087878, 40.523255130534018 ], [ -103.471990562766294, 40.00150413135794 ] ] ] } },
{ "type": "Feature", "properties": { "GEOID": "46055", "county_name": "Haakon", "state": "SD" }, "geometry": { "type": "Polygon", "coordinates": [ [ [ -101.046784965476149, 43.994971575641266 ], [ -102.007335491853866, 43.994532229427932 ], [ -102.001067520105806, 44.510928225611877 ], [ -101.888463576321399, 44.538562202943041 ], [ -101.811197546980978, 44.52237518646438 ], [ -101.660812659383225, 44.588139122645003 ], [ -101.531034616223977, 44.567877015360502 ], [ -101.454860712678354, 44.638031004850653 ], [ -101.364755728499048, 44.65642394110845 ], [ -101.359892747958938, 44.689020968158964 ], [ -101.235138716383943, 44.690575875936361 ], [ -101.136837698414681, 44.747127915090957 ], [ -101.166752236499619, 44.168086703799517 ], [ -101.046914988147591, 44.168485639388905 ], [ -101.046784965476149, 43.994971575641266 ] ] ] } },
{ "type": "Feature", "properties": { "GEOID": "56007", "county_name": "Carbon", "state": "WY" }, "geometry": { "type": "Polygon", "coordinates": [ [ [ -106.322742849599962, 41.382649455358312 ], [ -106.321166239828656, 40.999124056953413 ], [ -107.91842346653182, 41.002037486713775 ], [ -107.929738659307063, 41.659599494962258 ], [ -107.509722470426794, 41.657454899916729 ], [ -107.522924212896726, 42.434359386255579 ], [ -106.073406835552817, 42.433239952162822 ], [ -106.068406585328844, 41.395031317911624 ], [ -106.322742849599962, 41.382649455358312 ] ] ] } },
{ "type": "Feature", "properties": { "GEOID": "30093", "county_name": "Silver Bow", "state": "MT" }, "geometry": { "type": "Polygon", "coordinates": [ [ [ -112.941867277521752, 45.986842909951271 ], [ -112.877610156016758, 45.999503878815958 ], [ -112.852763807470183, 46.048434687901455 ], [ -112.777717661403699, 46.048313649473783 ], [ -112.777120185273773, 46.135826382523511 ], [ -112.505651167909846, 46.184410708363409 ], [ -112.51999947732611, 46.136395038573468 ], [ -112.466331996851267, 46.092980324807307 ], [ -112.476955401612855, 46.051716665616581 ], [ -112.441991451400128, 46.029480672953376 ], [ -112.404193635268314, 45.887785088721863 ], [ -112.426655332158518, 45.843982940494364 ], [ -112.190039650236187, 45.749219916266682 ], [ -112.498433626664593, 45.759765691478229 ], [ -112.549718203331508, 45.68416932586922 ], [ -112.68705468531769, 45.624854116290749 ], [ -112.784373649438209, 45.763278413765278 ], [ -112.997176936471362, 45.80656863396338 ], [ -113.084649734547256, 45.855335651215128 ], [ -112.928331119360848, 45.927244795328683 ], [ -112.941867277521752, 45.986842909951271 ] ] ] } },
{ "type": "Feature", "properties": { "GEOID": "08083", "county_name": "Montezuma", "state": "CO" }, "geometry": { "type": "Polygon", "coordinates": [ [ [ -109.045171022689203, 36.998978167729575 ], [ -109.043365490991107, 37.484819219036012 ], [ -108.917081000724579, 37.631903201718671 ], [ -107.970085630063295, 37.639586883838568 ], [ -108.02300581217564, 37.59099864353994 ], [ -108.044103404507027, 37.442999547919605 ], [ -108.078041391053674, 37.438880913956837 ], [ -108.106233109652436, 37.381821509337314 ], [ -108.197566847540301, 37.355158268190223 ], [ -108.219686342702133, 37.287416505203275 ], [ -108.291495182655083, 37.222520624067414 ], [ -108.290457126546244, 37.145976683094212 ], [ -108.379301213801099, 36.999609687118237 ], [ -109.045171022689203, 36.998978167729575 ] ] ] } },
{ "type": "Feature", "properties": { "GEOID": "46041", "county_name": "Dewey", "state": "SD" }, "geometry": { "type": "Polygon", "coordinates": [ [ [ -101.136161983257921, 44.994076081458303 ], [ -101.500988183132591, 44.993651222344376 ], [ -101.470190690864797, 45.472418262129338 ], [ -100.341924329351741, 45.472906620294005 ], [ -100.274175981739305, 45.381847513410065 ], [ -100.316658774138673, 45.317906372568757 ], [ -100.257508532248437, 45.235680248365043 ], [ -100.326589685061833, 45.090866165914143 ], [ -100.279383754449839, 45.020071157892005 ], [ -100.408378748784955, 45.011817068997601 ], [ -100.39409039595742, 44.867317851285115 ], [ -100.530298232089081, 44.76601368761046 ], [ -100.610970315053279, 44.770103691905426 ], [ -100.700239484090375, 44.828869751912556 ], [ -100.729974416474164, 44.764406684860241 ], [ -100.910730620871803, 44.783705824935829 ], [ -101.022610657527594, 44.72415486910247 ], [ -101.136837698414681, 44.747127915090957 ], [ -101.136161983257921, 44.994076081458303 ] ] ] } },
{ "type": "Feature", "properties": { "GEOID": "30013", "county_name": "Cascade", "state": "MT" }, "geometry": { "type": "Polygon", "coordinates": [ [ [ -111.666487476626656, 47.697760279549897 ], [ -110.976177014704447, 47.698738904586726 ], [ -111.043659324289976, 47.591210469041435 ], [ -110.864635241773115, 47.524714563241695 ], [ -110.768470350700269, 47.525638684448076 ], [ -110.76913416976538, 47.446096662445989 ], [ -110.640604252151405, 47.446306757346065 ], [ -110.638916091716112, 47.35903278053069 ], [ -110.767129991070917, 47.359128711524193 ], [ -110.788086751108651, 47.250594744822543 ], [ -110.772512588211185, 47.095925812995496 ], [ -110.645216757406743, 47.095870841458165 ], [ -110.63638531058993, 46.837161988110978 ], [ -110.662312227650986, 46.818027008010695 ], [ -110.751590158233753, 46.844532001536052 ], [ -110.759832277754015, 46.900162945619932 ], [ -110.856042261437437, 46.921347807793971 ], [ -110.91316630044588, 46.980704669131477 ], [ -111.084637175421548, 47.010782490630717 ], [ -111.105007178394217, 47.028992480963652 ], [ -111.076829223118096, 47.045013490570597 ], [ -111.08092227025378, 47.088033485040832 ], [ -111.158563181314321, 47.088301456113349 ], [ -111.158390115348553, 47.011771461028843 ], [ -111.539377093086586, 47.000559048015035 ], [ -111.539218549500447, 46.913371541779846 ], [ -111.79024058467725, 46.913764164987143 ], [ -111.789282101675809, 47.12892145834477 ], [ -111.896363185333868, 47.12128024237861 ], [ -111.977386343381653, 47.183931005587951 ], [ -112.044833405831724, 47.192709891841751 ], [ -112.047786065834643, 47.516032696825349 ], [ -111.924585180811619, 47.50122493354862 ], [ -111.922941062448288, 47.611229854160328 ], [ -111.666265353214413, 47.611252332182495 ], [ -111.666487476626656, 47.697760279549897 ] ] ] } },
{ "type": "Feature", "properties": { "GEOID": "31013", "county_name": "Box Butte", "state": "NE" }, "geometry": { "type": "Polygon", "coordinates": [ [ [ -103.444107157429301, 42.090708721350254 ], [ -103.444279607873412, 42.437276521131885 ], [ -102.749432965012886, 42.439935532821522 ], [ -102.742269344696894, 42.092388881066078 ], [ -102.702383288604366, 42.092747870357151 ], [ -102.697835108058769, 42.004843779589898 ], [ -103.401521091405129, 42.003537969896101 ], [ -103.401590357878533, 42.090411702209003 ], [ -103.444107157429301, 42.090708721350254 ] ] ] } },
{ "type": "Feature", "properties": { "GEOID": "49025", "county_name": "Kane", "state": "UT" }, "geometry": { "type": "Polygon", "coordinates": [ [ [ -112.899190854606971, 37.000386168953483 ], [ -112.901163035337916, 37.543486481599018 ], [ -110.646731020226326, 37.540567393727272 ], [ -110.668114999978357, 37.497028385673204 ], [ -110.63926999988287, 37.488100376139968 ], [ -110.747355999990319, 37.458833343185866 ], [ -110.699479999695043, 37.43209131466844 ], [ -110.753284000143694, 37.404525280965956 ], [ -110.722459999687317, 37.372268248229759 ], [ -110.736613999816399, 37.345688218173656 ], [ -110.804506002405304, 37.32093217670262 ], [ -110.872547005393827, 37.346773176891567 ], [ -110.838595003917789, 37.300219152384784 ], [ -110.873048005448624, 37.286905138161387 ], [ -110.890440103990997, 37.193070127881747 ], [ -110.958055248461832, 37.124633206902971 ], [ -111.177105777511727, 37.102901596613137 ], [ -111.217866622601406, 37.056873761137844 ], [ -111.240283553095082, 37.067744784939819 ], [ -111.242182499614003, 37.021355883145723 ], [ -111.301353515362067, 37.066498736956277 ], [ -111.281661489731306, 37.041726806688452 ], [ -111.305492458629303, 37.013019810387732 ], [ -111.370521447004634, 37.001634693810928 ], [ -112.899190854606971, 37.000386168953483 ] ] ] } },
{ "type": "Feature", "properties": { "GEOID": "08001", "county_name": "Adams", "state": "CO" }, "geometry": { "type": "Polygon", "coordinates": [ [ [ -104.88466429144286, 39.747468404525002 ], [ -104.734601165738056, 39.769182862950018 ], [ -104.762462036911117, 39.823445025891139 ], [ -104.619798997161965, 39.822419657965433 ], [ -104.599580816589764, 39.899040942601701 ], [ -104.73038980349358, 39.896133493005514 ], [ -104.730952948264928, 39.845197247280304 ], [ -104.790859052791802, 39.841804052068277 ], [ -104.790895145673545, 39.798252835555481 ], [ -105.053246509597997, 39.791064275560267 ], [ -105.052892838794889, 39.914225799133838 ], [ -104.997025712594123, 39.943240992278518 ], [ -105.015845863586591, 39.981195125433828 ], [ -104.997423784716162, 39.981215150832512 ], [ -104.997250760371458, 39.968531097998408 ], [ -104.988108716962486, 39.968470123601683 ], [ -104.980944731015683, 40.000327279771987 ], [ -103.705701191745646, 40.001368429767965 ], [ -103.706547603101313, 39.739896187982708 ], [ -104.88466429144286, 39.747468404525002 ] ] ] } },
{ "type": "Feature", "properties": { "GEOID": "08079", "county_name": "Mineral", "state": "CO" }, "geometry": { "type": "Polygon", "coordinates": [ [ [ -107.14473216356167, 37.682504766611032 ], [ -107.138190066690598, 37.938849167552299 ], [ -107.102870987272723, 37.95522210985164 ], [ -106.897832620323555, 37.967891876898605 ], [ -106.847268573717287, 37.919170847298112 ], [ -106.695312312090465, 37.874999737050416 ], [ -106.710765687951252, 37.396238284558187 ], [ -107.128736148704888, 37.392409351000985 ], [ -107.123867145692046, 37.67502973674474 ], [ -107.14473216356167, 37.682504766611032 ] ] ] } },
{ "type": "Feature", "properties": { "GEOID": "46071", "county_name": "Jackson", "state": "SD" }, "geometry": { "type": "Polygon", "coordinates": [ [ [ -101.228231526114953, 43.38918622129183 ], [ -102.110818100532668, 43.389904469690812 ], [ -102.1111303950224, 43.476836222834052 ], [ -102.139050365662541, 43.476678327033731 ], [ -102.139168214219652, 43.700900287053706 ], [ -102.019035260025248, 43.707880149250549 ], [ -102.019146515610245, 43.99449422922001 ], [ -101.064066996696553, 43.994930601603265 ], [ -101.064324562217763, 43.84109154206881 ], [ -101.228239744699067, 43.795630625387176 ], [ -101.228231526114953, 43.38918622129183 ] ] ] } },
{ "type": "Feature", "properties": { "GEOID": "49017", "county_name": "Garfield", "state": "UT" }, "geometry": { "type": "Polygon", "coordinates": [ [ [ -110.646731020226326, 37.540567393727272 ], [ -112.68375022226482, 37.543692563983328 ], [ -112.68929757637828, 37.805590776192808 ], [ -112.578550219678448, 37.804540671064323 ], [ -112.588517292228644, 37.89036774831726 ], [ -112.468299943297851, 37.890463706181635 ], [ -112.473446417535797, 38.148859259171097 ], [ -109.927973901607146, 38.15175352748286 ], [ -110.026039945106035, 38.097230380529567 ], [ -110.078386829890974, 37.998176148604685 ], [ -110.136075888578361, 38.005261118295593 ], [ -110.201848921457369, 37.946878974176791 ], [ -110.208794916489637, 37.894072885774726 ], [ -110.269487995889165, 37.897552844950802 ], [ -110.283273003093072, 37.865924782514512 ], [ -110.303443020014299, 37.890498796519758 ], [ -110.40422108733793, 37.880947671305314 ], [ -110.437481060301863, 37.806979537586919 ], [ -110.476961070707929, 37.800018488468588 ], [ -110.426093035722104, 37.775381507368486 ], [ -110.497992019830647, 37.652094398792372 ], [ -110.561206040568379, 37.641039400564182 ], [ -110.601092025906638, 37.56711239558652 ], [ -110.646731020226326, 37.540567393727272 ] ] ] } },
{ "type": "Feature", "properties": { "GEOID": "08095", "county_name": "Phillips", "state": "CO" }, "geometry": { "type": "Polygon", "coordinates": [ [ [ -102.051465022630339, 40.440008305474421 ], [ -102.664804263092776, 40.438474065859353 ], [ -102.651309838771596, 40.749402814580286 ], [ -102.051416057030195, 40.749586057527537 ], [ -102.051465022630339, 40.440008305474421 ] ] ] } },
{ "type": "Feature", "properties": { "GEOID": "30027", "county_name": "Fergus", "state": "MT" }, "geometry": { "type": "Polygon", "coordinates": [ [ [ -108.63146989809087, 46.749393199995545 ], [ -109.389213873955271, 46.751352301986515 ], [ -109.389097952572598, 46.693626432709188 ], [ -109.745750301952143, 46.693594367721083 ], [ -109.756671337209951, 46.780390197157963 ], [ -109.83542925678114, 46.809162144923121 ], [ -109.755428337007316, 46.89602403406964 ], [ -109.756573296942321, 47.185694855583421 ], [ -109.871990282755561, 47.185323876992399 ], [ -109.872480281390906, 47.228883854184417 ], [ -110.00002927400655, 47.228716861077793 ], [ -110.000294281600517, 47.272133841410621 ], [ -110.127704202938403, 47.271910826095308 ], [ -110.127957251079891, 47.359020829602613 ], [ -110.213290219205362, 47.358771822265467 ], [ -110.213601265175626, 47.41665782655064 ], [ -109.849107341005734, 47.540357804072791 ], [ -109.829640491966785, 47.715978668294838 ], [ -109.723715420632203, 47.702377604255531 ], [ -109.579717170512907, 47.747800551589471 ], [ -109.425320033022999, 47.720153578528262 ], [ -109.274176028678696, 47.793239573046485 ], [ -108.978387838905704, 47.802658841313352 ], [ -108.920753737866946, 47.757868975856006 ], [ -108.945639758155437, 47.730364956312258 ], [ -108.82145369832692, 47.709085116439489 ], [ -108.771623671095057, 47.645524187880447 ], [ -108.505490436112126, 47.599935563363793 ], [ -108.447655437032495, 47.615962592025227 ], [ -108.348904450740108, 47.566685634914435 ], [ -108.313038452533732, 47.583880649925455 ], [ -108.315486008646147, 47.315153595054106 ], [ -108.590840152318108, 47.3065173093091 ], [ -108.591116275266785, 47.270136281000433 ], [ -108.719194283335966, 47.270343081882977 ], [ -108.736843490662764, 47.098218928949066 ], [ -108.608959674692542, 47.098127160219306 ], [ -108.63146989809087, 46.749393199995545 ] ] ] } },
{ "type": "Feature", "properties": { "GEOID": "46033", "county_name": "Custer", "state": "SD" }, "geometry": { "type": "Polygon", "coordinates": [ [ [ -104.055490398433065, 43.853478481986151 ], [ -103.096558906711991, 43.856792802302785 ], [ -102.686653704179179, 43.85354324893882 ], [ -102.695872726348355, 43.79762746376295 ], [ -102.803313938231, 43.710233902796617 ], [ -102.813751043163634, 43.667595966768424 ], [ -102.91011390231597, 43.674226088826487 ], [ -102.932565044255526, 43.618710208733773 ], [ -103.001016005333213, 43.605820340574191 ], [ -103.000912384212967, 43.476852527335019 ], [ -104.054809143561101, 43.477819097412102 ], [ -104.055490398433065, 43.853478481986151 ] ] ] } },
{ "type": "Feature", "properties": { "GEOID": "46075", "county_name": "Jones", "state": "SD" }, "geometry": { "type": "Polygon", "coordinates": [ [ [ -100.586193574902396, 43.769025482915573 ], [ -100.734527741254539, 43.707462531364001 ], [ -100.745341820412449, 43.738858612349816 ], [ -100.776566841611412, 43.724583567411003 ], [ -100.790381862243521, 43.725767562366997 ], [ -100.80825700689698, 43.766789591330358 ], [ -100.839807010445284, 43.759228578173342 ], [ -100.929935373573187, 43.830903507423876 ], [ -100.940565379451769, 43.830903504531484 ], [ -100.945643329107185, 43.815126505525235 ], [ -100.958833322069665, 43.810101501411197 ], [ -100.987025459420281, 43.849133492668884 ], [ -101.064324562217763, 43.84109154206881 ], [ -101.046914988147591, 44.168485639388905 ], [ -100.367205948316112, 44.168695109860217 ], [ -100.338966937713792, 43.716943282625451 ], [ -100.554684360684476, 43.737248458228301 ], [ -100.586193574902396, 43.769025482915573 ] ] ] } },
{ "type": "Feature", "properties": { "GEOID": "56005", "county_name": "Campbell", "state": "WY" }, "geometry": { "type": "Polygon", "coordinates": [ [ [ -106.025248147194674, 44.979581741959919 ], [ -105.076605074391551, 44.999930463663603 ], [ -105.079802622299724, 43.498450104521304 ], [ -106.017372662576292, 43.494974019067023 ], [ -106.025248147194674, 44.979581741959919 ] ] ] } },
{ "type": "Feature", "properties": { "GEOID": "08091", "county_name": "Ouray", "state": "CO" }, "geometry": { "type": "Polygon", "coordinates": [ [ [ -108.13238417849243, 38.331575374227654 ], [ -107.635699716949802, 38.332150805005831 ], [ -107.580244548995879, 38.230826606849881 ], [ -107.565089275797931, 38.097889057514699 ], [ -107.51099926883083, 38.060542403228858 ], [ -107.54670327213195, 38.000382500882424 ], [ -107.591366754453858, 37.992255211416619 ], [ -107.568874209471204, 37.965018212102969 ], [ -107.641588073640307, 37.965011787165643 ], [ -107.650595546264327, 37.909649453639325 ], [ -107.724408194823042, 37.89880394473964 ], [ -107.795470734441125, 37.988522297378083 ], [ -107.900057324976217, 38.026031391360583 ], [ -107.891472503184431, 38.115959379809986 ], [ -107.951577745177133, 38.116127310244657 ], [ -107.965457238433601, 38.144905263126361 ], [ -107.937593178625178, 38.218994252246461 ], [ -108.086609114750942, 38.255204058313879 ], [ -108.13238417849243, 38.331575374227654 ] ] ] } },
{ "type": "Feature", "properties": { "GEOID": "30007", "county_name": "Broadwater", "state": "MT" }, "geometry": { "type": "Polygon", "coordinates": [ [ [ -111.631912738586735, 46.569974813448304 ], [ -111.63926676228543, 46.738181638019732 ], [ -111.606589434930839, 46.776364354858515 ], [ -111.464906142081134, 46.751692347250881 ], [ -111.410827117838394, 46.639602589214569 ], [ -111.330355610910928, 46.633339258844309 ], [ -111.320000560064983, 46.562271340672105 ], [ -111.344740762183335, 46.545430514992454 ], [ -111.257382018273645, 46.498486040922899 ], [ -111.246522848080716, 46.438110054301632 ], [ -111.122464786772852, 46.452640004506968 ], [ -111.057229609841571, 46.40340800075375 ], [ -111.127073375047416, 46.273755107215678 ], [ -111.07498023225294, 46.250738064790077 ], [ -111.060001015143243, 46.199069010496714 ], [ -111.346655827006131, 46.187786597819155 ], [ -111.349375581865701, 46.122608524648541 ], [ -111.423834728610061, 46.061952739132138 ], [ -111.418707438656796, 45.997327624055778 ], [ -111.458939646388657, 45.998281778003978 ], [ -111.471288610529612, 45.951476777517847 ], [ -111.587699851699611, 45.906683980700926 ], [ -111.660060950001537, 45.833502091030425 ], [ -111.660426252517667, 46.049194163542936 ], [ -111.784569069052452, 46.049815013814715 ], [ -111.787956067677811, 46.569467893960912 ], [ -111.631912738586735, 46.569974813448304 ] ] ] } },
{ "type": "Feature", "properties": { "GEOID": "30003", "county_name": "Big Horn", "state": "MT" }, "geometry": { "type": "Polygon", "coordinates": [ [ [ -108.069755474207057, 45.518535504254928 ], [ -108.04735813546219, 45.899480207088857 ], [ -107.881851732552221, 45.899234140470796 ], [ -107.88187889494526, 45.928150143305523 ], [ -107.798826861754378, 45.956724110497511 ], [ -107.798759042981999, 45.985681120009133 ], [ -107.674473907884789, 45.985760225871623 ], [ -107.674460155182146, 46.043611243796107 ], [ -107.424935071486289, 46.043375629641922 ], [ -107.425133610598081, 45.956675647241099 ], [ -107.176363540953957, 45.956763085039178 ], [ -107.176365251175397, 45.913325093359035 ], [ -107.051951215606152, 45.913491269834495 ], [ -107.052163910838885, 45.870054254285421 ], [ -106.939099918560601, 45.870043499224991 ], [ -106.939081650306122, 45.831610483523662 ], [ -106.87722168814274, 45.831716673823905 ], [ -106.877120392702537, 45.788219663778357 ], [ -106.912804366660637, 45.788223549725267 ], [ -106.912962860642139, 45.683917547520139 ], [ -106.727577194364812, 45.676472264126481 ], [ -106.729547274956929, 45.351483080366691 ], [ -106.768679977280684, 45.352828857537602 ], [ -106.768017971614455, 45.179730185459093 ], [ -106.263691803534172, 45.17972822266352 ], [ -106.263724359363493, 44.9938224187567 ], [ -108.24941637004801, 44.999906561623128 ], [ -108.169109484897319, 45.170069165587101 ], [ -108.098055778821163, 45.220517150142264 ], [ -108.699618172890808, 45.2177094762663 ], [ -108.682226939709693, 45.433132286380662 ], [ -108.645329062023691, 45.464073146033599 ], [ -108.316377760698074, 45.460509009214803 ], [ -108.316248932458393, 45.489502994125296 ], [ -108.193194762603056, 45.489526232605073 ], [ -108.19320896132902, 45.51853830528642 ], [ -108.069755474207057, 45.518535504254928 ] ] ] } },
{ "type": "Feature", "properties": { "GEOID": "31165", "county_name": "Sioux", "state": "NE" }, "geometry": { "type": "Polygon", "coordinates": [ [ [ -104.053156839663146, 42.999973856029769 ], [ -103.505104426101241, 43.000775885504751 ], [ -103.480011545689635, 42.43726871237417 ], [ -103.444279607873412, 42.437276521131885 ], [ -103.444107157429301, 42.090708721350254 ], [ -103.401590357878533, 42.090411702209003 ], [ -103.401521091405129, 42.003537969896101 ], [ -104.052643077994659, 42.001734174847726 ], [ -104.053156839663146, 42.999973856029769 ] ] ] } },
{ "type": "Feature", "properties": { "GEOID": "08007", "county_name": "Archuleta", "state": "CO" }, "geometry": { "type": "Polygon", "coordinates": [ [ [ -107.481735881236688, 37.000127576269172 ], [ -107.482129505369983, 37.422673806035547 ], [ -107.128679143458498, 37.422942359323542 ], [ -107.128736148704888, 37.392409351000985 ], [ -106.6783716129776, 37.403596228730585 ], [ -106.678352873084478, 37.228566008543986 ], [ -106.597382767148517, 37.194973921741891 ], [ -106.58917681194832, 37.140187956834652 ], [ -106.476088796128948, 36.993547962861989 ], [ -107.481735881236688, 37.000127576269172 ] ] ] } },
{ "type": "Feature", "properties": { "GEOID": "30039", "county_name": "Granite", "state": "MT" }, "geometry": { "type": "Polygon", "coordinates": [ [ [ -113.87835757262468, 46.503197968496998 ], [ -113.809288849051796, 46.595148512870459 ], [ -113.827743324419174, 46.660894044417816 ], [ -113.667996379148647, 46.65837030947236 ], [ -113.668166684783031, 46.716227032701575 ], [ -113.479857660819462, 46.744712319725224 ], [ -113.479833988062879, 46.80277031400032 ], [ -113.41708706228242, 46.802493321679606 ], [ -113.416601239300917, 46.832111314138672 ], [ -113.259391396138255, 46.824587318822267 ], [ -113.177540881873156, 46.730734445971734 ], [ -113.038704030382718, 46.735538495319616 ], [ -113.036817733511356, 46.223329925245963 ], [ -113.284531624992511, 46.222782715232967 ], [ -113.278011903235821, 46.045268306093192 ], [ -113.458364179003766, 45.984341377061888 ], [ -113.480171298147965, 45.939683431335006 ], [ -113.579164230794262, 45.938665656821222 ], [ -113.649587049158171, 45.965946833364185 ], [ -113.68724880487089, 46.035236804290697 ], [ -113.803823779351973, 46.03791618901198 ], [ -113.7530957498291, 46.112140748928688 ], [ -113.822958874214251, 46.20867255976475 ], [ -113.748408758941508, 46.267967204109041 ], [ -113.784247861476729, 46.284992171400361 ], [ -113.782839976882897, 46.364203805839864 ], [ -113.858335314815477, 46.420184480739941 ], [ -113.87835757262468, 46.503197968496998 ] ] ] } },
{ "type": "Feature", "properties": { "GEOID": "46063", "county_name": "Harding", "state": "SD" }, "geometry": { "type": "Polygon", "coordinates": [ [ [ -102.942070863199575, 45.945003236136955 ], [ -102.957281825799313, 45.212853741343203 ], [ -104.040005718215383, 45.212894498413661 ], [ -104.045550299363214, 45.945313236162939 ], [ -102.942070863199575, 45.945003236136955 ] ] ] } },
{ "type": "Feature", "properties": { "GEOID": "56025", "county_name": "Natrona", "state": "WY" }, "geometry": { "type": "Polygon", "coordinates": [ [ [ -106.078074687496397, 43.494476067373697 ], [ -106.075855837392893, 42.433221947725727 ], [ -107.542026170883972, 42.434359406502139 ], [ -107.543526142003742, 42.781560706788468 ], [ -107.501425270775286, 42.781460593284798 ], [ -107.534898385064679, 43.501367718799877 ], [ -106.078074687496397, 43.494476067373697 ] ] ] } },
{ "type": "Feature", "properties": { "GEOID": "46007", "county_name": "Bennett", "state": "SD" }, "geometry": { "type": "Polygon", "coordinates": [ [ [ -102.110818100532668, 43.389904469690812 ], [ -101.228231526114953, 43.38918622129183 ], [ -101.228010208391268, 42.998136968039226 ], [ -102.082484830514659, 42.999357361284211 ], [ -102.110818100532668, 43.389904469690812 ] ] ] } },
{ "type": "Feature", "properties": { "GEOID": "16059", "county_name": "Lemhi", "state": "ID" }, "geometry": { "type": "Polygon", "coordinates": [ [ [ -114.8202005058439, 44.747790942560897 ], [ -114.808545521776409, 44.817051919300319 ], [ -114.723295577775914, 44.891176948950005 ], [ -114.722536706487645, 45.179324830169399 ], [ -114.593326932588752, 45.297414927487317 ], [ -114.793208821469008, 45.436333554659996 ], [ -114.793779835405374, 45.508308484097341 ], [ -114.663726972431405, 45.471004720829704 ], [ -114.565000787197889, 45.557802974999518 ], [ -114.471947883160453, 45.565223255013805 ], [ -114.330049501299868, 45.45972246207976 ], [ -114.269894674744677, 45.484552651251292 ], [ -114.248452708428275, 45.545813930744927 ], [ -114.193610566478498, 45.536372951232465 ], [ -114.086104073519181, 45.591465267700642 ], [ -114.015271517578441, 45.652767533760738 ], [ -114.015483310665047, 45.695902676718042 ], [ -113.937595166665261, 45.695613574963076 ], [ -113.904692504109718, 45.622008355131278 ], [ -113.806432504301313, 45.601631240967365 ], [ -113.83477993660739, 45.520658143887083 ], [ -113.766023861635404, 45.520622156555817 ], [ -113.775858689805034, 45.407832912932015 ], [ -113.73347654264667, 45.390811867002746 ], [ -113.738662357754379, 45.329409729985457 ], [ -113.685025059805199, 45.253505511810147 ], [ -113.59213392333514, 45.184779438819874 ], [ -113.569884872670812, 45.123851439450391 ], [ -113.511249826566569, 45.116129436459069 ], [ -113.522187823749675, 45.091388447153641 ], [ -113.452044779304003, 45.05917443490916 ], [ -113.443939713515263, 44.959380500791539 ], [ -113.49881871466296, 44.942203560975422 ], [ -113.478507663188111, 44.895466599581191 ], [ -113.341276554023167, 44.784664616599272 ], [ -113.246894581203847, 44.822973499469313 ], [ -113.131459887465098, 44.772758429722558 ], [ -113.050723381298056, 44.634542609946386 ], [ -113.088293343326413, 44.599663755671962 ], [ -113.006531718979446, 44.525776735837418 ], [ -113.026825716621047, 44.495512838670884 ], [ -113.003470798955561, 44.451298836664805 ], [ -112.889559629442473, 44.405938791338912 ], [ -112.854269573711079, 44.359588827204618 ], [ -112.813807748217087, 44.376455775536847 ], [ -112.813794258000584, 44.230281951956648 ], [ -113.320610820160326, 44.233165007686587 ], [ -113.339618611227735, 44.316314088141667 ], [ -113.451833169056655, 44.454937129309975 ], [ -113.53508530482604, 44.424298052257832 ], [ -113.816216375466468, 44.493963804036639 ], [ -114.003916168269129, 44.634701184184877 ], [ -114.084861997902493, 44.755947059034625 ], [ -114.135574120573267, 44.73034411197137 ], [ -114.215153244189338, 44.745494151312585 ], [ -114.189552232238299, 44.824986135939383 ], [ -114.221535316855267, 44.879077162039664 ], [ -114.404155420346257, 44.739547162617228 ], [ -114.37284439798465, 44.709717178964915 ], [ -114.386673404100691, 44.671111195871639 ], [ -114.477400416369889, 44.594175233437724 ], [ -114.569254428679841, 44.576196230176237 ], [ -114.629154486466149, 44.652860152343358 ], [ -114.741319519972507, 44.652789109654158 ], [ -114.8202005058439, 44.747790942560897 ] ] ] } },
{ "type": "Feature", "properties": { "GEOID": "08107", "county_name": "Routt", "state": "CO" }, "geometry": { "type": "Polygon", "coordinates": [ [ [ -106.655606378020693, 40.508513764978694 ], [ -106.626556690170332, 39.918670920256432 ], [ -107.033968252085216, 39.918913065492944 ], [ -107.037929348969712, 40.225372202374501 ], [ -107.439388756023192, 40.223379221208155 ], [ -107.428816049804908, 40.542207643229219 ], [ -107.371330939617408, 40.542399602469388 ], [ -107.371489807097831, 40.600302553760812 ], [ -107.31415561974535, 40.600281538740035 ], [ -107.317795828719966, 41.002921129523521 ], [ -106.857773767285678, 41.002664214499191 ], [ -106.852350290128271, 40.925183324845115 ], [ -106.739341954331266, 40.870843432759841 ], [ -106.685883924811478, 40.885822445696064 ], [ -106.635477119275535, 40.811365692017134 ], [ -106.70621928495062, 40.615606677483335 ], [ -106.655606378020693, 40.508513764978694 ] ] ] } },
{ "type": "Feature", "properties": { "GEOID": "08053", "county_name": "Hinsdale", "state": "CO" }, "geometry": { "type": "Polygon", "coordinates": [ [ [ -107.591366754453858, 37.992255211416619 ], [ -107.54670327213195, 38.000382500882424 ], [ -107.510879269768211, 38.060880402020203 ], [ -107.559946126959858, 38.08777910928135 ], [ -107.568620715520154, 38.147269880253411 ], [ -107.001117281999541, 38.147072721490538 ], [ -107.000600780727936, 37.95604187734024 ], [ -107.138190066690598, 37.938849167552299 ], [ -107.128679143458498, 37.422942359323542 ], [ -107.482129505369983, 37.422673806035547 ], [ -107.48224194594502, 37.768355633857965 ], [ -107.459221353484025, 37.794272582297545 ], [ -107.516814401181193, 37.826706899931203 ], [ -107.532591589562813, 37.943908328508698 ], [ -107.591366754453858, 37.992255211416619 ] ] ] } },
{ "type": "Feature", "properties": { "GEOID": "30017", "county_name": "Custer", "state": "MT" }, "geometry": { "type": "Polygon", "coordinates": [ [ [ -106.120640583742215, 46.831440717202042 ], [ -106.08635164485932, 46.831464701988772 ], [ -106.086595492544177, 46.860292629084697 ], [ -105.860213634906486, 46.860818713071765 ], [ -105.832641742393349, 46.831962758382687 ], [ -105.618168058033987, 46.832150880509388 ], [ -105.618107215457869, 46.744934884439701 ], [ -105.576403992709785, 46.745023915294233 ], [ -105.576072761167325, 46.658006068824186 ], [ -105.492011321221199, 46.65812005249262 ], [ -105.491928175222213, 46.600088112782565 ], [ -105.449414887198913, 46.600014052850597 ], [ -105.449204803395972, 46.570970081549127 ], [ -104.984721744575694, 46.540391932587397 ], [ -104.984747728814398, 46.569388836944768 ], [ -104.85875613752232, 46.56911789750648 ], [ -104.8587451144776, 46.612559724349758 ], [ -104.733065500923544, 46.612697699945961 ], [ -104.732678496706583, 46.482205377536566 ], [ -104.905995327944979, 46.482254305720318 ], [ -104.885501141109359, 46.136600977725948 ], [ -104.939211377271846, 46.136580959531393 ], [ -104.939294238477856, 45.786969280696376 ], [ -106.191739446687023, 45.78860659900495 ], [ -106.191636432059724, 46.137187986047856 ], [ -106.153440534003892, 46.137265055855252 ], [ -106.155153136176537, 46.48363775855244 ], [ -106.120376222262834, 46.483651777357309 ], [ -106.120640583742215, 46.831440717202042 ] ] ] } },
{ "type": "Feature", "properties": { "GEOID": "08123", "county_name": "Weld", "state": "CO" }, "geometry": { "type": "MultiPolygon", "coordinates": [ [ [ [ -104.979917683752021, 40.029488410050568 ], [ -104.973050647554643, 40.033039445139543 ], [ -104.973074652119692, 40.029514429755899 ], [ -104.979917683752021, 40.029488410050568 ] ] ], [ [ [ -104.150332293112328, 40.00085897759115 ], [ -104.96140562673537, 40.000339337359172 ], [ -104.961157582896718, 40.044146526959487 ], [ -104.999007778966686, 40.025778339005612 ], [ -104.989647765158139, 40.007681286436579 ], [ -105.055519078501092, 40.00025316183099 ], [ -105.056719852153279, 40.349284496783874 ], [ -104.945551597072168, 40.349102453940112 ], [ -104.943371663601624, 40.998217354824163 ], [ -103.573774409230992, 41.001716929923013 ], [ -103.581837308182202, 40.523162322638619 ], [ -104.147713653892623, 40.524391921331606 ], [ -104.150332293112328, 40.00085897759115 ] ] ] ] } },
{ "type": "Feature", "properties": { "GEOID": "56021", "county_name": "Laramie", "state": "WY" }, "geometry": { "type": "Polygon", "coordinates": [ [ [ -104.053249275806351, 41.001407714535858 ], [ -105.27686024241676, 40.998175542515725 ], [ -105.278237019053307, 41.656659409662382 ], [ -104.653338135377837, 41.653011489539061 ], [ -104.652992200456026, 41.565018375376518 ], [ -104.052539167333137, 41.564277403077099 ], [ -104.053249275806351, 41.001407714535858 ] ] ] } },
{ "type": "Feature", "properties": { "GEOID": "49015", "county_name": "Emery", "state": "UT" }, "geometry": { "type": "Polygon", "coordinates": [ [ [ -111.305702052868114, 38.500000106552356 ], [ -111.300906413442178, 39.467240014846674 ], [ -111.247749411029005, 39.467202012678293 ], [ -111.247461612933108, 39.704376283841007 ], [ -111.163842486540432, 39.598064110476535 ], [ -111.131998484457569, 39.61362209707908 ], [ -111.081334456377576, 39.467457939784026 ], [ -110.023977479597107, 39.469275381052732 ], [ -110.018690563072226, 39.362495929058234 ], [ -110.077564380800084, 39.276867157777744 ], [ -110.053839418959782, 39.229324973569085 ], [ -110.104534105337549, 39.18218898688442 ], [ -110.156878709895878, 39.035030217942221 ], [ -110.150179649128404, 38.997240556167043 ], [ -110.04117764681159, 38.993519390347352 ], [ -110.003985530619332, 38.949914313022596 ], [ -110.147883611006208, 38.979753522884216 ], [ -110.135464491478302, 38.926225420196666 ], [ -110.179297462222436, 38.908100424462759 ], [ -110.081553064870846, 38.754827171843161 ], [ -110.123117999343691, 38.708084104015839 ], [ -110.088246975420788, 38.713967131743622 ], [ -110.09409787223575, 38.665966086111553 ], [ -110.036554770691737, 38.65627512317586 ], [ -110.064884692724661, 38.608455062793567 ], [ -109.998885606158879, 38.616745128569704 ], [ -110.000173530886272, 38.589297110551122 ], [ -110.058829615267499, 38.581331047280734 ], [ -109.990772454107486, 38.567395105635811 ], [ -109.993846342148004, 38.525517077546269 ], [ -110.044975420208843, 38.515158012099263 ], [ -110.025285335979177, 38.499985024795286 ], [ -111.305702052868114, 38.500000106552356 ] ] ] } },
{ "type": "Feature", "properties": { "GEOID": "30109", "county_name": "Wibaux", "state": "MT" }, "geometry": { "type": "Polygon", "coordinates": [ [ [ -104.451002843667325, 47.318493134617839 ], [ -104.420349701082827, 47.354436046308507 ], [ -104.131863913359226, 47.353901221952441 ], [ -104.131509078501807, 47.397403296347541 ], [ -104.044870944796884, 47.397063074866985 ], [ -104.045236334564621, 46.64150578172741 ], [ -104.354838981064844, 46.641410253644807 ], [ -104.354704974752963, 46.67038210778535 ], [ -104.41800245514095, 46.684893298109259 ], [ -104.607022717314621, 46.684927972589747 ], [ -104.603771274357499, 46.860854771234195 ], [ -104.433237161123401, 46.889611359496115 ], [ -104.306064826353392, 47.042047037144762 ], [ -104.341681956246916, 47.245392660193843 ], [ -104.451002843667325, 47.318493134617839 ] ] ] } },
{ "type": "Feature", "properties": { "GEOID": "08069", "county_name": "Larimer", "state": "CO" }, "geometry": { "type": "Polygon", "coordinates": [ [ [ -105.055088556534173, 40.2617964548758 ], [ -105.6781886954588, 40.268121740912925 ], [ -105.817267389505261, 40.424324811765779 ], [ -105.807342248739744, 40.474528880223204 ], [ -105.908323146646026, 40.516075630733404 ], [ -105.990581130177546, 40.727181384263176 ], [ -106.185308220851269, 40.93397366316421 ], [ -106.191557130967837, 40.996286312339201 ], [ -104.943371663601624, 40.998217354824163 ], [ -104.945551597072168, 40.349102453940112 ], [ -105.056719852153279, 40.349284496783874 ], [ -105.055088556534173, 40.2617964548758 ] ] ] } },
{ "type": "Feature", "properties": { "GEOID": "46121", "county_name": "Todd", "state": "SD" }, "geometry": { "type": "Polygon", "coordinates": [ [ [ -100.198409379210446, 42.998713804615342 ], [ -101.228007209521323, 42.997559967965728 ], [ -101.228231526114953, 43.38918622129183 ], [ -100.21405616871192, 43.390449085487063 ], [ -100.198409379210446, 42.998713804615342 ] ] ] } },
{ "type": "Feature", "properties": { "GEOID": "08065", "county_name": "Lake", "state": "CO" }, "geometry": { "type": "Polygon", "coordinates": [ [ [ -106.504580884904527, 39.287363732674258 ], [ -106.432460108009309, 39.31635466371786 ], [ -106.400634612538539, 39.380963489135333 ], [ -106.283811963815864, 39.349470861950721 ], [ -106.135528731369618, 39.379548068812667 ], [ -106.151245620024767, 39.320696007219418 ], [ -106.183971628546118, 39.309355977869906 ], [ -106.172945380655307, 39.138766703641416 ], [ -106.210172374010114, 39.103919594672476 ], [ -106.169409345604649, 39.086805592144302 ], [ -106.19100533595946, 39.05607450171577 ], [ -106.577965099678366, 39.057910795195049 ], [ -106.561264255497576, 39.155679383290263 ], [ -106.511076411472629, 39.163534410656197 ], [ -106.493648444433219, 39.198328220568989 ], [ -106.504580884904527, 39.287363732674258 ] ] ] } },
{ "type": "Feature", "properties": { "GEOID": "56031", "county_name": "Platte", "state": "WY" }, "geometry": { "type": "Polygon", "coordinates": [ [ [ -105.286514059675739, 42.605831605794009 ], [ -104.655641643137855, 42.609474578070106 ], [ -104.653338135377837, 41.653011489539061 ], [ -105.278237019053307, 41.656659409662382 ], [ -105.286514059675739, 42.605831605794009 ] ] ] } },
{ "type": "Feature", "properties": { "GEOID": "30037", "county_name": "Golden Valley", "state": "MT" }, "geometry": { "type": "Polygon", "coordinates": [ [ [ -109.402912453835938, 46.219708106091531 ], [ -109.389213873955271, 46.751352301986515 ], [ -109.009576717647121, 46.75070301653529 ], [ -108.989002050300499, 46.577852583534529 ], [ -108.904911330923412, 46.576909588235743 ], [ -108.862284419692131, 46.36458803661192 ], [ -108.779279398780602, 46.277400110459219 ], [ -108.779740194463415, 46.132459206924224 ], [ -109.416233331838882, 46.132372924687438 ], [ -109.417164267666877, 46.044760746556733 ], [ -109.60515827781515, 46.044995646867122 ], [ -109.604195401819339, 46.132485854775496 ], [ -109.653845148620817, 46.132466840034937 ], [ -109.653876291560664, 46.219406054925493 ], [ -109.402912453835938, 46.219708106091531 ] ] ] } },
{ "type": "Feature", "properties": { "GEOID": "30009", "county_name": "Carbon", "state": "MT" }, "geometry": { "type": "Polygon", "coordinates": [ [ [ -108.24941637004801, 44.999906561623128 ], [ -109.798487420476818, 45.002334487700764 ], [ -109.798675989891251, 45.167340746138173 ], [ -109.687794867756296, 45.167340283673838 ], [ -109.687860403052511, 45.261441354616103 ], [ -109.608507523841027, 45.261445929935178 ], [ -109.588225883583263, 45.333905894154256 ], [ -109.4797016180746, 45.420834462777677 ], [ -109.356422256874538, 45.4643260551887 ], [ -109.191766497344148, 45.464503797642344 ], [ -109.19155685444332, 45.5230949706053 ], [ -109.128230766055836, 45.523025114883289 ], [ -109.127763075057786, 45.587567456142693 ], [ -108.78200556876179, 45.63864038191133 ], [ -108.801766133577004, 45.551965811982733 ], [ -108.699287613057223, 45.522629501965326 ], [ -108.698106218536594, 45.464072344821133 ], [ -108.645329062023691, 45.464073146033599 ], [ -108.682226939709693, 45.433132286380662 ], [ -108.699618172890808, 45.2177094762663 ], [ -108.098055778821163, 45.220517150142264 ], [ -108.169109484897319, 45.170069165587101 ], [ -108.24941637004801, 44.999906561623128 ] ] ] } },
{ "type": "Feature", "properties": { "GEOID": "08105", "county_name": "Rio Grande", "state": "CO" }, "geometry": { "type": "Polygon", "coordinates": [ [ [ -106.039329256390545, 37.400851367502177 ], [ -106.71077367575954, 37.404228297869878 ], [ -106.693843317100757, 37.835244714264888 ], [ -106.587137156142461, 37.834426545072773 ], [ -106.586372216568137, 37.747809492433397 ], [ -106.038410990596475, 37.748353284771966 ], [ -106.039329256390545, 37.400851367502177 ] ] ] } },
{ "type": "Feature", "properties": { "GEOID": "46117", "county_name": "Stanley", "state": "SD" }, "geometry": { "type": "Polygon", "coordinates": [ [ [ -99.93821567573778, 44.195195827565811 ], [ -101.166752236499619, 44.168086703799517 ], [ -101.136837698414681, 44.747127915090957 ], [ -101.022610657527594, 44.72415486910247 ], [ -100.91136362135974, 44.783582825356433 ], [ -100.831183540779151, 44.783344764571758 ], [ -100.634483295950332, 44.740067657781196 ], [ -100.612529253843206, 44.693460605294639 ], [ -100.64006021362411, 44.583724482696191 ], [ -100.516435168860895, 44.533339425967647 ], [ -100.574208167036772, 44.49477438485242 ], [ -100.573956169824271, 44.455476354468608 ], [ -100.407617975577466, 44.457183335225778 ], [ -100.358154898753227, 44.349217211538949 ], [ -100.098265646315468, 44.311795999528428 ], [ -99.892099543816727, 44.241881843907493 ], [ -99.93821567573778, 44.195195827565811 ] ] ] } },
{ "type": "Feature", "properties": { "GEOID": "46103", "county_name": "Pennington", "state": "SD" }, "geometry": { "type": "Polygon", "coordinates": [ [ [ -104.054590270899439, 44.141082630279605 ], [ -102.388044614891726, 44.140185308043129 ], [ -102.366964691511399, 44.285615209354027 ], [ -102.298283705936058, 44.376917213089783 ], [ -102.306222748200298, 44.434087215985407 ], [ -102.108033574762587, 44.436588220705218 ], [ -102.001067520105806, 44.510928225611877 ], [ -102.019035260025248, 43.707880149250549 ], [ -102.098889253426336, 43.685183226842511 ], [ -102.116296210750676, 43.712828263391742 ], [ -102.178722208145857, 43.687298342148338 ], [ -102.816645978990678, 43.6892249445525 ], [ -102.695872726348355, 43.79762746376295 ], [ -102.687189704412759, 43.855602243071239 ], [ -104.055490398433065, 43.853478481986151 ], [ -104.054590270899439, 44.141082630279605 ] ] ] } },
{ "type": "Feature", "properties": { "GEOID": "16043", "county_name": "Fremont", "state": "ID" }, "geometry": { "type": "Polygon", "coordinates": [ [ [ -111.49511448942377, 43.930137874743998 ], [ -111.558838123262589, 43.883306151708787 ], [ -111.837593925932197, 43.898262300866769 ], [ -111.837311872854386, 43.927159177639304 ], [ -111.976852509822095, 43.927386349176032 ], [ -111.977019407330062, 43.970910206405549 ], [ -112.156373483172501, 43.971248368198069 ], [ -112.155938283411302, 44.057781033763291 ], [ -112.034320074983214, 44.057358810924846 ], [ -112.033666712985152, 44.144049242539673 ], [ -111.913603873516834, 44.144336817718433 ], [ -111.913746678524532, 44.187789462249562 ], [ -111.857853839963965, 44.187758224064844 ], [ -111.852278296392186, 44.316994164988067 ], [ -111.791543436860991, 44.31701878345428 ], [ -111.791626036374922, 44.401607095624065 ], [ -111.617440167020476, 44.401250768286964 ], [ -111.617347914594845, 44.550388909810806 ], [ -111.463538628239831, 44.541353313353056 ], [ -111.509897574595996, 44.564971129004959 ], [ -111.516313804360109, 44.643996020110315 ], [ -111.472486929959771, 44.666189847115703 ], [ -111.488788024215538, 44.705643570703465 ], [ -111.414277063644363, 44.710740281399389 ], [ -111.384828136712827, 44.754956089034152 ], [ -111.219322996612135, 44.622522994766562 ], [ -111.227634974651593, 44.576688774907026 ], [ -111.048977715380161, 44.474069101005746 ], [ -111.047049664441204, 43.983469750142255 ], [ -111.187262020599675, 43.932115398167689 ], [ -111.236050331711752, 43.94907803022587 ], [ -111.308832029940419, 43.919174068493348 ], [ -111.354549015127489, 43.948104879781461 ], [ -111.425225659080354, 43.910359028842315 ], [ -111.49511448942377, 43.930137874743998 ] ] ] } },
{ "type": "Feature", "properties": { "GEOID": "30045", "county_name": "Judith Basin", "state": "MT" }, "geometry": { "type": "Polygon", "coordinates": [ [ [ -110.788306866628915, 47.307848713196933 ], [ -110.767036861844858, 47.297065744796384 ], [ -110.767129991070917, 47.359128711524193 ], [ -110.638916091716112, 47.35903278053069 ], [ -110.639564197529978, 47.416486765611566 ], [ -110.213601265175626, 47.41665782655064 ], [ -110.213290219205362, 47.358771822265467 ], [ -110.127957251079891, 47.359020829602613 ], [ -110.127704202938403, 47.271910826095308 ], [ -110.000294281600517, 47.272133841410621 ], [ -110.00002927400655, 47.228716861077793 ], [ -109.872480281390906, 47.228883854184417 ], [ -109.871990282755561, 47.185323876992399 ], [ -109.756573296942321, 47.185694855583421 ], [ -109.755428337007316, 46.89602403406964 ], [ -109.83542925678114, 46.809162144923121 ], [ -109.756671337209951, 46.780390197157963 ], [ -109.745750302391571, 46.694098366612394 ], [ -109.969409082552247, 46.75295114795842 ], [ -110.26971151559988, 46.712117076325988 ], [ -110.343758340891753, 46.672463083009234 ], [ -110.466630176651918, 46.678527040817087 ], [ -110.561495169285877, 46.732089036103687 ], [ -110.563708258810294, 46.771364023578847 ], [ -110.649528207664773, 46.801474018452723 ], [ -110.645216757406743, 47.095870841458165 ], [ -110.772512588211185, 47.095925812995496 ], [ -110.788306866628915, 47.307848713196933 ] ] ] } },
{ "type": "Feature", "properties": { "GEOID": "30077", "county_name": "Powell", "state": "MT" }, "geometry": { "type": "Polygon", "coordinates": [ [ [ -113.466453872023692, 47.179184637810508 ], [ -113.466488861596503, 47.600054925784384 ], [ -113.130837703539839, 47.587672042513013 ], [ -113.115434846361779, 47.491441176404308 ], [ -113.059202859875811, 47.488597234127269 ], [ -113.059056865167392, 47.1795681137447 ], [ -112.795811812132612, 47.177002341853743 ], [ -112.795644765955416, 46.831663574127376 ], [ -112.535751171452034, 46.834232888619304 ], [ -112.535599499011212, 46.69948102229656 ], [ -112.410848662856736, 46.699504158136335 ], [ -112.410640514828316, 46.656010251872516 ], [ -112.320873620228298, 46.655926356613811 ], [ -112.293207504822576, 46.605088509868288 ], [ -112.316707381285823, 46.574922550571607 ], [ -112.293343250838973, 46.517914717206558 ], [ -112.312753011118758, 46.418146864912842 ], [ -112.403414838484963, 46.386811857395969 ], [ -112.454086708647608, 46.328931978641712 ], [ -112.532946443705328, 46.335372922586814 ], [ -112.570337127086631, 46.304867989176721 ], [ -112.558600143419767, 46.265821120197323 ], [ -113.03682462818476, 46.266825732805856 ], [ -113.038704030382718, 46.735538495319616 ], [ -113.177540881873156, 46.730734445971734 ], [ -113.24934838258585, 46.820567323536807 ], [ -113.291408242431515, 46.806930333305054 ], [ -113.302946832976772, 47.179641116605993 ], [ -113.466453872023692, 47.179184637810508 ] ] ] } },
{ "type": "Feature", "properties": { "GEOID": "46105", "county_name": "Perkins", "state": "SD" }, "geometry": { "type": "Polygon", "coordinates": [ [ [ -102.942070863199575, 45.945003236136955 ], [ -102.000681767938275, 45.944565231357686 ], [ -101.999994247426429, 45.038276221281343 ], [ -102.957371764634701, 45.039571711507001 ], [ -102.942070863199575, 45.945003236136955 ] ] ] } },
{ "type": "Feature", "properties": { "GEOID": "56045", "county_name": "Weston", "state": "WY" }, "geometry": { "type": "Polygon", "coordinates": [ [ [ -105.079802622299724, 43.498450104521304 ], [ -105.079287908047277, 44.176184905518753 ], [ -104.054489338684022, 44.180382627436082 ], [ -104.054792156992193, 43.50333198225362 ], [ -105.079802622299724, 43.498450104521304 ] ] ] } },
{ "type": "Feature", "properties": { "GEOID": "31029", "county_name": "Chase", "state": "NE" }, "geometry": { "type": "Polygon", "coordinates": [ [ [ -101.3427867081393, 40.350444081668314 ], [ -102.051586060747113, 40.349213317047592 ], [ -102.051457044660182, 40.697539107689693 ], [ -101.345363383090287, 40.698092673244908 ], [ -101.3427867081393, 40.350444081668314 ] ] ] } },
{ "type": "Feature", "properties": { "GEOID": "08047", "county_name": "Gilpin", "state": "CO" }, "geometry": { "type": "Polygon", "coordinates": [ [ [ -105.686681742309204, 39.849580698943349 ], [ -105.675799081947233, 39.932446109076267 ], [ -105.397972288680279, 39.934868204605316 ], [ -105.397949343865719, 39.746040515748433 ], [ -105.5393933501893, 39.772310342105634 ], [ -105.57794659172788, 39.822492536627273 ], [ -105.686681742309204, 39.849580698943349 ] ] ] } },
{ "type": "Feature", "properties": { "GEOID": "46095", "county_name": "Mellette", "state": "SD" }, "geometry": { "type": "Polygon", "coordinates": [ [ [ -100.21405616871192, 43.390449085487063 ], [ -101.228231526114953, 43.38918622129183 ], [ -101.228239744699067, 43.795630625387176 ], [ -101.030374546331117, 43.857940518295955 ], [ -100.80825700689698, 43.766789591330358 ], [ -100.789632860660859, 43.725439562056273 ], [ -100.745341820412449, 43.738858612349816 ], [ -100.753701807169847, 43.722497575194325 ], [ -100.734527741254539, 43.707462531364001 ], [ -100.58790058060346, 43.769286484076034 ], [ -100.473102180046794, 43.720892376930749 ], [ -100.369264996846141, 43.739223344879782 ], [ -100.287009838406888, 43.697144203044253 ], [ -100.230841892965614, 43.713857175884343 ], [ -100.21405616871192, 43.390449085487063 ] ] ] } },
{ "type": "Feature", "properties": { "GEOID": "30067", "county_name": "Park", "state": "MT" }, "geometry": { "type": "Polygon", "coordinates": [ [ [ -111.045069773613235, 45.000953022315116 ], [ -111.038172007034632, 45.351392930436994 ], [ -110.917901748947386, 45.351275067157232 ], [ -110.919223998682241, 45.524862184477968 ], [ -110.858254015804405, 45.524880335713235 ], [ -110.857383878949094, 45.590651136548189 ], [ -110.794775952364702, 45.590683303270502 ], [ -110.783835780656773, 46.192699926280355 ], [ -110.281919347132373, 46.184398314042461 ], [ -110.29266421599236, 45.785058139293369 ], [ -110.220910325666665, 45.784974134954226 ], [ -110.228055168296507, 45.1721316995162 ], [ -109.798669005795247, 45.172129750820957 ], [ -109.798487420476818, 45.002334487700764 ], [ -111.045069773613235, 45.000953022315116 ] ] ] } },
{ "type": "Feature", "properties": { "GEOID": "08125", "county_name": "Yuma", "state": "CO" }, "geometry": { "type": "Polygon", "coordinates": [ [ [ -102.051465022630339, 40.440008305474421 ], [ -102.049806265501957, 39.57405821633165 ], [ -102.80293245725737, 39.567842374111244 ], [ -102.779960216550094, 40.438447206940928 ], [ -102.051465022630339, 40.440008305474421 ] ] ] } },
{ "type": "Feature", "properties": { "GEOID": "56001", "county_name": "Albany", "state": "WY" }, "geometry": { "type": "Polygon", "coordinates": [ [ [ -105.283912641206854, 42.431407468048178 ], [ -105.27686024241676, 40.998175542515725 ], [ -106.321166239828656, 40.999124056953413 ], [ -106.322885902376257, 41.395143486151653 ], [ -106.068406585328844, 41.395031317911624 ], [ -106.073406835552817, 42.433239952162822 ], [ -105.556044913761795, 42.430587951229512 ], [ -105.575644802342111, 42.377318828400938 ], [ -105.614658827438859, 42.377440757366742 ], [ -105.613867660204491, 42.304459638173135 ], [ -105.526401563432373, 42.288863774642138 ], [ -105.375543406485519, 42.29014416642022 ], [ -105.351966653773488, 42.404897317604103 ], [ -105.283912641206854, 42.431407468048178 ] ] ] } },
{ "type": "Feature", "properties": { "GEOID": "56029", "county_name": "Park", "state": "WY" }, "geometry": { "type": "Polygon", "coordinates": [ [ [ -111.054559797592418, 44.999738004509851 ], [ -108.621318791139174, 45.000364188350417 ], [ -108.550760419044892, 44.079405619366796 ], [ -108.792279214731209, 44.079618741546064 ], [ -108.791781291709086, 43.9910557492923 ], [ -108.915987273184356, 43.990856795843513 ], [ -108.912785048112923, 43.9047570951466 ], [ -109.092880448244401, 43.904477158534995 ], [ -109.093605410255378, 43.817622490636495 ], [ -109.312952132981835, 43.813296348188601 ], [ -109.442364038403966, 43.930436954841312 ], [ -109.542335065042494, 43.961354923317124 ], [ -109.6444670807753, 43.920756164929024 ], [ -109.665896076913683, 43.845729384054543 ], [ -109.787372152325787, 43.801159540155773 ], [ -109.842597281960494, 43.819505374044567 ], [ -109.85516934139973, 43.848258303903243 ], [ -109.813788250417105, 43.861764358586633 ], [ -109.87361649129879, 43.930182166671173 ], [ -109.858757475923639, 43.957991142719116 ], [ -109.993874919533127, 43.949560046695446 ], [ -110.053183017341851, 44.008025043265171 ], [ -110.053360937707581, 44.132631000838273 ], [ -110.119599864398907, 44.13258098770104 ], [ -110.105398839593619, 44.184602970939714 ], [ -110.144796747962388, 44.283189938523144 ], [ -110.203845613767839, 44.30561296954675 ], [ -110.228787477999973, 44.37472506866829 ], [ -110.296299306429248, 44.430422168532594 ], [ -110.294853440632181, 44.546926191305623 ], [ -110.384507641294306, 44.563847994807901 ], [ -110.375337752425807, 44.583018931748704 ], [ -110.667902403693702, 44.582794322919902 ], [ -110.667870938694691, 44.666293143195489 ], [ -111.053450681183591, 44.666268140024286 ], [ -111.054559797592418, 44.999738004509851 ] ] ] } },
{ "type": "Feature", "properties": { "GEOID": "30025", "county_name": "Fallon", "state": "MT" }, "geometry": { "type": "Polygon", "coordinates": [ [ [ -104.905995327944979, 46.482254305720318 ], [ -104.732678496706583, 46.482205377536566 ], [ -104.732849479059496, 46.656266497706092 ], [ -104.606840720981765, 46.655970116092021 ], [ -104.606908716637037, 46.684925972244102 ], [ -104.41800245514095, 46.684893298109259 ], [ -104.354704974752963, 46.67038210778535 ], [ -104.354838981064844, 46.641410253644807 ], [ -104.045236334564621, 46.64150578172741 ], [ -104.044197326717267, 45.881980177309792 ], [ -104.134829439911258, 45.881931128352399 ], [ -104.134845195574798, 45.968836237700778 ], [ -104.390879977471997, 45.970368179159131 ], [ -104.390747920436112, 46.054831006185935 ], [ -104.516082267984643, 46.054849901889426 ], [ -104.516130423900577, 46.136201430813927 ], [ -104.885501141109359, 46.136600977725948 ], [ -104.905995327944979, 46.482254305720318 ] ] ] } },
{ "type": "Feature", "properties": { "GEOID": "30055", "county_name": "McCone", "state": "MT" }, "geometry": { "type": "Polygon", "coordinates": [ [ [ -106.430226645801639, 48.020712460131854 ], [ -106.394165455422041, 48.064726414056921 ], [ -106.126148260638018, 48.030983006610583 ], [ -106.14195736675569, 48.006406021745974 ], [ -106.079150162354438, 48.0355399299727 ], [ -106.029370164577983, 48.004057821951179 ], [ -106.015720053942147, 48.033787821951165 ], [ -105.916591980301448, 48.003836776809912 ], [ -105.89461887271429, 48.038183803870069 ], [ -105.851977870743752, 48.008521785356429 ], [ -105.774462698778592, 48.048344815298854 ], [ -105.75056269560622, 48.025396802889709 ], [ -105.651507633818923, 48.046497997489496 ], [ -105.64794260004301, 48.077304015487435 ], [ -105.535410572921563, 48.066445215420636 ], [ -105.503196534348646, 48.097792276303856 ], [ -105.194784501347186, 48.066617494085257 ], [ -105.195124156783933, 47.868081756253524 ], [ -105.234653180401381, 47.868057746651331 ], [ -105.234773611106576, 47.790502880702128 ], [ -105.363264804950106, 47.790419767840824 ], [ -105.363511845773758, 47.529559459128407 ], [ -105.406585963116441, 47.529535435461945 ], [ -105.406316646904415, 47.181585442568107 ], [ -105.833052803124616, 47.181094203157414 ], [ -105.832646443652237, 47.093111419821433 ], [ -105.950597304748015, 47.09284015196836 ], [ -105.959827716061156, 47.181001979403085 ], [ -106.170428521253527, 47.18082810872712 ], [ -106.170682339559704, 47.354496786595909 ], [ -106.298165195442635, 47.35430002591157 ], [ -106.298078927841217, 47.52904261353531 ], [ -106.261127019742716, 47.529053526713319 ], [ -106.260935529006815, 47.868431417438217 ], [ -106.358088426470886, 47.868412568412147 ], [ -106.358290916469258, 47.957216427860132 ], [ -106.418622925273652, 47.957457514124044 ], [ -106.430226645801639, 48.020712460131854 ] ] ] } },
{ "type": "Feature", "properties": { "GEOID": "46047", "county_name": "Fall River", "state": "SD" }, "geometry": { "type": "Polygon", "coordinates": [ [ [ -103.000610665555683, 43.000755171555909 ], [ -104.053032842258702, 43.00059085425903 ], [ -104.054809143561101, 43.477819097412102 ], [ -103.000912384212967, 43.476852527335019 ], [ -103.000610665555683, 43.000755171555909 ] ] ] } },
{ "type": "Feature", "properties": { "GEOID": "49047", "county_name": "Uintah", "state": "UT" }, "geometry": { "type": "Polygon", "coordinates": [ [ [ -109.048946888643954, 40.66260559082999 ], [ -109.051228691019872, 39.497744941624411 ], [ -109.106912039087391, 39.462106068738336 ], [ -110.02396547962806, 39.46927538117022 ], [ -110.048232334726421, 39.533156810579371 ], [ -109.984436196594018, 39.663987652611596 ], [ -110.005106987596548, 39.687181398049532 ], [ -109.970589198042163, 39.709484491688656 ], [ -109.992866909203286, 39.737331199542332 ], [ -109.950525359032227, 39.719420566932051 ], [ -109.92802941714406, 39.79797350324209 ], [ -109.873915878527185, 39.786310858406345 ], [ -109.883082744566806, 39.806242760613252 ], [ -109.976758037610892, 39.806236200460098 ], [ -109.976405408678417, 40.809691563079923 ], [ -109.869403346552701, 40.763969581626313 ], [ -109.528502040924408, 40.827574342832257 ], [ -109.516265308231553, 40.754528305218429 ], [ -109.484608321694182, 40.740391297831984 ], [ -109.394468033937613, 40.791037267603663 ], [ -109.394493853742617, 40.858171262337876 ], [ -109.202161078017497, 40.858417122892952 ], [ -109.201414925699211, 40.785752120079025 ], [ -109.16342797686265, 40.785960031617542 ], [ -109.161065974913882, 40.683769939665702 ], [ -109.048946888643954, 40.66260559082999 ] ] ] } },
{ "type": "Feature", "properties": { "GEOID": "56019", "county_name": "Johnson", "state": "WY" }, "geometry": { "type": "Polygon", "coordinates": [ [ [ -107.371294059094623, 44.557225253378348 ], [ -106.009684580755277, 44.563986518771038 ], [ -106.017372662576292, 43.494974019067023 ], [ -107.110924484510477, 43.492367371393215 ], [ -107.145005158217188, 44.324008702909744 ], [ -107.189055078233324, 44.347499709024589 ], [ -107.161408290830181, 44.368639697855691 ], [ -107.202042437337695, 44.446309695368363 ], [ -107.300369058872022, 44.45893357851898 ], [ -107.294163237097891, 44.50071156943622 ], [ -107.371294059094623, 44.557225253378348 ] ] ] } },
{ "type": "Feature", "properties": { "GEOID": "30095", "county_name": "Stillwater", "state": "MT" }, "geometry": { "type": "Polygon", "coordinates": [ [ [ -109.562074898085712, 45.609119942536651 ], [ -109.548827363363841, 45.87075025252463 ], [ -109.5059686363103, 45.870219264996386 ], [ -109.506609743974778, 45.95911349145797 ], [ -109.423032167429582, 45.960012546398453 ], [ -109.416233331838882, 46.132372924687438 ], [ -108.924596230197494, 46.132372210809876 ], [ -108.904732170489794, 45.682822413876302 ], [ -108.84302159198208, 45.611043110171067 ], [ -109.127763075057786, 45.587567456142693 ], [ -109.128230766055836, 45.523025114883289 ], [ -109.19155685444332, 45.5230949706053 ], [ -109.191766497344148, 45.464503797642344 ], [ -109.356422256874538, 45.4643260551887 ], [ -109.4797016180746, 45.420834462777677 ], [ -109.588225883583263, 45.333905894154256 ], [ -109.608507523841027, 45.261445929935178 ], [ -109.687860403052511, 45.261441354616103 ], [ -109.687794867756296, 45.167340283673838 ], [ -110.064521323666554, 45.172131494528401 ], [ -110.064584119318624, 45.348757202141222 ], [ -109.931987355241844, 45.348757046092402 ], [ -109.932028500636221, 45.522457699454215 ], [ -109.808844824000133, 45.522471741372883 ], [ -109.808796778048404, 45.565926595561621 ], [ -109.685389252340983, 45.565611375914578 ], [ -109.685389252835577, 45.609023273512705 ], [ -109.562074898085712, 45.609119942536651 ] ] ] } },
{ "type": "Feature", "properties": { "GEOID": "56033", "county_name": "Sheridan", "state": "WY" }, "geometry": { "type": "Polygon", "coordinates": [ [ [ -106.009684580755277, 44.563986518771038 ], [ -107.369625070754864, 44.559841254745642 ], [ -107.383476097929446, 44.595358157717754 ], [ -107.527206675602258, 44.63429569323106 ], [ -107.549175724142586, 44.678796598233248 ], [ -107.615894560911769, 44.70130050769508 ], [ -107.66971126959632, 44.679581504102188 ], [ -107.743470187978701, 44.715426385613782 ], [ -107.754391360844679, 44.77059429362739 ], [ -107.832322134239533, 44.790164243466208 ], [ -107.816281229647657, 44.817525205463127 ], [ -107.865021225200067, 44.87364208399687 ], [ -107.852535340227405, 44.915637019741531 ], [ -107.911526502559596, 45.000680799271493 ], [ -106.024823121796445, 44.993501789910212 ], [ -106.009684580755277, 44.563986518771038 ] ] ] } },
{ "type": "Feature", "properties": { "GEOID": "08057", "county_name": "Jackson", "state": "CO" }, "geometry": { "type": "Polygon", "coordinates": [ [ [ -106.873222416693721, 40.973636280974048 ], [ -106.857773767285678, 41.002664214499191 ], [ -106.190555124322103, 40.997579315060115 ], [ -106.185308220851269, 40.93397366316421 ], [ -106.029686174251154, 40.781563324267623 ], [ -105.910177144679324, 40.519148621924096 ], [ -105.8690921454278, 40.520739709741008 ], [ -105.854927203352929, 40.486253784756059 ], [ -105.89175521904906, 40.476662703463425 ], [ -105.903321406067334, 40.400752714959275 ], [ -105.960826491914361, 40.347940740642876 ], [ -106.018623410255529, 40.373296681486984 ], [ -106.230075360835059, 40.323383645272564 ], [ -106.2656634184236, 40.360951560140165 ], [ -106.30619333717452, 40.328503453958959 ], [ -106.35648336303143, 40.35807430127727 ], [ -106.443421303619346, 40.346534042138614 ], [ -106.489843331933784, 40.411578983577023 ], [ -106.534922286034117, 40.365080823530285 ], [ -106.612322288968485, 40.379383677700481 ], [ -106.70621928495062, 40.615606677483335 ], [ -106.635705117647973, 40.811896690128357 ], [ -106.685883924811478, 40.885822445696064 ], [ -106.739341954331266, 40.870843432759841 ], [ -106.804897110891488, 40.897311367277744 ], [ -106.873222416693721, 40.973636280974048 ] ] ] } },
{ "type": "Feature", "properties": { "GEOID": "08063", "county_name": "Kit Carson", "state": "CO" }, "geometry": { "type": "Polygon", "coordinates": [ [ [ -102.046571148343659, 39.047038300169639 ], [ -103.163026882359375, 39.037610648760868 ], [ -103.154321339906758, 39.565761590456624 ], [ -102.049806265501957, 39.57405821633165 ], [ -102.046571148343659, 39.047038300169639 ] ] ] } },
{ "type": "Feature", "properties": { "GEOID": "49055", "county_name": "Wayne", "state": "UT" }, "geometry": { "type": "Polygon", "coordinates": [ [ [ -109.927973901607146, 38.15175352748286 ], [ -111.843214380013762, 38.151234349988265 ], [ -111.848760524208132, 38.42493445514723 ], [ -111.756302259836104, 38.510148358231923 ], [ -110.025285335979177, 38.499985024795286 ], [ -110.010752279433348, 38.449496971719483 ], [ -110.044318342941409, 38.449013932181096 ], [ -110.003126250876321, 38.414105930658877 ], [ -110.032662281056858, 38.385987858932289 ], [ -110.013072243209862, 38.364069849560913 ], [ -109.976682203040426, 38.388995916612629 ], [ -109.983213196537903, 38.351445856803515 ], [ -109.940940132222579, 38.353296887941987 ], [ -109.963443150719385, 38.319747822057266 ], [ -109.93498507134646, 38.262054746883727 ], [ -109.90454801932745, 38.26685676784949 ], [ -109.91835602323242, 38.243003719690336 ], [ -109.888487948167338, 38.228940701283406 ], [ -109.920435993213943, 38.22060067237296 ], [ -109.88510588356489, 38.188182615863219 ], [ -109.927973901607146, 38.15175352748286 ] ] ] } },
{ "type": "Feature", "properties": { "GEOID": "08019", "county_name": "Clear Creek", "state": "CO" }, "geometry": { "type": "Polygon", "coordinates": [ [ [ -105.822954465626523, 39.785606043541165 ], [ -105.655313732829114, 39.849438683293826 ], [ -105.57794659172788, 39.822492536627273 ], [ -105.53586034185895, 39.770873337747858 ], [ -105.398712348203802, 39.747294510596113 ], [ -105.398948574348282, 39.566057017709262 ], [ -105.836598612774267, 39.568791597375629 ], [ -105.776034760449207, 39.610727062053876 ], [ -105.92668103368274, 39.673590052725729 ], [ -105.88237528468828, 39.74032956254603 ], [ -105.887622459896505, 39.796601660819228 ], [ -105.822954465626523, 39.785606043541165 ] ] ] } },
{ "type": "Feature", "properties": { "GEOID": "08075", "county_name": "Logan", "state": "CO" }, "geometry": { "type": "Polygon", "coordinates": [ [ [ -102.664804263092776, 40.438474065859353 ], [ -103.465377266577647, 40.43634818300675 ], [ -103.467200295087878, 40.523255130534018 ], [ -103.581844307959855, 40.523385321935159 ], [ -103.573774409230992, 41.001716929923013 ], [ -102.653462822701911, 41.002332485574705 ], [ -102.664804263092776, 40.438474065859353 ] ] ] } },
{ "type": "Feature", "properties": { "GEOID": "31033", "county_name": "Cheyenne", "state": "NE" }, "geometry": { "type": "Polygon", "coordinates": [ [ [ -102.621032859829612, 41.002597448648871 ], [ -103.382491775430623, 41.00225363903381 ], [ -103.369004585744946, 41.437768312751388 ], [ -102.6365244344925, 41.438809833957016 ], [ -102.636740469113889, 41.395221889426374 ], [ -102.609385459666342, 41.395115857981096 ], [ -102.621032859829612, 41.002597448648871 ] ] ] } },
{ "type": "Feature", "properties": { "GEOID": "30021", "county_name": "Dawson", "state": "MT" }, "geometry": { "type": "Polygon", "coordinates": [ [ [ -105.406585963116441, 47.529535435461945 ], [ -105.363511845773758, 47.529559459128407 ], [ -105.363264804950106, 47.790419767840824 ], [ -105.234773611106576, 47.790502880702128 ], [ -105.235019187219081, 47.703582070751651 ], [ -104.978092910559198, 47.703294133990333 ], [ -104.978556423587378, 47.616273319307972 ], [ -104.593667173155751, 47.61629527781497 ], [ -104.594049321197573, 47.529336334059629 ], [ -104.513052197343455, 47.529443282969034 ], [ -104.513295218831303, 47.354720322323097 ], [ -104.420342701059084, 47.354447046292464 ], [ -104.451020842894494, 47.317630134416916 ], [ -104.341681956246916, 47.245392660193843 ], [ -104.306064826353392, 47.042047037144762 ], [ -104.412127976860575, 46.904004312355831 ], [ -104.496586690151148, 46.860814538560888 ], [ -105.02753343029184, 46.861459366208607 ], [ -105.0695314102678, 46.919174462990568 ], [ -105.197018860292459, 46.919194642423143 ], [ -105.196742780868618, 46.977174668196582 ], [ -105.324765370173637, 46.977198791351533 ], [ -105.324860304218262, 47.181498424083699 ], [ -105.406316646904415, 47.181585442568107 ], [ -105.406585963116441, 47.529535435461945 ] ] ] } },
{ "type": "Feature", "properties": { "GEOID": "30075", "county_name": "Powder River", "state": "MT" }, "geometry": { "type": "Polygon", "coordinates": [ [ [ -105.038253075037133, 45.000110362072206 ], [ -106.263724359363493, 44.9938224187567 ], [ -106.279556123835604, 45.351803573572248 ], [ -106.235723144362169, 45.351802840778312 ], [ -106.234507266676133, 45.788584470172772 ], [ -104.981945440648502, 45.786987163290142 ], [ -104.987319457181627, 45.352041595746527 ], [ -105.038206564088952, 45.352036528139308 ], [ -105.038253075037133, 45.000110362072206 ] ] ] } },
{ "type": "Feature", "properties": { "GEOID": "08121", "county_name": "Washington", "state": "CO" }, "geometry": { "type": "Polygon", "coordinates": [ [ [ -103.471990562766294, 40.00150413135794 ], [ -103.465377266577647, 40.43634818300675 ], [ -102.779960216550094, 40.438447206940928 ], [ -102.80293245725737, 39.567842374111244 ], [ -103.70707269307951, 39.566296889951602 ], [ -103.705701191745646, 40.001368429767965 ], [ -103.471990562766294, 40.00150413135794 ] ] ] } },
{ "type": "Feature", "properties": { "GEOID": "56027", "county_name": "Niobrara", "state": "WY" }, "geometry": { "type": "Polygon", "coordinates": [ [ [ -104.052840566375622, 42.611773468623362 ], [ -104.89243989022718, 42.608945176859727 ], [ -104.899945987922635, 43.499644103000151 ], [ -104.054792156992193, 43.50333198225362 ], [ -104.052840566375622, 42.611773468623362 ] ] ] } },
{ "type": "Feature", "properties": { "GEOID": "49007", "county_name": "Carbon", "state": "UT" }, "geometry": { "type": "Polygon", "coordinates": [ [ [ -110.02396547962806, 39.46927538117022 ], [ -111.081334456377576, 39.467457939784026 ], [ -111.131998484457569, 39.61362209707908 ], [ -111.163842486540432, 39.598064110476535 ], [ -111.247461612933108, 39.704376283841007 ], [ -111.247497730709412, 39.813031331337044 ], [ -109.883082744566806, 39.806242760613252 ], [ -109.874515862801928, 39.789652847469533 ], [ -109.92902041061204, 39.797094498397733 ], [ -109.950525359032227, 39.719420566932051 ], [ -109.992866909203286, 39.737331199542332 ], [ -109.970589198042163, 39.709484491688656 ], [ -110.005106987596548, 39.687181398049532 ], [ -109.984436196594018, 39.663987652611596 ], [ -110.048232334726421, 39.533156810579371 ], [ -110.02396547962806, 39.46927538117022 ] ] ] } },
{ "type": "Feature", "properties": { "GEOID": "30103", "county_name": "Treasure", "state": "MT" }, "geometry": { "type": "Polygon", "coordinates": [ [ [ -107.738555150113939, 46.481807145464714 ], [ -107.174538633663886, 46.482714656593799 ], [ -107.153451423570175, 46.395614816833898 ], [ -107.028429574807603, 46.395462054389185 ], [ -107.007400517229641, 46.134200331307689 ], [ -106.939073546916219, 46.136669497408143 ], [ -106.939099918560601, 45.870043499224991 ], [ -107.052163910838885, 45.870054254285421 ], [ -107.051951215606152, 45.913491269834495 ], [ -107.176365251175397, 45.913325093359035 ], [ -107.176363540953957, 45.956763085039178 ], [ -107.425133610598081, 45.956675647241099 ], [ -107.424935071486289, 46.043375629641922 ], [ -107.517635121670082, 46.050043475703241 ], [ -107.474493311898073, 46.102997535265665 ], [ -107.466137598939113, 46.177775535025589 ], [ -107.612401955565758, 46.308114334281505 ], [ -107.612418018226549, 46.351558310502398 ], [ -107.738555150113939, 46.481807145464714 ] ] ] } },
{ "type": "Feature", "properties": { "GEOID": "46019", "county_name": "Butte", "state": "SD" }, "geometry": { "type": "Polygon", "coordinates": [ [ [ -102.957281825799313, 45.212853741343203 ], [ -102.964124921491148, 44.604289441550847 ], [ -103.820640758227299, 44.604779995321607 ], [ -104.055945134736703, 44.571027274923303 ], [ -104.040005718215383, 45.212894498413661 ], [ -102.957281825799313, 45.212853741343203 ] ] ] } },
{ "type": "Feature", "properties": { "GEOID": "30111", "county_name": "Yellowstone", "state": "MT" }, "geometry": { "type": "Polygon", "coordinates": [ [ [ -107.474314511417006, 46.155182526389368 ], [ -107.511540094720004, 46.043404485413141 ], [ -107.674460155182146, 46.043611243796107 ], [ -107.674473907884789, 45.985760225871623 ], [ -107.798759042981999, 45.985681120009133 ], [ -107.798826861754378, 45.956724110497511 ], [ -107.88187889494526, 45.928150143305523 ], [ -107.881851732552221, 45.899234140470796 ], [ -108.04735813546219, 45.899480207088857 ], [ -108.069755474207057, 45.518535504254928 ], [ -108.19320896132902, 45.51853830528642 ], [ -108.193194762603056, 45.489526232605073 ], [ -108.316248932458393, 45.489502994125296 ], [ -108.316377760698074, 45.460509009214803 ], [ -108.698106218536594, 45.464072344821133 ], [ -108.699287613057223, 45.522629501965326 ], [ -108.801766133577004, 45.551965811982733 ], [ -108.78200556876179, 45.63864038191133 ], [ -108.84302159198208, 45.611043110171067 ], [ -108.904732170489794, 45.682822413876302 ], [ -108.924596230197494, 46.132372210809876 ], [ -108.404802400403057, 46.132953733511719 ], [ -108.404863404463967, 46.235961582719021 ], [ -108.320819188478254, 46.26399844230658 ], [ -108.029369966389368, 46.264056316317486 ], [ -108.011954972399565, 46.336814254966221 ], [ -107.928553996278879, 46.395285197070152 ], [ -107.782094037050356, 46.395183178163144 ], [ -107.781221139359275, 46.496015130258222 ], [ -107.612418018226549, 46.351558310502398 ], [ -107.612401955565758, 46.308114334281505 ], [ -107.528652867117103, 46.250246445015819 ], [ -107.474314511417006, 46.155182526389368 ] ] ] } },
{ "type": "Feature", "properties": { "GEOID": "49037", "county_name": "San Juan", "state": "UT" }, "geometry": { "type": "Polygon", "coordinates": [ [ [ -110.044571347218735, 38.454250939025272 ], [ -110.011079279656698, 38.448629970126241 ], [ -110.025285335979177, 38.499985024795286 ], [ -109.060119088211835, 38.500029882710542 ], [ -109.045171022689203, 36.998978167729575 ], [ -111.413013447145318, 37.001505606679913 ], [ -111.306238458133762, 37.01255380963277 ], [ -111.281661489731306, 37.041726806688452 ], [ -111.300066515696827, 37.066745738330809 ], [ -111.239784509970931, 37.022072876434621 ], [ -111.240283553095082, 37.067744784939819 ], [ -111.218215621214071, 37.056679762226914 ], [ -111.17594778105547, 37.103272593815127 ], [ -110.957723247875521, 37.124871206421105 ], [ -110.890440103990997, 37.193070127881747 ], [ -110.873048005448624, 37.286905138161387 ], [ -110.838595003917789, 37.300219152384784 ], [ -110.873260005425678, 37.345931176107065 ], [ -110.804506002405304, 37.32093217670262 ], [ -110.73578199980588, 37.346398219005131 ], [ -110.722459999687317, 37.372268248229759 ], [ -110.753284000143694, 37.404525280965956 ], [ -110.699479999695043, 37.43209131466844 ], [ -110.747582999991081, 37.458487342798357 ], [ -110.640197999863545, 37.48602137390818 ], [ -110.663924009937304, 37.518369391214421 ], [ -110.599707026283809, 37.568697395704106 ], [ -110.602971040384261, 37.60337539928841 ], [ -110.498244019900255, 37.651739398608989 ], [ -110.426093035722104, 37.775381507368486 ], [ -110.476961070707929, 37.800018488468588 ], [ -110.437481060301863, 37.806979537586919 ], [ -110.40422108733793, 37.880947671305314 ], [ -110.303443020014299, 37.890498796519758 ], [ -110.283273003093072, 37.865924782514512 ], [ -110.269487995889165, 37.897552844950802 ], [ -110.208794916489637, 37.894072885774726 ], [ -110.201848921457369, 37.946878974176791 ], [ -110.136075888578361, 38.005261118295593 ], [ -110.078386829890974, 37.998176148604685 ], [ -110.026039945106035, 38.097230380529567 ], [ -109.887165879587045, 38.182961604148666 ], [ -109.920435993213943, 38.22060067237296 ], [ -109.888487948167338, 38.228940701283406 ], [ -109.91835602323242, 38.243003719690336 ], [ -109.904275018529603, 38.266390767189307 ], [ -109.93498507134646, 38.262054746883727 ], [ -109.963443150719385, 38.319747822057266 ], [ -109.940940132222579, 38.353296887941987 ], [ -109.983213196537903, 38.351445856803515 ], [ -109.979232206974658, 38.38963991559649 ], [ -110.015815246905717, 38.36473784758136 ], [ -110.033433284427474, 38.389585863043571 ], [ -110.00324125185189, 38.416088933325639 ], [ -110.044571347218735, 38.454250939025272 ] ] ] } },
{ "type": "Feature", "properties": { "GEOID": "56039", "county_name": "Teton", "state": "WY" }, "geometry": { "type": "Polygon", "coordinates": [ [ [ -111.053450681183591, 44.666268140024286 ], [ -110.667870938694691, 44.666293143195489 ], [ -110.667902403693702, 44.582794322919902 ], [ -110.375337752425807, 44.583018931748704 ], [ -110.384507641294306, 44.563847994807901 ], [ -110.290151416337153, 44.542738205782541 ], [ -110.296299306429248, 44.430422168532594 ], [ -110.228787477999973, 44.37472506866829 ], [ -110.203845613767839, 44.30561296954675 ], [ -110.144796747962388, 44.283189938523144 ], [ -110.105398839593619, 44.184602970939714 ], [ -110.119599864398907, 44.13258098770104 ], [ -110.053360937707581, 44.132631000838273 ], [ -110.057313382022087, 43.37777155054431 ], [ -110.344221750401047, 43.377921649405494 ], [ -110.343962891357819, 43.291169191957415 ], [ -110.578383600838322, 43.2916435364601 ], [ -110.578659544862532, 43.235227721102753 ], [ -110.813996101832529, 43.235180920447341 ], [ -110.81399923343298, 43.31394284626446 ], [ -111.044895949251355, 43.315721464259063 ], [ -111.053450681183591, 44.666268140024286 ] ] ] } },
{ "type": "Feature", "properties": { "GEOID": "46093", "county_name": "Meade", "state": "SD" }, "geometry": { "type": "Polygon", "coordinates": [ [ [ -102.306915747384352, 44.431603215860299 ], [ -102.298283705936058, 44.376917213089783 ], [ -102.366964691511399, 44.285615209354027 ], [ -102.388044614891726, 44.140185308043129 ], [ -103.452452194174427, 44.140774713005285 ], [ -103.453015616319632, 44.256611783973106 ], [ -103.574396118924909, 44.256079703259807 ], [ -103.567654250872607, 44.604101132016666 ], [ -102.964124921491148, 44.604289441550847 ], [ -102.95877976596546, 45.039566712904531 ], [ -101.999994247426429, 45.038276221281343 ], [ -102.000431521052747, 44.511665225575705 ], [ -102.108033574762587, 44.436588220705218 ], [ -102.306915747384352, 44.431603215860299 ] ] ] } },
{ "type": "Feature", "properties": { "GEOID": "08119", "county_name": "Teller", "state": "CO" }, "geometry": { "type": "Polygon", "coordinates": [ [ [ -105.330381401085958, 39.12947575228813 ], [ -105.033473135204545, 39.129784739681966 ], [ -105.028633577571696, 38.868732754841183 ], [ -105.066441413640348, 38.869179686163491 ], [ -105.072184451580682, 38.799384919816802 ], [ -104.939870279563749, 38.796546323348252 ], [ -104.942206016652548, 38.650136665137083 ], [ -105.239926642542386, 38.647466672851309 ], [ -105.237042687405548, 38.697269614020939 ], [ -105.328961563716291, 38.69756053276474 ], [ -105.330381401085958, 39.12947575228813 ] ] ] } },
{ "type": "Feature", "properties": { "GEOID": "30043", "county_name": "Jefferson", "state": "MT" }, "geometry": { "type": "Polygon", "coordinates": [ [ [ -112.598092899079006, 46.236547225570135 ], [ -112.532946443705328, 46.335372922586814 ], [ -112.454086708647608, 46.328931978641712 ], [ -112.403414838484963, 46.386811857395969 ], [ -112.176782829465822, 46.455939168264194 ], [ -112.205759736441294, 46.499748028104165 ], [ -112.062858218004493, 46.523850617708455 ], [ -112.029235528161351, 46.568805634519563 ], [ -111.787956067677811, 46.569467893960912 ], [ -111.784569069052452, 46.049815013814715 ], [ -111.660426252517667, 46.049194163542936 ], [ -111.66125795020335, 45.828263093877538 ], [ -111.788213827042526, 45.792513939013851 ], [ -111.930072600772192, 45.857612779128367 ], [ -112.085803009040717, 45.851101235540071 ], [ -112.185381650050843, 45.747367912843352 ], [ -112.415369258765807, 45.837142862090268 ], [ -112.435628550285159, 46.013938747353031 ], [ -112.520115472850947, 46.136753035578025 ], [ -112.505059177316866, 46.183998712677486 ], [ -112.576581557513052, 46.17849661100643 ], [ -112.598092899079006, 46.236547225570135 ] ] ] } },
{ "type": "Feature", "properties": { "GEOID": "30023", "county_name": "Deer Lodge", "state": "MT" }, "geometry": { "type": "Polygon", "coordinates": [ [ [ -113.036831587088741, 46.25596878243806 ], [ -112.558600143419767, 46.265821120197323 ], [ -112.598092899079006, 46.236547225570135 ], [ -112.577468549393288, 46.178470609381151 ], [ -112.640342987659764, 46.174398503098956 ], [ -112.681004851238612, 46.135672582116634 ], [ -112.777120185273773, 46.135826382523511 ], [ -112.777717661403699, 46.048313649473783 ], [ -112.852763807470183, 46.048434687901455 ], [ -112.877610156016758, 45.999503878815958 ], [ -112.93895628515736, 45.993258918753362 ], [ -112.923225125329253, 45.934595804086086 ], [ -112.98354413585102, 45.892487776790773 ], [ -113.085517738759293, 45.860648655958023 ], [ -113.213542373737454, 45.87526455753251 ], [ -113.274885289427715, 45.818227555779892 ], [ -113.339468183567959, 45.811014578150726 ], [ -113.362945302282057, 45.758021634128397 ], [ -113.396903233992788, 45.76765064151126 ], [ -113.51681720959273, 45.942096470857734 ], [ -113.278011903235821, 46.045268306093192 ], [ -113.284531624992511, 46.222782715232967 ], [ -113.036817733511356, 46.223329925245963 ], [ -113.036831587088741, 46.25596878243806 ] ] ] } },
{ "type": "Feature", "properties": { "GEOID": "30107", "county_name": "Wheatland", "state": "MT" }, "geometry": { "type": "Polygon", "coordinates": [ [ [ -109.402912453835938, 46.219708106091531 ], [ -110.281974509378998, 46.220606380560916 ], [ -110.273341507988363, 46.710510076820178 ], [ -109.969409082552247, 46.75295114795842 ], [ -109.81987120211403, 46.693447320302248 ], [ -109.38916895236224, 46.693662432629246 ], [ -109.402912453835938, 46.219708106091531 ] ] ] } },
{ "type": "Feature", "properties": { "GEOID": "08051", "county_name": "Gunnison", "state": "CO" }, "geometry": { "type": "Polygon", "coordinates": [ [ [ -107.00059826456517, 38.425619386110277 ], [ -107.001117281999541, 38.147072721490538 ], [ -107.568620715520154, 38.147269880253411 ], [ -107.580244548995879, 38.230826606849881 ], [ -107.635042634468348, 38.301898734831418 ], [ -107.500020348938079, 38.301928267766549 ], [ -107.484208816727332, 39.235380933590953 ], [ -107.376360420559564, 39.245991038079417 ], [ -107.376778404381469, 39.199024941913635 ], [ -107.282488920799551, 39.118718895069854 ], [ -107.066318438549843, 39.118806210700392 ], [ -106.988970188101902, 39.070713300135338 ], [ -106.996143074369741, 39.034176229851361 ], [ -106.908194002616128, 38.992580604902578 ], [ -106.861685095172746, 39.009440864893676 ], [ -106.801872006152422, 38.978305044708009 ], [ -106.749355289305058, 39.04253035051601 ], [ -106.694967576311356, 39.055669476661748 ], [ -106.612737825661085, 38.995699891707233 ], [ -106.554210151195193, 38.998714126606842 ], [ -106.465030632117646, 38.910356285364919 ], [ -106.326097665201871, 38.911005605727361 ], [ -106.349301208957925, 38.854888477191786 ], [ -106.416179905861981, 38.824093463629126 ], [ -106.416662273786955, 38.727814908511775 ], [ -106.452123229648507, 38.69877775409438 ], [ -106.364195337353635, 38.614500875508014 ], [ -106.344227350467321, 38.504590922427575 ], [ -106.246937468078997, 38.422769698000202 ], [ -107.00059826456517, 38.425619386110277 ] ] ] } },
{ "type": "Feature", "properties": { "GEOID": "30081", "county_name": "Ravalli", "state": "MT" }, "geometry": { "type": "Polygon", "coordinates": [ [ [ -114.422447414535412, 46.387044046361538 ], [ -114.368414544272412, 46.437112889496611 ], [ -114.403293400376185, 46.49817824611825 ], [ -114.342016552781232, 46.519649324790592 ], [ -114.332796729298408, 46.660577417281914 ], [ -113.827743324419174, 46.660894044417816 ], [ -113.809288849051796, 46.595148512870459 ], [ -113.878275546835738, 46.497421005086892 ], [ -113.858040312990838, 46.419768483352883 ], [ -113.782839976882897, 46.364203805839864 ], [ -113.784247861476729, 46.284992171400361 ], [ -113.74819475620022, 46.265497213789523 ], [ -113.822958874214251, 46.20867255976475 ], [ -113.7530957498291, 46.112140748928688 ], [ -113.803823779351973, 46.03791618901198 ], [ -113.68767180457391, 46.035406805035358 ], [ -113.648357055595042, 45.965038830605707 ], [ -113.51815621797509, 45.940542477057534 ], [ -113.528580544646175, 45.881160593046381 ], [ -113.701572935577261, 45.843134091671565 ], [ -113.829875784974831, 45.750747463832901 ], [ -113.896436686816429, 45.770119627459188 ], [ -113.910417121294827, 45.699357536360971 ], [ -114.015483310665047, 45.695902676718042 ], [ -114.015271517578441, 45.652767533760738 ], [ -114.086104073519181, 45.591465267700642 ], [ -114.193610566478498, 45.536372951232465 ], [ -114.248452708428275, 45.545813930744927 ], [ -114.269894674744677, 45.484552651251292 ], [ -114.330049501299868, 45.45972246207976 ], [ -114.425709296461221, 45.510719293563675 ], [ -114.456078956580129, 45.562240303634582 ], [ -114.564937787739481, 45.557709975089907 ], [ -114.537945526046471, 45.606592098561137 ], [ -114.563988353651183, 45.637621045973852 ], [ -114.507647227225235, 45.657535254825092 ], [ -114.495148977133539, 45.703970366344855 ], [ -114.566465581144371, 45.773310095598589 ], [ -114.509643890320092, 45.845357239023819 ], [ -114.40965487593482, 45.85157392230434 ], [ -114.387766013131952, 45.884474096048557 ], [ -114.431396148586401, 45.936040751508386 ], [ -114.411755253994983, 45.977870924043856 ], [ -114.479990964449897, 45.992902284749384 ], [ -114.480346061177059, 46.030349088820913 ], [ -114.507502791355719, 46.031463864689321 ], [ -114.460474668692925, 46.097789841329558 ], [ -114.527358616669432, 46.145410109569902 ], [ -114.444091114526302, 46.169272508736952 ], [ -114.470795247186089, 46.265375693767687 ], [ -114.425441451453736, 46.287854804941105 ], [ -114.422447414535412, 46.387044046361538 ] ] ] } },
{ "type": "Feature", "properties": { "GEOID": "08009", "county_name": "Baca", "state": "CO" }, "geometry": { "type": "Polygon", "coordinates": [ [ [ -103.075941455950172, 37.643422500064666 ], [ -102.041587106141932, 37.644281332795046 ], [ -102.04209239270044, 36.993015808856612 ], [ -103.086104111920235, 37.000187847453219 ], [ -103.075941455950172, 37.643422500064666 ] ] ] } },
{ "type": "Feature", "properties": { "GEOID": "16007", "county_name": "Bear Lake", "state": "ID" }, "geometry": { "type": "Polygon", "coordinates": [ [ [ -111.046715322368229, 42.001704753348321 ], [ -111.507808324582413, 41.999554087964384 ], [ -111.515292296501968, 42.068531348491547 ], [ -111.599116866066012, 42.099007375300893 ], [ -111.587206039546857, 42.141977449443303 ], [ -111.626180725612457, 42.208736543460773 ], [ -111.563456457022298, 42.273850690446622 ], [ -111.590077716430869, 42.322392777834779 ], [ -111.552150504433413, 42.351895875130992 ], [ -111.59950081328229, 42.391370912374946 ], [ -111.579765754043237, 42.429910017447902 ], [ -111.631818047576374, 42.54678714270004 ], [ -111.61763212401992, 42.583039208992432 ], [ -111.368103093190783, 42.598715513313103 ], [ -111.279390065812706, 42.552863545956484 ], [ -111.242457228957065, 42.60303262474276 ], [ -111.234829043387137, 42.478331457604042 ], [ -111.046820922581318, 42.5139279814397 ], [ -111.046715322368229, 42.001704753348321 ] ] ] } },
{ "type": "Feature", "properties": { "GEOID": "46102", "county_name": "Oglala Lakota", "state": "SD" }, "geometry": { "type": "Polygon", "coordinates": [ [ [ -102.139157214169657, 43.700950287045025 ], [ -102.082484830514659, 42.999357361284211 ], [ -103.000610665555683, 43.000755171555909 ], [ -103.001016005333213, 43.605820340574191 ], [ -102.932565044255526, 43.618710208733773 ], [ -102.91011390231597, 43.674226088826487 ], [ -102.82954705331467, 43.657007001742613 ], [ -102.809396993068788, 43.687563937119336 ], [ -102.139157214169657, 43.700950287045025 ] ] ] } },
{ "type": "Feature", "properties": { "GEOID": "30069", "county_name": "Petroleum", "state": "MT" }, "geometry": { "type": "Polygon", "coordinates": [ [ [ -108.736802488463951, 47.100527930663397 ], [ -108.719194283335966, 47.270343081882977 ], [ -108.591116275266785, 47.270136281000433 ], [ -108.590840152318108, 47.3065173093091 ], [ -108.315486008646147, 47.315153595054106 ], [ -108.313052452586192, 47.583651649907672 ], [ -108.062979435549963, 47.598419726541145 ], [ -107.93110942274123, 47.569074685951435 ], [ -107.89698046139705, 47.506982628701898 ], [ -107.909209703048504, 47.401688514812811 ], [ -107.963891833161085, 47.354013495657455 ], [ -107.934752907100062, 47.318769439070408 ], [ -107.964667134543177, 47.230490384346218 ], [ -107.92285027490054, 47.179318311539042 ], [ -107.960981427723084, 47.126483333401538 ], [ -107.913917603338248, 47.069244230288064 ], [ -107.922014744679473, 47.02074521404208 ], [ -107.882476830453626, 46.999156125859407 ], [ -107.941327260058358, 46.882556202950909 ], [ -107.861844480035714, 46.835639115669622 ], [ -107.827207801544191, 46.75676411435127 ], [ -108.63146989809087, 46.749393199995545 ], [ -108.608959674692542, 47.098127160219306 ], [ -108.736802488463951, 47.100527930663397 ] ] ] } },
{ "type": "Feature", "properties": { "GEOID": "31049", "county_name": "Deuel", "state": "NE" }, "geometry": { "type": "Polygon", "coordinates": [ [ [ -102.051716254396439, 41.002359068141189 ], [ -102.621032859829612, 41.002597448648871 ], [ -102.610412599962785, 41.221614960892779 ], [ -102.055598398598917, 41.221547064187362 ], [ -102.051716254396439, 41.002359068141189 ] ] ] } },
{ "type": "Feature", "properties": { "GEOID": "31123", "county_name": "Morrill", "state": "NE" }, "geometry": { "type": "Polygon", "coordinates": [ [ [ -102.6365244344925, 41.438809833957016 ], [ -103.369004585744946, 41.437768312751388 ], [ -103.363336256203922, 42.002930945113469 ], [ -102.677582076620936, 42.00528276199978 ], [ -102.676985129959704, 41.786964582396152 ], [ -102.664309967613335, 41.743190531773323 ], [ -102.635801942240391, 41.742834471420352 ], [ -102.6365244344925, 41.438809833957016 ] ] ] } },
{ "type": "Feature", "properties": { "GEOID": "08077", "county_name": "Mesa", "state": "CO" }, "geometry": { "type": "Polygon", "coordinates": [ [ [ -108.378337899233557, 38.829428790641899 ], [ -108.379139018942951, 38.499989271597713 ], [ -109.060091088285446, 38.499990882700445 ], [ -109.050766820267597, 39.366682342315791 ], [ -107.430948817470494, 39.366179146309754 ], [ -107.465213844780649, 39.314338077174774 ], [ -107.378375475451165, 39.274805064355967 ], [ -107.619109185633391, 39.154886583039513 ], [ -107.765493852618391, 39.043294116969079 ], [ -107.8585581218843, 39.080165190036645 ], [ -107.982175853911727, 39.059878094052038 ], [ -108.094665724901304, 38.980022235020378 ], [ -108.141125349439164, 38.906485770219284 ], [ -108.378337899233557, 38.829428790641899 ] ] ] } },
{ "type": "Feature", "properties": { "GEOID": "30063", "county_name": "Missoula", "state": "MT" }, "geometry": { "type": "Polygon", "coordinates": [ [ [ -113.667996379148647, 46.65837030947236 ], [ -114.358119640246017, 46.67113829321746 ], [ -114.467095219234025, 46.631760277936486 ], [ -114.614163114118568, 46.639063416430872 ], [ -114.642568039597847, 46.672958384926751 ], [ -114.620786974160822, 46.70725821440886 ], [ -114.674924830324258, 46.747410306125225 ], [ -114.549126971791424, 46.747361796379828 ], [ -114.566130456062851, 46.963401309128876 ], [ -114.525359859150939, 47.009246311281629 ], [ -114.451266937940758, 46.993197212566336 ], [ -114.419534143907811, 47.023242329907688 ], [ -114.483229017095709, 47.023354305331559 ], [ -114.48369620510833, 47.067504475220595 ], [ -114.566096031814254, 47.06737661923389 ], [ -114.586737258373162, 47.123753853330861 ], [ -114.650472212962157, 47.138241018471746 ], [ -114.650228362235055, 47.167160102529074 ], [ -114.712285341631812, 47.182184243417268 ], [ -114.712276579059903, 47.225587353440289 ], [ -114.775835541881108, 47.225570441878865 ], [ -114.797206737862538, 47.26891353988708 ], [ -114.550147913731763, 47.251669230865346 ], [ -114.353636881898979, 47.191099993366691 ], [ -114.355526757558266, 47.157360864575516 ], [ -114.26415076283719, 47.12106675886919 ], [ -113.933506217707645, 47.138286301331618 ], [ -113.933571395295971, 47.181717389463302 ], [ -113.821450452763557, 47.181706602899943 ], [ -113.821169845582716, 47.268697703461989 ], [ -113.901017728680756, 47.311953527912273 ], [ -113.871113779940501, 47.392018503115224 ], [ -113.951183667396762, 47.475991301616162 ], [ -113.908517728723751, 47.514297319214748 ], [ -113.948847658266999, 47.599990110822283 ], [ -113.466488861596503, 47.600054925784384 ], [ -113.466453872023692, 47.179184637810508 ], [ -113.302946832976772, 47.179641116605993 ], [ -113.302905388318848, 46.832157312024719 ], [ -113.479833988062879, 46.80277031400032 ], [ -113.479857660819462, 46.744712319725224 ], [ -113.545082424230273, 46.744621201148213 ], [ -113.551531259956064, 46.716506256863873 ], [ -113.668166684783031, 46.716227032701575 ], [ -113.667996379148647, 46.65837030947236 ] ] ] } },
{ "type": "Feature", "properties": { "GEOID": "08033", "county_name": "Dolores", "state": "CO" }, "geometry": { "type": "Polygon", "coordinates": [ [ [ -107.970085630063295, 37.639586883838568 ], [ -108.917081000724579, 37.631903201718671 ], [ -109.043365490991107, 37.484819219036012 ], [ -109.041992097375854, 37.881084883928615 ], [ -108.256499746635399, 37.894609598856846 ], [ -108.209838480389422, 37.821023525003639 ], [ -107.989472866150777, 37.856754530516092 ], [ -107.86084443775178, 37.775518066662094 ], [ -107.877194174804259, 37.716309634760329 ], [ -107.968874738051298, 37.696485393214878 ], [ -107.970085630063295, 37.639586883838568 ] ] ] } },
{ "type": "Feature", "properties": { "GEOID": "08005", "county_name": "Arapahoe", "state": "CO" }, "geometry": { "type": "MultiPolygon", "coordinates": [ [ [ [ -105.054168696033699, 39.567711023094738 ], [ -105.053409941849495, 39.631505050647704 ], [ -105.025421907887775, 39.628559074184118 ], [ -105.015696093885083, 39.678685111463231 ], [ -104.913406974146824, 39.624084256279488 ], [ -104.885264008080071, 39.624130309100309 ], [ -104.847296112404109, 39.657103406927703 ], [ -104.903509097044036, 39.667625307200538 ], [ -104.889308139646488, 39.682057345497661 ], [ -104.903544175839656, 39.698536330102463 ], [ -104.865962178724871, 39.696560402222893 ], [ -104.884646274681998, 39.740157398971448 ], [ -103.706547603101313, 39.739896187982708 ], [ -103.70707269307951, 39.566296889951602 ], [ -105.054168696033699, 39.567711023094738 ] ] ], [ [ [ -104.921016066106631, 39.660339268227467 ], [ -104.917559103213691, 39.672984284048695 ], [ -104.912985060716736, 39.65621028059806 ], [ -104.921016066106631, 39.660339268227467 ] ] ], [ [ [ -104.94062515944033, 39.695401255214058 ], [ -104.931648207535375, 39.711099283942836 ], [ -104.93414317848179, 39.70132127209073 ], [ -104.92877817607922, 39.70022128183912 ], [ -104.928183165822986, 39.696635280442507 ], [ -104.94062515944033, 39.695401255214058 ] ], [ [ -104.931714175571983, 39.70020927606943 ], [ -104.934076169933746, 39.69843727017944 ], [ -104.931651170271266, 39.698399274905952 ], [ -104.931714175571983, 39.70020927606943 ] ] ], [ [ [ -104.929313179046332, 39.701273281540196 ], [ -104.929053181046768, 39.701950282534106 ], [ -104.928299179200536, 39.701275283532553 ], [ -104.929313179046332, 39.701273281540196 ] ] ], [ [ [ -104.931622079549456, 39.667474252971033 ], [ -104.929651095018627, 39.672383260267146 ], [ -104.927201086527077, 39.66896626254993 ], [ -104.931622079549456, 39.667474252971033 ] ] ], [ [ [ -104.911040125001506, 39.679888301709916 ], [ -104.908205131950965, 39.682071308817882 ], [ -104.908203126236032, 39.679884307208233 ], [ -104.911040125001506, 39.679888301709916 ] ] ], [ [ [ -104.901150141730554, 39.684810324558612 ], [ -104.898786144832656, 39.685705329825822 ], [ -104.898783139113974, 39.683403328108632 ], [ -104.901150141730554, 39.684810324558612 ] ] ], [ [ [ -104.904031985499785, 39.624117273887968 ], [ -104.903786992718238, 39.626829276361988 ], [ -104.902903987020295, 39.624182276052061 ], [ -104.904031985499785, 39.624117273887968 ] ] ] ] } },
{ "type": "Feature", "properties": { "GEOID": "56035", "county_name": "Sublette", "state": "WY" }, "geometry": { "type": "Polygon", "coordinates": [ [ [ -110.587665528408891, 42.779193368429631 ], [ -110.578383600838322, 43.2916435364601 ], [ -110.343962891357819, 43.291169191957415 ], [ -110.344221750401047, 43.377921649405494 ], [ -110.057313382022087, 43.37777155054431 ], [ -110.057509229604705, 43.464759160248384 ], [ -109.754719835353853, 43.463203101999014 ], [ -109.754464952514923, 43.365908198665785 ], [ -109.694127915137187, 43.365359221458725 ], [ -109.676102984722277, 43.215263481411753 ], [ -109.553006235560829, 43.072305461760486 ], [ -109.552582359401399, 43.012541522171659 ], [ -109.370342336291614, 42.945578698381567 ], [ -109.319427899749428, 42.859198370440865 ], [ -109.21363042692019, 42.799183523880124 ], [ -109.236555787960867, 42.76882761822705 ], [ -109.132314971949128, 42.737490411467839 ], [ -109.13446612161998, 42.694294348775863 ], [ -109.072850618262223, 42.693519232548873 ], [ -109.043864846566422, 42.263688634594054 ], [ -110.541635838030373, 42.27749431427339 ], [ -110.543331711499832, 42.448539885498278 ], [ -110.59013390774156, 42.448438779435698 ], [ -110.590077520530073, 42.710092229051568 ], [ -110.623480588762874, 42.710186151738576 ], [ -110.623437582316839, 42.779210280794153 ], [ -110.587665528408891, 42.779193368429631 ] ] ] } },
{ "type": "Feature", "properties": { "GEOID": "46031", "county_name": "Corson", "state": "SD" }, "geometry": { "type": "Polygon", "coordinates": [ [ [ -100.341924329351741, 45.472906620294005 ], [ -101.999790512780919, 45.47241642907295 ], [ -102.000681767938275, 45.944565231357686 ], [ -100.499372491632997, 45.943655521990436 ], [ -100.387037298758827, 45.869144636585141 ], [ -100.309013796910449, 45.707844719782159 ], [ -100.320347736225571, 45.671418705621591 ], [ -100.40643874906084, 45.650013614236954 ], [ -100.486388580635023, 45.543327502651564 ], [ -100.341924329351741, 45.472906620294005 ] ] ] } },
{ "type": "Feature", "properties": { "GEOID": "56015", "county_name": "Goshen", "state": "WY" }, "geometry": { "type": "Polygon", "coordinates": [ [ [ -104.655641643137855, 42.609474578070106 ], [ -104.052840566375622, 42.611773468623362 ], [ -104.052539167333137, 41.564277403077099 ], [ -104.652992200456026, 41.565018375376518 ], [ -104.655641643137855, 42.609474578070106 ] ] ] } },
{ "type": "Feature", "properties": { "GEOID": "49019", "county_name": "Grand", "state": "UT" }, "geometry": { "type": "Polygon", "coordinates": [ [ [ -109.106680034014275, 39.462214068189581 ], [ -109.051228691019872, 39.497744941624411 ], [ -109.060119088211835, 38.500029882710542 ], [ -110.044333398799921, 38.50738000711177 ], [ -109.994901340118574, 38.524309075746423 ], [ -109.98787443820531, 38.563260105849892 ], [ -110.058723616739243, 38.582001047906921 ], [ -110.000173530886272, 38.589297110551122 ], [ -109.997968598115065, 38.614511127934882 ], [ -110.067499703057109, 38.610914062354865 ], [ -110.036070766852163, 38.655064122692053 ], [ -110.09409787223575, 38.665966086111553 ], [ -110.088246975420788, 38.713967131743622 ], [ -110.123117999343691, 38.708084104015839 ], [ -110.081553064870846, 38.754827171843161 ], [ -110.179297462222436, 38.908100424462759 ], [ -110.135464491478302, 38.926225420196666 ], [ -110.147883611006208, 38.979753522884216 ], [ -110.003985530619332, 38.949914313022596 ], [ -110.04117764681159, 38.993519390347352 ], [ -110.150179649128404, 38.997240556167043 ], [ -110.156878709895878, 39.035030217942221 ], [ -110.104534105337549, 39.18218898688442 ], [ -110.053839418959782, 39.229324973569085 ], [ -110.077564380800084, 39.276867157777744 ], [ -110.018690563072226, 39.362495929058234 ], [ -110.024311478914811, 39.468982379203453 ], [ -109.106680034014275, 39.462214068189581 ] ] ] } },
{ "type": "Feature", "properties": { "GEOID": "30079", "county_name": "Prairie", "state": "MT" }, "geometry": { "type": "Polygon", "coordinates": [ [ [ -106.086808639881994, 47.175157018874394 ], [ -105.959827716061156, 47.181001979403085 ], [ -105.959906292777944, 47.092970130552786 ], [ -105.832646443652237, 47.093111419821433 ], [ -105.833052803124616, 47.181094203157414 ], [ -105.324860304218262, 47.181498424083699 ], [ -105.324765370173637, 46.977198791351533 ], [ -105.196742780868618, 46.977174668196582 ], [ -105.197018860292459, 46.919194642423143 ], [ -105.0695314102678, 46.919174462990568 ], [ -105.02753343029184, 46.861459366208607 ], [ -104.603771274357499, 46.860854771234195 ], [ -104.606840720981765, 46.655970116092021 ], [ -104.732849479059496, 46.656266497706092 ], [ -104.733065500923544, 46.612697699945961 ], [ -104.8587451144776, 46.612559724349758 ], [ -104.85875613752232, 46.56911789750648 ], [ -104.984747728814398, 46.569388836944768 ], [ -104.984721744575694, 46.540391932587397 ], [ -105.449204803395972, 46.570970081549127 ], [ -105.449414887198913, 46.600014052850597 ], [ -105.491928175222213, 46.600088112782565 ], [ -105.492011321221199, 46.65812005249262 ], [ -105.576072761167325, 46.658006068824186 ], [ -105.576403992709785, 46.745023915294233 ], [ -105.618107215457869, 46.744934884439701 ], [ -105.618168058033987, 46.832150880509388 ], [ -106.086595492544177, 46.860292629084697 ], [ -106.086808639881994, 47.175157018874394 ] ] ] } },
{ "type": "Feature", "properties": { "GEOID": "31135", "county_name": "Perkins", "state": "NE" }, "geometry": { "type": "Polygon", "coordinates": [ [ [ -101.247961114336135, 40.697801578660162 ], [ -102.051457044660182, 40.697539107689693 ], [ -102.051760255512846, 41.003874068112765 ], [ -101.249973013036026, 41.003949097966789 ], [ -101.247961114336135, 40.697801578660162 ] ] ] } },
{ "type": "Feature", "properties": { "GEOID": "08049", "county_name": "Grand", "state": "CO" }, "geometry": { "type": "Polygon", "coordinates": [ [ [ -105.887622459896505, 39.796601660819228 ], [ -105.88237528468828, 39.74032956254603 ], [ -105.925071121922599, 39.698408024133663 ], [ -106.012987186971571, 39.68634368332944 ], [ -106.084116094397601, 39.806657599517443 ], [ -106.252028728414416, 39.914714026514986 ], [ -106.626570613711792, 39.924784855912797 ], [ -106.652188338207992, 40.445207689427868 ], [ -106.602506287367106, 40.37608269395573 ], [ -106.534922286034117, 40.365080823530285 ], [ -106.489843331933784, 40.411578983577023 ], [ -106.443243303635441, 40.346467042610236 ], [ -106.35648336303143, 40.35807430127727 ], [ -106.30578333726028, 40.32846445524558 ], [ -106.2656634184236, 40.360951560140165 ], [ -106.230075360835059, 40.323383645272564 ], [ -106.018623410255529, 40.373296681486984 ], [ -105.959660492379783, 40.348150740334795 ], [ -105.903321406067334, 40.400752714959275 ], [ -105.89175521904906, 40.476662703463425 ], [ -105.807342248739744, 40.474528880223204 ], [ -105.817267389505261, 40.424324811765779 ], [ -105.787251534004668, 40.380873786503123 ], [ -105.644021715638274, 40.249940760579712 ], [ -105.677628690112456, 40.189021631336949 ], [ -105.626567513738294, 40.118655564257793 ], [ -105.640643414589022, 40.03502043463714 ], [ -105.689819387332292, 40.015109485936229 ], [ -105.695747703701869, 39.839482650731917 ], [ -105.76388253708096, 39.794984542077536 ], [ -105.887622459896505, 39.796601660819228 ] ] ] } },
{ "type": "Feature", "properties": { "GEOID": "30057", "county_name": "Madison", "state": "MT" }, "geometry": { "type": "Polygon", "coordinates": [ [ [ -112.457765764954942, 45.334752723019307 ], [ -112.505568826431883, 45.443008621579253 ], [ -112.62860960270288, 45.440585763370805 ], [ -112.687839516666145, 45.477239810259135 ], [ -112.704848532876795, 45.533231900830984 ], [ -112.68705468531769, 45.624854116290749 ], [ -112.549718203331508, 45.68416932586922 ], [ -112.498433626664593, 45.759765691478229 ], [ -112.168768662147613, 45.74998091689158 ], [ -112.086436008584215, 45.85086923511421 ], [ -111.930864594016725, 45.8577107728781 ], [ -111.721851103625667, 45.772371234438204 ], [ -111.721687096777202, 45.743280247327952 ], [ -111.659741900451806, 45.743346102042636 ], [ -111.536244546652895, 45.642258835635943 ], [ -111.351382523609885, 45.641939067545735 ], [ -111.377019141305155, 44.751445142835522 ], [ -111.414883063122076, 44.710586273892282 ], [ -111.781103074658674, 44.708845444695918 ], [ -111.781161344248233, 44.781028253489112 ], [ -112.065801631301767, 44.783473414547657 ], [ -112.065681531470105, 44.825983198537529 ], [ -112.167111136173943, 44.826736608307897 ], [ -112.191186916916308, 45.00051000471872 ], [ -112.334248612266236, 45.000517712682615 ], [ -112.333899683663333, 45.088422049498725 ], [ -112.456854897585913, 45.088508469999539 ], [ -112.457765764954942, 45.334752723019307 ] ] ] } },
{ "type": "Feature", "properties": { "GEOID": "30001", "county_name": "Beaverhead", "state": "MT" }, "geometry": { "type": "Polygon", "coordinates": [ [ [ -113.938043164667036, 45.696096576984615 ], [ -113.906658094712853, 45.70392053987996 ], [ -113.89645668692522, 45.770108627504136 ], [ -113.829875784974831, 45.750747463832901 ], [ -113.701572935577261, 45.843134091671565 ], [ -113.59221477685162, 45.850224802502304 ], [ -113.528580544646175, 45.881160593046381 ], [ -113.504167212512002, 45.941519434889038 ], [ -113.431961057373385, 45.800684617458401 ], [ -113.376994283070616, 45.75961963990536 ], [ -113.336908183725129, 45.8127245760272 ], [ -113.275418288820688, 45.817973556051911 ], [ -113.178277477403526, 45.885226590709252 ], [ -113.100273719111627, 45.881717663338861 ], [ -112.997176936471362, 45.80656863396338 ], [ -112.784782650021754, 45.763479414370202 ], [ -112.692368708718533, 45.65687319739375 ], [ -112.687839516666145, 45.477239810259135 ], [ -112.598550647627846, 45.42942974000465 ], [ -112.505568826431883, 45.443008621579253 ], [ -112.464260821742187, 45.393819654945084 ], [ -112.456854897585913, 45.088508469999539 ], [ -112.333899683663333, 45.088422049498725 ], [ -112.334248612266236, 45.000517712682615 ], [ -112.191186916916308, 45.00051000471872 ], [ -112.167111136173943, 44.826736608307897 ], [ -112.065681531470105, 44.825983198537529 ], [ -112.065801631301767, 44.783473414547657 ], [ -111.781161344248233, 44.781028253489112 ], [ -111.781103074658674, 44.708845444695918 ], [ -111.474967037663063, 44.708773754909394 ], [ -111.472796928046762, 44.665530829221865 ], [ -111.525681636005828, 44.604551089692706 ], [ -111.463538628239831, 44.541353313353056 ], [ -111.703166516279296, 44.56014524008269 ], [ -111.821531666924642, 44.508937727625899 ], [ -111.869321487886964, 44.566618850526126 ], [ -112.106402276078967, 44.520568191533144 ], [ -112.286571175060985, 44.568559237563669 ], [ -112.352512194901266, 44.538021494245235 ], [ -112.386527171590402, 44.44730872052817 ], [ -112.717933485073431, 44.50427360408429 ], [ -112.780813302081143, 44.484660614422779 ], [ -112.839892853090504, 44.424714731576493 ], [ -112.812210755452398, 44.377142773488345 ], [ -112.855467572484201, 44.360142827362573 ], [ -112.889559629442473, 44.405938791338912 ], [ -113.004507795872769, 44.452827836837187 ], [ -113.026825716621047, 44.495512838670884 ], [ -113.006531718979446, 44.525776735837418 ], [ -113.088293343326413, 44.599663755671962 ], [ -113.050723381298056, 44.634542609946386 ], [ -113.131459887465098, 44.772758429722558 ], [ -113.246894581203847, 44.822973499469313 ], [ -113.341276554023167, 44.784664616599272 ], [ -113.377567594070342, 44.835239589668269 ], [ -113.455071630269344, 44.865424615995813 ], [ -113.49881871466296, 44.942203560975422 ], [ -113.443939713515263, 44.959380500791539 ], [ -113.452044779304003, 45.05917443490916 ], [ -113.522187823749675, 45.091388447153641 ], [ -113.511249826566569, 45.116129436459069 ], [ -113.569884872670812, 45.123851439450391 ], [ -113.59213392333514, 45.184779438819874 ], [ -113.685025059805199, 45.253505511810147 ], [ -113.738662357754379, 45.329409729985457 ], [ -113.73347654264667, 45.390811867002746 ], [ -113.775858689805034, 45.407832912932015 ], [ -113.766023861635404, 45.520622156555817 ], [ -113.83477993660739, 45.520658143887083 ], [ -113.806432504301313, 45.601631240967365 ], [ -113.904692504109718, 45.622008355131278 ], [ -113.938043164667036, 45.696096576984615 ] ] ] } }
]
}
