{"type":"FeatureCollection","crs":{"type":"name","properties":{"name":"urn:ogc:def:crs:OGC:1.3:CRS84"}},"features":[{"type":"Feature","properties":{"anchor_id":"eia860_467_08019","name":"Cabin Creek","parent":"Public Service Co of Colorado","geoid":"08019","display_sector":"utilities/power","naics":"22","tier":2,"asset_class":"generator","capacity_or_load_mw":300.0,"employment_est":null,"co2e_tpy":null,"source":"eia860","confidence":"high","coords_flag":"reported","matched_source_record_id":"eia_plant_467","match_method":"eia_plant_code","match_confidence":"exact_id","capacity_mw_eia":300.0,"capacity_delta_pct":0.0,"county_ees_contribution":[{"geoid":"08013","capital":"Ec","delta":0.0027834383744661704},{"geoid":"08019","capital":"Ec","delta":0.0862529972916559},{"geoid":"08047","capital":"Ec","delta":0.0862529972916559},{"geoid":"08049","capital":"Ec","delta":0.03631358700526342},{"geoid":"08059","capital":"Ec","delta":0.028420171419169703},{"geoid":"08093","capital":"Ec","delta":0.05181453852191251},{"geoid":"08117","capital":"Ec","delta":0.0862529972916559}]},"geometry":{"type":"Point","coordinates":[-105.7088,39.6551]}},{"type":"Feature","properties":{"anchor_id":"eia860_469_08001","name":"Cherokee","parent":"Public Service Co of Colorado","geoid":"08001","display_sector":"utilities/power","naics":"22","tier":2,"asset_class":"generator","capacity_or_load_mw":1006.4,"employment_est":null,"co2e_tpy":1514356.584,"source":"eia860","confidence":"high","coords_flag":"reported","matched_source_record_id":"eia_plant_469","match_method":"eia_plant_code","match_confidence":"exact_id","capacity_mw_eia":1006.4000000000001,"capacity_delta_pct":1.1296386896027029e-14,"county_ees_contribution":[{"geoid":"08001","capital":"Ec","delta":0.28627325354839284},{"geoid":"08005","capital":"Ec","delta":0.2863820695607765},{"geoid":"08013","capital":"Ec","delta":0.28198552032416857},{"geoid":"08014","capital":"Ec","delta":0.28935005491440835},{"geoid":"08019","capital":"Ec","delta":0.05926706431619169},{"geoid":"08031","capital":"Ec","delta":0.28935005491440835},{"geoid":"08035","capital":"Ec","delta":0.28382901195289717},{"geoid":"08047","capital":"Ec","delta":0.1918624083389084},{"geoid":"08059","capital":"Ec","delta":0.2874935920803492},{"geoid":"08123","capital":"Ec","delta":0.08661329970110783}]},"geometry":{"type":"Point","coordinates":[-104.964548,39.807275]}},{"type":"Feature","properties":{"anchor_id":"eia860_471_08077","name":"Fruita","parent":"Public Service Co of Colorado","geoid":"08077","display_sector":"utilities/power","naics":"22","tier":2,"asset_class":"generator","capacity_or_load_mw":26.6,"employment_est":null,"co2e_tpy":null,"source":"eia860","confidence":"high","coords_flag":"reported","matched_source_record_id":"eia_plant_471","match_method":"eia_plant_code","match_confidence":"exact_id","capacity_mw_eia":26.6,"capacity_delta_pct":0.0,"county_ees_contribution":[{"geoid":"08045","capital":"Ec","delta":0.0008926918838414658},{"geoid":"08077","capital":"Ec","delta":0.007482301164508769}]},"geometry":{"type":"Point","coordinates":[-108.7347,39.1364]}},{"type":"Feature","properties":{"anchor_id":"eia860_474_08015","name":"Salida","parent":"Public Service Co of Colorado","geoid":"08015","display_sector":"utilities/power","naics":"22","tier":2,"asset_class":"generator","capacity_or_load_mw":0.6,"employment_est":null,"co2e_tpy":null,"source":"eia860","confidence":"high","coords_flag":"reported","matched_source_record_id":"eia_plant_474","match_method":"eia_plant_code","match_confidence":"exact_id","capacity_mw_eia":0.6,"capacity_delta_pct":0.0,"county_ees_contribution":[{"geoid":"08015","capital":"Ec","delta":0.0001725059945833118},{"geoid":"08043","capital":"Ec","delta":2.7011244812406224e-05},{"geoid":"08051","capital":"Ec","delta":2.6395910794155828e-05},{"geoid":"08109","capital":"Ec","delta":9.066320632578146e-05}]},"geometry":{"type":"Point","coordinates":[-106.182003,38.53419]}},{"type":"Feature","properties":{"anchor_id":"eia860_476_08045","name":"Shoshone (CO)","parent":"Public Service Co of Colorado","geoid":"08045","display_sector":"utilities/power","naics":"22","tier":2,"asset_class":"generator","capacity_or_load_mw":14.4,"employment_est":null,"co2e_tpy":null,"source":"eia860","confidence":"high","coords_flag":"reported","matched_source_record_id":"eia_plant_476","match_method":"eia_plant_code","match_confidence":"exact_id","capacity_mw_eia":14.4,"capacity_delta_pct":0.0,"county_ees_contribution":[{"geoid":"08037","capital":"Ec","delta":0.002017473880802264},{"geoid":"08045","capital":"Ec","delta":0.0036568820982958326},{"geoid":"08097","capital":"Ec","delta":0.0008708042864229794}]},"geometry":{"type":"Point","coordinates":[-107.226876,39.57013]}},{"type":"Feature","properties":{"anchor_id":"eia860_505_56013","name":"Boysen","parent":"U S Bureau of Reclamation","geoid":"56013","display_sector":"utilities/power","naics":"22","tier":2,"asset_class":"generator","capacity_or_load_mw":15.0,"employment_est":null,"co2e_tpy":null,"source":"eia860","confidence":"high","coords_flag":"reported","matched_source_record_id":"eia_plant_505","match_method":"eia_plant_code","match_confidence":"exact_id","capacity_mw_eia":15.0,"capacity_delta_pct":0.0,"county_ees_contribution":[{"geoid":"56013","capital":"Ec","delta":0.0019056785643432072},{"geoid":"56017","capital":"Ec","delta":0.004312649864582795}]},"geometry":{"type":"Point","coordinates":[-108.177545,43.417872]}},{"type":"Feature","properties":{"anchor_id":"eia860_512_08051","name":"Blue Mesa","parent":"U S Bureau of Reclamation","geoid":"08051","display_sector":"utilities/power","naics":"22","tier":2,"asset_class":"generator","capacity_or_load_mw":86.4,"employment_est":null,"co2e_tpy":null,"source":"eia860","confidence":"high","coords_flag":"reported","matched_source_record_id":"eia_plant_512","match_method":"eia_plant_code","match_confidence":"exact_id","capacity_mw_eia":86.4,"capacity_delta_pct":0.0,"county_ees_contribution":[{"geoid":"08029","capital":"Ec","delta":0.002075849250572352},{"geoid":"08051","capital":"Ec","delta":0.01443333267830117},{"geoid":"08085","capital":"Ec","delta":0.019464660704457796}]},"geometry":{"type":"Point","coordinates":[-107.337483,38.453191]}},{"type":"Feature","properties":{"anchor_id":"eia860_514_08085","name":"Morrow Point","parent":"U S Bureau of Reclamation","geoid":"08085","display_sector":"utilities/power","naics":"22","tier":2,"asset_class":"generator","capacity_or_load_mw":173.2,"employment_est":null,"co2e_tpy":null,"source":"eia860","confidence":"high","coords_flag":"reported","matched_source_record_id":"eia_plant_514","match_method":"eia_plant_code","match_confidence":"exact_id","capacity_mw_eia":173.2,"capacity_delta_pct":0.0,"county_ees_contribution":[{"geoid":"08029","capital":"Ec","delta":0.013314591094448706},{"geoid":"08051","capital":"Ec","delta":0.008910039028016526},{"geoid":"08085","capital":"Ec","delta":0.04417435013467774},{"geoid":"08091","capital":"Ec","delta":0.04979673043638267}]},"geometry":{"type":"Point","coordinates":[-107.539299,38.451753]}},{"type":"Feature","properties":{"anchor_id":"eia860_516_08117","name":"Green Mountain","parent":"U S Bureau of Reclamation","geoid":"08117","display_sector":"utilities/power","naics":"22","tier":2,"asset_class":"generator","capacity_or_load_mw":26.0,"employment_est":null,"co2e_tpy":null,"source":"eia860","confidence":"high","coords_flag":"reported","matched_source_record_id":"eia_plant_516","match_method":"eia_plant_code","match_confidence":"exact_id","capacity_mw_eia":26.0,"capacity_delta_pct":0.0,"county_ees_contribution":[{"geoid":"08037","capital":"Ec","delta":0.004372859054785668},{"geoid":"08049","capital":"Ec","delta":0.004184510077204706},{"geoid":"08107","capital":"Ec","delta":0.0006871700866653226},{"geoid":"08117","capital":"Ec","delta":0.005553257101027501}]},"geometry":{"type":"Point","coordinates":[-106.332725,39.878805]}},{"type":"Feature","properties":{"anchor_id":"eia860_525_08107","name":"Hayden","parent":"Public Service Co of Colorado","geoid":"08107","display_sector":"utilities/power","naics":"22","tier":2,"asset_class":"generator","capacity_or_load_mw":465.4,"employment_est":null,"co2e_tpy":2668816.256,"source":"eia860","confidence":"high","coords_flag":"reported","matched_source_record_id":"eia_plant_525","match_method":"eia_plant_code","match_confidence":"exact_id","capacity_mw_eia":465.4,"capacity_delta_pct":0.0,"county_ees_contribution":[{"geoid":"08081","capital":"Ec","delta":0.1202868838310632},{"geoid":"08107","capital":"Ec","delta":0.12150680524714623}]},"geometry":{"type":"Point","coordinates":[-107.185,40.4856]}},{"type":"Feature","properties":{"anchor_id":"eia860_785_31101","name":"Kingsley","parent":"Central Nebraska Pub P&I Dist","geoid":"31101","display_sector":"utilities/power","naics":"22","tier":2,"asset_class":"generator","capacity_or_load_mw":50.0,"employment_est":null,"co2e_tpy":null,"source":"eia860","confidence":"high","coords_flag":"reported","matched_source_record_id":"eia_plant_785","match_method":"eia_plant_code","match_confidence":"exact_id","capacity_mw_eia":50.0,"capacity_delta_pct":0.0,"county_ees_contribution":[{"geoid":"31101","capital":"Ec","delta":0.014375499548609318},{"geoid":"31135","capital":"Ec","delta":0.014375499548609318}]},"geometry":{"type":"Point","coordinates":[-101.6681,41.2114]}},{"type":"Feature","properties":{"anchor_id":"eia860_850_16019","name":"Palisades Dam","parent":"U S Bureau of Reclamation","geoid":"16019","display_sector":"utilities/power","naics":"22","tier":2,"asset_class":"generator","capacity_or_load_mw":176.4,"employment_est":null,"co2e_tpy":null,"source":"eia860","confidence":"high","coords_flag":"reported","matched_source_record_id":"eia_plant_850","match_method":"eia_plant_code","match_confidence":"exact_id","capacity_mw_eia":176.4,"capacity_delta_pct":0.0,"county_ees_contribution":[{"geoid":"16019","capital":"Ec","delta":0.05071676240749367},{"geoid":"16081","capital":"Ec","delta":0.050716762407493676},{"geoid":"56023","capital":"Ec","delta":0.007233172692551007},{"geoid":"56039","capital":"Ec","delta":0.037660661059552396}]},"geometry":{"type":"Point","coordinates":[-111.205752,43.334849]}},{"type":"Feature","properties":{"anchor_id":"eia860_2176_30021","name":"Glendive GT","parent":"Montana-Dakota Utilities Co","geoid":"30021","display_sector":"utilities/power","naics":"22","tier":2,"asset_class":"generator","capacity_or_load_mw":83.7,"employment_est":null,"co2e_tpy":null,"source":"eia860","confidence":"high","coords_flag":"reported","matched_source_record_id":"eia_plant_2176","match_method":"eia_plant_code","match_confidence":"exact_id","capacity_mw_eia":83.7,"capacity_delta_pct":0.0,"county_ees_contribution":[{"geoid":"30021","capital":"Ec","delta":0.024064586244371997},{"geoid":"30109","capital":"Ec","delta":0.024064586244371997}]},"geometry":{"type":"Point","coordinates":[-104.74,47.0539]}},{"type":"Feature","properties":{"anchor_id":"eia860_2177_30017","name":"Miles City GT","parent":"Montana-Dakota Utilities Co","geoid":"30017","display_sector":"utilities/power","naics":"22","tier":2,"asset_class":"generator","capacity_or_load_mw":23.3,"employment_est":null,"co2e_tpy":null,"source":"eia860","confidence":"high","coords_flag":"reported","matched_source_record_id":"eia_plant_2177","match_method":"eia_plant_code","match_confidence":"exact_id","capacity_mw_eia":23.3,"capacity_delta_pct":0.0,"county_ees_contribution":[{"geoid":"30017","capital":"Ec","delta":0.006698982789651943}]},"geometry":{"type":"Point","coordinates":[-105.7953,46.4112]}},{"type":"Feature","properties":{"anchor_id":"eia860_2191_30013","name":"Morony","parent":"NorthWestern Energy (MT Hydro)","geoid":"30013","display_sector":"utilities/power","naics":"22","tier":2,"asset_class":"generator","capacity_or_load_mw":63.0,"employment_est":null,"co2e_tpy":null,"source":"eia860","confidence":"high","coords_flag":"reported","matched_source_record_id":"eia_plant_2191","match_method":"eia_plant_code","match_confidence":"exact_id","capacity_mw_eia":63.0,"capacity_delta_pct":0.0,"county_ees_contribution":[{"geoid":"30013","capital":"Ec","delta":0.01227342884418227}]},"geometry":{"type":"Point","coordinates":[-111.060898,47.581737]}},{"type":"Feature","properties":{"anchor_id":"eia860_2192_30095","name":"Mystic","parent":"NorthWestern Energy (MT Hydro)","geoid":"30095","display_sector":"utilities/power","naics":"22","tier":2,"asset_class":"generator","capacity_or_load_mw":12.0,"employment_est":null,"co2e_tpy":null,"source":"eia860","confidence":"high","coords_flag":"reported","matched_source_record_id":"eia_plant_2192","match_method":"eia_plant_code","match_confidence":"exact_id","capacity_mw_eia":12.0,"capacity_delta_pct":0.0,"county_ees_contribution":[{"geoid":"30009","capital":"Ec","delta":0.0015521488173968628},{"geoid":"30095","capital":"Ec","delta":0.0007293748668280815}]},"geometry":{"type":"Point","coordinates":[-109.762489,45.225741]}},{"type":"Feature","properties":{"anchor_id":"eia860_2204_30003","name":"Yellowtail","parent":"U S Bureau of Reclamation","geoid":"30003","display_sector":"utilities/power","naics":"22","tier":2,"asset_class":"generator","capacity_or_load_mw":278.2,"employment_est":null,"co2e_tpy":null,"source":"eia860","confidence":"high","coords_flag":"reported","matched_source_record_id":"eia_plant_2204","match_method":"eia_plant_code","match_confidence":"exact_id","capacity_mw_eia":278.20000000000005,"capacity_delta_pct":2.0432573278507552e-14,"county_ees_contribution":[{"geoid":"30003","capital":"Ec","delta":0.02202803151687597},{"geoid":"30111","capital":"Ec","delta":0.0024823251053154257}]},"geometry":{"type":"Point","coordinates":[-107.957515,45.307406]}},{"type":"Feature","properties":{"anchor_id":"eia860_2230_31049","name":"Chappell","parent":"City of Chappell - (NE)","geoid":"31049","display_sector":"utilities/power","naics":"22","tier":2,"asset_class":"generator","capacity_or_load_mw":1.1,"employment_est":null,"co2e_tpy":null,"source":"eia860","confidence":"high","coords_flag":"reported","matched_source_record_id":"eia_plant_2230","match_method":"eia_plant_code","match_confidence":"exact_id","capacity_mw_eia":1.1,"capacity_delta_pct":0.0,"county_ees_contribution":[{"geoid":"08115","capital":"Ec","delta":0.000316260990069405},{"geoid":"31033","capital":"Ec","delta":0.000316260990069405},{"geoid":"31049","capital":"Ec","delta":0.000316260990069405}]},"geometry":{"type":"Point","coordinates":[-102.471547,41.092589]}},{"type":"Feature","properties":{"anchor_id":"eia860_3325_46103","name":"Ben French","parent":"Black Hills Power, Inc.","geoid":"46103","display_sector":"utilities/power","naics":"22","tier":2,"asset_class":"generator","capacity_or_load_mw":110.0,"employment_est":null,"co2e_tpy":null,"source":"eia860","confidence":"high","coords_flag":"reported","matched_source_record_id":"eia_plant_3325","match_method":"eia_plant_code","match_confidence":"exact_id","capacity_mw_eia":110.0,"capacity_delta_pct":0.0,"county_ees_contribution":[{"geoid":"46033","capital":"Ec","delta":0.031626099006940495},{"geoid":"46081","capital":"Ec","delta":0.004742639947829292},{"geoid":"46093","capital":"Ec","delta":0.0256754959939229},{"geoid":"46103","capital":"Ec","delta":0.030662583969160877}]},"geometry":{"type":"Point","coordinates":[-103.260959,44.087235]}},{"type":"Feature","properties":{"anchor_id":"eia860_3699_49017","name":"Boulder","parent":"Garkane Energy Coop, Inc","geoid":"49017","display_sector":"utilities/power","naics":"22","tier":2,"asset_class":"generator","capacity_or_load_mw":4.2,"employment_est":null,"co2e_tpy":null,"source":"eia860","confidence":"high","coords_flag":"reported","matched_source_record_id":"eia_plant_3699","match_method":"eia_plant_code","match_confidence":"exact_id","capacity_mw_eia":4.199999999999999,"capacity_delta_pct":-2.114710523095536e-14,"county_ees_contribution":[{"geoid":"49017","capital":"Ec","delta":0.0012075419620831823}]},"geometry":{"type":"Point","coordinates":[-111.4383,37.9858]}},{"type":"Feature","properties":{"anchor_id":"eia860_3704_49013","name":"Uintah","parent":"Moon Lake Electric Assn Inc","geoid":"49013","display_sector":"utilities/power","naics":"22","tier":2,"asset_class":"generator","capacity_or_load_mw":1.2,"employment_est":null,"co2e_tpy":null,"source":"eia860","confidence":"high","coords_flag":"reported","matched_source_record_id":"eia_plant_3704","match_method":"eia_plant_code","match_confidence":"exact_id","capacity_mw_eia":1.2,"capacity_delta_pct":0.0,"county_ees_contribution":[{"geoid":"49013","capital":"Ec","delta":0.0003450119891666236},{"geoid":"49047","capital":"Ec","delta":0.00023025315704508351}]},"geometry":{"type":"Point","coordinates":[-110.066111,40.538056]}},{"type":"Feature","properties":{"anchor_id":"eia860_4158_56009","name":"Dave Johnston","parent":"PacifiCorp","geoid":"56009","display_sector":"utilities/power","naics":"22","tier":2,"asset_class":"generator","capacity_or_load_mw":816.7,"employment_est":null,"co2e_tpy":4166695.434,"source":"eia860","confidence":"high","coords_flag":"reported","matched_source_record_id":"eia_plant_4158","match_method":"duplicate_registry_alias","match_confidence":"unmatched","capacity_mw_eia":816.7,"capacity_delta_pct":0.0,"county_ees_contribution":[]},"geometry":{"type":"Point","coordinates":[-105.7769,42.8378]}},{"type":"Feature","properties":{"anchor_id":"eia860_4162_56023","name":"Naughton","parent":"PacifiCorp","geoid":"56023","display_sector":"utilities/power","naics":"22","tier":2,"asset_class":"generator","capacity_or_load_mw":707.2,"employment_est":null,"co2e_tpy":2649771.21,"source":"eia860","confidence":"high","coords_flag":"reported","matched_source_record_id":"eia_plant_4162","match_method":"eia_plant_code","match_confidence":"exact_id","capacity_mw_eia":707.1999999999999,"capacity_delta_pct":-1.607562750588462e-14,"county_ees_contribution":[{"geoid":"56023","capital":"Ec","delta":0.055048486644115706}]},"geometry":{"type":"Point","coordinates":[-110.5983,41.7581]}},{"type":"Feature","properties":{"anchor_id":"eia860_4176_56025","name":"Fremont Canyon","parent":"U S Bureau of Reclamation","geoid":"56025","display_sector":"utilities/power","naics":"22","tier":2,"asset_class":"generator","capacity_or_load_mw":66.8,"employment_est":null,"co2e_tpy":null,"source":"eia860","confidence":"high","coords_flag":"reported","matched_source_record_id":"eia_plant_4176","match_method":"eia_plant_code","match_confidence":"exact_id","capacity_mw_eia":66.8,"capacity_delta_pct":0.0,"county_ees_contribution":[{"geoid":"56025","capital":"Ec","delta":0.001506383692895261}]},"geometry":{"type":"Point","coordinates":[-106.795901,42.4766]}},{"type":"Feature","properties":{"anchor_id":"eia860_6021_08081","name":"Craig (CO)","parent":"Tri-State G & T Assn, Inc","geoid":"08081","display_sector":"utilities/power","naics":"22","tier":2,"asset_class":"generator","capacity_or_load_mw":1427.6,"employment_est":null,"co2e_tpy":5306620.824,"source":"eia860","confidence":"high","coords_flag":"reported","matched_source_record_id":"eia_plant_6021","match_method":"eia_plant_code","match_confidence":"exact_id","capacity_mw_eia":1427.6,"capacity_delta_pct":0.0,"county_ees_contribution":[{"geoid":"08081","capital":"Ec","delta":0.3689762684942541},{"geoid":"08107","capital":"Ec","delta":0.07588967292623681}]},"geometry":{"type":"Point","coordinates":[-107.5912,40.4627]}},{"type":"Feature","properties":{"anchor_id":"eia860_6076_30087","name":"Colstrip","parent":"Talen Montana LLC","geoid":"30087","display_sector":"utilities/power","naics":"22","tier":2,"asset_class":"generator","capacity_or_load_mw":1647.4,"employment_est":null,"co2e_tpy":10967111.138,"source":"eia860","confidence":"high","coords_flag":"reported","matched_source_record_id":"eia_plant_6076","match_method":"eia_plant_code","match_confidence":"exact_id","capacity_mw_eia":1647.4,"capacity_delta_pct":0.0,"county_ees_contribution":[{"geoid":"30087","capital":"Ec","delta":0.36603387551351596}]},"geometry":{"type":"Point","coordinates":[-106.614,45.8831]}},{"type":"Feature","properties":{"anchor_id":"eia860_6101_56005","name":"Wyodak","parent":"PacifiCorp","geoid":"56005","display_sector":"utilities/power","naics":"22","tier":2,"asset_class":"generator","capacity_or_load_mw":362.1,"employment_est":null,"co2e_tpy":2233043.048,"source":"eia860","confidence":"high","coords_flag":"reported","matched_source_record_id":"eia_plant_6101","match_method":"eia_plant_code","match_confidence":"exact_id","capacity_mw_eia":362.1,"capacity_delta_pct":0.0,"county_ees_contribution":[{"geoid":"56005","capital":"Ec","delta":0.09648655821873747}]},"geometry":{"type":"Point","coordinates":[-105.381482,44.290128]}},{"type":"Feature","properties":{"anchor_id":"eia860_6112_08123","name":"Fort St Vrain","parent":"Public Service Co of Colorado","geoid":"08123","display_sector":"utilities/power","naics":"22","tier":2,"asset_class":"generator","capacity_or_load_mw":1148.5,"employment_est":null,"co2e_tpy":1673244.0,"source":"eia860","confidence":"high","coords_flag":"reported","matched_source_record_id":"eia_plant_6112","match_method":"eia_plant_code","match_confidence":"exact_id","capacity_mw_eia":1148.5,"capacity_delta_pct":0.0,"county_ees_contribution":[{"geoid":"08001","capital":"Ec","delta":0.27576998088081023},{"geoid":"08013","capital":"Ec","delta":0.32197566382683784},{"geoid":"08014","capital":"Ec","delta":0.330205224631556},{"geoid":"08031","capital":"Ec","delta":0.0013142242269030275},{"geoid":"08059","capital":"Ec","delta":0.04911444513662457},{"geoid":"08069","capital":"Ec","delta":0.3068909235917259},{"geoid":"08123","capital":"Ec","delta":0.324398312728793}]},"geometry":{"type":"Point","coordinates":[-104.8742,40.2461]}},{"type":"Feature","properties":{"anchor_id":"eia860_6165_49015","name":"Hunter","parent":"PacifiCorp","geoid":"49015","display_sector":"utilities/power","naics":"22","tier":2,"asset_class":"generator","capacity_or_load_mw":1472.2,"employment_est":null,"co2e_tpy":null,"source":"eia860","confidence":"high","coords_flag":"reported","matched_source_record_id":"eia_plant_6165","match_method":"eia_plant_code","match_confidence":"exact_id","capacity_mw_eia":1472.2,"capacity_delta_pct":0.0,"county_ees_contribution":[{"geoid":"49015","capital":"Ec","delta":0.42327220870925275}]},"geometry":{"type":"Point","coordinates":[-111.0289,39.1747]}},{"type":"Feature","properties":{"anchor_id":"eia860_6204_56031","name":"Laramie River Station","parent":"Basin Electric Power Coop","geoid":"56031","display_sector":"utilities/power","naics":"22","tier":2,"asset_class":"generator","capacity_or_load_mw":1863.0,"employment_est":null,"co2e_tpy":10979531.782,"source":"eia860","confidence":"high","coords_flag":"reported","matched_source_record_id":"eia_plant_6204","match_method":"eia_plant_code","match_confidence":"exact_id","capacity_mw_eia":1863.0,"capacity_delta_pct":0.0,"county_ees_contribution":[{"geoid":"56031","capital":"Ec","delta":0.5356311131811832}]},"geometry":{"type":"Point","coordinates":[-104.8825,42.108889]}},{"type":"Feature","properties":{"anchor_id":"eia860_6207_08113","name":"Ames Hydro","parent":"Public Service Co of Colorado","geoid":"08113","display_sector":"utilities/power","naics":"22","tier":2,"asset_class":"generator","capacity_or_load_mw":3.6,"employment_est":null,"co2e_tpy":null,"source":"eia860","confidence":"high","coords_flag":"reported","matched_source_record_id":"eia_plant_6207","match_method":"eia_plant_code","match_confidence":"exact_id","capacity_mw_eia":3.6,"capacity_delta_pct":0.0,"county_ees_contribution":[{"geoid":"08067","capital":"Ec","delta":7.2640914497383e-05},{"geoid":"08091","capital":"Ec","delta":0.0010350359674998707},{"geoid":"08111","capital":"Ec","delta":0.001035035967499871},{"geoid":"08113","capital":"Ec","delta":0.0008358920762028777}]},"geometry":{"type":"Point","coordinates":[-107.8831,37.866]}},{"type":"Feature","properties":{"anchor_id":"eia860_6208_08065","name":"Mount Elbert","parent":"U S Bureau of Reclamation","geoid":"08065","display_sector":"utilities/power","naics":"22","tier":2,"asset_class":"generator","capacity_or_load_mw":200.0,"employment_est":null,"co2e_tpy":null,"source":"eia860","confidence":"high","coords_flag":"reported","matched_source_record_id":"eia_plant_6208","match_method":"eia_plant_code","match_confidence":"exact_id","capacity_mw_eia":200.0,"capacity_delta_pct":0.0,"county_ees_contribution":[{"geoid":"08015","capital":"Ec","delta":0.026584827932359695},{"geoid":"08037","capital":"Ec","delta":0.0013349969751520745},{"geoid":"08065","capital":"Ec","delta":0.05750199819443727},{"geoid":"08093","capital":"Ec","delta":0.01389759608574994},{"geoid":"08097","capital":"Ec","delta":0.031454339791554514},{"geoid":"08117","capital":"Ec","delta":0.0068508276317585095}]},"geometry":{"type":"Point","coordinates":[-106.352331,39.094197]}},{"type":"Feature","properties":{"anchor_id":"eia860_6248_08087","name":"Pawnee","parent":"Public Service Co of Colorado","geoid":"08087","display_sector":"utilities/power","naics":"22","tier":2,"asset_class":"generator","capacity_or_load_mw":552.3,"employment_est":null,"co2e_tpy":3099895.384,"source":"eia860","confidence":"high","coords_flag":"reported","matched_source_record_id":"eia_plant_6248","match_method":"eia_plant_code","match_confidence":"exact_id","capacity_mw_eia":552.3,"capacity_delta_pct":0.0,"county_ees_contribution":[{"geoid":"08087","capital":"Ec","delta":0.1587917680139385},{"geoid":"08121","capital":"Ec","delta":0.08907107269538339}]},"geometry":{"type":"Point","coordinates":[-103.6803,40.2217]}},{"type":"Feature","properties":{"anchor_id":"eia860_6400_30049","name":"Canyon Ferry","parent":"U S Bureau of Reclamation","geoid":"30049","display_sector":"utilities/power","naics":"22","tier":2,"asset_class":"generator","capacity_or_load_mw":55.0,"employment_est":null,"co2e_tpy":null,"source":"eia860","confidence":"high","coords_flag":"reported","matched_source_record_id":"eia_plant_6400","match_method":"eia_plant_code","match_confidence":"exact_id","capacity_mw_eia":57.599999999999994,"capacity_delta_pct":4.727272727272717,"county_ees_contribution":[{"geoid":"30007","capital":"Ec","delta":0.01656057547999793},{"geoid":"30043","capital":"Ec","delta":0.005694258007462827},{"geoid":"30049","capital":"Ec","delta":0.01656057547999793}]},"geometry":{"type":"Point","coordinates":[-111.727874,46.649026]}},{"type":"Feature","properties":{"anchor_id":"eia860_6422_30057","name":"Madison Dam","parent":"NorthWestern Energy (MT Hydro)","geoid":"30057","display_sector":"utilities/power","naics":"22","tier":2,"asset_class":"generator","capacity_or_load_mw":16.4,"employment_est":null,"co2e_tpy":null,"source":"eia860","confidence":"high","coords_flag":"reported","matched_source_record_id":"eia_plant_6422","match_method":"eia_plant_code","match_confidence":"exact_id","capacity_mw_eia":16.4,"capacity_delta_pct":0.0,"county_ees_contribution":[{"geoid":"30031","capital":"Ec","delta":0.003372572308221629},{"geoid":"30057","capital":"Ec","delta":0.0025032115576380043}]},"geometry":{"type":"Point","coordinates":[-111.633807,45.487869]}},{"type":"Feature","properties":{"anchor_id":"eia860_6623_30055","name":"Fort Peck","parent":"USACE-Omaha","geoid":"30055","display_sector":"utilities/power","naics":"22","tier":2,"asset_class":"generator","capacity_or_load_mw":162.4,"employment_est":null,"co2e_tpy":null,"source":"eia860","confidence":"high","coords_flag":"reported","matched_source_record_id":"eia_plant_6623","match_method":"eia_plant_code","match_confidence":"exact_id","capacity_mw_eia":162.4,"capacity_delta_pct":0.0,"county_ees_contribution":[]},"geometry":{"type":"Point","coordinates":[-106.4123,48.0122]}},{"type":"Feature","properties":{"anchor_id":"eia860_6761_08069","name":"Rawhide","parent":"Platte River Power Authority","geoid":"08069","display_sector":"utilities/power","naics":"22","tier":2,"asset_class":"generator","capacity_or_load_mw":800.4,"employment_est":null,"co2e_tpy":1451281.398,"source":"eia860","confidence":"high","coords_flag":"reported","matched_source_record_id":"eia_plant_6761","match_method":"eia_plant_code","match_confidence":"exact_id","capacity_mw_eia":800.4,"capacity_delta_pct":0.0,"county_ees_contribution":[{"geoid":"08069","capital":"Ec","delta":0.1751996482092577},{"geoid":"08123","capital":"Ec","delta":0.034647210998786274},{"geoid":"56021","capital":"Ec","delta":0.1811373267602325}]},"geometry":{"type":"Point","coordinates":[-105.021207,40.860905]}},{"type":"Feature","properties":{"anchor_id":"eia860_7317_56029","name":"Buffalo Bill","parent":"U S Bureau of Reclamation","geoid":"56029","display_sector":"utilities/power","naics":"22","tier":2,"asset_class":"generator","capacity_or_load_mw":18.0,"employment_est":null,"co2e_tpy":null,"source":"eia860","confidence":"high","coords_flag":"reported","matched_source_record_id":"eia_plant_7317","match_method":"eia_plant_code","match_confidence":"exact_id","capacity_mw_eia":18.0,"capacity_delta_pct":0.0,"county_ees_contribution":[{"geoid":"56029","capital":"Ec","delta":0.004594232211320466}]},"geometry":{"type":"Point","coordinates":[-109.170661,44.508169]}},{"type":"Feature","properties":{"anchor_id":"eia860_7373_08083","name":"Towaoc","parent":"U S Bureau of Reclamation","geoid":"08083","display_sector":"utilities/power","naics":"22","tier":2,"asset_class":"generator","capacity_or_load_mw":11.4,"employment_est":null,"co2e_tpy":null,"source":"eia860","confidence":"high","coords_flag":"reported","matched_source_record_id":"eia_plant_7373","match_method":"eia_plant_code","match_confidence":"exact_id","capacity_mw_eia":11.4,"capacity_delta_pct":0.0,"county_ees_contribution":[{"geoid":"08033","capital":"Ec","delta":0.0032776138970829244},{"geoid":"08067","capital":"Ec","delta":0.0002820774834529327},{"geoid":"08083","capital":"Ec","delta":0.0032776138970829244}]},"geometry":{"type":"Point","coordinates":[-108.574871,37.429538]}},{"type":"Feature","properties":{"anchor_id":"eia860_7458_08097","name":"Basalt","parent":"City of Aspen- (CO)","geoid":"08097","display_sector":"utilities/power","naics":"22","tier":2,"asset_class":"generator","capacity_or_load_mw":5.0,"employment_est":null,"co2e_tpy":null,"source":"eia860","confidence":"high","coords_flag":"reported","matched_source_record_id":"eia_plant_7458","match_method":"eia_plant_code","match_confidence":"exact_id","capacity_mw_eia":5.0,"capacity_delta_pct":0.0,"county_ees_contribution":[{"geoid":"08037","capital":"Ec","delta":0.001304928544829377},{"geoid":"08045","capital":"Ec","delta":0.0005558349370723411},{"geoid":"08065","capital":"Ec","delta":0.0014375499548609316},{"geoid":"08097","capital":"Ec","delta":0.0014375499548609316}]},"geometry":{"type":"Point","coordinates":[-106.821944,39.363056]}},{"type":"Feature","properties":{"anchor_id":"eia860_7504_56005","name":"Neil Simpson II","parent":"Black Hills Power, Inc.","geoid":"56005","display_sector":"utilities/power","naics":"22","tier":2,"asset_class":"generator","capacity_or_load_mw":130.0,"employment_est":null,"co2e_tpy":847647.076,"source":"eia860","confidence":"high","coords_flag":"reported","matched_source_record_id":"eia_plant_7504","match_method":"eia_plant_code","match_confidence":"exact_id","capacity_mw_eia":130.0,"capacity_delta_pct":0.0,"county_ees_contribution":[{"geoid":"56005","capital":"Ec","delta":0.03464029982998032}]},"geometry":{"type":"Point","coordinates":[-105.3833,44.2856]}},{"type":"Feature","properties":{"anchor_id":"eia860_7790_49047","name":"Bonanza","parent":"Deseret Generation & Tran Coop","geoid":"49047","display_sector":"utilities/power","naics":"22","tier":2,"asset_class":"generator","capacity_or_load_mw":512.0,"employment_est":null,"co2e_tpy":null,"source":"eia860","confidence":"high","coords_flag":"reported","matched_source_record_id":"eia_plant_7790","match_method":"eia_plant_code","match_confidence":"exact_id","capacity_mw_eia":512.0,"capacity_delta_pct":0.0,"county_ees_contribution":[{"geoid":"08103","capital":"Ec","delta":0.05937039363876458},{"geoid":"49047","capital":"Ec","delta":0.1472051153777594}]},"geometry":{"type":"Point","coordinates":[-109.2844,40.0864]}},{"type":"Feature","properties":{"anchor_id":"eia860_8028_56033","name":"Arvada","parent":"Basin Electric Power Coop","geoid":"56033","display_sector":"utilities/power","naics":"22","tier":2,"asset_class":"generator","capacity_or_load_mw":15.0,"employment_est":null,"co2e_tpy":null,"source":"eia860","confidence":"high","coords_flag":"reported","matched_source_record_id":"eia_plant_8028","match_method":"eia_plant_code","match_confidence":"exact_id","capacity_mw_eia":15.0,"capacity_delta_pct":0.0,"county_ees_contribution":[{"geoid":"56005","capital":"Ec","delta":0.00015987094382440863},{"geoid":"56033","capital":"Ec","delta":0.0004494418594441077}]},"geometry":{"type":"Point","coordinates":[-106.1092,44.69]}},{"type":"Feature","properties":{"anchor_id":"eia860_8066_56037","name":"Jim Bridger","parent":"PacifiCorp","geoid":"56037","display_sector":"utilities/power","naics":"22","tier":2,"asset_class":"generator","capacity_or_load_mw":2326.0,"employment_est":null,"co2e_tpy":8973790.926,"source":"eia860","confidence":"high","coords_flag":"reported","matched_source_record_id":"eia_plant_8066","match_method":"duplicate_registry_alias","match_confidence":"unmatched","capacity_mw_eia":2326.0,"capacity_delta_pct":0.0,"county_ees_contribution":[]},"geometry":{"type":"Point","coordinates":[-108.7875,41.7378]}},{"type":"Feature","properties":{"anchor_id":"eia860_8067_08123","name":"Fort Lupton","parent":"Public Service Co of Colorado","geoid":"08123","display_sector":"utilities/power","naics":"22","tier":2,"asset_class":"generator","capacity_or_load_mw":100.8,"employment_est":null,"co2e_tpy":null,"source":"eia860","confidence":"high","coords_flag":"reported","matched_source_record_id":"eia_plant_8067","match_method":"eia_plant_code","match_confidence":"exact_id","capacity_mw_eia":100.8,"capacity_delta_pct":0.0,"county_ees_contribution":[{"geoid":"08001","capital":"Ec","delta":0.028672837795784972},{"geoid":"08005","capital":"Ec","delta":0.012314823473484794},{"geoid":"08013","capital":"Ec","delta":0.028258726089460378},{"geoid":"08014","capital":"Ec","delta":0.02898100708999638},{"geoid":"08031","capital":"Ec","delta":0.025571987698041275},{"geoid":"08059","capital":"Ec","delta":0.014546140941243553},{"geoid":"08069","capital":"Ec","delta":0.01077125427481735},{"geoid":"08123","capital":"Ec","delta":0.027990200421543866}]},"geometry":{"type":"Point","coordinates":[-104.796,40.0922]}},{"type":"Feature","properties":{"anchor_id":"eia860_8069_49015","name":"Huntington","parent":"PacifiCorp","geoid":"49015","display_sector":"utilities/power","naics":"22","tier":2,"asset_class":"generator","capacity_or_load_mw":1015.5,"employment_est":null,"co2e_tpy":null,"source":"eia860","confidence":"high","coords_flag":"reported","matched_source_record_id":"eia_plant_8069","match_method":"eia_plant_code","match_confidence":"exact_id","capacity_mw_eia":1015.5,"capacity_delta_pct":0.0,"county_ees_contribution":[{"geoid":"49007","capital":"Ec","delta":0.2227288146001298},{"geoid":"49015","capital":"Ec","delta":0.20444727111672673}]},"geometry":{"type":"Point","coordinates":[-111.0781,39.3792]}},{"type":"Feature","properties":{"anchor_id":"eia860_10138_30009","name":"South Dry Creek Hydro","parent":"Hydrodynamics Inc","geoid":"30009","display_sector":"utilities/power","naics":"22","tier":2,"asset_class":"generator","capacity_or_load_mw":2.0,"employment_est":null,"co2e_tpy":null,"source":"eia860","confidence":"high","coords_flag":"reported","matched_source_record_id":"eia_plant_10138","match_method":"eia_plant_code","match_confidence":"exact_id","capacity_mw_eia":2.0,"capacity_delta_pct":0.0,"county_ees_contribution":[{"geoid":"30009","capital":"Ec","delta":0.0005750199819443727},{"geoid":"30095","capital":"Ec","delta":0.00037378220256486513}]},"geometry":{"type":"Point","coordinates":[-109.1652,45.206341]}},{"type":"Feature","properties":{"anchor_id":"eia860_10422_08049","name":"Williams Fork Hydro Plant","parent":"Denver City & County of","geoid":"08049","display_sector":"utilities/power","naics":"22","tier":2,"asset_class":"generator","capacity_or_load_mw":3.5,"employment_est":null,"co2e_tpy":null,"source":"eia860","confidence":"high","coords_flag":"reported","matched_source_record_id":"eia_plant_10422","match_method":"eia_plant_code","match_confidence":"exact_id","capacity_mw_eia":3.5,"capacity_delta_pct":0.0,"county_ees_contribution":[{"geoid":"08037","capital":"Ec","delta":0.00023055046445882868},{"geoid":"08049","capital":"Ec","delta":0.0010062849684026522},{"geoid":"08117","capital":"Ec","delta":0.00034474728121176303}]},"geometry":{"type":"Point","coordinates":[-106.2053,40.035]}},{"type":"Feature","properties":{"anchor_id":"eia860_10423_08093","name":"North Fork Hydro Plant","parent":"Denver City & County of","geoid":"08093","display_sector":"utilities/power","naics":"22","tier":2,"asset_class":"generator","capacity_or_load_mw":5.5,"employment_est":null,"co2e_tpy":null,"source":"eia860","confidence":"high","coords_flag":"reported","matched_source_record_id":"eia_plant_10423","match_method":"eia_plant_code","match_confidence":"exact_id","capacity_mw_eia":5.5,"capacity_delta_pct":0.0,"county_ees_contribution":[{"geoid":"08019","capital":"Ec","delta":0.0015813049503470248},{"geoid":"08047","capital":"Ec","delta":0.0015813049503470248},{"geoid":"08049","capital":"Ec","delta":0.000297877465207828},{"geoid":"08059","capital":"Ec","delta":0.0002937561743147134},{"geoid":"08093","capital":"Ec","delta":0.0013321170985931862},{"geoid":"08117","capital":"Ec","delta":0.0015161217774624246}]},"geometry":{"type":"Point","coordinates":[-105.677,39.4616]}},{"type":"Feature","properties":{"anchor_id":"eia860_10682_08087","name":"Brush Generation Facility","parent":"Brush Power LLC","geoid":"08087","display_sector":"utilities/power","naics":"22","tier":2,"asset_class":"generator","capacity_or_load_mw":211.6,"employment_est":null,"co2e_tpy":null,"source":"eia860","confidence":"high","coords_flag":"reported","matched_source_record_id":"eia_plant_10682","match_method":"eia_plant_code","match_confidence":"exact_id","capacity_mw_eia":211.6,"capacity_delta_pct":0.0,"county_ees_contribution":[{"geoid":"08087","capital":"Ec","delta":0.06083711408971463},{"geoid":"08121","capital":"Ec","delta":0.034125364805980676}]},"geometry":{"type":"Point","coordinates":[-103.631,40.2415]}},{"type":"Feature","properties":{"anchor_id":"eia860_50205_08067","name":"Williams Ignacio Natural Gas Plant","parent":"Harvest Midstream Co","geoid":"08067","display_sector":"utilities/power","naics":"22","tier":2,"asset_class":"generator","capacity_or_load_mw":6.1,"employment_est":null,"co2e_tpy":null,"source":"eia860","confidence":"high","coords_flag":"reported","matched_source_record_id":"eia_plant_50205","match_method":"eia_plant_code","match_confidence":"exact_id","capacity_mw_eia":6.1,"capacity_delta_pct":0.0,"county_ees_contribution":[{"geoid":"08007","capital":"Ec","delta":0.00020174862746478222},{"geoid":"08067","capital":"Ec","delta":0.0017538109449303366},{"geoid":"35045","capital":"Ec","delta":0.0007397632067714354}]},"geometry":{"type":"Point","coordinates":[-107.784722,37.145556]}},{"type":"Feature","properties":{"anchor_id":"eia860_50707_08123","name":"JM Shafer Generating Station","parent":"Tri-State G & T Assn, Inc","geoid":"08123","display_sector":"utilities/power","naics":"22","tier":2,"asset_class":"generator","capacity_or_load_mw":396.9,"employment_est":null,"co2e_tpy":482180.164,"source":"eia860","confidence":"high","coords_flag":"reported","matched_source_record_id":"eia_plant_50707","match_method":"eia_plant_code","match_confidence":"exact_id","capacity_mw_eia":396.9,"capacity_delta_pct":0.0,"county_ees_contribution":[{"geoid":"08001","capital":"Ec","delta":0.11289929882090333},{"geoid":"08005","capital":"Ec","delta":0.046674667759300965},{"geoid":"08013","capital":"Ec","delta":0.11126873397725026},{"geoid":"08014","capital":"Ec","delta":0.11411271541686074},{"geoid":"08031","capital":"Ec","delta":0.09139275818766893},{"geoid":"08059","capital":"Ec","delta":0.051447025113088976},{"geoid":"08069","capital":"Ec","delta":0.040979700922721955},{"geoid":"08123","capital":"Ec","delta":0.11021141415982896}]},"geometry":{"type":"Point","coordinates":[-104.7736,40.0986]}},{"type":"Feature","properties":{"anchor_id":"eia860_50931_30111","name":"Yellowstone Energy LP","parent":"Yellowstone Energy LP","geoid":"30111","display_sector":"utilities/power","naics":"22","tier":2,"asset_class":"generator","capacity_or_load_mw":68.0,"employment_est":null,"co2e_tpy":null,"source":"eia860","confidence":"high","coords_flag":"reported","matched_source_record_id":"eia_plant_50931","match_method":"eia_plant_code","match_confidence":"exact_id","capacity_mw_eia":68.0,"capacity_delta_pct":0.0,"county_ees_contribution":[{"geoid":"30111","capital":"Ec","delta":0.01955067938610867}]},"geometry":{"type":"Point","coordinates":[-108.4278,45.8117]}},{"type":"Feature","properties":{"anchor_id":"eia860_50951_49007","name":"Sunnyside Cogen Associates","parent":"Sunnyside Cogeneration Assoc","geoid":"49007","display_sector":"utilities/power","naics":"22","tier":2,"asset_class":"generator","capacity_or_load_mw":58.1,"employment_est":null,"co2e_tpy":null,"source":"eia860","confidence":"high","coords_flag":"reported","matched_source_record_id":"eia_plant_50951","match_method":"eia_plant_code","match_confidence":"exact_id","capacity_mw_eia":58.1,"capacity_delta_pct":0.0,"county_ees_contribution":[{"geoid":"49007","capital":"Ec","delta":0.013421450698194733},{"geoid":"49015","capital":"Ec","delta":0.006888975247618286}]},"geometry":{"type":"Point","coordinates":[-110.3917,39.5472]}},{"type":"Feature","properties":{"anchor_id":"eia860_54006_30007","name":"Broadwater Power Project","parent":"Montana Dept-Natural Res&Consv","geoid":"30007","display_sector":"utilities/power","naics":"22","tier":2,"asset_class":"generator","capacity_or_load_mw":9.7,"employment_est":null,"co2e_tpy":null,"source":"eia860","confidence":"high","coords_flag":"reported","matched_source_record_id":"eia_plant_54006","match_method":"eia_plant_code","match_confidence":"exact_id","capacity_mw_eia":9.7,"capacity_delta_pct":0.0,"county_ees_contribution":[{"geoid":"30007","capital":"Ec","delta":0.002788846912430207},{"geoid":"30031","capital":"Ec","delta":0.0009868908658742246}]},"geometry":{"type":"Point","coordinates":[-111.407656,46.12061]}},{"type":"Feature","properties":{"anchor_id":"eia860_54630_08037","name":"American Gypsum Cogeneration","parent":"Eagle Materials Co LLC","geoid":"08037","display_sector":"utilities/power","naics":"22","tier":2,"asset_class":"generator","capacity_or_load_mw":6.4,"employment_est":null,"co2e_tpy":null,"source":"eia860","confidence":"high","coords_flag":"reported","matched_source_record_id":"eia_plant_54630","match_method":"eia_plant_code","match_confidence":"exact_id","capacity_mw_eia":6.4,"capacity_delta_pct":0.0,"county_ees_contribution":[{"geoid":"08037","capital":"Ec","delta":0.001677615889245593},{"geoid":"08045","capital":"Ec","delta":0.0010289597710724705},{"geoid":"08097","capital":"Ec","delta":0.00038702412729910195}]},"geometry":{"type":"Point","coordinates":[-106.949394,39.648565]}},{"type":"Feature","properties":{"anchor_id":"eia860_54668_16043","name":"Falls River Hydro","parent":"Marysville Hydro Partners","geoid":"16043","display_sector":"utilities/power","naics":"22","tier":2,"asset_class":"generator","capacity_or_load_mw":9.0,"employment_est":null,"co2e_tpy":null,"source":"eia860","confidence":"high","coords_flag":"reported","matched_source_record_id":"eia_plant_54668","match_method":"eia_plant_code","match_confidence":"exact_id","capacity_mw_eia":9.0,"capacity_delta_pct":0.0,"county_ees_contribution":[{"geoid":"16043","capital":"Ec","delta":0.002587589918749677},{"geoid":"16081","capital":"Ec","delta":0.0009273661250999085},{"geoid":"56039","capital":"Ec","delta":0.00030391379924662104}]},"geometry":{"type":"Point","coordinates":[-111.3535,44.0597]}},{"type":"Feature","properties":{"anchor_id":"eia860_54729_08103","name":"Taylor Draw Hydroelectric Facility","parent":"Rio Blanco Water Conserv Dist","geoid":"08103","display_sector":"utilities/power","naics":"22","tier":2,"asset_class":"generator","capacity_or_load_mw":2.3,"employment_est":null,"co2e_tpy":null,"source":"eia860","confidence":"high","coords_flag":"reported","matched_source_record_id":"eia_plant_54729","match_method":"eia_plant_code","match_confidence":"exact_id","capacity_mw_eia":2.3,"capacity_delta_pct":0.0,"county_ees_contribution":[{"geoid":"08103","capital":"Ec","delta":0.00026670294017413777}]},"geometry":{"type":"Point","coordinates":[-108.711161,40.106269]}},{"type":"Feature","properties":{"anchor_id":"eia860_55127_08087","name":"Manchief Electric Generating Station","parent":"Public Service Co of Colorado","geoid":"08087","display_sector":"utilities/power","naics":"22","tier":2,"asset_class":"generator","capacity_or_load_mw":300.0,"employment_est":null,"co2e_tpy":206070.536,"source":"eia860","confidence":"high","coords_flag":"reported","matched_source_record_id":"eia_plant_55127","match_method":"eia_plant_code","match_confidence":"exact_id","capacity_mw_eia":300.0,"capacity_delta_pct":0.0,"county_ees_contribution":[{"geoid":"08087","capital":"Ec","delta":0.0862529972916559},{"geoid":"08121","capital":"Ec","delta":0.048381897172940475}]},"geometry":{"type":"Point","coordinates":[-103.68504,40.217143]}},{"type":"Feature","properties":{"anchor_id":"eia860_55200_08031","name":"Arapahoe Combustion Turbine Project","parent":"SWG Arapahoe, LLC","geoid":"08031","display_sector":"utilities/power","naics":"22","tier":2,"asset_class":"generator","capacity_or_load_mw":194.0,"employment_est":null,"co2e_tpy":107555.652,"source":"eia860","confidence":"high","coords_flag":"reported","matched_source_record_id":"eia_plant_55200","match_method":"eia_plant_code","match_confidence":"exact_id","capacity_mw_eia":194.0,"capacity_delta_pct":0.0,"county_ees_contribution":[{"geoid":"08001","capital":"Ec","delta":0.05518383464664965},{"geoid":"08005","capital":"Ec","delta":0.05520481070627051},{"geoid":"08013","capital":"Ec","delta":0.03507454978036596},{"geoid":"08014","capital":"Ec","delta":0.05577693824860415},{"geoid":"08019","capital":"Ec","delta":0.040087264562806216},{"geoid":"08031","capital":"Ec","delta":0.05577693824860415},{"geoid":"08035","capital":"Ec","delta":0.05577693824860415},{"geoid":"08047","capital":"Ec","delta":0.03698460574100579},{"geoid":"08059","capital":"Ec","delta":0.05577693824860415},{"geoid":"08093","capital":"Ec","delta":0.016048112652877356},{"geoid":"08123","capital":"Ec","delta":0.008681483864518181}]},"geometry":{"type":"Point","coordinates":[-105.0018,39.6692]}},{"type":"Feature","properties":{"anchor_id":"eia860_55207_08013","name":"Valmont Combustion Turbine Project","parent":"Public Service Co of Colorado","geoid":"08013","display_sector":"utilities/power","naics":"22","tier":2,"asset_class":"generator","capacity_or_load_mw":142.2,"employment_est":null,"co2e_tpy":null,"source":"eia860","confidence":"high","coords_flag":"reported","matched_source_record_id":"eia_plant_55207","match_method":"eia_plant_code","match_confidence":"exact_id","capacity_mw_eia":142.2,"capacity_delta_pct":0.0,"county_ees_contribution":[{"geoid":"08001","capital":"Ec","delta":0.039638654540769265},{"geoid":"08005","capital":"Ec","delta":0.015366773836143316},{"geoid":"08013","capital":"Ec","delta":0.040883920716244894},{"geoid":"08014","capital":"Ec","delta":0.040883920716244894},{"geoid":"08019","capital":"Ec","delta":0.016952717948807705},{"geoid":"08031","capital":"Ec","delta":0.040201582574071554},{"geoid":"08047","capital":"Ec","delta":0.040883920716244894},{"geoid":"08049","capital":"Ec","delta":0.004446165379342329},{"geoid":"08059","capital":"Ec","delta":0.03726667817228375},{"geoid":"08069","capital":"Ec","delta":0.01294790787230692},{"geoid":"08123","capital":"Ec","delta":0.01570490237310316}]},"geometry":{"type":"Point","coordinates":[-105.2009,40.0205]}},{"type":"Feature","properties":{"anchor_id":"eia860_55505_08001","name":"Frank Knutson","parent":"Tri-State G & T Assn, Inc","geoid":"08001","display_sector":"utilities/power","naics":"22","tier":2,"asset_class":"generator","capacity_or_load_mw":154.2,"employment_est":null,"co2e_tpy":174273.05,"source":"eia860","confidence":"high","coords_flag":"reported","matched_source_record_id":"eia_plant_55505","match_method":"eia_plant_code","match_confidence":"exact_id","capacity_mw_eia":154.2,"capacity_delta_pct":0.0,"county_ees_contribution":[{"geoid":"08001","capital":"Ec","delta":0.043862614961409155},{"geoid":"08005","capital":"Ec","delta":0.04368270002204008},{"geoid":"08013","capital":"Ec","delta":0.03417030619814878},{"geoid":"08014","capital":"Ec","delta":0.04433404060791113},{"geoid":"08031","capital":"Ec","delta":0.04433404060791113},{"geoid":"08035","capital":"Ec","delta":0.02405354010172422},{"geoid":"08059","capital":"Ec","delta":0.031143330233714458},{"geoid":"08123","capital":"Ec","delta":0.021370081102932245}]},"geometry":{"type":"Point","coordinates":[-104.682015,39.941129]}},{"type":"Feature","properties":{"anchor_id":"eia860_55645_08001","name":"Blue Spruce Energy Center","parent":"Public Service Co of Colorado","geoid":"08001","display_sector":"utilities/power","naics":"22","tier":2,"asset_class":"generator","capacity_or_load_mw":397.8,"employment_est":null,"co2e_tpy":269797.034,"source":"eia860","confidence":"high","coords_flag":"reported","matched_source_record_id":"eia_plant_55645","match_method":"eia_plant_code","match_confidence":"exact_id","capacity_mw_eia":397.8,"capacity_delta_pct":0.0,"county_ees_contribution":[{"geoid":"08001","capital":"Ec","delta":0.11315530630122286},{"geoid":"08005","capital":"Ec","delta":0.11319831803584747},{"geoid":"08013","capital":"Ec","delta":0.028081489351888374},{"geoid":"08014","capital":"Ec","delta":0.11437147440873573},{"geoid":"08031","capital":"Ec","delta":0.11437147440873573},{"geoid":"08035","capital":"Ec","delta":0.11218917026516541},{"geoid":"08059","capital":"Ec","delta":0.10572746187932734},{"geoid":"08123","capital":"Ec","delta":0.023420271477411284}]},"geometry":{"type":"Point","coordinates":[-104.681404,39.747875]}},{"type":"Feature","properties":{"anchor_id":"eia860_55650_08059","name":"Plains End","parent":"Plains End Operating Services LLC","geoid":"08059","display_sector":"utilities/power","naics":"22","tier":2,"asset_class":"generator","capacity_or_load_mw":114.0,"employment_est":null,"co2e_tpy":null,"source":"eia860","confidence":"high","coords_flag":"reported","matched_source_record_id":"eia_plant_55650","match_method":"eia_plant_code","match_confidence":"exact_id","capacity_mw_eia":114.0,"capacity_delta_pct":0.0,"county_ees_contribution":[{"geoid":"08001","capital":"Ec","delta":0.032084760545055206},{"geoid":"08005","capital":"Ec","delta":0.029293856064463625},{"geoid":"08013","capital":"Ec","delta":0.03277613897082924},{"geoid":"08014","capital":"Ec","delta":0.03277613897082924},{"geoid":"08019","capital":"Ec","delta":0.03277613897082924},{"geoid":"08031","capital":"Ec","delta":0.03277613897082924},{"geoid":"08035","capital":"Ec","delta":0.024374311546516158},{"geoid":"08047","capital":"Ec","delta":0.03277613897082924},{"geoid":"08049","capital":"Ec","delta":0.00356443638006347},{"geoid":"08059","capital":"Ec","delta":0.03256584806951491},{"geoid":"08093","capital":"Ec","delta":0.009430334239319684},{"geoid":"08123","capital":"Ec","delta":0.009076457009632163}]},"geometry":{"type":"Point","coordinates":[-105.225967,39.857499]}},{"type":"Feature","properties":{"anchor_id":"eia860_55749_30003","name":"Hardin Generator Project","parent":"Heorot Power Management","geoid":"30003","display_sector":"utilities/power","naics":"22","tier":2,"asset_class":"generator","capacity_or_load_mw":115.7,"employment_est":null,"co2e_tpy":null,"source":"eia860","confidence":"high","coords_flag":"reported","matched_source_record_id":"eia_plant_55749","match_method":"eia_plant_code","match_confidence":"exact_id","capacity_mw_eia":115.7,"capacity_delta_pct":0.0,"county_ees_contribution":[{"geoid":"30003","capital":"Ec","delta":0.01984712876335478},{"geoid":"30111","capital":"Ec","delta":0.001608943942144877}]},"geometry":{"type":"Point","coordinates":[-107.6,45.7578]}},{"type":"Feature","properties":{"anchor_id":"eia860_55835_08123","name":"Rocky Mountain Energy Center","parent":"Public Service Co of Colorado","geoid":"08123","display_sector":"utilities/power","naics":"22","tier":2,"asset_class":"generator","capacity_or_load_mw":685.1,"employment_est":null,"co2e_tpy":1074429.868,"source":"eia860","confidence":"high","coords_flag":"reported","matched_source_record_id":"eia_plant_55835","match_method":"eia_plant_code","match_confidence":"exact_id","capacity_mw_eia":685.0999999999999,"capacity_delta_pct":-1.6594196135106706e-14,"county_ees_contribution":[{"geoid":"08001","capital":"Ec","delta":0.19487858307432823},{"geoid":"08005","capital":"Ec","delta":0.05405967945490217},{"geoid":"08013","capital":"Ec","delta":0.10835144386723324},{"geoid":"08014","capital":"Ec","delta":0.19158434395886825},{"geoid":"08031","capital":"Ec","delta":0.07013938117087329},{"geoid":"08059","capital":"Ec","delta":0.019263893961334776},{"geoid":"08069","capital":"Ec","delta":0.014914273060714012},{"geoid":"08087","capital":"Ec","delta":0.023742565155705695},{"geoid":"08123","capital":"Ec","delta":0.17889062860170332}]},"geometry":{"type":"Point","coordinates":[-104.5953,40.0908]}},{"type":"Feature","properties":{"anchor_id":"eia860_55866_30093","name":"Basin Creek Plant","parent":"Basin Creek Power Services LLC","geoid":"30093","display_sector":"utilities/power","naics":"22","tier":2,"asset_class":"generator","capacity_or_load_mw":54.9,"employment_est":null,"co2e_tpy":null,"source":"eia860","confidence":"high","coords_flag":"reported","matched_source_record_id":"eia_plant_55866","match_method":"eia_plant_code","match_confidence":"exact_id","capacity_mw_eia":54.9,"capacity_delta_pct":0.0,"county_ees_contribution":[{"geoid":"30023","capital":"Ec","delta":0.015784298504373028},{"geoid":"30043","capital":"Ec","delta":0.010356958841010023},{"geoid":"30057","capital":"Ec","delta":0.005369767072981628},{"geoid":"30093","capital":"Ec","delta":0.015784298504373028}]},"geometry":{"type":"Point","coordinates":[-112.5194,45.9293]}},{"type":"Feature","properties":{"anchor_id":"eia860_56093_56041","name":"TransAlta Wyoming Wind","parent":"TransAlta Wyoming Wind LLC","geoid":"56041","display_sector":"utilities/power","naics":"22","tier":2,"asset_class":"generator","capacity_or_load_mw":144.0,"employment_est":null,"co2e_tpy":null,"source":"eia860","confidence":"high","coords_flag":"reported","matched_source_record_id":"eia_plant_56093","match_method":"eia_plant_code","match_confidence":"exact_id","capacity_mw_eia":144.0,"capacity_delta_pct":0.0,"county_ees_contribution":[{"geoid":"56041","capital":"Ec","delta":0.04140143869999483}]},"geometry":{"type":"Point","coordinates":[-110.5556,41.2874]}},{"type":"Feature","properties":{"anchor_id":"eia860_56106_31105","name":"Kimball Wind","parent":"Kimball Wind, LLC","geoid":"31105","display_sector":"utilities/power","naics":"22","tier":2,"asset_class":"generator","capacity_or_load_mw":30.0,"employment_est":null,"co2e_tpy":null,"source":"eia860","confidence":"high","coords_flag":"reported","matched_source_record_id":"eia_plant_56106","match_method":"eia_plant_code","match_confidence":"exact_id","capacity_mw_eia":30.0,"capacity_delta_pct":0.0,"county_ees_contribution":[{"geoid":"31007","capital":"Ec","delta":0.00862529972916559},{"geoid":"31105","capital":"Ec","delta":0.00862529972916559},{"geoid":"56021","capital":"Ec","delta":0.0005613718841632655}]},"geometry":{"type":"Point","coordinates":[-103.6983,41.2736]}},{"type":"Feature","properties":{"anchor_id":"eia860_56148_46117","name":"Ft. Pierre","parent":"City of Fort Pierre - (SD)","geoid":"46117","display_sector":"utilities/power","naics":"22","tier":2,"asset_class":"generator","capacity_or_load_mw":6.0,"employment_est":null,"co2e_tpy":null,"source":"eia860","confidence":"high","coords_flag":"reported","matched_source_record_id":"eia_plant_56148","match_method":"eia_plant_code","match_confidence":"exact_id","capacity_mw_eia":6.0,"capacity_delta_pct":0.0,"county_ees_contribution":[{"geoid":"46065","capital":"Ec","delta":0.0017250599458331181},{"geoid":"46117","capital":"Ec","delta":0.0017250599458331181}]},"geometry":{"type":"Point","coordinates":[-100.380833,44.368056]}},{"type":"Feature","properties":{"anchor_id":"eia860_56312_56023","name":"Shute Creek Facility","parent":"Exxon Mobil Production Co","geoid":"56023","display_sector":"utilities/power","naics":"22","tier":2,"asset_class":"generator","capacity_or_load_mw":144.0,"employment_est":null,"co2e_tpy":null,"source":"eia860","confidence":"high","coords_flag":"reported","matched_source_record_id":"eia_plant_56312","match_method":"eia_plant_code","match_confidence":"exact_id","capacity_mw_eia":144.0,"capacity_delta_pct":0.0,"county_ees_contribution":[{"geoid":"56023","capital":"Ec","delta":0.011208967868711341},{"geoid":"56037","capital":"Ec","delta":0.0028168996173408402}]},"geometry":{"type":"Point","coordinates":[-110.0904,41.8805]}},{"type":"Feature","properties":{"anchor_id":"eia860_56371_08123","name":"Cedar Creek Wind","parent":"Leeward Asset Management, LLC","geoid":"08123","display_sector":"utilities/power","naics":"22","tier":2,"asset_class":"generator","capacity_or_load_mw":300.5,"employment_est":null,"co2e_tpy":null,"source":"eia860","confidence":"high","coords_flag":"reported","matched_source_record_id":"eia_plant_56371","match_method":"eia_plant_code","match_confidence":"exact_id","capacity_mw_eia":300.5,"capacity_delta_pct":0.0,"county_ees_contribution":[{"geoid":"08123","capital":"Ec","delta":0.001519353092538344},{"geoid":"31105","capital":"Ec","delta":0.086396752287142},{"geoid":"56021","capital":"Ec","delta":0.00396000904159136}]},"geometry":{"type":"Point","coordinates":[-104.0206,40.8944]}},{"type":"Feature","properties":{"anchor_id":"eia860_56377_30107","name":"Judith Gap Wind Energy Center","parent":"Invenergy Services LLC","geoid":"30107","display_sector":"utilities/power","naics":"22","tier":2,"asset_class":"generator","capacity_or_load_mw":135.0,"employment_est":null,"co2e_tpy":null,"source":"eia860","confidence":"high","coords_flag":"reported","matched_source_record_id":"eia_plant_56377","match_method":"eia_plant_code","match_confidence":"exact_id","capacity_mw_eia":135.0,"capacity_delta_pct":0.0,"county_ees_contribution":[{"geoid":"30037","capital":"Ec","delta":0.03881384878124516},{"geoid":"30107","capital":"Ec","delta":0.03881384878124516}]},"geometry":{"type":"Point","coordinates":[-109.7531,46.5725]}},{"type":"Feature","properties":{"anchor_id":"eia860_56445_08123","name":"Spindle Hill Energy Center","parent":"Invenergy Services LLC","geoid":"08123","display_sector":"utilities/power","naics":"22","tier":2,"asset_class":"generator","capacity_or_load_mw":420.0,"employment_est":null,"co2e_tpy":148836.246,"source":"eia860","confidence":"high","coords_flag":"reported","matched_source_record_id":"eia_plant_56445","match_method":"eia_plant_code","match_confidence":"exact_id","capacity_mw_eia":420.0,"capacity_delta_pct":0.0,"county_ees_contribution":[{"geoid":"08001","capital":"Ec","delta":0.11947015748243739},{"geoid":"08005","capital":"Ec","delta":0.05233266737591988},{"geoid":"08013","capital":"Ec","delta":0.11907914682411425},{"geoid":"08014","capital":"Ec","delta":0.12075419620831826},{"geoid":"08031","capital":"Ec","delta":0.11317053368898887},{"geoid":"08059","capital":"Ec","delta":0.07868711515279425},{"geoid":"08069","capital":"Ec","delta":0.054854393786291644},{"geoid":"08123","capital":"Ec","delta":0.11662583508976611}]},"geometry":{"type":"Point","coordinates":[-104.887844,40.092192]}},{"type":"Feature","properties":{"anchor_id":"eia860_56516_08059","name":"Plains End II LLC","parent":"Plains End Operating Services LLC","geoid":"08059","display_sector":"utilities/power","naics":"22","tier":2,"asset_class":"generator","capacity_or_load_mw":117.6,"employment_est":null,"co2e_tpy":null,"source":"eia860","confidence":"high","coords_flag":"reported","matched_source_record_id":"eia_plant_56516","match_method":"eia_plant_code","match_confidence":"exact_id","capacity_mw_eia":117.60000000000001,"capacity_delta_pct":1.2084060131974494e-14,"county_ees_contribution":[{"geoid":"08001","capital":"Ec","delta":0.033097963509635904},{"geoid":"08005","capital":"Ec","delta":0.03021892520334142},{"geoid":"08013","capital":"Ec","delta":0.03381117493832911},{"geoid":"08014","capital":"Ec","delta":0.03381117493832912},{"geoid":"08019","capital":"Ec","delta":0.033811174938329115},{"geoid":"08031","capital":"Ec","delta":0.03381117493832911},{"geoid":"08035","capital":"Ec","delta":0.02514402664798509},{"geoid":"08047","capital":"Ec","delta":0.03381117493832912},{"geoid":"08049","capital":"Ec","delta":0.0036769975289075805},{"geoid":"08059","capital":"Ec","delta":0.03359424327171011},{"geoid":"08093","capital":"Ec","delta":0.009728134267929778},{"geoid":"08123","capital":"Ec","delta":0.009363081967831074}]},"geometry":{"type":"Point","coordinates":[-105.2256,39.8586]}},{"type":"Feature","properties":{"anchor_id":"eia860_56530_08005","name":"DADS Gas Recovery","parent":"WM Renewable Energy LLC","geoid":"08005","display_sector":"utilities/power","naics":"22","tier":2,"asset_class":"generator","capacity_or_load_mw":3.2,"employment_est":null,"co2e_tpy":null,"source":"eia860","confidence":"high","coords_flag":"reported","matched_source_record_id":"eia_plant_56530","match_method":"eia_plant_code","match_confidence":"exact_id","capacity_mw_eia":3.2,"capacity_delta_pct":0.0,"county_ees_contribution":[{"geoid":"08001","capital":"Ec","delta":0.0009102488189138087},{"geoid":"08005","capital":"Ec","delta":0.0009105948157735343},{"geoid":"08013","capital":"Ec","delta":8.253632236621845e-05},{"geoid":"08014","capital":"Ec","delta":0.0009200319711109963},{"geoid":"08031","capital":"Ec","delta":0.0009200319711109963},{"geoid":"08035","capital":"Ec","delta":0.0009024769855418033},{"geoid":"08059","capital":"Ec","delta":0.0008699287444097691},{"geoid":"08123","capital":"Ec","delta":7.469530002715881e-05}]},"geometry":{"type":"Point","coordinates":[-104.7161,39.6522]}},{"type":"Feature","properties":{"anchor_id":"eia860_56563_08075","name":"Peetz Table Wind Energy","parent":"FPL Peetz Table Wind Energy","geoid":"08075","display_sector":"utilities/power","naics":"22","tier":2,"asset_class":"generator","capacity_or_load_mw":199.5,"employment_est":null,"co2e_tpy":null,"source":"eia860","confidence":"high","coords_flag":"reported","matched_source_record_id":"eia_plant_56563","match_method":"eia_plant_code","match_confidence":"exact_id","capacity_mw_eia":199.5,"capacity_delta_pct":0.0,"county_ees_contribution":[{"geoid":"08075","capital":"Ec","delta":0.04976774054296379},{"geoid":"31033","capital":"Ec","delta":0.05735824319895117},{"geoid":"31105","capital":"Ec","delta":0.05735824319895117}]},"geometry":{"type":"Point","coordinates":[-103.436,40.986]}},{"type":"Feature","properties":{"anchor_id":"eia860_56596_56005","name":"Wygen III","parent":"Black Hills Power, Inc.","geoid":"56005","display_sector":"utilities/power","naics":"22","tier":2,"asset_class":"generator","capacity_or_load_mw":116.0,"employment_est":null,"co2e_tpy":2484879.184,"source":"eia860","confidence":"high","coords_flag":"reported","matched_source_record_id":"eia_plant_56596","match_method":"eia_plant_code","match_confidence":"exact_id","capacity_mw_eia":116.0,"capacity_delta_pct":0.0,"county_ees_contribution":[{"geoid":"56005","capital":"Ec","delta":0.030909806002136282}]},"geometry":{"type":"Point","coordinates":[-105.3806,44.2919]}},{"type":"Feature","properties":{"anchor_id":"eia860_56609_56005","name":"Dry Fork Station","parent":"Basin Electric Power Coop","geoid":"56005","display_sector":"utilities/power","naics":"22","tier":2,"asset_class":"generator","capacity_or_load_mw":483.7,"employment_est":null,"co2e_tpy":2840045.252,"source":"eia860","confidence":"high","coords_flag":"reported","matched_source_record_id":"eia_plant_56609","match_method":"eia_plant_code","match_confidence":"exact_id","capacity_mw_eia":483.7,"capacity_delta_pct":0.0,"county_ees_contribution":[{"geoid":"56005","capital":"Ec","delta":0.1290339906217433}]},"geometry":{"type":"Point","coordinates":[-105.460833,44.388889]}},{"type":"Feature","properties":{"anchor_id":"eia860_56613_08075","name":"Logan Wind Energy","parent":"Logan Wind Energy LLC","geoid":"08075","display_sector":"utilities/power","naics":"22","tier":2,"asset_class":"generator","capacity_or_load_mw":201.0,"employment_est":null,"co2e_tpy":null,"source":"eia860","confidence":"high","coords_flag":"reported","matched_source_record_id":"eia_plant_56613","match_method":"eia_plant_code","match_confidence":"exact_id","capacity_mw_eia":201.0,"capacity_delta_pct":0.0,"county_ees_contribution":[{"geoid":"08075","capital":"Ec","delta":0.057789508185409455},{"geoid":"31033","capital":"Ec","delta":0.057789508185409455},{"geoid":"31105","capital":"Ec","delta":0.057789508185409455}]},"geometry":{"type":"Point","coordinates":[-103.259,40.941]}},{"type":"Feature","properties":{"anchor_id":"eia860_56782_30025","name":"Diamond Willow Wind Facility","parent":"Montana-Dakota Utilities Co","geoid":"30025","display_sector":"utilities/power","naics":"22","tier":2,"asset_class":"generator","capacity_or_load_mw":30.0,"employment_est":null,"co2e_tpy":null,"source":"eia860","confidence":"high","coords_flag":"reported","matched_source_record_id":"eia_plant_56782","match_method":"eia_plant_code","match_confidence":"exact_id","capacity_mw_eia":30.0,"capacity_delta_pct":0.0,"county_ees_contribution":[{"geoid":"30025","capital":"Ec","delta":0.00862529972916559}]},"geometry":{"type":"Point","coordinates":[-104.1836,46.2753]}},{"type":"Feature","properties":{"anchor_id":"eia860_56841_56009","name":"Glenrock","parent":"PacifiCorp","geoid":"56009","display_sector":"utilities/power","naics":"22","tier":2,"asset_class":"generator","capacity_or_load_mw":165.6,"employment_est":null,"co2e_tpy":null,"source":"eia860","confidence":"high","coords_flag":"reported","matched_source_record_id":"eia_plant_56841","match_method":"eia_plant_code","match_confidence":"exact_id","capacity_mw_eia":165.6,"capacity_delta_pct":0.0,"county_ees_contribution":[{"geoid":"56009","capital":"Ec","delta":0.047611654504994064},{"geoid":"56025","capital":"Ec","delta":0.03653544438595436}]},"geometry":{"type":"Point","coordinates":[-105.835278,43.0181]}},{"type":"Feature","properties":{"anchor_id":"eia860_56842_56009","name":"Rolling Hills","parent":"PacifiCorp","geoid":"56009","display_sector":"utilities/power","naics":"22","tier":2,"asset_class":"generator","capacity_or_load_mw":115.8,"employment_est":null,"co2e_tpy":null,"source":"eia860","confidence":"high","coords_flag":"reported","matched_source_record_id":"eia_plant_56842","match_method":"eia_plant_code","match_confidence":"exact_id","capacity_mw_eia":115.8,"capacity_delta_pct":0.0,"county_ees_contribution":[{"geoid":"56009","capital":"Ec","delta":0.021871621536408304},{"geoid":"56025","capital":"Ec","delta":0.02554833611046808}]},"geometry":{"type":"Point","coordinates":[-105.8543,43.0572]}},{"type":"Feature","properties":{"anchor_id":"eia860_56843_56007","name":"Seven Mile Hill","parent":"PacifiCorp","geoid":"56007","display_sector":"utilities/power","naics":"22","tier":2,"asset_class":"generator","capacity_or_load_mw":146.2,"employment_est":null,"co2e_tpy":null,"source":"eia860","confidence":"high","coords_flag":"reported","matched_source_record_id":"eia_plant_56843","match_method":"eia_plant_code","match_confidence":"exact_id","capacity_mw_eia":146.2,"capacity_delta_pct":0.0,"county_ees_contribution":[{"geoid":"56007","capital":"Ec","delta":0.0042295791772055885}]},"geometry":{"type":"Point","coordinates":[-106.3758,41.9203]}},{"type":"Feature","properties":{"anchor_id":"eia860_56908_30023","name":"Dave Gates Generating Station","parent":"NorthWestern Energy (MT wind/thermal)","geoid":"30023","display_sector":"utilities/power","naics":"22","tier":2,"asset_class":"generator","capacity_or_load_mw":203.1,"employment_est":null,"co2e_tpy":330090.328,"source":"eia860","confidence":"high","coords_flag":"reported","matched_source_record_id":"eia_plant_56908","match_method":"eia_plant_code","match_confidence":"exact_id","capacity_mw_eia":203.10000000000002,"capacity_delta_pct":1.3993948513246681e-14,"county_ees_contribution":[{"geoid":"30023","capital":"Ec","delta":0.058393279166451054},{"geoid":"30039","capital":"Ec","delta":0.03432859048383999},{"geoid":"30077","capital":"Ec","delta":0.04689485980500928},{"geoid":"30093","capital":"Ec","delta":0.05839327916645106}]},"geometry":{"type":"Point","coordinates":[-112.876605,46.104713]}},{"type":"Feature","properties":{"anchor_id":"eia860_57040_56001","name":"High Plains","parent":"PacifiCorp","geoid":"56001","display_sector":"utilities/power","naics":"22","tier":2,"asset_class":"generator","capacity_or_load_mw":122.1,"employment_est":null,"co2e_tpy":null,"source":"eia860","confidence":"high","coords_flag":"reported","matched_source_record_id":"eia_plant_57040","match_method":"eia_plant_code","match_confidence":"exact_id","capacity_mw_eia":122.1,"capacity_delta_pct":0.0,"county_ees_contribution":[{"geoid":"56001","capital":"Ec","delta":0.0023846120791271783},{"geoid":"56007","capital":"Ec","delta":0.003532364005039689}]},"geometry":{"type":"Point","coordinates":[-106.011124,41.675052]}},{"type":"Feature","properties":{"anchor_id":"eia860_57210_08123","name":"Cedar Creek II","parent":"AE Power Services LLC","geoid":"08123","display_sector":"utilities/power","naics":"22","tier":2,"asset_class":"generator","capacity_or_load_mw":248.3,"employment_est":null,"co2e_tpy":null,"source":"eia860","confidence":"high","coords_flag":"reported","matched_source_record_id":"eia_plant_57210","match_method":"eia_plant_code","match_confidence":"exact_id","capacity_mw_eia":248.3,"capacity_delta_pct":0.0,"county_ees_contribution":[{"geoid":"08075","capital":"Ec","delta":0.007570516514093126},{"geoid":"08123","capital":"Ec","delta":0.0012554255337014005},{"geoid":"31105","capital":"Ec","delta":0.07138873075839387}]},"geometry":{"type":"Point","coordinates":[-103.783889,40.9475]}},{"type":"Feature","properties":{"anchor_id":"eia860_57211_16019","name":"Goshen Phase II","parent":"AE Power Services LLC","geoid":"16019","display_sector":"utilities/power","naics":"22","tier":2,"asset_class":"generator","capacity_or_load_mw":124.5,"employment_est":null,"co2e_tpy":null,"source":"eia860","confidence":"high","coords_flag":"reported","matched_source_record_id":"eia_plant_57211","match_method":"eia_plant_code","match_confidence":"exact_id","capacity_mw_eia":124.5,"capacity_delta_pct":0.0,"county_ees_contribution":[{"geoid":"16011","capital":"Ec","delta":0.02166016429675124},{"geoid":"16019","capital":"Ec","delta":0.0357949938760372}]},"geometry":{"type":"Point","coordinates":[-111.836381,43.467057]}},{"type":"Feature","properties":{"anchor_id":"eia860_57244_08063","name":"Kit Carson Windpower","parent":"Duke Energy Renewables Services","geoid":"08063","display_sector":"utilities/power","naics":"22","tier":2,"asset_class":"generator","capacity_or_load_mw":51.0,"employment_est":null,"co2e_tpy":null,"source":"eia860","confidence":"high","coords_flag":"reported","matched_source_record_id":"eia_plant_57244","match_method":"eia_plant_code","match_confidence":"exact_id","capacity_mw_eia":51.0,"capacity_delta_pct":0.0,"county_ees_contribution":[{"geoid":"08063","capital":"Ec","delta":0.014663009539581504}]},"geometry":{"type":"Point","coordinates":[-102.3533,39.3383]}},{"type":"Feature","properties":{"anchor_id":"eia860_57290_08075","name":"Northern Colorado Wind LLC","parent":"Northern Colorado Wind LLC","geoid":"08075","display_sector":"utilities/power","naics":"22","tier":2,"asset_class":"generator","capacity_or_load_mw":174.3,"employment_est":null,"co2e_tpy":null,"source":"eia860","confidence":"high","coords_flag":"reported","matched_source_record_id":"eia_plant_57290","match_method":"eia_plant_code","match_confidence":"exact_id","capacity_mw_eia":174.3,"capacity_delta_pct":0.0,"county_ees_contribution":[{"geoid":"08075","capital":"Ec","delta":0.027578377546347652},{"geoid":"08115","capital":"Ec","delta":0.050112991426452085},{"geoid":"31033","capital":"Ec","delta":0.05011299142645207},{"geoid":"31049","capital":"Ec","delta":0.050112991426452085}]},"geometry":{"type":"Point","coordinates":[-102.8969,40.9881]}},{"type":"Feature","properties":{"anchor_id":"eia860_57299_56007","name":"Dunlap","parent":"PacifiCorp","geoid":"56007","display_sector":"utilities/power","naics":"22","tier":2,"asset_class":"generator","capacity_or_load_mw":129.5,"employment_est":null,"co2e_tpy":null,"source":"eia860","confidence":"high","coords_flag":"reported","matched_source_record_id":"eia_plant_57299","match_method":"eia_plant_code","match_confidence":"exact_id","capacity_mw_eia":129.5,"capacity_delta_pct":0.0,"county_ees_contribution":[{"geoid":"56007","capital":"Ec","delta":0.0037464466720117905}]},"geometry":{"type":"Point","coordinates":[-106.160278,42.043611]}},{"type":"Feature","properties":{"anchor_id":"eia860_57327_56009","name":"Top of the World Windpower Project","parent":"Duke Energy Renewables Services","geoid":"56009","display_sector":"utilities/power","naics":"22","tier":2,"asset_class":"generator","capacity_or_load_mw":200.0,"employment_est":null,"co2e_tpy":null,"source":"eia860","confidence":"high","coords_flag":"reported","matched_source_record_id":"eia_plant_57327","match_method":"eia_plant_code","match_confidence":"exact_id","capacity_mw_eia":200.0,"capacity_delta_pct":0.0,"county_ees_contribution":[{"geoid":"56009","capital":"Ec","delta":0.05750199819443727},{"geoid":"56025","capital":"Ec","delta":0.043045134034391405}]},"geometry":{"type":"Point","coordinates":[-105.7872,42.9258]}},{"type":"Feature","properties":{"anchor_id":"eia860_57703_56021","name":"Cheyenne Prairie Generating Station","parent":"Black Hills Service Company LLC","geoid":"56021","display_sector":"utilities/power","naics":"22","tier":2,"asset_class":"generator","capacity_or_load_mw":140.0,"employment_est":null,"co2e_tpy":182458.424,"source":"eia860","confidence":"high","coords_flag":"reported","matched_source_record_id":"eia_plant_57703","match_method":"eia_plant_code","match_confidence":"exact_id","capacity_mw_eia":140.0,"capacity_delta_pct":0.0,"county_ees_contribution":[{"geoid":"08069","capital":"Ec","delta":0.00024608076797896577},{"geoid":"56021","capital":"Ec","delta":0.04025139873610609}]},"geometry":{"type":"Point","coordinates":[-104.72,41.123611]}},{"type":"Feature","properties":{"anchor_id":"eia860_57748_30059","name":"Gordon Butte Wind LLC","parent":"Gordon Butte Wind LLC","geoid":"30059","display_sector":"utilities/power","naics":"22","tier":2,"asset_class":"generator","capacity_or_load_mw":17.7,"employment_est":null,"co2e_tpy":null,"source":"eia860","confidence":"high","coords_flag":"reported","matched_source_record_id":"eia_plant_57748","match_method":"eia_plant_code","match_confidence":"exact_id","capacity_mw_eia":17.7,"capacity_delta_pct":0.0,"county_ees_contribution":[{"geoid":"30059","capital":"Ec","delta":0.005088926840207698},{"geoid":"30107","capital":"Ec","delta":0.005088926840207698}]},"geometry":{"type":"Point","coordinates":[-110.337777,46.411944]}},{"type":"Feature","properties":{"anchor_id":"eia860_57937_31157","name":"Western Sugar Coop - Scottsbluff","parent":"Western Sugar Cooperative","geoid":"31157","display_sector":"utilities/power","naics":"22","tier":2,"asset_class":"generator","capacity_or_load_mw":7.1,"employment_est":null,"co2e_tpy":null,"source":"eia860","confidence":"high","coords_flag":"reported","matched_source_record_id":"eia_plant_57937","match_method":"eia_plant_code","match_confidence":"exact_id","capacity_mw_eia":7.1,"capacity_delta_pct":0.0,"county_ees_contribution":[{"geoid":"31007","capital":"Ec","delta":0.0020413209359025227},{"geoid":"31157","capital":"Ec","delta":0.0020413209359025227},{"geoid":"56015","capital":"Ec","delta":0.0007085938541002166}]},"geometry":{"type":"Point","coordinates":[-103.63438,41.85887]}},{"type":"Feature","properties":{"anchor_id":"eia860_58106_16019","name":"Meadow Creek Project Company","parent":"Ridgeline Energy LLC","geoid":"16019","display_sector":"utilities/power","naics":"22","tier":2,"asset_class":"generator","capacity_or_load_mw":119.7,"employment_est":null,"co2e_tpy":null,"source":"eia860","confidence":"high","coords_flag":"reported","matched_source_record_id":"eia_plant_58106","match_method":"eia_plant_code","match_confidence":"exact_id","capacity_mw_eia":119.7,"capacity_delta_pct":0.0,"county_ees_contribution":[{"geoid":"16011","capital":"Ec","delta":0.020825073625069263},{"geoid":"16019","capital":"Ec","delta":0.03441494591937071},{"geoid":"16081","capital":"Ec","delta":0.012333969463828785}]},"geometry":{"type":"Point","coordinates":[-111.803921,43.524429]}},{"type":"Feature","properties":{"anchor_id":"eia860_58218_30045","name":"Spion Kop Wind Farm","parent":"NorthWestern Energy (MT wind/thermal)","geoid":"30045","display_sector":"utilities/power","naics":"22","tier":2,"asset_class":"generator","capacity_or_load_mw":40.0,"employment_est":null,"co2e_tpy":null,"source":"eia860","confidence":"high","coords_flag":"reported","matched_source_record_id":"eia_plant_58218","match_method":"eia_plant_code","match_confidence":"exact_id","capacity_mw_eia":40.0,"capacity_delta_pct":0.0,"county_ees_contribution":[{"geoid":"30013","capital":"Ec","delta":0.007792653234401441},{"geoid":"30045","capital":"Ec","delta":0.011500399638887453}]},"geometry":{"type":"Point","coordinates":[-110.639167,47.333333]}},{"type":"Feature","properties":{"anchor_id":"eia860_58392_30039","name":"Flint Creek Hydroelectric LLC","parent":"Hydrodynamics Inc","geoid":"30039","display_sector":"utilities/power","naics":"22","tier":2,"asset_class":"generator","capacity_or_load_mw":2.0,"employment_est":null,"co2e_tpy":null,"source":"eia860","confidence":"high","coords_flag":"reported","matched_source_record_id":"eia_plant_58392","match_method":"eia_plant_code","match_confidence":"exact_id","capacity_mw_eia":2.0,"capacity_delta_pct":0.0,"county_ees_contribution":[{"geoid":"30023","capital":"Ec","delta":0.0005750199819443727},{"geoid":"30039","capital":"Ec","delta":0.0005750199819443727},{"geoid":"30077","capital":"Ec","delta":0.00046179084002963337}]},"geometry":{"type":"Point","coordinates":[-113.294722,46.2275]}},{"type":"Feature","properties":{"anchor_id":"eia860_58438_46081","name":"Spearfish Hydro","parent":"City of Spearfish","geoid":"46081","display_sector":"utilities/power","naics":"22","tier":2,"asset_class":"generator","capacity_or_load_mw":4.0,"employment_est":null,"co2e_tpy":null,"source":"eia860","confidence":"high","coords_flag":"reported","matched_source_record_id":"eia_plant_58438","match_method":"eia_plant_code","match_confidence":"exact_id","capacity_mw_eia":4.0,"capacity_delta_pct":0.0,"county_ees_contribution":[{"geoid":"46019","capital":"Ec","delta":0.0008484719571558397},{"geoid":"46081","capital":"Ec","delta":0.0011500399638887453},{"geoid":"46093","capital":"Ec","delta":0.0005932471752325661},{"geoid":"56011","capital":"Ec","delta":0.00045079411645955914}]},"geometry":{"type":"Point","coordinates":[-103.854722,44.478333]}},{"type":"Feature","properties":{"anchor_id":"msha_0502838","name":"Trapper Mine","parent":"MidAmerican Energy Holdings Company; Platte River Power Authority; Salt","geoid":"08081","display_sector":"mining/extraction","naics":"21","tier":2,"asset_class":"mine","capacity_or_load_mw":null,"employment_est":64,"co2e_tpy":null,"source":"msha","confidence":"high","coords_flag":"reported","commodity":"coal"},"geometry":{"type":"Point","coordinates":[-107.631111,40.452222]}},{"type":"Feature","properties":{"anchor_id":"msha_0502962","name":"Colowyo Mine","parent":"Kiewit Peter Sons' Inc","geoid":"08081","display_sector":"mining/extraction","naics":"21","tier":2,"asset_class":"mine","capacity_or_load_mw":null,"employment_est":2,"co2e_tpy":null,"source":"msha","confidence":"high","coords_flag":"reported","commodity":"coal"},"geometry":{"type":"Point","coordinates":[-107.783056,40.299722]}},{"type":"Feature","properties":{"anchor_id":"msha_0503505","name":"Deserado Mine","parent":"Deseret Generation & Transmission Co-operative","geoid":"08103","display_sector":"mining/extraction","naics":"21","tier":2,"asset_class":"mine","capacity_or_load_mw":null,"employment_est":168,"co2e_tpy":null,"source":"msha","confidence":"high","coords_flag":"reported","commodity":"coal"},"geometry":{"type":"Point","coordinates":[-108.728889,40.170833]}},{"type":"Feature","properties":{"anchor_id":"msha_0503672","name":"West Elk Mine","parent":"Core Natural Resources Inc","geoid":"08051","display_sector":"mining/extraction","naics":"21","tier":2,"asset_class":"mine","capacity_or_load_mw":null,"employment_est":273,"co2e_tpy":null,"source":"msha","confidence":"high","coords_flag":"reported","commodity":"coal"},"geometry":{"type":"Point","coordinates":[-107.458056,38.933056]}},{"type":"Feature","properties":{"anchor_id":"msha_0503836","name":"FOIDEL CREEK MINE","parent":"Peabody Energy Corporation","geoid":"08107","display_sector":"mining/extraction","naics":"21","tier":2,"asset_class":"mine","capacity_or_load_mw":null,"employment_est":149,"co2e_tpy":null,"source":"msha","confidence":"high","coords_flag":"reported","commodity":"coal"},"geometry":{"type":"Point","coordinates":[-107.056944,40.351667]}},{"type":"Feature","properties":{"anchor_id":"msha_0504864","name":"King II","parent":"GCC SAB de CV","geoid":"08067","display_sector":"mining/extraction","naics":"21","tier":2,"asset_class":"mine","capacity_or_load_mw":null,"employment_est":46,"co2e_tpy":null,"source":"msha","confidence":"high","coords_flag":"reported","commodity":"coal"},"geometry":{"type":"Point","coordinates":[-108.098056,37.251111]}},{"type":"Feature","properties":{"anchor_id":"msha_2400839","name":"Decker Mine","parent":"Lighthouse Resources Inc","geoid":"30003","display_sector":"mining/extraction","naics":"21","tier":2,"asset_class":"mine","capacity_or_load_mw":null,"employment_est":21,"co2e_tpy":null,"source":"msha","confidence":"high","coords_flag":"reported","commodity":"coal"},"geometry":{"type":"Point","coordinates":[-106.831111,45.037778]}},{"type":"Feature","properties":{"anchor_id":"msha_2400910","name":"Absaloka Mine","parent":"Westmoreland Mining Holdings LLC","geoid":"30003","display_sector":"mining/extraction","naics":"21","tier":2,"asset_class":"mine","capacity_or_load_mw":null,"employment_est":30,"co2e_tpy":null,"source":"msha","confidence":"high","coords_flag":"reported","commodity":"coal"},"geometry":{"type":"Point","coordinates":[-107.053889,45.795278]}},{"type":"Feature","properties":{"anchor_id":"msha_2401457","name":"Spring Creek Mine","parent":"Navajo Transitional Energy Company LLC","geoid":"30003","display_sector":"mining/extraction","naics":"21","tier":2,"asset_class":"mine","capacity_or_load_mw":null,"employment_est":253,"co2e_tpy":null,"source":"msha","confidence":"high","coords_flag":"reported","commodity":"coal"},"geometry":{"type":"Point","coordinates":[-106.898889,45.116944]}},{"type":"Feature","properties":{"anchor_id":"msha_2401747","name":"Rosebud Mine & Crusher/Conveyor","parent":"Westmoreland Mining Holdings LLC","geoid":"30087","display_sector":"mining/extraction","naics":"21","tier":2,"asset_class":"mine","capacity_or_load_mw":null,"employment_est":299,"co2e_tpy":null,"source":"msha","confidence":"high","coords_flag":"reported","commodity":"coal"},"geometry":{"type":"Point","coordinates":[-106.64,45.875]}},{"type":"Feature","properties":{"anchor_id":"msha_2401950","name":"Bull Mountains Mine No 1","parent":"Global Mining Group LLC","geoid":"30065","display_sector":"mining/extraction","naics":"21","tier":2,"asset_class":"mine","capacity_or_load_mw":null,"employment_est":229,"co2e_tpy":null,"source":"msha","confidence":"high","coords_flag":"reported","commodity":"coal"},"geometry":{"type":"Point","coordinates":[-108.706667,46.450833]}},{"type":"Feature","properties":{"anchor_id":"msha_2402703","name":"Wolf Mountain Coal-Spring Creek","parent":"Michael  Strahan; Kathryn  Strahan","geoid":"30003","display_sector":"mining/extraction","naics":"21","tier":2,"asset_class":"mine","capacity_or_load_mw":null,"employment_est":11,"co2e_tpy":null,"source":"msha","confidence":"high","coords_flag":"reported","commodity":"coal"},"geometry":{"type":"Point","coordinates":[-106.898056,45.120556]}},{"type":"Feature","properties":{"anchor_id":"msha_4800057","name":"Lovell Mill","parent":"Minerals Technologies Inc","geoid":"56003","display_sector":"mining/extraction","naics":"21","tier":2,"asset_class":"mine","capacity_or_load_mw":null,"employment_est":64,"co2e_tpy":null,"source":"msha","confidence":"high","coords_flag":"reported","commodity":"bentonite"},"geometry":{"type":"Point","coordinates":[-108.29,44.961389]}},{"type":"Feature","properties":{"anchor_id":"msha_4800070","name":"BPM Colony Mill","parent":"Halliburton Company","geoid":"56011","display_sector":"mining/extraction","naics":"21","tier":2,"asset_class":"mine","capacity_or_load_mw":null,"employment_est":77,"co2e_tpy":null,"source":"msha","confidence":"high","coords_flag":"reported","commodity":"bentonite"},"geometry":{"type":"Point","coordinates":[-104.142778,44.860556]}},{"type":"Feature","properties":{"anchor_id":"msha_4800083","name":"Wyodak Mine","parent":"Black Hills Corp","geoid":"56005","display_sector":"mining/extraction","naics":"21","tier":2,"asset_class":"mine","capacity_or_load_mw":null,"employment_est":54,"co2e_tpy":null,"source":"msha","confidence":"high","coords_flag":"reported","commodity":"coal"},"geometry":{"type":"Point","coordinates":[-105.6425,44.509167]}},{"type":"Feature","properties":{"anchor_id":"msha_4800086","name":"Kemmerer Mine","parent":"Kemmerer Holdings LLC","geoid":"56023","display_sector":"mining/extraction","naics":"21","tier":2,"asset_class":"mine","capacity_or_load_mw":null,"employment_est":158,"co2e_tpy":null,"source":"msha","confidence":"high","coords_flag":"reported","commodity":"coal"},"geometry":{"type":"Point","coordinates":[-110.7725,41.7725]}},{"type":"Feature","properties":{"anchor_id":"msha_4800152","name":"WE Soda @ WESTVACO","parent":"WE Soda US LLC","geoid":"56037","display_sector":"mining/extraction","naics":"21","tier":2,"asset_class":"mine","capacity_or_load_mw":null,"employment_est":722,"co2e_tpy":null,"source":"msha","confidence":"high","coords_flag":"reported","commodity":"trona"},"geometry":{"type":"Point","coordinates":[-109.811389,41.620833]}},{"type":"Feature","properties":{"anchor_id":"msha_4800154","name":"Big Island Mine & Refinery","parent":"Natural Resource Partners LP; Ciner Resources LP","geoid":"56037","display_sector":"mining/extraction","naics":"21","tier":2,"asset_class":"mine","capacity_or_load_mw":null,"employment_est":444,"co2e_tpy":null,"source":"msha","confidence":"high","coords_flag":"reported","commodity":"trona"},"geometry":{"type":"Point","coordinates":[-109.682778,41.720556]}},{"type":"Feature","properties":{"anchor_id":"msha_4800155","name":"Tata Chemicals Mine","parent":"Tata Chemicals Ltd","geoid":"56037","display_sector":"mining/extraction","naics":"21","tier":2,"asset_class":"mine","capacity_or_load_mw":null,"employment_est":538,"co2e_tpy":null,"source":"msha","confidence":"high","coords_flag":"reported","commodity":"trona"},"geometry":{"type":"Point","coordinates":[-109.755,41.591389]}},{"type":"Feature","properties":{"anchor_id":"msha_4800243","name":"Casper Plant","parent":"BHB Limited Partnership; A&M Products","geoid":"56025","display_sector":"mining/extraction","naics":"21","tier":2,"asset_class":"mine","capacity_or_load_mw":null,"employment_est":20,"co2e_tpy":null,"source":"msha","confidence":"high","coords_flag":"reported","commodity":"bentonite"},"geometry":{"type":"Point","coordinates":[-106.362778,42.848333]}},{"type":"Feature","properties":{"anchor_id":"msha_4800245","name":"COLONY WEST MILL","parent":"Minerals Technologies Inc","geoid":"56011","display_sector":"mining/extraction","naics":"21","tier":2,"asset_class":"mine","capacity_or_load_mw":null,"employment_est":35,"co2e_tpy":null,"source":"msha","confidence":"high","coords_flag":"reported","commodity":"bentonite"},"geometry":{"type":"Point","coordinates":[-104.16,44.869722]}},{"type":"Feature","properties":{"anchor_id":"msha_4800594","name":"COLONY EAST MILL","parent":"Minerals Technologies Inc","geoid":"56011","display_sector":"mining/extraction","naics":"21","tier":2,"asset_class":"mine","capacity_or_load_mw":null,"employment_est":28,"co2e_tpy":null,"source":"msha","confidence":"high","coords_flag":"reported","commodity":"bentonite"},"geometry":{"type":"Point","coordinates":[-104.149444,44.865556]}},{"type":"Feature","properties":{"anchor_id":"msha_4800602","name":"Magnet Cove Mill","parent":"David  Brown","geoid":"56003","display_sector":"mining/extraction","naics":"21","tier":2,"asset_class":"mine","capacity_or_load_mw":null,"employment_est":53,"co2e_tpy":null,"source":"msha","confidence":"high","coords_flag":"reported","commodity":"bentonite"},"geometry":{"type":"Point","coordinates":[-108.073611,44.542778]}},{"type":"Feature","properties":{"anchor_id":"msha_4800603","name":"Magnet Cove Mine","parent":"David  Brown","geoid":"56003","display_sector":"mining/extraction","naics":"21","tier":2,"asset_class":"mine","capacity_or_load_mw":null,"employment_est":45,"co2e_tpy":null,"source":"msha","confidence":"high","coords_flag":"reported","commodity":"bentonite"},"geometry":{"type":"Point","coordinates":[-108.073611,44.542778]}},{"type":"Feature","properties":{"anchor_id":"msha_4800607","name":"Yellowtail Mine","parent":"Minerals Technologies Inc","geoid":"56003","display_sector":"mining/extraction","naics":"21","tier":2,"asset_class":"mine","capacity_or_load_mw":null,"employment_est":14,"co2e_tpy":null,"source":"msha","confidence":"high","coords_flag":"reported","commodity":"bentonite"},"geometry":{"type":"Point","coordinates":[-108.29,44.961389]}},{"type":"Feature","properties":{"anchor_id":"msha_4800611","name":"Stucco Mill","parent":"David  Brown","geoid":"56003","display_sector":"mining/extraction","naics":"21","tier":2,"asset_class":"mine","capacity_or_load_mw":null,"employment_est":42,"co2e_tpy":null,"source":"msha","confidence":"high","coords_flag":"reported","commodity":"bentonite"},"geometry":{"type":"Point","coordinates":[-108.065556,44.511389]}},{"type":"Feature","properties":{"anchor_id":"msha_4800612","name":"Sage Creek Mill","parent":"David  Brown","geoid":"56003","display_sector":"mining/extraction","naics":"21","tier":2,"asset_class":"mine","capacity_or_load_mw":null,"employment_est":25,"co2e_tpy":null,"source":"msha","confidence":"high","coords_flag":"reported","commodity":"bentonite"},"geometry":{"type":"Point","coordinates":[-108.433889,44.845556]}},{"type":"Feature","properties":{"anchor_id":"msha_4800617","name":"Mills Plant","parent":"BHB Limited Partnership; A&M Products","geoid":"56025","display_sector":"mining/extraction","naics":"21","tier":2,"asset_class":"mine","capacity_or_load_mw":null,"employment_est":23,"co2e_tpy":null,"source":"msha","confidence":"high","coords_flag":"reported","commodity":"bentonite"},"geometry":{"type":"Point","coordinates":[-106.375556,42.849444]}},{"type":"Feature","properties":{"anchor_id":"msha_4800677","name":"Jim Bridger Mine","parent":"MidAmerican Energy Holdings Company; IDACORP","geoid":"56037","display_sector":"mining/extraction","naics":"21","tier":2,"asset_class":"mine","capacity_or_load_mw":null,"employment_est":209,"co2e_tpy":null,"source":"msha","confidence":"high","coords_flag":"reported","commodity":"coal"},"geometry":{"type":"Point","coordinates":[-108.616389,41.799722]}},{"type":"Feature","properties":{"anchor_id":"msha_4800732","name":"Belle Ayr Mine","parent":"Petri E Koivula; David Michael  Jamison","geoid":"56005","display_sector":"mining/extraction","naics":"21","tier":2,"asset_class":"mine","capacity_or_load_mw":null,"employment_est":246,"co2e_tpy":null,"source":"msha","confidence":"high","coords_flag":"reported","commodity":"coal"},"geometry":{"type":"Point","coordinates":[-105.383056,44.1]}},{"type":"Feature","properties":{"anchor_id":"msha_4800888","name":"Belle/Colony Mine","parent":"Minerals Technologies Inc","geoid":"56011","display_sector":"mining/extraction","naics":"21","tier":2,"asset_class":"mine","capacity_or_load_mw":null,"employment_est":77,"co2e_tpy":null,"source":"msha","confidence":"high","coords_flag":"county_centroid_fallback","commodity":"bentonite"},"geometry":{"type":"Point","coordinates":[-104.465094,44.506848]}},{"type":"Feature","properties":{"anchor_id":"msha_4800954","name":"TENSLEEP MINE","parent":"BHB Limited Partnership; A&M Products","geoid":"56043","display_sector":"mining/extraction","naics":"21","tier":2,"asset_class":"mine","capacity_or_load_mw":null,"employment_est":11,"co2e_tpy":null,"source":"msha","confidence":"high","coords_flag":"county_centroid_fallback","commodity":"bentonite"},"geometry":{"type":"Point","coordinates":[-108.051892,43.869956]}},{"type":"Feature","properties":{"anchor_id":"msha_4800974","name":"Big Horn Basin Mines","parent":"David  Brown","geoid":"56003","display_sector":"mining/extraction","naics":"21","tier":2,"asset_class":"mine","capacity_or_load_mw":null,"employment_est":14,"co2e_tpy":null,"source":"msha","confidence":"high","coords_flag":"reported","commodity":"bentonite"},"geometry":{"type":"Point","coordinates":[-108.065556,44.511389]}},{"type":"Feature","properties":{"anchor_id":"msha_4800977","name":"Black Thunder","parent":"Core Natural Resources Inc","geoid":"56005","display_sector":"mining/extraction","naics":"21","tier":2,"asset_class":"mine","capacity_or_load_mw":null,"employment_est":808,"co2e_tpy":null,"source":"msha","confidence":"high","coords_flag":"county_centroid_fallback","commodity":"coal"},"geometry":{"type":"Point","coordinates":[-105.644855,44.390504]}},{"type":"Feature","properties":{"anchor_id":"msha_4800987","name":"WORLAND PLANT","parent":"BHB Limited Partnership; A&M Products","geoid":"56043","display_sector":"mining/extraction","naics":"21","tier":2,"asset_class":"mine","capacity_or_load_mw":null,"employment_est":11,"co2e_tpy":null,"source":"msha","confidence":"high","coords_flag":"reported","commodity":"bentonite"},"geometry":{"type":"Point","coordinates":[-107.910556,44.027778]}},{"type":"Feature","properties":{"anchor_id":"msha_4800992","name":"Cordero Rojo Mine","parent":"Navajo Transitional Energy Company LLC","geoid":"56005","display_sector":"mining/extraction","naics":"21","tier":2,"asset_class":"mine","capacity_or_load_mw":null,"employment_est":291,"co2e_tpy":null,"source":"msha","confidence":"high","coords_flag":"county_centroid_fallback","commodity":"coal"},"geometry":{"type":"Point","coordinates":[-105.644855,44.390504]}},{"type":"Feature","properties":{"anchor_id":"msha_4800993","name":"Rawhide Mine","parent":"Peabody Energy Corporation","geoid":"56005","display_sector":"mining/extraction","naics":"21","tier":2,"asset_class":"mine","capacity_or_load_mw":null,"employment_est":105,"co2e_tpy":null,"source":"msha","confidence":"high","coords_flag":"reported","commodity":"coal"},"geometry":{"type":"Point","coordinates":[-105.32,44.21]}},{"type":"Feature","properties":{"anchor_id":"msha_4801016","name":"BPM Lovell Mine","parent":"Halliburton Company","geoid":"56003","display_sector":"mining/extraction","naics":"21","tier":2,"asset_class":"mine","capacity_or_load_mw":null,"employment_est":9,"co2e_tpy":null,"source":"msha","confidence":"high","coords_flag":"reported","commodity":"bentonite"},"geometry":{"type":"Point","coordinates":[-108.345556,44.838611]}},{"type":"Feature","properties":{"anchor_id":"msha_4801034","name":"Caballo Mine","parent":"Peabody Energy Corporation","geoid":"56005","display_sector":"mining/extraction","naics":"21","tier":2,"asset_class":"mine","capacity_or_load_mw":null,"employment_est":176,"co2e_tpy":null,"source":"msha","confidence":"high","coords_flag":"reported","commodity":"coal"},"geometry":{"type":"Point","coordinates":[-105.333056,44.118889]}},{"type":"Feature","properties":{"anchor_id":"msha_4801078","name":"Eagle Butte Mine","parent":"Petri E Koivula; David Michael  Jamison","geoid":"56005","display_sector":"mining/extraction","naics":"21","tier":2,"asset_class":"mine","capacity_or_load_mw":null,"employment_est":239,"co2e_tpy":null,"source":"msha","confidence":"high","coords_flag":"reported","commodity":"coal"},"geometry":{"type":"Point","coordinates":[-105.515,44.387778]}},{"type":"Feature","properties":{"anchor_id":"msha_4801180","name":"Black Butte And Leucite Hills Mines","parent":"Lighthouse Resources Inc; Anadarko Petroleum Corporation","geoid":"56037","display_sector":"mining/extraction","naics":"21","tier":2,"asset_class":"mine","capacity_or_load_mw":null,"employment_est":66,"co2e_tpy":null,"source":"msha","confidence":"high","coords_flag":"reported","commodity":"coal"},"geometry":{"type":"Point","coordinates":[-108.666389,41.618889]}},{"type":"Feature","properties":{"anchor_id":"msha_4801191","name":"Lucerne Mill","parent":"David  Brown","geoid":"56017","display_sector":"mining/extraction","naics":"21","tier":2,"asset_class":"mine","capacity_or_load_mw":null,"employment_est":30,"co2e_tpy":null,"source":"msha","confidence":"high","coords_flag":"reported","commodity":"bentonite"},"geometry":{"type":"Point","coordinates":[-108.171944,43.735]}},{"type":"Feature","properties":{"anchor_id":"msha_4801200","name":"Buckskin Mine","parent":"Kiewit Peter Sons' Inc","geoid":"56005","display_sector":"mining/extraction","naics":"21","tier":2,"asset_class":"mine","capacity_or_load_mw":null,"employment_est":124,"co2e_tpy":null,"source":"msha","confidence":"high","coords_flag":"reported","commodity":"coal"},"geometry":{"type":"Point","coordinates":[-105.528611,44.433611]}},{"type":"Feature","properties":{"anchor_id":"msha_4801215","name":"Coal Creek Mine","parent":"Core Natural Resources Inc","geoid":"56005","display_sector":"mining/extraction","naics":"21","tier":2,"asset_class":"mine","capacity_or_load_mw":null,"employment_est":33,"co2e_tpy":null,"source":"msha","confidence":"high","coords_flag":"reported","commodity":"coal"},"geometry":{"type":"Point","coordinates":[-105.2825,43.971944]}},{"type":"Feature","properties":{"anchor_id":"msha_4801295","name":"American Soda LLC","parent":"Solvay S A","geoid":"56037","display_sector":"mining/extraction","naics":"21","tier":2,"asset_class":"mine","capacity_or_load_mw":null,"employment_est":463,"co2e_tpy":null,"source":"msha","confidence":"high","coords_flag":"reported","commodity":"trona"},"geometry":{"type":"Point","coordinates":[-109.7575,41.501389]}},{"type":"Feature","properties":{"anchor_id":"msha_4801337","name":"Antelope Coal Mine","parent":"Navajo Transitional Energy Company LLC","geoid":"56009","display_sector":"mining/extraction","naics":"21","tier":2,"asset_class":"mine","capacity_or_load_mw":null,"employment_est":378,"co2e_tpy":null,"source":"msha","confidence":"high","coords_flag":"reported","commodity":"coal"},"geometry":{"type":"Point","coordinates":[-105.353333,43.476111]}},{"type":"Feature","properties":{"anchor_id":"msha_4801353","name":"North Antelope Rochelle Mine","parent":"Peabody Energy Corporation","geoid":"56005","display_sector":"mining/extraction","naics":"21","tier":2,"asset_class":"mine","capacity_or_load_mw":null,"employment_est":1208,"co2e_tpy":null,"source":"msha","confidence":"high","coords_flag":"reported","commodity":"coal"},"geometry":{"type":"Point","coordinates":[-105.272222,43.522778]}},{"type":"Feature","properties":{"anchor_id":"msha_4801405","name":"BPM Lovell Mill","parent":"Halliburton Company","geoid":"56003","display_sector":"mining/extraction","naics":"21","tier":2,"asset_class":"mine","capacity_or_load_mw":null,"employment_est":52,"co2e_tpy":null,"source":"msha","confidence":"high","coords_flag":"reported","commodity":"bentonite"},"geometry":{"type":"Point","coordinates":[-108.345556,44.838611]}},{"type":"Feature","properties":{"anchor_id":"msha_4801429","name":"Dry Fork Mine","parent":"Western Fuels Association Inc","geoid":"56005","display_sector":"mining/extraction","naics":"21","tier":2,"asset_class":"mine","capacity_or_load_mw":null,"employment_est":75,"co2e_tpy":null,"source":"msha","confidence":"high","coords_flag":"reported","commodity":"coal"},"geometry":{"type":"Point","coordinates":[-105.734722,44.650278]}},{"type":"Feature","properties":{"anchor_id":"msha_4801539","name":"HT Plant","parent":"BHB Limited Partnership; A&M Products","geoid":"56025","display_sector":"mining/extraction","naics":"21","tier":2,"asset_class":"mine","capacity_or_load_mw":null,"employment_est":8,"co2e_tpy":null,"source":"msha","confidence":"high","coords_flag":"reported","commodity":"bentonite"},"geometry":{"type":"Point","coordinates":[-106.375556,42.849444]}},{"type":"Feature","properties":{"anchor_id":"ghgrp_1002518","name":"Cortez CO2 Production Area","parent":"KINDER MORGAN INC (100%)","geoid":"08083","display_sector":"utilities/power","naics":"221210","tier":2,"asset_class":"industrial_load","capacity_or_load_mw":2965.7,"employment_est":null,"co2e_tpy":14828717.3,"source":"ghgrp","confidence":"medium","coords_flag":"reported"},"geometry":{"type":"Point","coordinates":[-108.65572,37.46597]}},{"type":"Feature","properties":{"anchor_id":"ghgrp_1002895","name":"Public Service Company of Colorado","parent":"XCEL ENERGY INC (100%)","geoid":"08031","display_sector":"utilities/power","naics":"221210","tier":2,"asset_class":"industrial_load","capacity_or_load_mw":2890.8,"employment_est":null,"co2e_tpy":14454204.0,"source":"ghgrp","confidence":"medium","coords_flag":"reported"},"geometry":{"type":"Point","coordinates":[-104.99502,39.75107]}},{"type":"Feature","properties":{"anchor_id":"ghgrp_1007217","name":"HF Sinclair Parco Refining Company LLC","parent":"HF SINCLAIR CORP (100%)","geoid":"56007","display_sector":"manufacturing/chemicals","naics":"324110","tier":2,"asset_class":"industrial_load","capacity_or_load_mw":2644.2,"employment_est":null,"co2e_tpy":13221176.356,"source":"ghgrp","confidence":"medium","coords_flag":"reported"},"geometry":{"type":"Point","coordinates":[-107.104,41.77899]}},{"type":"Feature","properties":{"anchor_id":"ghgrp_1007506","name":"PHILLIPS 66 BILLINGS REFINERY","parent":"PHILLIPS 66 (100%)","geoid":"30111","display_sector":"manufacturing/chemicals","naics":"324110","tier":2,"asset_class":"industrial_load","capacity_or_load_mw":2346.0,"employment_est":null,"co2e_tpy":11729910.505,"source":"ghgrp","confidence":"medium","coords_flag":"reported"},"geometry":{"type":"Point","coordinates":[-108.484444,45.776389]}},{"type":"Feature","properties":{"anchor_id":"ghgrp_1007923","name":"SUNCOR ENERGY (USA) COMMERCE CITY REFINERY","parent":"SUNCOR ENERGY (USA) INC (100%)","geoid":"08001","display_sector":"manufacturing/chemicals","naics":"324110","tier":2,"asset_class":"industrial_load","capacity_or_load_mw":2124.0,"employment_est":null,"co2e_tpy":10620134.836,"source":"ghgrp","confidence":"medium","coords_flag":"reported"},"geometry":{"type":"Point","coordinates":[-104.945556,39.803333]}},{"type":"Feature","properties":{"anchor_id":"ghgrp_1006671","name":"CHS INC LAUREL REFINERY","parent":"CHS INC (100%)","geoid":"30111","display_sector":"manufacturing/chemicals","naics":"324110","tier":2,"asset_class":"industrial_load","capacity_or_load_mw":2008.6,"employment_est":null,"co2e_tpy":10042765.56,"source":"ghgrp","confidence":"medium","coords_flag":"reported"},"geometry":{"type":"Point","coordinates":[-108.76778,45.65922]}},{"type":"Feature","properties":{"anchor_id":"ghgrp_1007000","name":"Par Montana, LLC Billings Refinery","parent":"PAR PACIFIC HOLDINGS INC (100%)","geoid":"30111","display_sector":"manufacturing/chemicals","naics":"324110","tier":2,"asset_class":"industrial_load","capacity_or_load_mw":1729.5,"employment_est":null,"co2e_tpy":8647713.222,"source":"ghgrp","confidence":"medium","coords_flag":"reported"},"geometry":{"type":"Point","coordinates":[-108.43166,45.810555]}},{"type":"Feature","properties":{"anchor_id":"ghgrp_1007218","name":"SINCLAIR CASPER REFINING COMPANY","parent":"HF SINCLAIR CORP (100%)","geoid":"56025","display_sector":"manufacturing/chemicals","naics":"324110","tier":2,"asset_class":"industrial_load","capacity_or_load_mw":935.3,"employment_est":null,"co2e_tpy":4676629.008,"source":"ghgrp","confidence":"medium","coords_flag":"reported"},"geometry":{"type":"Point","coordinates":[-106.2425,42.8605]}},{"type":"Feature","properties":{"anchor_id":"ghgrp_1002150","name":"Shute Creek Facility","parent":"EXXON MOBIL CORP (100%)","geoid":"56023","display_sector":"mining/extraction","naics":"211130","tier":2,"asset_class":"industrial_load","capacity_or_load_mw":718.1,"employment_est":null,"co2e_tpy":3590625.836,"source":"ghgrp","confidence":"medium","coords_flag":"reported"},"geometry":{"type":"Point","coordinates":[-110.09446,41.887]}},{"type":"Feature","properties":{"anchor_id":"ghgrp_1007739","name":"Calumet Montana Refining, LLC","parent":"CALUMET SPECIALTY PRODUCTS PARTNERS LP (100%)","geoid":"30013","display_sector":"manufacturing/chemicals","naics":"324110","tier":2,"asset_class":"industrial_load","capacity_or_load_mw":650.2,"employment_est":null,"co2e_tpy":3250767.037,"source":"ghgrp","confidence":"medium","coords_flag":"reported"},"geometry":{"type":"Point","coordinates":[-111.294167,47.523611]}},{"type":"Feature","properties":{"anchor_id":"ghgrp_1002199","name":"NORTHWESTERN ENERGY/GTS","parent":"NORTHWESTERN CORP (100%)","geoid":"30093","display_sector":"manufacturing/chemicals","naics":"486210","tier":2,"asset_class":"industrial_load","capacity_or_load_mw":588.2,"employment_est":null,"co2e_tpy":2940776.4,"source":"ghgrp","confidence":"medium","coords_flag":"reported"},"geometry":{"type":"Point","coordinates":[-112.534853,46.013787]}},{"type":"Feature","properties":{"anchor_id":"ghgrp_1004459","name":"WYOMING REFINING COMPANY","parent":"PAR PACIFIC HOLDINGS INC (100%)","geoid":"56045","display_sector":"manufacturing/chemicals","naics":"324110","tier":2,"asset_class":"industrial_load","capacity_or_load_mw":510.3,"employment_est":null,"co2e_tpy":2551413.235,"source":"ghgrp","confidence":"medium","coords_flag":"reported"},"geometry":{"type":"Point","coordinates":[-104.21486,43.85126]}},{"type":"Feature","properties":{"anchor_id":"ghgrp_1011690","name":"Centennial Resource Production, LLC","parent":"CENTENNIAL RESOURCE PRODUCTION LLC (100%)","geoid":"08031","display_sector":"mining/extraction","naics":"211111","tier":2,"asset_class":"industrial_load","capacity_or_load_mw":437.5,"employment_est":null,"co2e_tpy":2187406.64,"source":"ghgrp","confidence":"medium","coords_flag":"reported"},"geometry":{"type":"Point","coordinates":[-104.996991,39.751341]}},{"type":"Feature","properties":{"anchor_id":"ghgrp_1002986","name":"NorthWestern Energy, SD LDC","parent":"NORTHWESTERN CORP (100%)","geoid":"30093","display_sector":"utilities/power","naics":"221210","tier":2,"asset_class":"industrial_load","capacity_or_load_mw":423.4,"employment_est":null,"co2e_tpy":2117176.95,"source":"ghgrp","confidence":"medium","coords_flag":"reported"},"geometry":{"type":"Point","coordinates":[-112.534853,46.013787]}},{"type":"Feature","properties":{"anchor_id":"ghgrp_1012652","name":"Antero Midstream LLC- 160A Basin","parent":"ANTERO MIDSTREAM LLC (100%)","geoid":"08031","display_sector":"manufacturing/chemicals","naics":"486210","tier":2,"asset_class":"industrial_load","capacity_or_load_mw":378.9,"employment_est":null,"co2e_tpy":1894508.284,"source":"ghgrp","confidence":"medium","coords_flag":"reported"},"geometry":{"type":"Point","coordinates":[-105.000734,39.752016]}},{"type":"Feature","properties":{"anchor_id":"ghgrp_1006324","name":"Genesis Alkali Westvaco","parent":"GENESIS ENERGY LP (100%)","geoid":"56037","display_sector":"mining/extraction","naics":"212390","tier":2,"asset_class":"industrial_load","capacity_or_load_mw":365.0,"employment_est":null,"co2e_tpy":1824844.072,"source":"ghgrp","confidence":"medium","coords_flag":"reported"},"geometry":{"type":"Point","coordinates":[-109.847971,41.603467]}},{"type":"Feature","properties":{"anchor_id":"ghgrp_1006579","name":"Black Hills Wyoming Gas LLC, dba Black Hills Energy","parent":"BLACK HILLS CORP (100%)","geoid":"56021","display_sector":"utilities/power","naics":"221210","tier":2,"asset_class":"industrial_load","capacity_or_load_mw":341.4,"employment_est":null,"co2e_tpy":1706814.5,"source":"ghgrp","confidence":"medium","coords_flag":"reported"},"geometry":{"type":"Point","coordinates":[-104.973933,41.065995]}},{"type":"Feature","properties":{"anchor_id":"ghgrp_1005040","name":"Tata Chemicals Soda Ash Partners, LLC","parent":"Tata Chemicals Soda Ash Partners, LLC (100%)","geoid":"56037","display_sector":"mining/extraction","naics":"212390","tier":2,"asset_class":"industrial_load","capacity_or_load_mw":307.5,"employment_est":null,"co2e_tpy":1537520.986,"source":"ghgrp","confidence":"medium","coords_flag":"reported"},"geometry":{"type":"Point","coordinates":[-109.75811,41.59152]}},{"type":"Feature","properties":{"anchor_id":"ghgrp_1012204","name":"DCP Midstream 430 Permian Basin","parent":"PHILLIPS 66 (86.8%); ENBRIDGE (US) INC (13.2%)","geoid":"08031","display_sector":"mining/extraction","naics":"211130","tier":2,"asset_class":"industrial_load","capacity_or_load_mw":294.8,"employment_est":null,"co2e_tpy":1473995.396,"source":"ghgrp","confidence":"medium","coords_flag":"reported"},"geometry":{"type":"Point","coordinates":[-104.98777,39.74369]}},{"type":"Feature","properties":{"anchor_id":"ghgrp_1012207","name":"DCP Midstream 360 Anadarko Basin","parent":"PHILLIPS 66 (86.8%); ENBRIDGE (US) INC (13.2%)","geoid":"08031","display_sector":"mining/extraction","naics":"211130","tier":2,"asset_class":"industrial_load","capacity_or_load_mw":248.4,"employment_est":null,"co2e_tpy":1241859.166,"source":"ghgrp","confidence":"medium","coords_flag":"reported"},"geometry":{"type":"Point","coordinates":[-104.98777,39.74369]}},{"type":"Feature","properties":{"anchor_id":"ghgrp_1002889","name":"American Soda LLC","parent":"SOLVAY HOLDING INC (100%)","geoid":"56037","display_sector":"mining/extraction","naics":"212390","tier":2,"asset_class":"industrial_load","capacity_or_load_mw":194.1,"employment_est":null,"co2e_tpy":970705.888,"source":"ghgrp","confidence":"medium","coords_flag":"reported"},"geometry":{"type":"Point","coordinates":[-109.758,41.5018]}},{"type":"Feature","properties":{"anchor_id":"ghgrp_1002532","name":"Ignacio Gas Plant","parent":"HARVEST PIPELINE CO (100%)","geoid":"08067","display_sector":"mining/extraction","naics":"211130","tier":2,"asset_class":"industrial_load","capacity_or_load_mw":175.5,"employment_est":null,"co2e_tpy":877705.302,"source":"ghgrp","confidence":"medium","coords_flag":"reported"},"geometry":{"type":"Point","coordinates":[-107.78444,37.145278]}},{"type":"Feature","properties":{"anchor_id":"ghgrp_1007803","name":"YELLOWSTONE ENERGY LIMITED PARTNERSHIP","parent":"YELLOWSTONE ENERGY LP (100%)","geoid":"30111","display_sector":"utilities/power","naics":"221112","tier":2,"asset_class":"industrial_load","capacity_or_load_mw":166.0,"employment_est":null,"co2e_tpy":830004.704,"source":"ghgrp","confidence":"medium","coords_flag":"reported"},"geometry":{"type":"Point","coordinates":[-108.428833,45.811201]}},{"type":"Feature","properties":{"anchor_id":"ghgrp_1005621","name":"Sisecam Wyoming LLC","parent":"NATURAL RESOURCE PARTNERS LP (49%); SISECAM CHEMICALS USA INC (30.6%); CINER ENTERPRISES INC (20.4%)","geoid":"56037","display_sector":"mining/extraction","naics":"212390","tier":2,"asset_class":"industrial_load","capacity_or_load_mw":163.0,"employment_est":null,"co2e_tpy":815087.468,"source":"ghgrp","confidence":"medium","coords_flag":"reported"},"geometry":{"type":"Point","coordinates":[-109.68,41.70999]}},{"type":"Feature","properties":{"anchor_id":"ghgrp_1003008","name":"Holcim (US) Inc. - Portland Plant","parent":"HOLCIM PARTICIPATIONS (US) INC (100%)","geoid":"08043","display_sector":"manufacturing/chemicals","naics":"327310","tier":2,"asset_class":"industrial_load","capacity_or_load_mw":147.4,"employment_est":null,"co2e_tpy":737082.816,"source":"ghgrp","confidence":"medium","coords_flag":"reported"},"geometry":{"type":"Point","coordinates":[-105.008989,38.328631]}},{"type":"Feature","properties":{"anchor_id":"ghgrp_1012496","name":"MarkWest Oklahoma Gas Company, L.L.C. - 360 Anadarko Basin - G&B","parent":"MPLX LP (100%)","geoid":"08031","display_sector":"manufacturing/chemicals","naics":"486210","tier":2,"asset_class":"industrial_load","capacity_or_load_mw":133.5,"employment_est":null,"co2e_tpy":667635.836,"source":"ghgrp","confidence":"medium","coords_flag":"reported"},"geometry":{"type":"Point","coordinates":[-104.99658,39.74714]}},{"type":"Feature","properties":{"anchor_id":"ghgrp_1000157","name":"Hardin Generating Station","parent":"HEOROT POWER HOLDINGS LLC (100%)","geoid":"30003","display_sector":"utilities/power","naics":"221112","tier":2,"asset_class":"industrial_load","capacity_or_load_mw":132.6,"employment_est":null,"co2e_tpy":663071.666,"source":"ghgrp","confidence":"medium","coords_flag":"reported"},"geometry":{"type":"Point","coordinates":[-107.6,45.7578]}},{"type":"Feature","properties":{"anchor_id":"ghgrp_1012214","name":"DCP Midstream 540 Denver Basin","parent":"PHILLIPS 66 (86.8%); ENBRIDGE (US) INC (13.2%)","geoid":"08031","display_sector":"mining/extraction","naics":"211130","tier":2,"asset_class":"industrial_load","capacity_or_load_mw":132.0,"employment_est":null,"co2e_tpy":660182.48,"source":"ghgrp","confidence":"medium","coords_flag":"reported"},"geometry":{"type":"Point","coordinates":[-104.98777,39.74369]}},{"type":"Feature","properties":{"anchor_id":"ghgrp_1002078","name":"Opal Gas Plant","parent":"THE WILLIAMS COS INC (100%)","geoid":"56023","display_sector":"mining/extraction","naics":"211130","tier":2,"asset_class":"industrial_load","capacity_or_load_mw":130.9,"employment_est":null,"co2e_tpy":654410.872,"source":"ghgrp","confidence":"medium","coords_flag":"reported"},"geometry":{"type":"Point","coordinates":[-110.3425,41.7767]}},{"type":"Feature","properties":{"anchor_id":"ghgrp_1012504","name":"MarkWest Liberty Midstream & Resources, L.L.C. - 160A Appalachian Basin (Eastern Overthrust Area) - G&B","parent":"MPLX LP (100%)","geoid":"08031","display_sector":"manufacturing/chemicals","naics":"486210","tier":2,"asset_class":"industrial_load","capacity_or_load_mw":116.6,"employment_est":null,"co2e_tpy":583100.244,"source":"ghgrp","confidence":"medium","coords_flag":"reported"},"geometry":{"type":"Point","coordinates":[-104.99658,39.74714]}},{"type":"Feature","properties":{"anchor_id":"ghgrp_1001977","name":"Fort Lupton Compressor Station","parent":"WESTERN MIDSTREAM PARTNERS LP (100%)","geoid":"08123","display_sector":"mining/extraction","naics":"211130","tier":2,"asset_class":"industrial_load","capacity_or_load_mw":108.1,"employment_est":null,"co2e_tpy":540494.368,"source":"ghgrp","confidence":"medium","coords_flag":"reported"},"geometry":{"type":"Point","coordinates":[-104.7515,40.1434]}},{"type":"Feature","properties":{"anchor_id":"ghgrp_1005978","name":"MOUNTAIN CEMENT CO","parent":"EAGLE MATERIALS INC (100%)","geoid":"56001","display_sector":"manufacturing/chemicals","naics":"327310","tier":2,"asset_class":"industrial_load","capacity_or_load_mw":104.5,"employment_est":null,"co2e_tpy":522258.23,"source":"ghgrp","confidence":"medium","coords_flag":"reported"},"geometry":{"type":"Point","coordinates":[-105.60319,41.26109]}},{"type":"Feature","properties":{"anchor_id":"ghgrp_1009253","name":"WPX Energy Williston, LLC - 395 Williston basin","parent":"WPX Energy, Inc. (100%)","geoid":"08031","display_sector":"mining/extraction","naics":"211111","tier":2,"asset_class":"industrial_load","capacity_or_load_mw":104.0,"employment_est":null,"co2e_tpy":519990.874,"source":"ghgrp","confidence":"medium","coords_flag":"reported"},"geometry":{"type":"Point","coordinates":[-104.99402,39.74846]}},{"type":"Feature","properties":{"anchor_id":"ghgrp_1013529","name":"PRM Powder River CBM Field","parent":"POWDER RIVER MIDSTREAM (100%)","geoid":"56033","display_sector":"mining/extraction","naics":"211130","tier":2,"asset_class":"industrial_load","capacity_or_load_mw":102.6,"employment_est":null,"co2e_tpy":512909.576,"source":"ghgrp","confidence":"medium","coords_flag":"reported"},"geometry":{"type":"Point","coordinates":[-106.100441,44.563845]}},{"type":"Feature","properties":{"anchor_id":"ghgrp_1001078","name":"COLSTRIP ENERGY LTD PARTNERSHIP","parent":"COLSTRIP ENERGY LP (100%)","geoid":"30087","display_sector":"utilities/power","naics":"221112","tier":2,"asset_class":"industrial_load","capacity_or_load_mw":94.9,"employment_est":null,"co2e_tpy":474565.302,"source":"ghgrp","confidence":"medium","coords_flag":"reported"},"geometry":{"type":"Point","coordinates":[-106.655241,45.975179]}},{"type":"Feature","properties":{"anchor_id":"ghgrp_1003087","name":"SIMPLOT PHOSPHATES","parent":"JR SIMPLOT CO (100%)","geoid":"56037","display_sector":"manufacturing/chemicals","naics":"325312","tier":2,"asset_class":"industrial_load","capacity_or_load_mw":94.7,"employment_est":null,"co2e_tpy":473443.868,"source":"ghgrp","confidence":"medium","coords_flag":"reported"},"geometry":{"type":"Point","coordinates":[-109.12746,41.53841]}},{"type":"Feature","properties":{"anchor_id":"ghgrp_1004551","name":"Blacks Fork Gas Plant","parent":"MARATHON PETROLEUM CORP (100%)","geoid":"56037","display_sector":"mining/extraction","naics":"211130","tier":2,"asset_class":"industrial_load","capacity_or_load_mw":91.9,"employment_est":null,"co2e_tpy":459510.18,"source":"ghgrp","confidence":"medium","coords_flag":"reported"},"geometry":{"type":"Point","coordinates":[-110.048865,41.554684]}},{"type":"Feature","properties":{"anchor_id":"ghgrp_1009724","name":"NorthWestern Energy NE LDC","parent":"NORTHWESTERN CORP (100%)","geoid":"30093","display_sector":"utilities/power","naics":"221210","tier":2,"asset_class":"industrial_load","capacity_or_load_mw":91.6,"employment_est":null,"co2e_tpy":458116.2,"source":"ghgrp","confidence":"medium","coords_flag":"reported"},"geometry":{"type":"Point","coordinates":[-112.490614,46.060023]}},{"type":"Feature","properties":{"anchor_id":"ghgrp_1012329","name":"Powder River Basin - G&B - AAPG Province 515","parent":"WESTERN MIDSTREAM PARTNERS LP (100%)","geoid":"08031","display_sector":"mining/extraction","naics":"211130","tier":2,"asset_class":"industrial_load","capacity_or_load_mw":90.0,"employment_est":null,"co2e_tpy":449958.41,"source":"ghgrp","confidence":"medium","coords_flag":"reported"},"geometry":{"type":"Point","coordinates":[-104.99275,39.74933]}},{"type":"Feature","properties":{"anchor_id":"ghgrp_1012835","name":"Ovintiv USA Inc. - Permian Gathering","parent":"OVINTIV INC (100%)","geoid":"08031","display_sector":"mining/extraction","naics":"211120","tier":2,"asset_class":"industrial_load","capacity_or_load_mw":88.5,"employment_est":null,"co2e_tpy":442367.936,"source":"ghgrp","confidence":"medium","coords_flag":"reported"},"geometry":{"type":"Point","coordinates":[-104.98777,39.74369]}},{"type":"Feature","properties":{"anchor_id":"ghgrp_1009291","name":"SILVER EAGLE REFINING, INCORPORATED","parent":"THE INTERNATIONAL GROUP INC (100%)","geoid":"56041","display_sector":"manufacturing/chemicals","naics":"324110","tier":2,"asset_class":"industrial_load","capacity_or_load_mw":84.9,"employment_est":null,"co2e_tpy":424288.994,"source":"ghgrp","confidence":"medium","coords_flag":"reported"},"geometry":{"type":"Point","coordinates":[-110.807,41.2616]}},{"type":"Feature","properties":{"anchor_id":"ghgrp_1005542","name":"Energy West Montana","parent":"HEARTHSTONE UTILITIES INC (100%)","geoid":"30013","display_sector":"utilities/power","naics":"221210","tier":2,"asset_class":"industrial_load","capacity_or_load_mw":82.4,"employment_est":null,"co2e_tpy":412011.2,"source":"ghgrp","confidence":"medium","coords_flag":"reported"},"geometry":{"type":"Point","coordinates":[-111.30712,47.50424]}},{"type":"Feature","properties":{"anchor_id":"ghgrp_1006310","name":"GREELEY GAS PLANT","parent":"PHILLIPS 66 (86.8%); ENBRIDGE (US) INC (13.2%)","geoid":"08123","display_sector":"mining/extraction","naics":"211130","tier":2,"asset_class":"industrial_load","capacity_or_load_mw":77.6,"employment_est":null,"co2e_tpy":387904.324,"source":"ghgrp","confidence":"medium","coords_flag":"reported"},"geometry":{"type":"Point","coordinates":[-104.730316,40.364235]}},{"type":"Feature","properties":{"anchor_id":"ghgrp_1005924","name":"Cheyenne Plant","parent":"DYNO NOBEL (100%)","geoid":"56021","display_sector":"manufacturing/chemicals","naics":"325311","tier":2,"asset_class":"industrial_load","capacity_or_load_mw":76.7,"employment_est":null,"co2e_tpy":383736.302,"source":"ghgrp","confidence":"medium","coords_flag":"reported"},"geometry":{"type":"Point","coordinates":[-104.908,41.0949]}},{"type":"Feature","properties":{"anchor_id":"ghgrp_1002239","name":"Echo Springs Gas Plant","parent":"THE WILLIAMS COS INC (100%)","geoid":"56007","display_sector":"mining/extraction","naics":"211130","tier":2,"asset_class":"industrial_load","capacity_or_load_mw":76.3,"employment_est":null,"co2e_tpy":381668.818,"source":"ghgrp","confidence":"medium","coords_flag":"reported"},"geometry":{"type":"Point","coordinates":[-107.8236,41.6472]}},{"type":"Feature","properties":{"anchor_id":"ghgrp_1012686","name":"Red Cedar Gathering San Juan Basin Gathering & Boosting","parent":"SOUTHERN UTE INDIAN TRIBE (51%); KINDER MORGAN INC (49%)","geoid":"08067","display_sector":"manufacturing/chemicals","naics":"486210","tier":2,"asset_class":"industrial_load","capacity_or_load_mw":75.6,"employment_est":null,"co2e_tpy":378041.15,"source":"ghgrp","confidence":"medium","coords_flag":"reported"},"geometry":{"type":"Point","coordinates":[-107.82274,37.23782]}},{"type":"Feature","properties":{"anchor_id":"ghgrp_1004822","name":"Meeker Gas Plant","parent":"ENTERPRISE PRODUCTS PARTNERS LP (100%)","geoid":"08103","display_sector":"mining/extraction","naics":"211130","tier":2,"asset_class":"industrial_load","capacity_or_load_mw":72.2,"employment_est":null,"co2e_tpy":361197.82,"source":"ghgrp","confidence":"medium","coords_flag":"reported"},"geometry":{"type":"Point","coordinates":[-108.294316,39.910727]}},{"type":"Feature","properties":{"anchor_id":"ghgrp_1012286","name":"Denver Basin - G&B - AAPG Province 540","parent":"WESTERN MIDSTREAM PARTNERS LP (100%)","geoid":"08031","display_sector":"mining/extraction","naics":"211130","tier":2,"asset_class":"industrial_load","capacity_or_load_mw":70.0,"employment_est":null,"co2e_tpy":350213.752,"source":"ghgrp","confidence":"medium","coords_flag":"reported"},"geometry":{"type":"Point","coordinates":[-104.99275,39.74933]}},{"type":"Feature","properties":{"anchor_id":"ghgrp_1001760","name":"Arkansas Loop & Simpson Treating Plants","parent":"SOUTHERN UTE INDIAN TRIBE (51%); KINDER MORGAN INC (49%)","geoid":"08067","display_sector":"mining/extraction","naics":"211130","tier":2,"asset_class":"industrial_load","capacity_or_load_mw":66.7,"employment_est":null,"co2e_tpy":333442.368,"source":"ghgrp","confidence":"medium","coords_flag":"reported"},"geometry":{"type":"Point","coordinates":[-107.7855,37.0532]}},{"type":"Feature","properties":{"anchor_id":"ghgrp_1002531","name":"ASH GROVE CEMENT COMPANY-MONTANA CITY","parent":"CRH AMERICAS INC (100%)","geoid":"30043","display_sector":"manufacturing/chemicals","naics":"327310","tier":2,"asset_class":"industrial_load","capacity_or_load_mw":64.8,"employment_est":null,"co2e_tpy":323957.688,"source":"ghgrp","confidence":"medium","coords_flag":"reported"},"geometry":{"type":"Point","coordinates":[-111.92062,46.54448]}},{"type":"Feature","properties":{"anchor_id":"ghgrp_1001790","name":"Hilight-Reno Junction Gas Plant","parent":"WESTERN MIDSTREAM PARTNERS LP (100%)","geoid":"56005","display_sector":"mining/extraction","naics":"211130","tier":2,"asset_class":"industrial_load","capacity_or_load_mw":63.9,"employment_est":null,"co2e_tpy":319619.298,"source":"ghgrp","confidence":"medium","coords_flag":"reported"},"geometry":{"type":"Point","coordinates":[-105.362309,43.841476]}},{"type":"Feature","properties":{"anchor_id":"ghgrp_1006131","name":"MEWBOURN GAS PLANT","parent":"PHILLIPS 66 (86.8%); ENBRIDGE (US) INC (13.2%)","geoid":"08123","display_sector":"mining/extraction","naics":"211130","tier":2,"asset_class":"industrial_load","capacity_or_load_mw":61.7,"employment_est":null,"co2e_tpy":308326.724,"source":"ghgrp","confidence":"medium","coords_flag":"reported"},"geometry":{"type":"Point","coordinates":[-104.734944,40.266583]}},{"type":"Feature","properties":{"anchor_id":"ghgrp_1010310","name":"West Elk Mine","parent":"ARCH RESOURCES INC (100%)","geoid":"08051","display_sector":"mining/extraction","naics":"212115","tier":2,"asset_class":"industrial_load","capacity_or_load_mw":61.0,"employment_est":null,"co2e_tpy":304967.262,"source":"ghgrp","confidence":"medium","coords_flag":"reported"},"geometry":{"type":"Point","coordinates":[-107.44676,38.92855]}},{"type":"Feature","properties":{"anchor_id":"ghgrp_1002319","name":"WILLOW CREEK GAS PLANT","parent":"THE WILLIAMS COS INC (100%)","geoid":"08103","display_sector":"mining/extraction","naics":"211130","tier":2,"asset_class":"industrial_load","capacity_or_load_mw":58.5,"employment_est":null,"co2e_tpy":292396.226,"source":"ghgrp","confidence":"medium","coords_flag":"reported"},"geometry":{"type":"Point","coordinates":[-108.241034,39.83963]}},{"type":"Feature","properties":{"anchor_id":"ghgrp_1012482","name":"The Ohio Gathering Company, L.L.C. - 160A Appalachian Basin (Eastern Overthrust Area) - G&B","parent":"MPLX LP (100%)","geoid":"08031","display_sector":"manufacturing/chemicals","naics":"486210","tier":2,"asset_class":"industrial_load","capacity_or_load_mw":57.1,"employment_est":null,"co2e_tpy":285515.576,"source":"ghgrp","confidence":"medium","coords_flag":"reported"},"geometry":{"type":"Point","coordinates":[-104.99658,39.74714]}},{"type":"Feature","properties":{"anchor_id":"ghgrp_1002773","name":"GRAYMONT WESTERN U.S. INC. INDIAN CREEK","parent":"GRAYMONT INC (100%)","geoid":"30007","display_sector":"manufacturing/chemicals","naics":"327410","tier":2,"asset_class":"industrial_load","capacity_or_load_mw":55.3,"employment_est":null,"co2e_tpy":276270.856,"source":"ghgrp","confidence":"medium","coords_flag":"reported"},"geometry":{"type":"Point","coordinates":[-111.616666,46.326389]}},{"type":"Feature","properties":{"anchor_id":"ghgrp_1001871","name":"Granger Gas Plant","parent":"OCCIDENTAL PETROLEUM CORP (100%)","geoid":"56037","display_sector":"mining/extraction","naics":"211130","tier":2,"asset_class":"industrial_load","capacity_or_load_mw":55.1,"employment_est":null,"co2e_tpy":275393.298,"source":"ghgrp","confidence":"medium","coords_flag":"reported"},"geometry":{"type":"Point","coordinates":[-109.9557,41.5394]}},{"type":"Feature","properties":{"anchor_id":"ghgrp_1012240","name":"DCP Midstream 350 South Oklahoma Folded Belt","parent":"PHILLIPS 66 (86.8%); ENBRIDGE (US) INC (13.2%)","geoid":"08031","display_sector":"mining/extraction","naics":"211130","tier":2,"asset_class":"industrial_load","capacity_or_load_mw":54.0,"employment_est":null,"co2e_tpy":269931.564,"source":"ghgrp","confidence":"medium","coords_flag":"reported"},"geometry":{"type":"Point","coordinates":[-104.98777,39.74369]}},{"type":"Feature","properties":{"anchor_id":"ghgrp_1012503","name":"MarkWest Oklahoma Gas Company, L.L.C. - 345 Arkoma Basin - GB","parent":"MPLX LP (100%)","geoid":"08031","display_sector":"manufacturing/chemicals","naics":"486210","tier":2,"asset_class":"industrial_load","capacity_or_load_mw":53.9,"employment_est":null,"co2e_tpy":269396.136,"source":"ghgrp","confidence":"medium","coords_flag":"reported"},"geometry":{"type":"Point","coordinates":[-104.99658,39.74714]}},{"type":"Feature","properties":{"anchor_id":"ghgrp_1002355","name":"LUCERNE GAS PLANT","parent":"PHILLIPS 66 (86.8%); ENBRIDGE (US) INC (13.2%)","geoid":"08123","display_sector":"mining/extraction","naics":"211130","tier":2,"asset_class":"industrial_load","capacity_or_load_mw":51.3,"employment_est":null,"co2e_tpy":256255.598,"source":"ghgrp","confidence":"medium","coords_flag":"reported"},"geometry":{"type":"Point","coordinates":[-104.664686,40.457201]}},{"type":"Feature","properties":{"anchor_id":"ghgrp_1006185","name":"Trident","parent":"GCC OF AMERICA INC (100%)","geoid":"30031","display_sector":"manufacturing/chemicals","naics":"327310","tier":2,"asset_class":"industrial_load","capacity_or_load_mw":50.1,"employment_est":null,"co2e_tpy":250489.474,"source":"ghgrp","confidence":"medium","coords_flag":"reported"},"geometry":{"type":"Point","coordinates":[-111.47501,45.94942]}},{"type":"Feature","properties":{"anchor_id":"ghgrp_1007877","name":"CEMEX CONSTRUCTION MATERIALS SOUTH LLC","parent":"CEMEX INC (100%)","geoid":"08013","display_sector":"manufacturing/chemicals","naics":"327310","tier":2,"asset_class":"industrial_load","capacity_or_load_mw":48.7,"employment_est":null,"co2e_tpy":243722.174,"source":"ghgrp","confidence":"medium","coords_flag":"reported"},"geometry":{"type":"Point","coordinates":[-105.236697,40.202236]}},{"type":"Feature","properties":{"anchor_id":"ghgrp_1003568","name":"Molson Coors USA LLC - Golden Brewery","parent":"MOLSON COORS BEVERAGE CO (100%)","geoid":"08059","display_sector":"manufacturing/chemicals","naics":"312120","tier":2,"asset_class":"industrial_load","capacity_or_load_mw":44.8,"employment_est":null,"co2e_tpy":224200.356,"source":"ghgrp","confidence":"medium","coords_flag":"reported"},"geometry":{"type":"Point","coordinates":[-105.213362,39.763383]}},{"type":"Feature","properties":{"anchor_id":"ghgrp_1008086","name":"Crescent Point Energy U.S. Corp - Uinta Basin (575) Operations","parent":"Crescent Point Energy U.S. Corporation (100%)","geoid":"08031","display_sector":"mining/extraction","naics":"211111","tier":2,"asset_class":"industrial_load","capacity_or_load_mw":43.3,"employment_est":null,"co2e_tpy":216489.44,"source":"ghgrp","confidence":"medium","coords_flag":"reported"},"geometry":{"type":"Point","coordinates":[-104.98943,39.74497]}},{"type":"Feature","properties":{"anchor_id":"ghgrp_1002761","name":"KERN RIVER GAS TRANSMISSION COMPANY: MUDDY CREEK COMPRESSOR STATION","parent":"BERKSHIRE HATHAWAY INC (100%)","geoid":"56023","display_sector":"manufacturing/chemicals","naics":"486210","tier":2,"asset_class":"industrial_load","capacity_or_load_mw":43.1,"employment_est":null,"co2e_tpy":215565.596,"source":"ghgrp","confidence":"medium","coords_flag":"reported"},"geometry":{"type":"Point","coordinates":[-110.569218,42.023456]}},{"type":"Feature","properties":{"anchor_id":"ghgrp_1002943","name":"BARGATH, INC.- PARACHUTE","parent":"THE WILLIAMS COS INC (100%)","geoid":"08045","display_sector":"mining/extraction","naics":"211130","tier":2,"asset_class":"industrial_load","capacity_or_load_mw":43.0,"employment_est":null,"co2e_tpy":215169.31,"source":"ghgrp","confidence":"medium","coords_flag":"reported"},"geometry":{"type":"Point","coordinates":[-108.111356,39.487297]}},{"type":"Feature","properties":{"anchor_id":"ghgrp_1005928","name":"LARIMER COUNTY LANDFILL","parent":"CITY OF FORT COLLINS COLORADO (50%); CITY OF LOVELAND COLORADO (25%); COUNTY OF LARIMER COLORADO (25%)","geoid":"08069","display_sector":"other","naics":"562212","tier":2,"asset_class":"industrial_load","capacity_or_load_mw":42.8,"employment_est":null,"co2e_tpy":213903.498,"source":"ghgrp","confidence":"medium","coords_flag":"reported"},"geometry":{"type":"Point","coordinates":[-105.11552,40.49682]}},{"type":"Feature","properties":{"anchor_id":"ghgrp_1002816","name":"Casper Gas Plant","parent":"TALLGRASS DEVELOPMENT LP (100%)","geoid":"56025","display_sector":"mining/extraction","naics":"211130","tier":2,"asset_class":"industrial_load","capacity_or_load_mw":42.3,"employment_est":null,"co2e_tpy":211287.278,"source":"ghgrp","confidence":"medium","coords_flag":"reported"},"geometry":{"type":"Point","coordinates":[-106.39022,42.85426]}},{"type":"Feature","properties":{"anchor_id":"ghgrp_1004452","name":"Genesis Alkali Granger","parent":"GENESIS ENERGY LP (100%)","geoid":"56037","display_sector":"mining/extraction","naics":"212390","tier":2,"asset_class":"industrial_load","capacity_or_load_mw":41.5,"employment_est":null,"co2e_tpy":207515.42,"source":"ghgrp","confidence":"medium","coords_flag":"reported"},"geometry":{"type":"Point","coordinates":[-109.96818,41.59206]}},{"type":"Feature","properties":{"anchor_id":"ghgrp_1012479","name":"MarkWest Oklahoma Gas Company, L.L.C. - 355 Chautauqua Platform - G&B","parent":"MPLX LP (100%)","geoid":"08031","display_sector":"manufacturing/chemicals","naics":"486210","tier":2,"asset_class":"industrial_load","capacity_or_load_mw":40.5,"employment_est":null,"co2e_tpy":202643.418,"source":"ghgrp","confidence":"medium","coords_flag":"reported"},"geometry":{"type":"Point","coordinates":[-104.99658,39.74714]}},{"type":"Feature","properties":{"anchor_id":"ghgrp_1003223","name":"Florida River Gas Processing Facility","parent":"BP AMERICA INC (100%)","geoid":"08067","display_sector":"mining/extraction","naics":"211130","tier":2,"asset_class":"industrial_load","capacity_or_load_mw":39.2,"employment_est":null,"co2e_tpy":196109.25,"source":"ghgrp","confidence":"medium","coords_flag":"reported"},"geometry":{"type":"Point","coordinates":[-107.87976,37.27634]}},{"type":"Feature","properties":{"anchor_id":"ghgrp_1010119","name":"O'Connor Gas Plant","parent":"PHILLIPS 66 (86.8%); ENBRIDGE (US) INC (13.2%)","geoid":"08123","display_sector":"mining/extraction","naics":"211130","tier":2,"asset_class":"industrial_load","capacity_or_load_mw":38.7,"employment_est":null,"co2e_tpy":193641.616,"source":"ghgrp","confidence":"medium","coords_flag":"reported"},"geometry":{"type":"Point","coordinates":[-104.587772,40.352206]}},{"type":"Feature","properties":{"anchor_id":"ghgrp_1013639","name":"Rowdy Jewell Gas Plant","parent":"ROWDY PIPELINE LLC (100%)","geoid":"56005","display_sector":"mining/extraction","naics":"211130","tier":2,"asset_class":"industrial_load","capacity_or_load_mw":38.4,"employment_est":null,"co2e_tpy":192204.628,"source":"ghgrp","confidence":"medium","coords_flag":"reported"},"geometry":{"type":"Point","coordinates":[-105.48866,44.29713]}},{"type":"Feature","properties":{"anchor_id":"ghgrp_1014108","name":"MarkWest Tornado GP, L.L.C. - 430 Permian Basin - G&B","parent":"MPLX LP (100%)","geoid":"08031","display_sector":"manufacturing/chemicals","naics":"486210","tier":2,"asset_class":"industrial_load","capacity_or_load_mw":36.8,"employment_est":null,"co2e_tpy":184187.818,"source":"ghgrp","confidence":"medium","coords_flag":"reported"},"geometry":{"type":"Point","coordinates":[-104.99658,39.74714]}},{"type":"Feature","properties":{"anchor_id":"ghgrp_1002265","name":"ContangoResources_LOST CABIN","parent":"CONTANGO RESOURCES LLC (100%)","geoid":"56013","display_sector":"mining/extraction","naics":"211130","tier":2,"asset_class":"industrial_load","capacity_or_load_mw":36.7,"employment_est":null,"co2e_tpy":183282.756,"source":"ghgrp","confidence":"medium","coords_flag":"reported"},"geometry":{"type":"Point","coordinates":[-107.6,43.273]}},{"type":"Feature","properties":{"anchor_id":"ghgrp_1009519","name":"Summit Natural Gas of Missouri","parent":"SUMMIT UTILITIES INC (100%)","geoid":"08059","display_sector":"utilities/power","naics":"221210","tier":2,"asset_class":"industrial_load","capacity_or_load_mw":36.2,"employment_est":null,"co2e_tpy":181157.5,"source":"ghgrp","confidence":"medium","coords_flag":"reported"},"geometry":{"type":"Point","coordinates":[-105.13351,39.57454]}},{"type":"Feature","properties":{"anchor_id":"ghgrp_1012484","name":"MarkWest Energy East Texas Gas Company, L.L.C. - 260 East Texas Basin - G&B","parent":"MPLX LP (100%)","geoid":"08031","display_sector":"manufacturing/chemicals","naics":"486210","tier":2,"asset_class":"industrial_load","capacity_or_load_mw":36.2,"employment_est":null,"co2e_tpy":181115.874,"source":"ghgrp","confidence":"medium","coords_flag":"reported"},"geometry":{"type":"Point","coordinates":[-104.99658,39.74714]}},{"type":"Feature","properties":{"anchor_id":"ghgrp_1012209","name":"DCP Midstream 220 Gulf Coast Basin","parent":"PHILLIPS 66 (86.8%); ENBRIDGE (US) INC (13.2%)","geoid":"08031","display_sector":"mining/extraction","naics":"211130","tier":2,"asset_class":"industrial_load","capacity_or_load_mw":34.9,"employment_est":null,"co2e_tpy":174414.828,"source":"ghgrp","confidence":"medium","coords_flag":"reported"},"geometry":{"type":"Point","coordinates":[-104.98777,39.74369]}},{"type":"Feature","properties":{"anchor_id":"ghgrp_1014233","name":"Franklin Mountain Energy/430 Permian Basin","parent":"FRANKLIN MOUNTAIN ENERGY LLC (100%)","geoid":"08031","display_sector":"mining/extraction","naics":"211120","tier":2,"asset_class":"industrial_load","capacity_or_load_mw":34.1,"employment_est":null,"co2e_tpy":170567.902,"source":"ghgrp","confidence":"medium","coords_flag":"reported"},"geometry":{"type":"Point","coordinates":[-104.94737,39.71681]}},{"type":"Feature","properties":{"anchor_id":"ghgrp_1013095","name":"Caerus Energy Services, LLC","parent":"CAERUS OIL & GAS LLC (100%)","geoid":"08031","display_sector":"mining/extraction","naics":"211130","tier":2,"asset_class":"industrial_load","capacity_or_load_mw":33.4,"employment_est":null,"co2e_tpy":167025.898,"source":"ghgrp","confidence":"medium","coords_flag":"reported"},"geometry":{"type":"Point","coordinates":[-104.99402,39.74846]}},{"type":"Feature","properties":{"anchor_id":"ghgrp_1006370","name":"WYOMING LIME PRODUCERS","parent":"BASIN ELECTRIC POWER COOPERATIVE (100%)","geoid":"56029","display_sector":"manufacturing/chemicals","naics":"327410","tier":2,"asset_class":"industrial_load","capacity_or_load_mw":32.1,"employment_est":null,"co2e_tpy":160424.716,"source":"ghgrp","confidence":"medium","coords_flag":"reported"},"geometry":{"type":"Point","coordinates":[-108.625,44.9962]}},{"type":"Feature","properties":{"anchor_id":"ghgrp_1004749","name":"P4 Production, LLC","parent":"BAYER US HOLDING LP (100%)","geoid":"56037","display_sector":"manufacturing/chemicals","naics":"324199","tier":2,"asset_class":"industrial_load","capacity_or_load_mw":30.9,"employment_est":null,"co2e_tpy":154569.774,"source":"ghgrp","confidence":"medium","coords_flag":"reported"},"geometry":{"type":"Point","coordinates":[-109.254508,41.582324]}},{"type":"Feature","properties":{"anchor_id":"ghgrp_1000477","name":"BILLINGS CITY LANDFILL","parent":"SOLID WASTE DIV CITY OF BILLINGS MONTANA (100%)","geoid":"30111","display_sector":"other","naics":"562212","tier":2,"asset_class":"industrial_load","capacity_or_load_mw":28.6,"employment_est":null,"co2e_tpy":143248.5,"source":"ghgrp","confidence":"medium","coords_flag":"reported"},"geometry":{"type":"Point","coordinates":[-108.543015,45.722949]}},{"type":"Feature","properties":{"anchor_id":"ghgrp_1004824","name":"Central Treating Facility","parent":"ENTERPRISE PRODUCTS PARTNERS LP (100%)","geoid":"08103","display_sector":"mining/extraction","naics":"211130","tier":2,"asset_class":"industrial_load","capacity_or_load_mw":28.2,"employment_est":null,"co2e_tpy":140772.64,"source":"ghgrp","confidence":"medium","coords_flag":"reported"},"geometry":{"type":"Point","coordinates":[-108.2957,39.8338]}},{"type":"Feature","properties":{"anchor_id":"ghgrp_1012205","name":"Tallgrass Powder River Basin Gathering System","parent":"TALLGRASS DEVELOPMENT LP (100%)","geoid":"08059","display_sector":"mining/extraction","naics":"211130","tier":2,"asset_class":"industrial_load","capacity_or_load_mw":27.9,"employment_est":null,"co2e_tpy":139706.252,"source":"ghgrp","confidence":"medium","coords_flag":"reported"},"geometry":{"type":"Point","coordinates":[-105.135202,39.722098]}},{"type":"Feature","properties":{"anchor_id":"ghgrp_1005703","name":"Colorado Natural Gas, Inc.","parent":"SUMMIT UTILITIES INC (100%)","geoid":"08059","display_sector":"utilities/power","naics":"221210","tier":2,"asset_class":"industrial_load","capacity_or_load_mw":27.1,"employment_est":null,"co2e_tpy":135617.0,"source":"ghgrp","confidence":"medium","coords_flag":"reported"},"geometry":{"type":"Point","coordinates":[-105.13351,39.57454]}},{"type":"Feature","properties":{"anchor_id":"ghgrp_1004924","name":"Elk Basin Gas Plant","parent":"CONTANGO RESOURCES LLC (100%)","geoid":"56029","display_sector":"mining/extraction","naics":"211130","tier":2,"asset_class":"industrial_load","capacity_or_load_mw":25.3,"employment_est":null,"co2e_tpy":126352.314,"source":"ghgrp","confidence":"medium","coords_flag":"reported"},"geometry":{"type":"Point","coordinates":[-108.814934,44.866702]}},{"type":"Feature","properties":{"anchor_id":"ghgrp_1014610","name":"Cheyenne Renewable Diesel Company LLC","parent":"HF SINCLAIR CORP (100%)","geoid":"56021","display_sector":"manufacturing/chemicals","naics":"325199","tier":2,"asset_class":"industrial_load","capacity_or_load_mw":25.2,"employment_est":null,"co2e_tpy":125815.064,"source":"ghgrp","confidence":"medium","coords_flag":"reported"},"geometry":{"type":"Point","coordinates":[-104.7892,41.1275]}},{"type":"Feature","properties":{"anchor_id":"ghgrp_1001783","name":"WESTERN SUGAR COOPERATIVE","parent":"THE WESTERN SUGAR COOPERATIVE (100%)","geoid":"30111","display_sector":"manufacturing/chemicals","naics":"311313","tier":2,"asset_class":"industrial_load","capacity_or_load_mw":24.6,"employment_est":null,"co2e_tpy":122995.764,"source":"ghgrp","confidence":"medium","coords_flag":"reported"},"geometry":{"type":"Point","coordinates":[-108.49823,45.76981]}},{"type":"Feature","properties":{"anchor_id":"ghgrp_1005963","name":"Red Willow Production Co.","parent":"SOUTHERN UTE INDIAN TRIBE (100%)","geoid":"08067","display_sector":"mining/extraction","naics":"211130","tier":2,"asset_class":"industrial_load","capacity_or_load_mw":24.5,"employment_est":null,"co2e_tpy":122514.438,"source":"ghgrp","confidence":"medium","coords_flag":"reported"},"geometry":{"type":"Point","coordinates":[-107.71625,37.095279]}},{"type":"Feature","properties":{"anchor_id":"ghgrp_1003848","name":"Thunder Creek Gas Services Buckshot Gas Plant","parent":"MERITAGE MIDSTREAM SERVICES II LLC (100%)","geoid":"56009","display_sector":"mining/extraction","naics":"213112","tier":2,"asset_class":"industrial_load","capacity_or_load_mw":24.2,"employment_est":null,"co2e_tpy":120954.51,"source":"ghgrp","confidence":"medium","coords_flag":"reported"},"geometry":{"type":"Point","coordinates":[-105.613954,42.788059]}},{"type":"Feature","properties":{"anchor_id":"ghgrp_1005989","name":"MountainWest Pipeline - Rock Springs Station (Tran)","parent":"THE WILLIAMS COS INC (100%)","geoid":"56037","display_sector":"manufacturing/chemicals","naics":"486210","tier":2,"asset_class":"industrial_load","capacity_or_load_mw":22.5,"employment_est":null,"co2e_tpy":112740.208,"source":"ghgrp","confidence":"medium","coords_flag":"reported"},"geometry":{"type":"Point","coordinates":[-109.3128,41.5222]}},{"type":"Feature","properties":{"anchor_id":"ghgrp_1009624","name":"SM Energy (Basin 220) South Texas","parent":"SM ENERGY CO (100%)","geoid":"08031","display_sector":"mining/extraction","naics":"211130","tier":2,"asset_class":"industrial_load","capacity_or_load_mw":22.0,"employment_est":null,"co2e_tpy":110101.35,"source":"ghgrp","confidence":"medium","coords_flag":"reported"},"geometry":{"type":"Point","coordinates":[-104.98486,39.74454]}},{"type":"Feature","properties":{"anchor_id":"ghgrp_1013734","name":"Tap Rock Operating","parent":"TAP ROCK OPERATING LLC (100%)","geoid":"08059","display_sector":"mining/extraction","naics":"211120","tier":2,"asset_class":"industrial_load","capacity_or_load_mw":21.0,"employment_est":null,"co2e_tpy":105080.224,"source":"ghgrp","confidence":"medium","coords_flag":"reported"},"geometry":{"type":"Point","coordinates":[-105.2904,39.70684]}},{"type":"Feature","properties":{"anchor_id":"ghgrp_1012341","name":"Green River Basin - G&B - AAPG Province 535","parent":"WESTERN MIDSTREAM PARTNERS LP (100%)","geoid":"08031","display_sector":"mining/extraction","naics":"211130","tier":2,"asset_class":"industrial_load","capacity_or_load_mw":20.9,"employment_est":null,"co2e_tpy":104515.356,"source":"ghgrp","confidence":"medium","coords_flag":"reported"},"geometry":{"type":"Point","coordinates":[-104.99275,39.74933]}},{"type":"Feature","properties":{"anchor_id":"ghgrp_1009357","name":"Bill Barrett Corporation - Uinta Basin (575)","parent":"BILL BARRETT CORP (100%)","geoid":"08031","display_sector":"mining/extraction","naics":"211111","tier":2,"asset_class":"industrial_load","capacity_or_load_mw":20.8,"employment_est":null,"co2e_tpy":104214.19,"source":"ghgrp","confidence":"medium","coords_flag":"reported"},"geometry":{"type":"Point","coordinates":[-104.99275,39.74933]}},{"type":"Feature","properties":{"anchor_id":"ghgrp_1003911","name":"FRONT RANGE LANDFILL","parent":"WASTE CONNECTIONS US INC (100%)","geoid":"08123","display_sector":"other","naics":"562212","tier":2,"asset_class":"industrial_load","capacity_or_load_mw":20.7,"employment_est":null,"co2e_tpy":103666.148,"source":"ghgrp","confidence":"medium","coords_flag":"reported"},"geometry":{"type":"Point","coordinates":[-105.01822,40.02281]}},{"type":"Feature","properties":{"anchor_id":"ghgrp_1013887","name":"Steamboat Processing Facility","parent":"MERITAGE MIDSTREAM SERVICES II LLC (100%)","geoid":"56009","display_sector":"mining/extraction","naics":"213112","tier":2,"asset_class":"industrial_load","capacity_or_load_mw":20.6,"employment_est":null,"co2e_tpy":103157.07,"source":"ghgrp","confidence":"medium","coords_flag":"reported"},"geometry":{"type":"Point","coordinates":[-105.490897,42.793572]}},{"type":"Feature","properties":{"anchor_id":"ghgrp_1010782","name":"Bucking Horse Plant","parent":"ENERGY TRANSFER LP (100%)","geoid":"56009","display_sector":"mining/extraction","naics":"211120","tier":2,"asset_class":"industrial_load","capacity_or_load_mw":20.6,"employment_est":null,"co2e_tpy":103058.668,"source":"ghgrp","confidence":"medium","coords_flag":"reported"},"geometry":{"type":"Point","coordinates":[-105.46739,42.74173]}},{"type":"Feature","properties":{"anchor_id":"ghgrp_1012714","name":"Antero Midstream LLC- 160 Basin","parent":"ANTERO MIDSTREAM LLC (100%)","geoid":"08031","display_sector":"manufacturing/chemicals","naics":"486210","tier":2,"asset_class":"industrial_load","capacity_or_load_mw":20.6,"employment_est":null,"co2e_tpy":102791.848,"source":"ghgrp","confidence":"medium","coords_flag":"reported"},"geometry":{"type":"Point","coordinates":[-105.000734,39.752016]}},{"type":"Feature","properties":{"anchor_id":"ghgrp_1006977","name":"MESA COUNTY LANDFILL","parent":"COUNTY OF MESA COLORADO (100%)","geoid":"08077","display_sector":"other","naics":"562212","tier":2,"asset_class":"industrial_load","capacity_or_load_mw":20.5,"employment_est":null,"co2e_tpy":102513.05,"source":"ghgrp","confidence":"medium","coords_flag":"reported"},"geometry":{"type":"Point","coordinates":[-108.488333,39.020833]}},{"type":"Feature","properties":{"anchor_id":"ghgrp_1001975","name":"OWENS-BROCKWAY GLASS CONTAINER INC PLANT 28","parent":"O-I GLASS INC (100%)","geoid":"08123","display_sector":"manufacturing/chemicals","naics":"327213","tier":2,"asset_class":"industrial_load","capacity_or_load_mw":20.3,"employment_est":null,"co2e_tpy":101575.792,"source":"ghgrp","confidence":"medium","coords_flag":"reported"},"geometry":{"type":"Point","coordinates":[-104.849165,40.461452]}},{"type":"Feature","properties":{"anchor_id":"ghgrp_1006479","name":"Leprino Foods, Greeley","parent":"LEPRINO FOODS CO (100%)","geoid":"08123","display_sector":"manufacturing/chemicals","naics":"311513","tier":2,"asset_class":"industrial_load","capacity_or_load_mw":20.2,"employment_est":null,"co2e_tpy":100884.162,"source":"ghgrp","confidence":"medium","coords_flag":"reported"},"geometry":{"type":"Point","coordinates":[-104.675853,40.416952]}},{"type":"Feature","properties":{"anchor_id":"ghgrp_1011681","name":"Eagle Valley Clean Energy","parent":"EVERGREEN CLEAN ENERGY CORP (100%)","geoid":"08037","display_sector":"utilities/power","naics":"221117","tier":1,"asset_class":null,"capacity_or_load_mw":null,"employment_est":null,"co2e_tpy":97610.956,"source":"ghgrp","confidence":"medium","coords_flag":"reported"},"geometry":{"type":"Point","coordinates":[-106.940343,39.646803]}},{"type":"Feature","properties":{"anchor_id":"ghgrp_1011895","name":"Aethon Energy Operating-530-Wind River Basin","parent":"AETHON UNITED BR LP (100%)","geoid":"56013","display_sector":"mining/extraction","naics":"211130","tier":1,"asset_class":null,"capacity_or_load_mw":null,"employment_est":null,"co2e_tpy":96194.882,"source":"ghgrp","confidence":"medium","coords_flag":"reported"},"geometry":{"type":"Point","coordinates":[-107.541229,43.182208]}},{"type":"Feature","properties":{"anchor_id":"ghgrp_1012483","name":"MarkWest Liberty Bluestone, L.L.C. - 160A Appalachian Basin (Eastern Overthrust Area) - G&B","parent":"MPLX LP (100%)","geoid":"08031","display_sector":"manufacturing/chemicals","naics":"486210","tier":1,"asset_class":null,"capacity_or_load_mw":null,"employment_est":null,"co2e_tpy":96059.234,"source":"ghgrp","confidence":"medium","coords_flag":"reported"},"geometry":{"type":"Point","coordinates":[-104.99658,39.74714]}},{"type":"Feature","properties":{"anchor_id":"ghgrp_1002127","name":"CIG Station 5850 Cheyenne, CO","parent":"KINDER MORGAN INC (100%)","geoid":"08123","display_sector":"manufacturing/chemicals","naics":"486210","tier":1,"asset_class":null,"capacity_or_load_mw":null,"employment_est":null,"co2e_tpy":91460.852,"source":"ghgrp","confidence":"medium","coords_flag":"reported"},"geometry":{"type":"Point","coordinates":[-104.892167,40.908951]}},{"type":"Feature","properties":{"anchor_id":"ghgrp_1007880","name":"NORTH WELD SANITARY LANDFILL","parent":"WASTE MANAGEMENT INC (100%)","geoid":"08123","display_sector":"other","naics":"562212","tier":1,"asset_class":null,"capacity_or_load_mw":null,"employment_est":null,"co2e_tpy":87432.388,"source":"ghgrp","confidence":"medium","coords_flag":"reported"},"geometry":{"type":"Point","coordinates":[-104.83181,40.5854]}},{"type":"Feature","properties":{"anchor_id":"ghgrp_1006766","name":"MONTANA WASTE SYSTEMS - HIGHPLAINS SANITARY LANDFILL","parent":"REPUBLIC SERVICES INC (100%)","geoid":"30013","display_sector":"other","naics":"562212","tier":1,"asset_class":null,"capacity_or_load_mw":null,"employment_est":null,"co2e_tpy":85785.5,"source":"ghgrp","confidence":"medium","coords_flag":"reported"},"geometry":{"type":"Point","coordinates":[-111.17291,47.61722]}},{"type":"Feature","properties":{"anchor_id":"ghgrp_1009785","name":"LARAMIE ENERGY LLC - Piceance Basin (585)","parent":"LARAMIE ENERGY LLC (100%)","geoid":"08031","display_sector":"mining/extraction","naics":"211130","tier":1,"asset_class":null,"capacity_or_load_mw":null,"employment_est":null,"co2e_tpy":84490.112,"source":"ghgrp","confidence":"medium","coords_flag":"reported"},"geometry":{"type":"Point","coordinates":[-104.99733,39.75099]}},{"type":"Feature","properties":{"anchor_id":"ghgrp_1012680","name":"US Realm LLC Atlantic Rim","parent":"US REALM VENTURES LLC (100%)","geoid":"56033","display_sector":"mining/extraction","naics":"211130","tier":1,"asset_class":null,"capacity_or_load_mw":null,"employment_est":null,"co2e_tpy":82248.282,"source":"ghgrp","confidence":"medium","coords_flag":"reported"},"geometry":{"type":"Point","coordinates":[-106.948381,44.782046]}},{"type":"Feature","properties":{"anchor_id":"ghgrp_1013947","name":"Summit Midstream Denver Basin G&B","parent":"OUTRIGGER ENERGY II LLC (100%)","geoid":"08123","display_sector":"mining/extraction","naics":"211130","tier":1,"asset_class":null,"capacity_or_load_mw":null,"employment_est":null,"co2e_tpy":82129.754,"source":"ghgrp","confidence":"medium","coords_flag":"reported"},"geometry":{"type":"Point","coordinates":[-104.165892,40.62799]}},{"type":"Feature","properties":{"anchor_id":"ghgrp_1001224","name":"Brush Power Projects","parent":"BRUSH POWER LLC (67%); CLARION ENERGY LLC (33%)","geoid":"08087","display_sector":"utilities/power","naics":"221112","tier":1,"asset_class":null,"capacity_or_load_mw":null,"employment_est":null,"co2e_tpy":78196.372,"source":"ghgrp","confidence":"medium","coords_flag":"reported"},"geometry":{"type":"Point","coordinates":[-103.631,40.2415]}},{"type":"Feature","properties":{"anchor_id":"ghgrp_1002817","name":"PUBLIC SERVICE CO DENVER STEAM PLT","parent":"XCEL ENERGY INC (100%)","geoid":"08031","display_sector":"utilities/power","naics":"221330","tier":1,"asset_class":null,"capacity_or_load_mw":null,"employment_est":null,"co2e_tpy":75939.904,"source":"ghgrp","confidence":"medium","coords_flag":"reported"},"geometry":{"type":"Point","coordinates":[-105.000224,39.754103]}},{"type":"Feature","properties":{"anchor_id":"ghgrp_1012785","name":"Laramie Enegy LLC (Gathering And Boosting)","parent":"LARAMIE ENERGY LLC (100%)","geoid":"08031","display_sector":"mining/extraction","naics":"211130","tier":1,"asset_class":null,"capacity_or_load_mw":null,"employment_est":null,"co2e_tpy":75186.808,"source":"ghgrp","confidence":"medium","coords_flag":"reported"},"geometry":{"type":"Point","coordinates":[-104.98611,39.74365]}},{"type":"Feature","properties":{"anchor_id":"ghgrp_1003465","name":"ROCKY MOUNTAIN BOTTLE COMPANY","parent":"MOLSON COORS BEVERAGE CO (50%); OWENS-ILLINOIS INC (50%)","geoid":"08059","display_sector":"manufacturing/chemicals","naics":"327213","tier":1,"asset_class":null,"capacity_or_load_mw":null,"employment_est":null,"co2e_tpy":75102.608,"source":"ghgrp","confidence":"medium","coords_flag":"reported"},"geometry":{"type":"Point","coordinates":[-105.11498,39.78741]}},{"type":"Feature","properties":{"anchor_id":"ghgrp_1007404","name":"AMERICAN GYPSUM COMPANY","parent":"EAGLE MATERIALS INC (100%)","geoid":"08037","display_sector":"manufacturing/chemicals","naics":"327420","tier":1,"asset_class":null,"capacity_or_load_mw":null,"employment_est":null,"co2e_tpy":74893.268,"source":"ghgrp","confidence":"medium","coords_flag":"reported"},"geometry":{"type":"Point","coordinates":[-106.956111,39.658889]}},{"type":"Feature","properties":{"anchor_id":"ghgrp_1014687","name":"Rangeview Resources Operating Company LLC","parent":"Fundare Resources Operating CO, LLC (100%)","geoid":"08005","display_sector":"mining/extraction","naics":"211120","tier":1,"asset_class":null,"capacity_or_load_mw":null,"employment_est":null,"co2e_tpy":72667.716,"source":"ghgrp","confidence":"medium","coords_flag":"reported"},"geometry":{"type":"Point","coordinates":[-104.89814,39.62052]}},{"type":"Feature","properties":{"anchor_id":"ghgrp_1001823","name":"WESTERN SUGAR COOP","parent":"THE WESTERN SUGAR COOPERATIVE (100%)","geoid":"08087","display_sector":"manufacturing/chemicals","naics":"311313","tier":1,"asset_class":null,"capacity_or_load_mw":null,"employment_est":null,"co2e_tpy":69593.558,"source":"ghgrp","confidence":"medium","coords_flag":"reported"},"geometry":{"type":"Point","coordinates":[-103.80612,40.26269]}},{"type":"Feature","properties":{"anchor_id":"ghgrp_1005583","name":"CHEYENNE LANDFILL","parent":"CITY OF CHEYENNE WYOMING (100%)","geoid":"56021","display_sector":"other","naics":"562212","tier":1,"asset_class":null,"capacity_or_load_mw":null,"employment_est":null,"co2e_tpy":68038.25,"source":"ghgrp","confidence":"medium","coords_flag":"reported"},"geometry":{"type":"Point","coordinates":[-105.00941,41.14614]}},{"type":"Feature","properties":{"anchor_id":"ghgrp_1002415","name":"SPINDLE GAS PROCESSING PLANT","parent":"PHILLIPS 66 (86.8%); ENBRIDGE (US) INC (13.2%)","geoid":"08123","display_sector":"mining/extraction","naics":"211130","tier":1,"asset_class":null,"capacity_or_load_mw":null,"employment_est":null,"co2e_tpy":65171.71,"source":"ghgrp","confidence":"medium","coords_flag":"reported"},"geometry":{"type":"Point","coordinates":[-104.884194,40.088944]}},{"type":"Feature","properties":{"anchor_id":"ghgrp_1014838","name":"Crusoe Energy Systems, Inc. - Snapper","parent":"CRUSOE ENERGY SYSTEMS INC (100%)","geoid":"08031","display_sector":"data/technology","naics":"518210","tier":1,"asset_class":null,"capacity_or_load_mw":null,"employment_est":null,"co2e_tpy":64435.008,"source":"ghgrp","confidence":"medium","coords_flag":"reported"},"geometry":{"type":"Point","coordinates":[-104.99139,39.74579]}},{"type":"Feature","properties":{"anchor_id":"ghgrp_1005806","name":"KERN RIVER GAS TRANSMISSION CO: COYOTE CREEK COMPRESSOR STATION","parent":"BERKSHIRE HATHAWAY INC (100%)","geoid":"56041","display_sector":"manufacturing/chemicals","naics":"486210","tier":1,"asset_class":null,"capacity_or_load_mw":null,"employment_est":null,"co2e_tpy":62382.922,"source":"ghgrp","confidence":"medium","coords_flag":"reported"},"geometry":{"type":"Point","coordinates":[-110.759927,41.068209]}},{"type":"Feature","properties":{"anchor_id":"ghgrp_1012037","name":"50 Buttes Gas Plant","parent":"MERITAGE MIDSTREAM SERVICES II LLC (100%)","geoid":"56005","display_sector":"mining/extraction","naics":"213112","tier":1,"asset_class":null,"capacity_or_load_mw":null,"employment_est":null,"co2e_tpy":61389.032,"source":"ghgrp","confidence":"medium","coords_flag":"reported"},"geometry":{"type":"Point","coordinates":[-105.77781,43.85274]}},{"type":"Feature","properties":{"anchor_id":"ghgrp_1013834","name":"Cheyenne Hub Compressor Station 905","parent":"TALLGRASS DEVELOPMENT LP (75%); PHILLIPS 66 (25%)","geoid":"08123","display_sector":"manufacturing/chemicals","naics":"486210","tier":1,"asset_class":null,"capacity_or_load_mw":null,"employment_est":null,"co2e_tpy":60855.484,"source":"ghgrp","confidence":"medium","coords_flag":"reported"},"geometry":{"type":"Point","coordinates":[-104.79589,40.946934]}},{"type":"Feature","properties":{"anchor_id":"ghgrp_1007715","name":"MESSER LLC CORTEZ PLANT","parent":"MESSER NORTH AMERICA INC (100%)","geoid":"08083","display_sector":"manufacturing/chemicals","naics":"325120","tier":1,"asset_class":null,"capacity_or_load_mw":null,"employment_est":null,"co2e_tpy":60272.684,"source":"ghgrp","confidence":"medium","coords_flag":"reported"},"geometry":{"type":"Point","coordinates":[-108.760096,37.343787]}},{"type":"Feature","properties":{"anchor_id":"ghgrp_1005844","name":"EAGLE COUNTY LANDFILL","parent":"COUNTY OF EAGLE COLORADO (100%)","geoid":"08037","display_sector":"other","naics":"562212","tier":1,"asset_class":null,"capacity_or_load_mw":null,"employment_est":null,"co2e_tpy":60119.75,"source":"ghgrp","confidence":"medium","coords_flag":"reported"},"geometry":{"type":"Point","coordinates":[-106.717567,39.752942]}},{"type":"Feature","properties":{"anchor_id":"ghgrp_1014858","name":"Bison IV - DJ Basin","parent":"Bison IV Operating, LLC (100%)","geoid":"08031","display_sector":"mining/extraction","naics":"211120","tier":1,"asset_class":null,"capacity_or_load_mw":null,"employment_est":null,"co2e_tpy":59806.254,"source":"ghgrp","confidence":"medium","coords_flag":"reported"},"geometry":{"type":"Point","coordinates":[-104.98946,39.74498]}},{"type":"Feature","properties":{"anchor_id":"ghgrp_1013876","name":"Monarch Midstream, LLC. Basin 160A  Appalachian Eastern Overthrust  GB","parent":"MAINESBURG GS LP (100%)","geoid":"08005","display_sector":"manufacturing/chemicals","naics":"486210","tier":1,"asset_class":null,"capacity_or_load_mw":null,"employment_est":null,"co2e_tpy":57972.268,"source":"ghgrp","confidence":"medium","coords_flag":"reported"},"geometry":{"type":"Point","coordinates":[-104.89427,39.6144]}},{"type":"Feature","properties":{"anchor_id":"ghgrp_1007709","name":"DENVER ARAPAHOE DISPOSAL SITE-A WASTE MANAGEMENT COMPANY","parent":"WASTE MANAGEMENT INC (100%)","geoid":"08005","display_sector":"other","naics":"562212","tier":1,"asset_class":null,"capacity_or_load_mw":null,"employment_est":null,"co2e_tpy":57171.476,"source":"ghgrp","confidence":"medium","coords_flag":"reported"},"geometry":{"type":"Point","coordinates":[-104.71626,39.64582]}},{"type":"Feature","properties":{"anchor_id":"ghgrp_1004022","name":"JBS Swift Beef Company - Greeley Plant","parent":"JBA USA HOLDINGS LLC (100%)","geoid":"08123","display_sector":"manufacturing/chemicals","naics":"311611","tier":1,"asset_class":null,"capacity_or_load_mw":null,"employment_est":null,"co2e_tpy":56423.188,"source":"ghgrp","confidence":"medium","coords_flag":"reported"},"geometry":{"type":"Point","coordinates":[-104.69233,40.44278]}},{"type":"Feature","properties":{"anchor_id":"ghgrp_1011063","name":"Basin Creek Plant","parent":"MILEPOST POWER INC (94.89%); BASIN CREEK POWER SERVICES LLC (5.11%)","geoid":"30093","display_sector":"utilities/power","naics":"221112","tier":1,"asset_class":null,"capacity_or_load_mw":null,"employment_est":null,"co2e_tpy":55609.54,"source":"ghgrp","confidence":"medium","coords_flag":"reported"},"geometry":{"type":"Point","coordinates":[-112.52462,45.92942]}},{"type":"Feature","properties":{"anchor_id":"ghgrp_1006805","name":"GALLATIN COUNTY LOGAN LANDFILL","parent":"GALLATIN COUNTY SOLID WASTE MANAGEMENT DISTRICT (100%)","geoid":"30031","display_sector":"other","naics":"562212","tier":1,"asset_class":null,"capacity_or_load_mw":null,"employment_est":null,"co2e_tpy":55530.75,"source":"ghgrp","confidence":"medium","coords_flag":"reported"},"geometry":{"type":"Point","coordinates":[-111.40511,45.8725]}},{"type":"Feature","properties":{"anchor_id":"ghgrp_1002377","name":"Douglas Gas Plant","parent":"TALLGRASS DEVELOPMENT LP (100%)","geoid":"56009","display_sector":"mining/extraction","naics":"211130","tier":1,"asset_class":null,"capacity_or_load_mw":null,"employment_est":null,"co2e_tpy":55309.354,"source":"ghgrp","confidence":"medium","coords_flag":"reported"},"geometry":{"type":"Point","coordinates":[-105.356641,42.790735]}},{"type":"Feature","properties":{"anchor_id":"ghgrp_1002459","name":"University of Colorado Boulder - Utility Services","parent":"UNIVERSITY OF COLORADO AT BOULDER (100%)","geoid":"08013","display_sector":"utilities/power","naics":"221112","tier":1,"asset_class":null,"capacity_or_load_mw":null,"employment_est":null,"co2e_tpy":54988.788,"source":"ghgrp","confidence":"medium","coords_flag":"reported"},"geometry":{"type":"Point","coordinates":[-105.2693,40.0076]}},{"type":"Feature","properties":{"anchor_id":"ghgrp_1006055","name":"STERLING ETHANOL, LLC","parent":"STERLING ETHANOL LLC (100%)","geoid":"08075","display_sector":"manufacturing/chemicals","naics":"325193","tier":1,"asset_class":null,"capacity_or_load_mw":null,"employment_est":null,"co2e_tpy":54556.444,"source":"ghgrp","confidence":"medium","coords_flag":"reported"},"geometry":{"type":"Point","coordinates":[-103.190556,40.6375]}},{"type":"Feature","properties":{"anchor_id":"ghgrp_1002083","name":"YUMA ETHANOL, LLC","parent":"YUMA ETHANOL LLC (100%)","geoid":"08125","display_sector":"manufacturing/chemicals","naics":"325193","tier":1,"asset_class":null,"capacity_or_load_mw":null,"employment_est":null,"co2e_tpy":54449.744,"source":"ghgrp","confidence":"medium","coords_flag":"reported"},"geometry":{"type":"Point","coordinates":[-102.6771,40.12434]}},{"type":"Feature","properties":{"anchor_id":"ghgrp_1012238","name":"DCP Midstream 260 East Texas Basin","parent":"PHILLIPS 66 (86.8%); ENBRIDGE (US) INC (13.2%)","geoid":"08031","display_sector":"mining/extraction","naics":"211130","tier":1,"asset_class":null,"capacity_or_load_mw":null,"employment_est":null,"co2e_tpy":53592.166,"source":"ghgrp","confidence":"medium","coords_flag":"reported"},"geometry":{"type":"Point","coordinates":[-104.98777,39.74369]}},{"type":"Feature","properties":{"anchor_id":"ghgrp_1008041","name":"AMERICAN COLLOID","parent":"MINERALS TECHNOLOGIES INC (100%)","geoid":"46019","display_sector":"mining/extraction","naics":"212323","tier":1,"asset_class":null,"capacity_or_load_mw":null,"employment_est":null,"co2e_tpy":53087.394,"source":"ghgrp","confidence":"medium","coords_flag":"county_centroid_fallback"},"geometry":{"type":"Point","coordinates":[-103.46588,44.903116]}},{"type":"Feature","properties":{"anchor_id":"ghgrp_1009493","name":"Wyoming Gas Company","parent":"NATURAL GAS PROCESSING CO (100%)","geoid":"56043","display_sector":"utilities/power","naics":"221210","tier":1,"asset_class":null,"capacity_or_load_mw":null,"employment_est":null,"co2e_tpy":52889.6,"source":"ghgrp","confidence":"medium","coords_flag":"reported"},"geometry":{"type":"Point","coordinates":[-107.982426,43.94004]}},{"type":"Feature","properties":{"anchor_id":"ghgrp_1006834","name":"Twin Landfill Corporation","parent":"TWIN LANDFILL CORP (100%)","geoid":"08107","display_sector":"other","naics":"562212","tier":1,"asset_class":null,"capacity_or_load_mw":null,"employment_est":null,"co2e_tpy":51446.25,"source":"ghgrp","confidence":"medium","coords_flag":"reported"},"geometry":{"type":"Point","coordinates":[-107.035027,40.479041]}},{"type":"Feature","properties":{"anchor_id":"ghgrp_1013689","name":"Makena Gas Plant","parent":"OUTRIGGER ENERGY II LLC (100%)","geoid":"08123","display_sector":"other","naics":"237120","tier":1,"asset_class":null,"capacity_or_load_mw":null,"employment_est":null,"co2e_tpy":50736.816,"source":"ghgrp","confidence":"medium","coords_flag":"reported"},"geometry":{"type":"Point","coordinates":[-104.260187,40.630148]}},{"type":"Feature","properties":{"anchor_id":"ghgrp_1012208","name":"DCP Midstream 355 Chautauqua Platform","parent":"PHILLIPS 66 (86.8%); ENBRIDGE (US) INC (13.2%)","geoid":"08031","display_sector":"mining/extraction","naics":"211130","tier":1,"asset_class":null,"capacity_or_load_mw":null,"employment_est":null,"co2e_tpy":50692.76,"source":"ghgrp","confidence":"medium","coords_flag":"reported"},"geometry":{"type":"Point","coordinates":[-104.98777,39.74369]}},{"type":"Feature","properties":{"anchor_id":"ghgrp_1010576","name":"Natural Soda","parent":"JM HUBER CORP (100%)","geoid":"08103","display_sector":"mining/extraction","naics":"212390","tier":1,"asset_class":null,"capacity_or_load_mw":null,"employment_est":null,"co2e_tpy":49551.264,"source":"ghgrp","confidence":"medium","coords_flag":"reported"},"geometry":{"type":"Point","coordinates":[-108.4,39.9333]}},{"type":"Feature","properties":{"anchor_id":"ghgrp_1003254","name":"Wattenberg Gas Plant","parent":"WESTERN MIDSTREAM PARTNERS LP (100%)","geoid":"08001","display_sector":"mining/extraction","naics":"211130","tier":1,"asset_class":null,"capacity_or_load_mw":null,"employment_est":null,"co2e_tpy":49505.726,"source":"ghgrp","confidence":"medium","coords_flag":"reported"},"geometry":{"type":"Point","coordinates":[-104.681535,39.746431]}},{"type":"Feature","properties":{"anchor_id":"ghgrp_1002116","name":"EPNG Station 6210 Bondad","parent":"KINDER MORGAN INC (100%)","geoid":"08067","display_sector":"manufacturing/chemicals","naics":"486210","tier":1,"asset_class":null,"capacity_or_load_mw":null,"employment_est":null,"co2e_tpy":48644.374,"source":"ghgrp","confidence":"medium","coords_flag":"reported"},"geometry":{"type":"Point","coordinates":[-107.769381,37.096339]}},{"type":"Feature","properties":{"anchor_id":"ghgrp_1006044","name":"TOWER LANDFILL INC","parent":"REPUBLIC SERVICES INC (100%)","geoid":"08001","display_sector":"other","naics":"562212","tier":1,"asset_class":null,"capacity_or_load_mw":null,"employment_est":null,"co2e_tpy":48181.0,"source":"ghgrp","confidence":"medium","coords_flag":"reported"},"geometry":{"type":"Point","coordinates":[-104.768066,39.853407]}},{"type":"Feature","properties":{"anchor_id":"ghgrp_1007592","name":"MONTROSE COUNTY LANDFILL","parent":"WASTE MANAGEMENT INC (100%)","geoid":"08085","display_sector":"other","naics":"562212","tier":1,"asset_class":null,"capacity_or_load_mw":null,"employment_est":null,"co2e_tpy":47375.2,"source":"ghgrp","confidence":"medium","coords_flag":"reported"},"geometry":{"type":"Point","coordinates":[-107.82113,38.5228]}},{"type":"Feature","properties":{"anchor_id":"ghgrp_1005678","name":"PLATTEVILLE GAS PLANT","parent":"PHILLIPS 66 (86.8%); ENBRIDGE (US) INC (13.2%)","geoid":"08123","display_sector":"mining/extraction","naics":"211130","tier":1,"asset_class":null,"capacity_or_load_mw":null,"employment_est":null,"co2e_tpy":46780.526,"source":"ghgrp","confidence":"medium","coords_flag":"reported"},"geometry":{"type":"Point","coordinates":[-104.798221,40.232045]}},{"type":"Feature","properties":{"anchor_id":"ghgrp_1011318","name":"Peak Powder River Resources","parent":"PEAK EXPLORATION & PRODUCTION LLC (100%)","geoid":"56005","display_sector":"mining/extraction","naics":"211130","tier":1,"asset_class":null,"capacity_or_load_mw":null,"employment_est":null,"co2e_tpy":45600.658,"source":"ghgrp","confidence":"medium","coords_flag":"reported"},"geometry":{"type":"Point","coordinates":[-105.491335,43.751883]}},{"type":"Feature","properties":{"anchor_id":"ghgrp_1004581","name":"COLORADO STATE UNIVERSITY","parent":"COLORADO STATE UNIVERSITY SYSTEM (100%)","geoid":"08069","display_sector":"education","naics":"611310","tier":1,"asset_class":null,"capacity_or_load_mw":null,"employment_est":null,"co2e_tpy":44836.432,"source":"ghgrp","confidence":"medium","coords_flag":"reported"},"geometry":{"type":"Point","coordinates":[-105.09,40.57]}},{"type":"Feature","properties":{"anchor_id":"ghgrp_1005695","name":"SUMMIT COUNTY LANDFILL","parent":"SUMMIT COUNTY COLORADO (100%)","geoid":"08117","display_sector":"other","naics":"562212","tier":1,"asset_class":null,"capacity_or_load_mw":null,"employment_est":null,"co2e_tpy":44564.7,"source":"ghgrp","confidence":"medium","coords_flag":"reported"},"geometry":{"type":"Point","coordinates":[-105.997922,39.608712]}},{"type":"Feature","properties":{"anchor_id":"ghgrp_1002061","name":"CIG Station 5950 Watkins, CO","parent":"KINDER MORGAN INC (100%)","geoid":"08001","display_sector":"manufacturing/chemicals","naics":"486210","tier":1,"asset_class":null,"capacity_or_load_mw":null,"employment_est":null,"co2e_tpy":42456.362,"source":"ghgrp","confidence":"medium","coords_flag":"county_centroid_fallback"},"geometry":{"type":"Point","coordinates":[-104.751193,39.873997]}},{"type":"Feature","properties":{"anchor_id":"ghgrp_1011464","name":"East Regional Landfill","parent":"REPUBLIC SERVICES INC (100%)","geoid":"08001","display_sector":"other","naics":"562212","tier":1,"asset_class":null,"capacity_or_load_mw":null,"employment_est":null,"co2e_tpy":41067.95,"source":"ghgrp","confidence":"medium","coords_flag":"reported"},"geometry":{"type":"Point","coordinates":[-104.489113,39.842346]}},{"type":"Feature","properties":{"anchor_id":"ghgrp_1011986","name":"Centennial Gas Plant","parent":"STERLING ENERGY GROUP INC (100%)","geoid":"08123","display_sector":"manufacturing/chemicals","naics":"486210","tier":1,"asset_class":null,"capacity_or_load_mw":null,"employment_est":null,"co2e_tpy":41042.078,"source":"ghgrp","confidence":"medium","coords_flag":"reported"},"geometry":{"type":"Point","coordinates":[-104.156444,40.713645]}},{"type":"Feature","properties":{"anchor_id":"ghgrp_1013518","name":"Keenesburg Gas Plant","parent":"WILLIAMS COS INC (THE) (100%)","geoid":"08123","display_sector":"mining/extraction","naics":"211130","tier":1,"asset_class":null,"capacity_or_load_mw":null,"employment_est":null,"co2e_tpy":40982.902,"source":"ghgrp","confidence":"medium","coords_flag":"reported"},"geometry":{"type":"Point","coordinates":[-104.46472,40.1425]}},{"type":"Feature","properties":{"anchor_id":"ghgrp_1001739","name":"THE WESTERN SUGAR COOPERATIVE","parent":"THE WESTERN SUGAR COOPERATIVE (100%)","geoid":"56003","display_sector":"manufacturing/chemicals","naics":"311313","tier":1,"asset_class":null,"capacity_or_load_mw":null,"employment_est":null,"co2e_tpy":40942.554,"source":"ghgrp","confidence":"medium","coords_flag":"reported"},"geometry":{"type":"Point","coordinates":[-108.4054,44.8378]}},{"type":"Feature","properties":{"anchor_id":"ghgrp_1006942","name":"FRONT RANGE ENERGY","parent":"FRONT RANGE ENERGY LLC (100%)","geoid":"08123","display_sector":"manufacturing/chemicals","naics":"325193","tier":1,"asset_class":null,"capacity_or_load_mw":null,"employment_est":null,"co2e_tpy":40774.796,"source":"ghgrp","confidence":"medium","coords_flag":"reported"},"geometry":{"type":"Point","coordinates":[-104.857553,40.455978]}},{"type":"Feature","properties":{"anchor_id":"ghgrp_1005029","name":"Pioneer Cryogenic Plant","parent":"ENTERPRISE PRODUCTS PARTNERS LP (100%)","geoid":"56023","display_sector":"mining/extraction","naics":"211130","tier":1,"asset_class":null,"capacity_or_load_mw":null,"employment_est":null,"co2e_tpy":40218.004,"source":"ghgrp","confidence":"medium","coords_flag":"reported"},"geometry":{"type":"Point","coordinates":[-110.332778,41.781944]}},{"type":"Feature","properties":{"anchor_id":"ghgrp_1000357","name":"CARGILL MEAT SOLUTIONS CORPORATION","parent":"CARGILL INC (100%)","geoid":"08087","display_sector":"manufacturing/chemicals","naics":"311611","tier":1,"asset_class":null,"capacity_or_load_mw":null,"employment_est":null,"co2e_tpy":39947.894,"source":"ghgrp","confidence":"medium","coords_flag":"reported"},"geometry":{"type":"Point","coordinates":[-103.7756,40.2469]}},{"type":"Feature","properties":{"anchor_id":"ghgrp_1014061","name":"Bondad Recycling Center and Depository","parent":"REPUBLIC SERVICES INC (100%)","geoid":"08067","display_sector":"other","naics":"562212","tier":1,"asset_class":null,"capacity_or_load_mw":null,"employment_est":null,"co2e_tpy":39647.75,"source":"ghgrp","confidence":"medium","coords_flag":"reported"},"geometry":{"type":"Point","coordinates":[-107.865912,37.051581]}},{"type":"Feature","properties":{"anchor_id":"ghgrp_1012773","name":"TEP Rocky Mountain, LLC Gathering and Boosting","parent":"TERRA ENERGY PARTNERS LLC (100%)","geoid":"08045","display_sector":"mining/extraction","naics":"213111","tier":1,"asset_class":null,"capacity_or_load_mw":null,"employment_est":null,"co2e_tpy":38633.828,"source":"ghgrp","confidence":"medium","coords_flag":"reported"},"geometry":{"type":"Point","coordinates":[-108.06665,39.46114]}},{"type":"Feature","properties":{"anchor_id":"ghgrp_1011229","name":"Campbell County Landfill No.2","parent":"COUNTY OF CAMPELL WYOMING (100%)","geoid":"56005","display_sector":"other","naics":"562212","tier":1,"asset_class":null,"capacity_or_load_mw":null,"employment_est":null,"co2e_tpy":38137.55,"source":"ghgrp","confidence":"medium","coords_flag":"reported"},"geometry":{"type":"Point","coordinates":[-105.490383,44.39256]}},{"type":"Feature","properties":{"anchor_id":"ghgrp_1003718","name":"BENTONITE PERFORMANCE MINERALS LLC LOVELL","parent":"HALLIBURTON CO (100%)","geoid":"56003","display_sector":"mining/extraction","naics":"212323","tier":1,"asset_class":null,"capacity_or_load_mw":null,"employment_est":null,"co2e_tpy":37711.178,"source":"ghgrp","confidence":"medium","coords_flag":"reported"},"geometry":{"type":"Point","coordinates":[-108.14365,44.82434]}},{"type":"Feature","properties":{"anchor_id":"ghgrp_1013618","name":"Jackson Lake Gas Plant","parent":"STERLING ENERGY GROUP INC (100%)","geoid":"08087","display_sector":"mining/extraction","naics":"211130","tier":1,"asset_class":null,"capacity_or_load_mw":null,"employment_est":null,"co2e_tpy":37226.794,"source":"ghgrp","confidence":"medium","coords_flag":"reported"},"geometry":{"type":"Point","coordinates":[-103.955917,40.452668]}},{"type":"Feature","properties":{"anchor_id":"ghgrp_1005388","name":"FORT MORGAN CITY OF","parent":"CITY OF FORT MORGAN COLORADO (100%)","geoid":"08087","display_sector":"utilities/power","naics":"221210","tier":1,"asset_class":null,"capacity_or_load_mw":null,"employment_est":null,"co2e_tpy":37175.95,"source":"ghgrp","confidence":"medium","coords_flag":"reported"},"geometry":{"type":"Point","coordinates":[-103.79179,40.248494]}},{"type":"Feature","properties":{"anchor_id":"ghgrp_1003352","name":"ANHEUSER BUSCH INCORPORATED FORT COLLINS BREWERY","parent":"ANHEUSER-BUSCH COS LLC (100%)","geoid":"08069","display_sector":"manufacturing/chemicals","naics":"312120","tier":1,"asset_class":null,"capacity_or_load_mw":null,"employment_est":null,"co2e_tpy":35739.816,"source":"ghgrp","confidence":"medium","coords_flag":"reported"},"geometry":{"type":"Point","coordinates":[-105.006111,40.619722]}},{"type":"Feature","properties":{"anchor_id":"ghgrp_1004819","name":"GEORGIA PACIFIC Gypsum LLC","parent":"KOCH INDUSTRIES INC (100%)","geoid":"56003","display_sector":"manufacturing/chemicals","naics":"327420","tier":1,"asset_class":null,"capacity_or_load_mw":null,"employment_est":null,"co2e_tpy":35313.874,"source":"ghgrp","confidence":"medium","coords_flag":"reported"},"geometry":{"type":"Point","coordinates":[-108.187,44.7155]}},{"type":"Feature","properties":{"anchor_id":"ghgrp_1007601","name":"REC SILICON","parent":"REC SILICON INC (100%)","geoid":"30093","display_sector":"manufacturing/chemicals","naics":"331410","tier":1,"asset_class":null,"capacity_or_load_mw":null,"employment_est":null,"co2e_tpy":35244.868,"source":"ghgrp","confidence":"medium","coords_flag":"reported"},"geometry":{"type":"Point","coordinates":[-112.69,45.975111]}},{"type":"Feature","properties":{"anchor_id":"ghgrp_1007561","name":"WYOMING SUGAR CO","parent":"WYOMING SUGAR CO (100%)","geoid":"56043","display_sector":"manufacturing/chemicals","naics":"311313","tier":1,"asset_class":null,"capacity_or_load_mw":null,"employment_est":null,"co2e_tpy":34967.848,"source":"ghgrp","confidence":"medium","coords_flag":"reported"},"geometry":{"type":"Point","coordinates":[-107.96949,44.00999]}},{"type":"Feature","properties":{"anchor_id":"ghgrp_1004538","name":"Lewis & Clark County Landfill","parent":"COUNTY OF LEWIS & CLARK MONTANA (100%)","geoid":"30049","display_sector":"other","naics":"562212","tier":1,"asset_class":null,"capacity_or_load_mw":null,"employment_est":null,"co2e_tpy":34915.75,"source":"ghgrp","confidence":"medium","coords_flag":"reported"},"geometry":{"type":"Point","coordinates":[-111.88037,46.67572]}},{"type":"Feature","properties":{"anchor_id":"ghgrp_1008734","name":"Avago Technologies","parent":"BROADCOM INC (100%)","geoid":"08069","display_sector":"manufacturing/chemicals","naics":"334413","tier":1,"asset_class":null,"capacity_or_load_mw":null,"employment_est":null,"co2e_tpy":34457.052,"source":"ghgrp","confidence":"medium","coords_flag":"reported"},"geometry":{"type":"Point","coordinates":[-105.02021,40.5236]}},{"type":"Feature","properties":{"anchor_id":"ghgrp_1002352","name":"LADDER CREEK HELIUM PLANT","parent":"TUMBLEWEED MIDSTREAM LLC (100%)","geoid":"08017","display_sector":"manufacturing/chemicals","naics":"325120","tier":1,"asset_class":null,"capacity_or_load_mw":null,"employment_est":null,"co2e_tpy":34218.872,"source":"ghgrp","confidence":"medium","coords_flag":"reported"},"geometry":{"type":"Point","coordinates":[-102.413156,39.014999]}},{"type":"Feature","properties":{"anchor_id":"ghgrp_1010556","name":"CIG Station 5680 Wamsutter, WY","parent":"KINDER MORGAN INC (100%)","geoid":"56037","display_sector":"manufacturing/chemicals","naics":"486210","tier":1,"asset_class":null,"capacity_or_load_mw":null,"employment_est":null,"co2e_tpy":33730.476,"source":"ghgrp","confidence":"medium","coords_flag":"reported"},"geometry":{"type":"Point","coordinates":[-107.98589,41.68011]}},{"type":"Feature","properties":{"anchor_id":"ghgrp_1002031","name":"ROGGEN GAS PLANT","parent":"PHILLIPS 66 (86.8%); ENBRIDGE (US) INC (13.2%)","geoid":"08123","display_sector":"mining/extraction","naics":"211130","tier":1,"asset_class":null,"capacity_or_load_mw":null,"employment_est":null,"co2e_tpy":33720.634,"source":"ghgrp","confidence":"medium","coords_flag":"reported"},"geometry":{"type":"Point","coordinates":[-104.387444,40.117556]}},{"type":"Feature","properties":{"anchor_id":"ghgrp_1014358","name":"FEO North Park (545) Basin Operations","parent":"D90 RESOURCES (100%)","geoid":"08031","display_sector":"mining/extraction","naics":"211120","tier":1,"asset_class":null,"capacity_or_load_mw":null,"employment_est":null,"co2e_tpy":33157.01,"source":"ghgrp","confidence":"medium","coords_flag":"reported"},"geometry":{"type":"Point","coordinates":[-104.950975,39.720188]}},{"type":"Feature","properties":{"anchor_id":"ghgrp_1013634","name":"Cureton - Front Range Gas Plant","parent":"WILLIAMS COS INC (THE) (100%)","geoid":"08123","display_sector":"mining/extraction","naics":"211130","tier":1,"asset_class":null,"capacity_or_load_mw":null,"employment_est":null,"co2e_tpy":32806.53,"source":"ghgrp","confidence":"medium","coords_flag":"reported"},"geometry":{"type":"Point","coordinates":[-104.586044,40.127056]}},{"type":"Feature","properties":{"anchor_id":"ghgrp_1009233","name":"Vermillion Gas Plant","parent":"MARATHON PETROLEUM CORP (100%)","geoid":"56037","display_sector":"mining/extraction","naics":"211130","tier":1,"asset_class":null,"capacity_or_load_mw":null,"employment_est":null,"co2e_tpy":31324.642,"source":"ghgrp","confidence":"medium","coords_flag":"reported"},"geometry":{"type":"Point","coordinates":[-108.76154,41.05872]}},{"type":"Feature","properties":{"anchor_id":"ghgrp_1007717","name":"CARESTREAM HEALTH INC.","parent":"CARESTREAM HEALTH INC (100%)","geoid":"08123","display_sector":"manufacturing/chemicals","naics":"325992","tier":1,"asset_class":null,"capacity_or_load_mw":null,"employment_est":null,"co2e_tpy":30627.584,"source":"ghgrp","confidence":"medium","coords_flag":"reported"},"geometry":{"type":"Point","coordinates":[-104.87399,40.4584]}},{"type":"Feature","properties":{"anchor_id":"ghgrp_1012908","name":"Ignacio Compressor Station","parent":"CATAMOUNT ENERGY PARTNERS LLC (100%)","geoid":"08067","display_sector":"mining/extraction","naics":"211130","tier":1,"asset_class":null,"capacity_or_load_mw":null,"employment_est":null,"co2e_tpy":30373.544,"source":"ghgrp","confidence":"medium","coords_flag":"reported"},"geometry":{"type":"Point","coordinates":[-107.771944,37.105064]}},{"type":"Feature","properties":{"anchor_id":"ghgrp_1007450","name":"NORTHWEST PIPELINE GP - MUDDY CREEK C/S","parent":"THE WILLIAMS COS INC (100%)","geoid":"56023","display_sector":"manufacturing/chemicals","naics":"486210","tier":1,"asset_class":null,"capacity_or_load_mw":null,"employment_est":null,"co2e_tpy":29738.642,"source":"ghgrp","confidence":"medium","coords_flag":"reported"},"geometry":{"type":"Point","coordinates":[-110.569218,42.023456]}},{"type":"Feature","properties":{"anchor_id":"ghgrp_1004110","name":"West Frenchie Draw Amine Plant","parent":"TALLGRASS DEVELOPMENT LP (100%)","geoid":"56013","display_sector":"mining/extraction","naics":"211130","tier":1,"asset_class":null,"capacity_or_load_mw":null,"employment_est":null,"co2e_tpy":29379.238,"source":"ghgrp","confidence":"medium","coords_flag":"reported"},"geometry":{"type":"Point","coordinates":[-107.621532,43.287261]}},{"type":"Feature","properties":{"anchor_id":"ghgrp_1006758","name":"FOOTHILLS LANDFILL","parent":"REPUBLIC SERVICES INC (100%)","geoid":"08059","display_sector":"other","naics":"562212","tier":1,"asset_class":null,"capacity_or_load_mw":null,"employment_est":null,"co2e_tpy":29146.5,"source":"ghgrp","confidence":"medium","coords_flag":"reported"},"geometry":{"type":"Point","coordinates":[-105.234093,39.859268]}},{"type":"Feature","properties":{"anchor_id":"ghgrp_1000441","name":"Malteurop North America Inc","parent":"MALTEUROP NORTH AMERICA INC (100%)","geoid":"30013","display_sector":"manufacturing/chemicals","naics":"311213","tier":1,"asset_class":null,"capacity_or_load_mw":null,"employment_est":null,"co2e_tpy":29062.64,"source":"ghgrp","confidence":"medium","coords_flag":"reported"},"geometry":{"type":"Point","coordinates":[-111.412452,47.535981]}},{"type":"Feature","properties":{"anchor_id":"ghgrp_1009762","name":"Luff Exploration Company - 395 - Williston Basin","parent":"LUFF EXPLORATION CO (100%)","geoid":"08031","display_sector":"mining/extraction","naics":"211120","tier":1,"asset_class":null,"capacity_or_load_mw":null,"employment_est":null,"co2e_tpy":29040.434,"source":"ghgrp","confidence":"medium","coords_flag":"reported"},"geometry":{"type":"Point","coordinates":[-104.98613,39.74138]}},{"type":"Feature","properties":{"anchor_id":"ghgrp_1009508","name":"Cabin Creek Compressor Station","parent":"MDU RESOURCES GROUP INC (100%)","geoid":"30025","display_sector":"manufacturing/chemicals","naics":"486210","tier":1,"asset_class":null,"capacity_or_load_mw":null,"employment_est":null,"co2e_tpy":28933.188,"source":"ghgrp","confidence":"medium","coords_flag":"reported"},"geometry":{"type":"Point","coordinates":[-104.291312,46.315418]}},{"type":"Feature","properties":{"anchor_id":"ghgrp_1004796","name":"DENVER INTERNATIONAL AIRPORT","parent":"CITY & COUNTY OF DENVER COLORADO (100%)","geoid":"08031","display_sector":"manufacturing/chemicals","naics":"488119","tier":1,"asset_class":null,"capacity_or_load_mw":null,"employment_est":null,"co2e_tpy":28551.392,"source":"ghgrp","confidence":"medium","coords_flag":"reported"},"geometry":{"type":"Point","coordinates":[-104.70436,39.83425]}},{"type":"Feature","properties":{"anchor_id":"ghgrp_1004013","name":"Missoula Landfill","parent":"REPUBLIC SERVICES INC (100%)","geoid":"30063","display_sector":"other","naics":"562212","tier":1,"asset_class":null,"capacity_or_load_mw":null,"employment_est":null,"co2e_tpy":27790.35,"source":"ghgrp","confidence":"medium","coords_flag":"reported"},"geometry":{"type":"Point","coordinates":[-114.0137,46.9032]}},{"type":"Feature","properties":{"anchor_id":"ghgrp_1013979","name":"REP Processing - Severance Compressor Station","parent":"RIMROCK ENERGY PARTNERS LLC (100%)","geoid":"08123","display_sector":"manufacturing/chemicals","naics":"486210","tier":1,"asset_class":null,"capacity_or_load_mw":null,"employment_est":null,"co2e_tpy":27501.948,"source":"ghgrp","confidence":"medium","coords_flag":"reported"},"geometry":{"type":"Point","coordinates":[-104.80525,40.59174]}},{"type":"Feature","properties":{"anchor_id":"ghgrp_1008941","name":"NORTHWEST PIPELINE GP GREEN RIVER C/S","parent":"THE WILLIAMS COS INC (100%)","geoid":"56037","display_sector":"manufacturing/chemicals","naics":"486210","tier":1,"asset_class":null,"capacity_or_load_mw":null,"employment_est":null,"co2e_tpy":26998.106,"source":"ghgrp","confidence":"medium","coords_flag":"reported"},"geometry":{"type":"Point","coordinates":[-109.521106,41.524895]}},{"type":"Feature","properties":{"anchor_id":"ghgrp_1010881","name":"HEREFORD RANCH PROCESSING PLANT","parent":"SUMMIT MIDSTREAM PARTNERS LP (100%)","geoid":"08123","display_sector":"mining/extraction","naics":"211130","tier":1,"asset_class":null,"capacity_or_load_mw":null,"employment_est":null,"co2e_tpy":26162.136,"source":"ghgrp","confidence":"medium","coords_flag":"reported"},"geometry":{"type":"Point","coordinates":[-104.39081,40.96273]}},{"type":"Feature","properties":{"anchor_id":"ghgrp_1014530","name":"Crusoe Energy Systems, Inc. - Oxbow","parent":"CRUSOE ENERGY SYSTEMS INC (100%)","geoid":"08031","display_sector":"data/technology","naics":"518210","tier":1,"asset_class":null,"capacity_or_load_mw":null,"employment_est":null,"co2e_tpy":25760.004,"source":"ghgrp","confidence":"medium","coords_flag":"reported"},"geometry":{"type":"Point","coordinates":[-104.99139,39.74579]}},{"type":"Feature","properties":{"anchor_id":"ghgrp_1013359","name":"Golden Aluminum Inc.","parent":"LUPTON VENTURES INC (100%)","geoid":"08123","display_sector":"manufacturing/chemicals","naics":"331315","tier":1,"asset_class":null,"capacity_or_load_mw":null,"employment_est":null,"co2e_tpy":25432.204,"source":"ghgrp","confidence":"medium","coords_flag":"reported"},"geometry":{"type":"Point","coordinates":[-104.80277,40.09581]}},{"type":"Feature","properties":{"anchor_id":"ghgrp_1014567","name":"Crusoe Energy Systems, Inc. - Surprise S4","parent":"CRUSOE ENERGY SYSTEMS INC (100%)","geoid":"08031","display_sector":"data/technology","naics":"518210","tier":1,"asset_class":null,"capacity_or_load_mw":null,"employment_est":null,"co2e_tpy":25077.456,"source":"ghgrp","confidence":"medium","coords_flag":"reported"},"geometry":{"type":"Point","coordinates":[-104.99139,39.74579]}},{"type":"Feature","properties":{"anchor_id":"ghgrp_1002880","name":"UW CENTRAL ENERGY PLANT","parent":"STATE OF WYOMING (100%)","geoid":"56001","display_sector":"utilities/power","naics":"221330","tier":1,"asset_class":null,"capacity_or_load_mw":null,"employment_est":null,"co2e_tpy":24844.26,"source":"ghgrp","confidence":"medium","coords_flag":"reported"},"geometry":{"type":"Point","coordinates":[-105.571106,41.317005]}},{"type":"Feature","properties":{"anchor_id":"ghgrp_1000803","name":"GOLDEN GATE SET PETROLEUM PARTNERS OF NEVADA","parent":"GOLDEN GATE SET PETROLEUM PARTNERS OF NEVADA LLC (100%)","geoid":"08077","display_sector":"mining/extraction","naics":"211130","tier":1,"asset_class":null,"capacity_or_load_mw":null,"employment_est":null,"co2e_tpy":15022.5,"source":"ghgrp","confidence":"medium","coords_flag":"reported"},"geometry":{"type":"Point","coordinates":[-108.643567,39.233685]}},{"type":"Feature","properties":{"anchor_id":"ghgrp_1001682","name":"Twentymile Mine","parent":"PEABODY ENERGY CORP (100%)","geoid":"08107","display_sector":"mining/extraction","naics":"212115","tier":1,"asset_class":null,"capacity_or_load_mw":null,"employment_est":null,"co2e_tpy":13899.356,"source":"ghgrp","confidence":"medium","coords_flag":"reported"},"geometry":{"type":"Point","coordinates":[-107.053943,40.286162]}},{"type":"Feature","properties":{"anchor_id":"ghgrp_1002406","name":"Compressor Station 601","parent":"TALLGRASS DEVELOPMENT LP (100%)","geoid":"08075","display_sector":"manufacturing/chemicals","naics":"486210","tier":1,"asset_class":null,"capacity_or_load_mw":null,"employment_est":null,"co2e_tpy":9981.966,"source":"ghgrp","confidence":"medium","coords_flag":"reported"},"geometry":{"type":"Point","coordinates":[-102.855976,40.994389]}},{"type":"Feature","properties":{"anchor_id":"ghgrp_1000139","name":"Bolster Compressor Station","parent":"Agave Energy Co (100%)","geoid":"56019","display_sector":"mining/extraction","naics":"211111","tier":2,"asset_class":"commercial_anchor_load","capacity_or_load_mw":0.648,"employment_est":54.0,"co2e_tpy":0.0,"source":"ghgrp","confidence":"low","coords_flag":"reported","method":"WY gap fill b: county 2-digit NAICS 21 employment; MW = CBP employment x 0.012 MW/job"},"geometry":{"type":"Point","coordinates":[-106.1622,44.1864]}},{"type":"Feature","properties":{"anchor_id":"ghgrp_1000576","name":"BLACK HILLS POWER AND LIGHT COMPANY","parent":"BLACK HILLS CORP (100%);","geoid":"56045","display_sector":"utilities/power","naics":"221112","tier":1,"asset_class":null,"capacity_or_load_mw":null,"employment_est":null,"co2e_tpy":0.0,"source":"ghgrp","confidence":"medium","coords_flag":"reported"},"geometry":{"type":"Point","coordinates":[-104.411667,43.969615]}},{"type":"Feature","properties":{"anchor_id":"ghgrp_1001746","name":"Indian Creek-Crow Compressor Station","parent":"POWDER RIVER MIDSTREAM LLC (100%)","geoid":"56019","display_sector":"mining/extraction","naics":"211111","tier":1,"asset_class":null,"capacity_or_load_mw":null,"employment_est":null,"co2e_tpy":0.0,"source":"ghgrp","confidence":"medium","coords_flag":"reported"},"geometry":{"type":"Point","coordinates":[-106.2917,44.1474]}},{"type":"Feature","properties":{"anchor_id":"ghgrp_1001822","name":"Western Sugar Cooperative","parent":"WESTERN SUGAR COOPERATIVE (100%)","geoid":"56015","display_sector":"manufacturing/chemicals","naics":"311313","tier":2,"asset_class":"commercial_anchor_load","capacity_or_load_mw":1.38,"employment_est":115.0,"co2e_tpy":0.0,"source":"ghgrp","confidence":"low","coords_flag":"reported","method":"WY gap fill b: county 2-digit NAICS 31 employment; MW = CBP employment x 0.012 MW/job"},"geometry":{"type":"Point","coordinates":[-104.189,42.0479]}},{"type":"Feature","properties":{"anchor_id":"ghgrp_1002080","name":"Big Piney Compressor Station","parent":"WILLIAMS PARTNERS, LP (100%)","geoid":"56035","display_sector":"mining/extraction","naics":"213112","tier":2,"asset_class":"commercial_anchor_load","capacity_or_load_mw":1.488,"employment_est":124.0,"co2e_tpy":0.0,"source":"ghgrp","confidence":"low","coords_flag":"reported","method":"WY gap fill b: facility 6-digit NAICS 213112 employment; MW = CBP employment x 0.012 MW/job"},"geometry":{"type":"Point","coordinates":[-110.2891,42.4023]}},{"type":"Feature","properties":{"anchor_id":"ghgrp_1002429","name":"Pinedale Complex","parent":"Tesoro Logistics LP (100%)","geoid":"56035","display_sector":"mining/extraction","naics":"211111","tier":1,"asset_class":null,"capacity_or_load_mw":null,"employment_est":null,"co2e_tpy":0.0,"source":"ghgrp","confidence":"medium","coords_flag":"reported"},"geometry":{"type":"Point","coordinates":[-109.473507,42.638749]}},{"type":"Feature","properties":{"anchor_id":"ghgrp_1003698","name":"Salt Creek CO2 Supplier","parent":"CONTANGO RESOURCES LLC (77%); DENBURY INC (23%)","geoid":"56027","display_sector":"mining/extraction","naics":"211120","tier":2,"asset_class":"commercial_anchor_load","capacity_or_load_mw":0.25,"employment_est":6.0,"co2e_tpy":0.0,"source":"ghgrp","confidence":"low","coords_flag":"reported","method":"WY gap fill b: county 2-digit NAICS 21 employment; MW = CBP employment x 0.012 MW/job"},"geometry":{"type":"Point","coordinates":[-104.2875,43.4024]}},{"type":"Feature","properties":{"anchor_id":"ghgrp_1010657","name":"HAMILTON DOME GAS INJECTION","parent":"MERIT ENERGY CO LLC (100%)","geoid":"56017","display_sector":"mining/extraction","naics":"211120","tier":1,"asset_class":null,"capacity_or_load_mw":null,"employment_est":null,"co2e_tpy":0.0,"source":"ghgrp","confidence":"medium","coords_flag":"reported"},"geometry":{"type":"Point","coordinates":[-108.5719,43.7797]}},{"type":"Feature","properties":{"anchor_id":"ghgrp_1012688","name":"GRASS CREEK FIELD","parent":"MERIT ENERGY CO LLC (100%)","geoid":"56017","display_sector":"mining/extraction","naics":"211120","tier":1,"asset_class":null,"capacity_or_load_mw":null,"employment_est":null,"co2e_tpy":0.0,"source":"ghgrp","confidence":"medium","coords_flag":"reported"},"geometry":{"type":"Point","coordinates":[-108.6635,43.9588]}},{"type":"Feature","properties":{"anchor_id":"ghgrp_1004866","name":"Seaboard Foods Colorado Sow and Finisher Farms 57-60 & 448-449","parent":"Seaboard Corporation (100%)","geoid":"08095","display_sector":"agriculture","naics":"112210","tier":1,"asset_class":null,"capacity_or_load_mw":null,"employment_est":null,"co2e_tpy":0.0,"source":"ghgrp","confidence":"medium","coords_flag":"reported"},"geometry":{"type":"Point","coordinates":[-102.346388,40.537133]}},{"type":"Feature","properties":{"anchor_id":"ghgrp_1005324","name":"K.P. Kauffman - MCCALLUM FIELD","parent":"BONANZA CREEK ENERGY INC (100%)","geoid":"08057","display_sector":"mining/extraction","naics":"211111","tier":1,"asset_class":null,"capacity_or_load_mw":null,"employment_est":null,"co2e_tpy":0.0,"source":"ghgrp","confidence":"medium","coords_flag":"reported"},"geometry":{"type":"Point","coordinates":[-106.213142,40.7649]}},{"type":"Feature","properties":{"anchor_id":"ghgrp_1005325","name":"CCI Paradox Upstream - Andy Mesa Gas Plant","parent":"Patara Oil & Gas LLC  (100%);","geoid":"08113","display_sector":"mining/extraction","naics":"211111","tier":1,"asset_class":null,"capacity_or_load_mw":null,"employment_est":null,"co2e_tpy":0.0,"source":"ghgrp","confidence":"medium","coords_flag":"reported"},"geometry":{"type":"Point","coordinates":[-108.6377,38.0455]}},{"type":"Feature","properties":{"anchor_id":"ghgrp_1005974","name":"BLACK HILLS ELECTRIC- W.N. CLARK STATION","parent":"BLACK HILLS CORP (100%);","geoid":"08043","display_sector":"utilities/power","naics":"221112","tier":1,"asset_class":null,"capacity_or_load_mw":null,"employment_est":null,"co2e_tpy":0.0,"source":"ghgrp","confidence":"medium","coords_flag":"reported"},"geometry":{"type":"Point","coordinates":[-105.2507,38.4347]}},{"type":"Feature","properties":{"anchor_id":"ghgrp_1007215","name":"BOWIE NO. 2 MINE","parent":"BOWIE RESOURCE PARTNERS LLC (100%)","geoid":"08029","display_sector":"mining/extraction","naics":"212112","tier":1,"asset_class":null,"capacity_or_load_mw":null,"employment_est":null,"co2e_tpy":0.0,"source":"ghgrp","confidence":"medium","coords_flag":"reported"},"geometry":{"type":"Point","coordinates":[-107.54603,38.93268]}},{"type":"Feature","properties":{"anchor_id":"ghgrp_1007618","name":"Broad Canyon Landfill","parent":"T S LANDFILL, INC (100%);","geoid":"08085","display_sector":"other","naics":"562212","tier":1,"asset_class":null,"capacity_or_load_mw":null,"employment_est":null,"co2e_tpy":0.0,"source":"ghgrp","confidence":"medium","coords_flag":"reported"},"geometry":{"type":"Point","coordinates":[-108.280136,38.410408]}},{"type":"Feature","properties":{"anchor_id":"ghgrp_1008148","name":"WIC Station 7938 Snake River, CO","parent":"KINDER MORGAN INC (100%)","geoid":"08081","display_sector":"manufacturing/chemicals","naics":"486210","tier":1,"asset_class":null,"capacity_or_load_mw":null,"employment_est":null,"co2e_tpy":0.0,"source":"ghgrp","confidence":"medium","coords_flag":"reported"},"geometry":{"type":"Point","coordinates":[-107.71353,40.97969]}},{"type":"Feature","properties":{"anchor_id":"ghgrp_1008574","name":"CCI Paradox Upstream - Hamilton Creek Compressor Station","parent":"Patara Oil & Gas LLC  (100%);","geoid":"08113","display_sector":"mining/extraction","naics":"211111","tier":1,"asset_class":null,"capacity_or_load_mw":null,"employment_est":null,"co2e_tpy":0.0,"source":"ghgrp","confidence":"medium","coords_flag":"reported"},"geometry":{"type":"Point","coordinates":[-108.4695,38.1113]}},{"type":"Feature","properties":{"anchor_id":"ghgrp_1009623","name":"Oxbow Mining, LLC","parent":"VCG ELK CREEK NO1 LLC (50%); GUNNISON ENERGY CORP (25%); OXBOW CARBON & MINERALS HOLDINGS INC (25%)","geoid":"08051","display_sector":"mining/extraction","naics":"212112","tier":1,"asset_class":null,"capacity_or_load_mw":null,"employment_est":null,"co2e_tpy":0.0,"source":"ghgrp","confidence":"medium","coords_flag":"reported"},"geometry":{"type":"Point","coordinates":[-107.470007,38.926289]}},{"type":"Feature","properties":{"anchor_id":"ghgrp_1011077","name":"Big Hole Compressor Station","parent":"TALLGRASS DEVELOPMENT LP (75%); PHILLIPS 66 (25%)","geoid":"08081","display_sector":"manufacturing/chemicals","naics":"486210","tier":1,"asset_class":null,"capacity_or_load_mw":null,"employment_est":null,"co2e_tpy":0.0,"source":"ghgrp","confidence":"medium","coords_flag":"reported"},"geometry":{"type":"Point","coordinates":[-107.763621,40.768594]}},{"type":"Feature","properties":{"anchor_id":"ghgrp_1000718","name":"Glendive Generating Station","parent":"MDU RESOURCES GROUP INC (100%);","geoid":"30021","display_sector":"utilities/power","naics":"221112","tier":1,"asset_class":null,"capacity_or_load_mw":null,"employment_est":null,"co2e_tpy":0.0,"source":"ghgrp","confidence":"medium","coords_flag":"reported"},"geometry":{"type":"Point","coordinates":[-104.74,47.0539]}},{"type":"Feature","properties":{"anchor_id":"ghgrp_1002135","name":"SCRATCH GRAVEL LANDFILL","parent":"Lewis & Clark County, Montana (100%);","geoid":"30049","display_sector":"other","naics":"562212","tier":1,"asset_class":null,"capacity_or_load_mw":null,"employment_est":null,"co2e_tpy":0.0,"source":"ghgrp","confidence":"medium","coords_flag":"reported"},"geometry":{"type":"Point","coordinates":[-112.320002,47.187494]}},{"type":"Feature","properties":{"anchor_id":"ghgrp_1003251","name":"BPE GPRP Baker Gas Plant","parent":"ONEOK Partners, L.P. (100%);","geoid":"30025","display_sector":"mining/extraction","naics":"211112","tier":1,"asset_class":null,"capacity_or_load_mw":null,"employment_est":null,"co2e_tpy":0.0,"source":"ghgrp","confidence":"medium","coords_flag":"reported"},"geometry":{"type":"Point","coordinates":[-104.257183,46.383156]}},{"type":"Feature","properties":{"anchor_id":"ghgrp_1011121","name":"Bell Creek EOR Facility","parent":"DENBURY INC (100%)","geoid":"30075","display_sector":"mining/extraction","naics":"211120","tier":1,"asset_class":null,"capacity_or_load_mw":null,"employment_est":null,"co2e_tpy":0.0,"source":"ghgrp","confidence":"medium","coords_flag":"reported"},"geometry":{"type":"Point","coordinates":[-105.67196,45.354589]}},{"type":"Feature","properties":{"anchor_id":"flagship_bwxt_triso_fuel_facility","name":"BWXT TRISO Fuel Facility","parent":null,"geoid":"56005","display_sector":"manufacturing/chemicals","naics":null,"tier":2,"asset_class":"industrial_load","capacity_or_load_mw":null,"employment_est":null,"co2e_tpy":null,"source":"curated","confidence":"curated","coords_flag":"county_centroid_curated"},"geometry":{"type":"Point","coordinates":[-105.644855,44.390504]}},{"type":"Feature","properties":{"anchor_id":"flagship_powder_river_basin_coal_mines","name":"Powder River Basin Coal Mines","parent":null,"geoid":"56005","display_sector":"utilities/power","naics":null,"tier":2,"asset_class":"generator","capacity_or_load_mw":null,"employment_est":null,"co2e_tpy":null,"source":"curated","confidence":"curated","coords_flag":"county_centroid_curated","matched_source_record_id":null,"match_method":"no_match","match_confidence":"unmatched","capacity_mw_eia":null,"capacity_delta_pct":null,"county_ees_contribution":[]},"geometry":{"type":"Point","coordinates":[-105.644855,44.390504]}},{"type":"Feature","properties":{"anchor_id":"flagship_dave_johnston_power_plant","name":"Dave Johnston Power Plant","parent":null,"geoid":"56009","display_sector":"utilities/power","naics":null,"tier":2,"asset_class":"generator","capacity_or_load_mw":816.7,"employment_est":null,"co2e_tpy":null,"source":"curated","confidence":"curated","coords_flag":"county_centroid_curated","matched_source_record_id":"eia_plant_4158","match_method":"normalized_name_county_capacity","match_confidence":"fuzzy","capacity_mw_eia":816.7,"capacity_delta_pct":0,"county_ees_contribution":[{"geoid":"56009","capital":"Ec","delta":0.2348094096269846},{"geoid":"56025","capital":"Ec","delta":0.17577480482943733}]},"geometry":{"type":"Point","coordinates":[-105.513941,42.671015]}},{"type":"Feature","properties":{"anchor_id":"flagship_meta_ai_data_center_cheyenne","name":"Meta AI Data Center (Cheyenne)","parent":null,"geoid":"56021","display_sector":"data/technology","naics":null,"tier":2,"asset_class":"data_center","capacity_or_load_mw":152,"employment_est":null,"co2e_tpy":null,"source":"curated","confidence":"curated","coords_flag":"county_centroid_curated"},"geometry":{"type":"Point","coordinates":[-104.574352,41.348565]}},{"type":"Feature","properties":{"anchor_id":"flagship_jade_crusoe_campus_phase_1_cheyenne","name":"Jade/Crusoe Campus Phase 1 (Cheyenne)","parent":null,"geoid":"56021","display_sector":"data/technology","naics":null,"tier":2,"asset_class":"data_center","capacity_or_load_mw":1800,"employment_est":null,"co2e_tpy":null,"source":"curated","confidence":"curated","coords_flag":"county_centroid_curated"},"geometry":{"type":"Point","coordinates":[-104.574352,41.348565]}},{"type":"Feature","properties":{"anchor_id":"flagship_kemmerer_unit_1_natrium","name":"Kemmerer Unit 1 (Natrium)","parent":null,"geoid":"56023","display_sector":"utilities/power","naics":null,"tier":2,"asset_class":"generator","capacity_or_load_mw":345,"employment_est":null,"co2e_tpy":null,"source":"curated","confidence":"curated","coords_flag":"county_centroid_curated","matched_source_record_id":null,"match_method":"no_match","match_confidence":"unmatched","capacity_mw_eia":null,"capacity_delta_pct":null,"county_ees_contribution":[]},"geometry":{"type":"Point","coordinates":[-110.636314,42.550779]}},{"type":"Feature","properties":{"anchor_id":"flagship_naughton_gas_conversion","name":"Naughton Gas Conversion","parent":null,"geoid":"56023","display_sector":"utilities/power","naics":null,"tier":2,"asset_class":"generator","capacity_or_load_mw":null,"employment_est":null,"co2e_tpy":null,"source":"curated","confidence":"curated","coords_flag":"county_centroid_curated","matched_source_record_id":null,"match_method":"no_match","match_confidence":"unmatched","capacity_mw_eia":null,"capacity_delta_pct":null,"county_ees_contribution":[]},"geometry":{"type":"Point","coordinates":[-110.636314,42.550779]}},{"type":"Feature","properties":{"anchor_id":"flagship_jim_bridger_power_plant","name":"Jim Bridger Power Plant","parent":null,"geoid":"56037","display_sector":"utilities/power","naics":null,"tier":2,"asset_class":"generator","capacity_or_load_mw":2120,"employment_est":null,"co2e_tpy":null,"source":"curated","confidence":"curated","coords_flag":"county_centroid_curated","matched_source_record_id":"eia_plant_8066","match_method":"normalized_name_county_capacity","match_confidence":"fuzzy","capacity_mw_eia":2326.0,"capacity_delta_pct":9.716981132075473,"county_ees_contribution":[{"geoid":"56037","capital":"Ec","delta":0.45319576946603357}]},"geometry":{"type":"Point","coordinates":[-108.414461,41.550134]}},{"type":"Feature","properties":{"anchor_id":"curated_56001_ivinson_memorial_hospital","name":"Ivinson Memorial Hospital","parent":null,"geoid":"56001","display_sector":"healthcare","naics":null,"tier":1,"asset_class":null,"capacity_or_load_mw":null,"employment_est":900,"co2e_tpy":null,"source":"curated","confidence":"curated","coords_flag":"curated"},"geometry":{"type":"Point","coordinates":[-105.5575,41.3119]}},{"type":"Feature","properties":{"anchor_id":"curated_56001_university_of_wyoming","name":"University of Wyoming","parent":null,"geoid":"56001","display_sector":"education","naics":null,"tier":1,"asset_class":null,"capacity_or_load_mw":null,"employment_est":3500,"co2e_tpy":null,"source":"curated","confidence":"curated","coords_flag":"curated"},"geometry":{"type":"Point","coordinates":[-105.581,41.3139]}},{"type":"Feature","properties":{"anchor_id":"curated_56015_banner_health_torrington_community_h","name":"Banner Health Torrington Community Hospital","parent":null,"geoid":"56015","display_sector":"healthcare","naics":null,"tier":1,"asset_class":null,"capacity_or_load_mw":null,"employment_est":250,"co2e_tpy":null,"source":"curated","confidence":"curated","coords_flag":"curated"},"geometry":{"type":"Point","coordinates":[-104.1839,42.0664]}},{"type":"Feature","properties":{"anchor_id":"curated_56021_f_e_warren_air_force_base","name":"F.E. Warren Air Force Base","parent":null,"geoid":"56021","display_sector":"government/military","naics":null,"tier":1,"asset_class":null,"capacity_or_load_mw":null,"employment_est":4000,"co2e_tpy":null,"source":"curated","confidence":"curated","coords_flag":"curated"},"geometry":{"type":"Point","coordinates":[-104.8661,41.1399]}},{"type":"Feature","properties":{"anchor_id":"curated_56021_cheyenne_regional_medical_center","name":"Cheyenne Regional Medical Center","parent":null,"geoid":"56021","display_sector":"healthcare","naics":null,"tier":1,"asset_class":null,"capacity_or_load_mw":null,"employment_est":2200,"co2e_tpy":null,"source":"curated","confidence":"curated","coords_flag":"curated"},"geometry":{"type":"Point","coordinates":[-104.8172,41.1397]}},{"type":"Feature","properties":{"anchor_id":"curated_56039_jackson_hole_mountain_resort","name":"Jackson Hole Mountain Resort","parent":null,"geoid":"56039","display_sector":"tourism/recreation","naics":null,"tier":2,"asset_class":"commercial_anchor_load","capacity_or_load_mw":21.6,"employment_est":1800,"co2e_tpy":null,"source":"curated","confidence":"low","coords_flag":"curated","method":"WY gap fill c: dominant Tier 1 anchor promoted using 0.012 MW/job commercial load proxy"},"geometry":{"type":"Point","coordinates":[-110.8279,43.5875]}},{"type":"Feature","properties":{"anchor_id":"curated_56039_grand_targhee_resort","name":"Grand Targhee Resort","parent":null,"geoid":"56039","display_sector":"tourism/recreation","naics":null,"tier":1,"asset_class":null,"capacity_or_load_mw":null,"employment_est":600,"co2e_tpy":null,"source":"curated","confidence":"curated","coords_flag":"curated"},"geometry":{"type":"Point","coordinates":[-110.9592,43.789]}},{"type":"Feature","properties":{"anchor_id":"curated_56003_big_horn_county_institutional_anchor","name":"Big Horn County Institutional Anchor","parent":null,"geoid":"56003","display_sector":"government/military","naics":null,"tier":1,"asset_class":null,"capacity_or_load_mw":null,"employment_est":150,"co2e_tpy":null,"source":"curated","confidence":"curated","coords_flag":"curated"},"geometry":{"type":"Point","coordinates":[-107.748599,44.65185]}},{"type":"Feature","properties":{"anchor_id":"curated_56005_campbell_county_institutional_anchor","name":"Campbell County Institutional Anchor","parent":null,"geoid":"56005","display_sector":"government/military","naics":null,"tier":1,"asset_class":null,"capacity_or_load_mw":null,"employment_est":150,"co2e_tpy":null,"source":"curated","confidence":"curated","coords_flag":"curated"},"geometry":{"type":"Point","coordinates":[-105.644855,44.390504]}},{"type":"Feature","properties":{"anchor_id":"curated_56007_carbon_county_institutional_anchor","name":"Carbon County Institutional Anchor","parent":null,"geoid":"56007","display_sector":"government/military","naics":null,"tier":1,"asset_class":null,"capacity_or_load_mw":null,"employment_est":150,"co2e_tpy":null,"source":"curated","confidence":"curated","coords_flag":"curated"},"geometry":{"type":"Point","coordinates":[-106.887697,41.594016]}},{"type":"Feature","properties":{"anchor_id":"curated_56009_converse_county_institutional_anchor","name":"Converse County Institutional Anchor","parent":null,"geoid":"56009","display_sector":"government/military","naics":null,"tier":1,"asset_class":null,"capacity_or_load_mw":null,"employment_est":150,"co2e_tpy":null,"source":"curated","confidence":"curated","coords_flag":"curated"},"geometry":{"type":"Point","coordinates":[-105.513941,42.671015]}},{"type":"Feature","properties":{"anchor_id":"curated_56011_crook_county_institutional_anchor","name":"Crook County Institutional Anchor","parent":null,"geoid":"56011","display_sector":"government/military","naics":null,"tier":1,"asset_class":null,"capacity_or_load_mw":null,"employment_est":150,"co2e_tpy":null,"source":"curated","confidence":"curated","coords_flag":"curated"},"geometry":{"type":"Point","coordinates":[-104.465094,44.506848]}},{"type":"Feature","properties":{"anchor_id":"curated_56013_fremont_county_institutional_anchor","name":"Fremont County Institutional Anchor","parent":null,"geoid":"56013","display_sector":"government/military","naics":null,"tier":1,"asset_class":null,"capacity_or_load_mw":null,"employment_est":150,"co2e_tpy":null,"source":"curated","confidence":"curated","coords_flag":"curated"},"geometry":{"type":"Point","coordinates":[-109.0468,43.365335]}},{"type":"Feature","properties":{"anchor_id":"curated_56017_hot_springs_county_institutional_anc","name":"Hot Springs County Institutional Anchor","parent":null,"geoid":"56017","display_sector":"government/military","naics":null,"tier":1,"asset_class":null,"capacity_or_load_mw":null,"employment_est":150,"co2e_tpy":null,"source":"curated","confidence":"curated","coords_flag":"curated"},"geometry":{"type":"Point","coordinates":[-108.554794,43.756718]}},{"type":"Feature","properties":{"anchor_id":"curated_56019_johnson_county_institutional_anchor","name":"Johnson County Institutional Anchor","parent":null,"geoid":"56019","display_sector":"government/military","naics":null,"tier":1,"asset_class":null,"capacity_or_load_mw":null,"employment_est":150,"co2e_tpy":null,"source":"curated","confidence":"curated","coords_flag":"curated"},"geometry":{"type":"Point","coordinates":[-107.015692,44.282898]}},{"type":"Feature","properties":{"anchor_id":"curated_56023_lincoln_county_institutional_anchor","name":"Lincoln County Institutional Anchor","parent":null,"geoid":"56023","display_sector":"government/military","naics":null,"tier":1,"asset_class":null,"capacity_or_load_mw":null,"employment_est":150,"co2e_tpy":null,"source":"curated","confidence":"curated","coords_flag":"curated"},"geometry":{"type":"Point","coordinates":[-110.636314,42.550779]}},{"type":"Feature","properties":{"anchor_id":"curated_56025_natrona_county_institutional_anchor","name":"Natrona County Institutional Anchor","parent":null,"geoid":"56025","display_sector":"government/military","naics":null,"tier":1,"asset_class":null,"capacity_or_load_mw":null,"employment_est":150,"co2e_tpy":null,"source":"curated","confidence":"curated","coords_flag":"curated"},"geometry":{"type":"Point","coordinates":[-106.907697,42.988703]}},{"type":"Feature","properties":{"anchor_id":"curated_56027_niobrara_county_institutional_anchor","name":"Niobrara County Institutional Anchor","parent":null,"geoid":"56027","display_sector":"government/military","naics":null,"tier":1,"asset_class":null,"capacity_or_load_mw":null,"employment_est":150,"co2e_tpy":null,"source":"curated","confidence":"curated","coords_flag":"curated"},"geometry":{"type":"Point","coordinates":[-104.390572,42.967094]}},{"type":"Feature","properties":{"anchor_id":"curated_56029_park_county_institutional_anchor","name":"Park County Institutional Anchor","parent":null,"geoid":"56029","display_sector":"government/military","naics":null,"tier":1,"asset_class":null,"capacity_or_load_mw":null,"employment_est":150,"co2e_tpy":null,"source":"curated","confidence":"curated","coords_flag":"curated"},"geometry":{"type":"Point","coordinates":[-109.837858,44.190794]}},{"type":"Feature","properties":{"anchor_id":"curated_56031_platte_county_institutional_anchor","name":"Platte County Institutional Anchor","parent":null,"geoid":"56031","display_sector":"government/military","naics":null,"tier":1,"asset_class":null,"capacity_or_load_mw":null,"employment_est":150,"co2e_tpy":null,"source":"curated","confidence":"curated","coords_flag":"curated"},"geometry":{"type":"Point","coordinates":[-105.032049,42.226162]}},{"type":"Feature","properties":{"anchor_id":"curated_56033_sheridan_county_institutional_anchor","name":"Sheridan County Institutional Anchor","parent":null,"geoid":"56033","display_sector":"government/military","naics":null,"tier":1,"asset_class":null,"capacity_or_load_mw":null,"employment_est":150,"co2e_tpy":null,"source":"curated","confidence":"curated","coords_flag":"curated"},"geometry":{"type":"Point","coordinates":[-107.370927,44.740895]}},{"type":"Feature","properties":{"anchor_id":"curated_56035_sublette_county_institutional_anchor","name":"Sublette County Institutional Anchor","parent":null,"geoid":"56035","display_sector":"government/military","naics":null,"tier":1,"asset_class":null,"capacity_or_load_mw":null,"employment_est":150,"co2e_tpy":null,"source":"curated","confidence":"curated","coords_flag":"curated"},"geometry":{"type":"Point","coordinates":[-109.910269,42.925629]}},{"type":"Feature","properties":{"anchor_id":"curated_56037_sweetwater_county_institutional_anch","name":"Sweetwater County Institutional Anchor","parent":null,"geoid":"56037","display_sector":"government/military","naics":null,"tier":1,"asset_class":null,"capacity_or_load_mw":null,"employment_est":150,"co2e_tpy":null,"source":"curated","confidence":"curated","coords_flag":"curated"},"geometry":{"type":"Point","coordinates":[-108.414461,41.550134]}},{"type":"Feature","properties":{"anchor_id":"curated_56041_uinta_county_institutional_anchor","name":"Uinta County Institutional Anchor","parent":null,"geoid":"56041","display_sector":"government/military","naics":null,"tier":1,"asset_class":null,"capacity_or_load_mw":null,"employment_est":150,"co2e_tpy":null,"source":"curated","confidence":"curated","coords_flag":"curated"},"geometry":{"type":"Point","coordinates":[-110.647192,41.230185]}},{"type":"Feature","properties":{"anchor_id":"curated_56043_washakie_county_institutional_anchor","name":"Washakie County Institutional Anchor","parent":null,"geoid":"56043","display_sector":"government/military","naics":null,"tier":1,"asset_class":null,"capacity_or_load_mw":null,"employment_est":150,"co2e_tpy":null,"source":"curated","confidence":"curated","coords_flag":"curated"},"geometry":{"type":"Point","coordinates":[-108.051892,43.869956]}},{"type":"Feature","properties":{"anchor_id":"curated_56045_weston_county_institutional_anchor","name":"Weston County Institutional Anchor","parent":null,"geoid":"56045","display_sector":"government/military","naics":null,"tier":1,"asset_class":null,"capacity_or_load_mw":null,"employment_est":150,"co2e_tpy":null,"source":"curated","confidence":"curated","coords_flag":"curated"},"geometry":{"type":"Point","coordinates":[-104.669635,43.77136]}}]}