source_record_id,plant_name,state,county,difference,capacity_mw_existing,capacity_mw_staged,status_existing,status_staged
10262:GEN6,California Institute of Technology,CA,Los Angeles,staged_only,,10.5,,OP
10262:GEN7,California Institute of Technology,CA,Los Angeles,staged_only,,2.5,,OP
10417:TG,Indian Orchard Plant 1,MA,Hampden,staged_only,,5.7,,OP
1187:7,State Center,IA,Marshall,staged_only,,0.8,,OP
160:GT5,Apache Station,AZ,Cochise,capacity_or_status_changed,41.4,60.5,OP,OP
160:GT6,Apache Station,AZ,Cochise,capacity_or_status_changed,41.4,60.5,OP,OP
182:1,Beaver Dam (AR),AR,Carroll,existing_only,56.0,,OP,
182:2,Beaver Dam (AR),AR,Carroll,staged_only,,56.0,,OP
198:1,Bull Shoals,AR,Marion,existing_only,40.0,,OP,
198:5,Bull Shoals,AR,Marion,existing_only,45.0,,OP,
1998:2,Mountain Lake,MN,Cottonwood,existing_only,1.1,,OP,
201:3,Thomas Fitzhugh,AR,Franklin,staged_only,,71.2,,OP
2248:1A,Kimball,NE,Kimball,staged_only,,2.0,,OP
2248:2A,Kimball,NE,Kimball,staged_only,,2.0,,OP
2248:3A,Kimball,NE,Kimball,staged_only,,2.0,,OP
2248:4A,Kimball,NE,Kimball,staged_only,,2.0,,OP
2693:2,Robert Moses Niagara,NY,Niagara,staged_only,,193.5,,OP
2693:6,Robert Moses Niagara,NY,Niagara,staged_only,,193.5,,OP
286:U11,Geysers Unit 5-20,CA,Sonoma,capacity_or_status_changed,110.0,118.8,OP,OP
286:U12,Geysers Unit 5-20,CA,Sonoma,capacity_or_status_changed,110.0,118.8,OP,OP
286:U13,Geysers Unit 5-20,CA,Sonoma,capacity_or_status_changed,138.0,139.8,OP,OP
286:U14,Geysers Unit 5-20,CA,Sonoma,capacity_or_status_changed,113.0,124.2,OP,OP
286:U16,Geysers Unit 5-20,CA,Sonoma,capacity_or_status_changed,118.0,124.2,OP,OP
286:U17,Geysers Unit 5-20,CA,Sonoma,capacity_or_status_changed,118.0,124.2,OP,OP
286:U18,Geysers Unit 5-20,CA,Sonoma,capacity_or_status_changed,118.0,124.2,OP,OP
286:U20,Geysers Unit 5-20,CA,Sonoma,capacity_or_status_changed,118.0,124.2,OP,OP
286:U5,Geysers Unit 5-20,CA,Sonoma,capacity_or_status_changed,55.0,59.4,OP,OP
286:U6,Geysers Unit 5-20,CA,Sonoma,capacity_or_status_changed,55.0,59.4,OP,OP
286:U7,Geysers Unit 5-20,CA,Sonoma,capacity_or_status_changed,55.0,59.4,OP,OP
286:U8,Geysers Unit 5-20,CA,Sonoma,capacity_or_status_changed,55.0,59.4,OP,OP
3006:GEN1,Anadarko Plant,OK,Caddo,staged_only,,45.0,,OP
3006:GEN2,Anadarko Plant,OK,Caddo,staged_only,,45.0,,OP
322:1,Big Creek 2A,CA,Fresno,staged_only,,55.0,,OP
332:1,Fontana,CA,San Bernardino,existing_only,1.5,,OP,
332:2,Fontana,CA,San Bernardino,existing_only,1.5,,OP,
3612:1,V H Braunig,TX,Bexar,existing_only,225.0,,OP,
3612:2,V H Braunig,TX,Bexar,existing_only,252.0,,OP,
3612:3,V H Braunig,TX,Bexar,existing_only,417.0,,OP,
3883:C-10,Rocky Reach,WA,Chelan,staged_only,,137.8,,OP
3883:C-11,Rocky Reach,WA,Chelan,staged_only,,137.8,,OP
3883:C-8,Rocky Reach,WA,Chelan,capacity_or_status_changed,125.4,137.8,OP,OP
3883:C-9,Rocky Reach,WA,Chelan,capacity_or_status_changed,125.4,137.8,OP,OP
394:2,Cottonwood,CA,Inyo,staged_only,,0.8,,OP
398:1,Haiwee,CA,Inyo,staged_only,,2.8,,OP
4014:WHT08,Wheaton,WI,Chippewa,staged_only,,249.1,,OP
406:10,Tok,AK,Southeast Fairbanks,existing_only,2.5,,OP,
406:3A,Tok,AK,Southeast Fairbanks,existing_only,1.3,,OP,
406:8,Tok,AK,Southeast Fairbanks,existing_only,0.4,,OP,
406:8A,Tok,AK,Southeast Fairbanks,staged_only,,0.6,,OP
406:9,Tok,AK,Southeast Fairbanks,existing_only,0.9,,OP,
406:9A,Tok,AK,Southeast Fairbanks,staged_only,,1.1,,OP
4142:1,Flambeau Hydroelectric Station,WI,Rusk,capacity_or_status_changed,7.9,6.4,OP,OP
4142:2,Flambeau Hydroelectric Station,WI,Rusk,capacity_or_status_changed,6.2,6.3,OP,OP
4142:3,Flambeau Hydroelectric Station,WI,Rusk,capacity_or_status_changed,7.9,6.4,OP,OP
423:1A,Hydaburg,AK,Prince of Wales Ketchikan,existing_only,0.4,,OP,
423:5,Hydaburg,AK,Prince of Wales Ketchikan,existing_only,0.3,,OP,
466:1A,Boulder Canyon Hydro,CO,Boulder,staged_only,,5.0,,OP
50392:TG6,Eielson AFB Central Heat & Power Plant,AK,Fairbanks North Star,capacity_or_status_changed,,10.0,OP,OP
50421:201,Orchard Avenue 1,WA,Yakima,staged_only,,0.8,,OP
50421:301,Orchard Avenue 1,WA,Yakima,staged_only,,0.8,,OP
50423:983,Cowiche,WA,Yakima,staged_only,,1.7,,OP
50721:GEN3,Tazewell Gas Recovery,IL,Tazewell,existing_only,0.8,,OP,
50766:ITLU2,Ormesa I,CA,Imperial,existing_only,12.0,,OP,
50936:EG2R,Winnebago County Landfill Gas,WI,Winnebago,existing_only,0.6,,OP,
50936:EG3,Winnebago County Landfill Gas,WI,Winnebago,existing_only,0.9,,OP,
52149:GEN19,West Point (PA),PA,Montgomery,existing_only,1.0,,OP,
52149:GEN20,West Point (PA),PA,Montgomery,existing_only,2.0,,OP,
54324:GEN1,Ocean State Power II,RI,Providence,capacity_or_status_changed,82.8,97.3,OP,OP
54324:GEN2,Ocean State Power II,RI,Providence,capacity_or_status_changed,82.8,97.3,OP,OP
54324:GEN3,Ocean State Power II,RI,Providence,capacity_or_status_changed,88.6,112.0,OP,OP
54464:0002,Graphic Packaging Intl Macon Mill,GA,Bibb,existing_only,5.0,,OP,
54477:GEN7,"Oroville Cogeneration, LLC",CA,Butte,staged_only,,1.1,,OP
54813:8,Shepherd Center,GA,Fulton,existing_only,3.8,,OP,
54909:EXI2,Tehachapi Wind Resource II,CA,Kern,capacity_or_status_changed,8.3,8.6,OP,OP
54909:EXIS,Tehachapi Wind Resource II,CA,Kern,capacity_or_status_changed,13.6,0.3,OP,OP
54909:PLAN,Tehachapi Wind Resource II,CA,Kern,capacity_or_status_changed,15.5,11.2,OP,OP
55077:ED02,Desert Star Energy Center,NV,Clark,existing_only,170.9,,OP,
55094:UNT2,MM San Diego-Miramar,CA,San Diego,capacity_or_status_changed,1.6,1.9,OP,OP
55094:UNT3,MM San Diego-Miramar,CA,San Diego,capacity_or_status_changed,1.6,1.9,OP,OP
55094:UNT4,MM San Diego-Miramar,CA,San Diego,capacity_or_status_changed,1.6,1.9,OP,OP
55137:CTG1,Rio Nogales Power Project,TX,Guadalupe,capacity_or_status_changed,189.0,223.5,OP,OP
55137:CTG2,Rio Nogales Power Project,TX,Guadalupe,capacity_or_status_changed,189.0,222.0,OP,OP
55137:CTG3,Rio Nogales Power Project,TX,Guadalupe,capacity_or_status_changed,189.0,223.5,OP,OP
55137:STG1,Rio Nogales Power Project,TX,Guadalupe,capacity_or_status_changed,373.2,439.0,OP,OP
55199:GT1,Elwood Energy LLC,IL,Will,existing_only,192.0,,OP,
55199:GT2,Elwood Energy LLC,IL,Will,existing_only,192.0,,OP,
55199:GT3,Elwood Energy LLC,IL,Will,existing_only,192.0,,OP,
55199:GT4,Elwood Energy LLC,IL,Will,existing_only,192.0,,OP,
55556:GEN5,Security,TX,Montgomery,existing_only,1.7,,OP,
55556:UNT2,Security,TX,Montgomery,existing_only,1.7,,OP,
55597:4,GRS C&C,MI,Calhoun,capacity_or_status_changed,2.7,3.0,OP,OP
55655:GEN1,WFEC GenCo LLC,OK,Caddo,existing_only,45.0,,OP,
55655:GEN2,WFEC GenCo LLC,OK,Caddo,existing_only,45.0,,OP,
55782:WH01,Noble Ridge LLC,MN,Nobles,existing_only,1.5,,OP,
55938:OPP3,NAEA Ocean Peaking Power LLC,NJ,Ocean,capacity_or_status_changed,191.5,198.9,OP,OP
55938:OPP4,NAEA Ocean Peaking Power LLC,NJ,Ocean,capacity_or_status_changed,191.5,198.9,OP,OP
55977:RICE3,Bluffview,NM,San Juan,staged_only,,9.4,,OP
55977:RICE4,Bluffview,NM,San Juan,staged_only,,9.4,,OP
56120:L4,Lee County Landfill,SC,Lee,existing_only,5.5,,OP,
56122:R1,Richland County Landfill,SC,Richland,existing_only,5.7,,OP,
56591:HBWP,Horseshoe Bend Wind Park,MT,Cascade,capacity_or_status_changed,9.0,9.7,OP,OP
56800:HW2,Hull Wind II,MA,Plymouth,existing_only,1.8,,OP,
56915:5,SAS Solar Farm,NC,Wake,staged_only,,1.0,,OP
56982:BM1,NGP Blue Mountain I LLC,NV,Humboldt,capacity_or_status_changed,21.3,15.0,OP,OP
56982:BM2,NGP Blue Mountain I LLC,NV,Humboldt,capacity_or_status_changed,21.3,15.0,OP,OP
56982:BM3,NGP Blue Mountain I LLC,NV,Humboldt,capacity_or_status_changed,21.3,15.0,OP,OP
57128:357,G2 Energy Marion LLC,FL,Marion,existing_only,1.6,,OP,
57254:1PV,Victor Valley CC CPV Solar,CA,San Bernardino,existing_only,1.0,,OP,
57264:LP2,Little Pringle II Wind Farm,TX,Hutchinson,existing_only,10.0,,OP,
57365:1A,"Mas Durham Power, LLC",NC,Durham,staged_only,,1.1,,OP
57584:BS1,University of California San Diego Hybri,CA,San Diego,existing_only,2.5,,OP,
57679:AVSE1,Arlington Valley Solar Energy I,AZ,Maricopa,staged_only,,127.0,,OP
57896:UNT1,Concord Energy,NC,Cabarrus,capacity_or_status_changed,4.8,5.5,OP,OP
57896:UNT2,Concord Energy,NC,Cabarrus,capacity_or_status_changed,4.8,5.5,OP,OP
57945:B1,Berkeley County Landfill,SC,Berkeley,existing_only,1.6,,OP,
57945:B2,Berkeley County Landfill,SC,Berkeley,existing_only,1.6,,OP,
57950:1,MSC Croswell,MI,Sanilac,existing_only,1.3,,OP,
58011:IKEA,IKEA Savannah 490,GA,Chatham,existing_only,1.0,,OP,
58012:PV,IKEA Tampa 042,FL,Hillsborough,existing_only,1.0,,OP,
58013:PV,IKEA Round Rock 027,TX,Williamson,existing_only,1.4,,OP,
58064:LBFS,Laredo Bus Facility Solar Canopies,GA,DeKalb,staged_only,,1.0,,OP
58191:GT1,US Magnesium,UT,Tooele,existing_only,16.0,,OP,
58191:GT3,US Magnesium,UT,Tooele,existing_only,16.0,,OP,
58192:ST961,Arkalon Ethanol LLC,KS,Seward,staged_only,,3.0,,OP
58382:GEN1,Threemile Digester,OR,Morrow,existing_only,1.6,,OP,
58382:GEN2,Threemile Digester,OR,Morrow,existing_only,1.6,,OP,
58382:GEN3,Threemile Digester,OR,Morrow,existing_only,1.6,,OP,
58413:CXS01,Copper Crossing Energy and Research Cent,AZ,Pinal,staged_only,,17.6,,OP
58413:CXS02,Copper Crossing Energy and Research Cent,AZ,Pinal,staged_only,,17.6,,OP
58413:CXS03,Copper Crossing Energy and Research Cent,AZ,Pinal,staged_only,,19.2,,OP
58428:1-02,LSU Cogen,LA,East Baton Rouge,staged_only,,19.6,,OP
58747:GEN1,Viresco Turtle Lake,WI,Polk,staged_only,,1.6,,OP
58818:2,Milan,PA,Bradford,staged_only,,7.0,,OP
58818:3,Milan,PA,Bradford,staged_only,,7.0,,OP
58822:U1BB,Millville City Sewer Auth WTP,NJ,Cumberland,staged_only,,0.8,,OP
58822:U2DB,Millville City Sewer Auth WTP,NJ,Cumberland,staged_only,,0.4,,OP
58824:I402,Sheldon Solar,VT,Franklin,staged_only,,2.3,,OP
58825:STH1,MTHS Co-Gen Buildings,IL,Cook,staged_only,,0.6,,OP
58825:STH2,MTHS Co-Gen Buildings,IL,Cook,staged_only,,0.6,,OP
58828:PV1,Apple One,NC,Catawba,staged_only,,5.0,,OP
58829:PV1,Sonne Two,NC,Catawba,staged_only,,5.0,,OP
58830:CWEP,Cross Winds Energy Park,MI,Tuscola,staged_only,,111.0,,OP
58830:CWEP2,Cross Winds Energy Park,MI,Tuscola,staged_only,,44.0,,OP
58830:CWEP3,Cross Winds Energy Park,MI,Tuscola,staged_only,,75.9,,OP
58831:PV-1,Redcrest Solar Farm,CA,Kern,staged_only,,16.6,,OP
58832:CTEP,Cogenra - TEP,AZ,Pima,staged_only,,1.0,,OP
58833:RH2S,Red Horse 2,AZ,Cochise,staged_only,,51.0,,OP
58833:RH2W,Red Horse 2,AZ,Cochise,staged_only,,30.0,,OP
58834:UNIT1,Richland Center Renewable Energy LLC,WI,Richland,staged_only,,0.9,,OP
58834:UNIT2,Richland Center Renewable Energy LLC,WI,Richland,staged_only,,0.9,,OP
58835:ELK1,Elk Station,TX,Hale,staged_only,,199.8,,OP
58835:ELK2,Elk Station,TX,Hale,staged_only,,199.8,,OP
58835:ELK3,Elk Station,TX,Hale,staged_only,,199.8,,OP
58836:LW1,Lakeswind Power Partners,MN,Clay,staged_only,,51.8,,OP
58837:WT1,Na Pua Makani Wind Project,HI,Honolulu,staged_only,,27.6,,OP
58838:KW1,Keechi Wind,TX,Jack,staged_only,,110.0,,OP
58839:INV1,Sudbury Landfill,MA,Middlesex,staged_only,,0.5,,OP
58839:INV2,Sudbury Landfill,MA,Middlesex,staged_only,,0.3,,OP
58839:INV3,Sudbury Landfill,MA,Middlesex,staged_only,,0.5,,OP
58840:INV1,"Kenansville Solar Farm, LLC",NC,Duplin,staged_only,,0.5,,OP
58840:INV2,"Kenansville Solar Farm, LLC",NC,Duplin,staged_only,,0.5,,OP
58840:INV3,"Kenansville Solar Farm, LLC",NC,Duplin,staged_only,,0.5,,OP
58840:INV4,"Kenansville Solar Farm, LLC",NC,Duplin,staged_only,,0.5,,OP
58840:INV5,"Kenansville Solar Farm, LLC",NC,Duplin,staged_only,,0.5,,OP
58840:INV6,"Kenansville Solar Farm, LLC",NC,Duplin,staged_only,,0.5,,OP
58840:INV7,"Kenansville Solar Farm, LLC",NC,Duplin,staged_only,,0.5,,OP
58840:INV8,"Kenansville Solar Farm, LLC",NC,Duplin,staged_only,,0.5,,OP
58840:INV9,"Kenansville Solar Farm, LLC",NC,Duplin,staged_only,,0.5,,OP
58842:1,"Gato Montes Solar, LLC",AZ,Pima,staged_only,,5.0,,OP
58843:1,"Bethel Price Solar, LLC",NC,Pitt,staged_only,,5.0,,OP
58844:1,"Dogwood Solar, LLC",NC,Halifax,staged_only,,20.0,,OP
58845:1,Washington Airport Solar LLC,NC,Beaufort,staged_only,,5.0,,OP
58846:1,"Washington Millfield Solar, LLC",NC,Beaufort,staged_only,,5.0,,OP
58847:1,"Windsor Cooper HIill Solar, LLC",NC,Bertie,staged_only,,5.0,,OP
58848:1,Warsaw Farm,NC,Duplin,staged_only,,65.0,,OP
58849:1,Castalia Solar,NC,Nash,staged_only,,2.0,,OP
58851:1,Oakboro Farm,NC,Scotland,staged_only,,5.0,,OP
58853:1,McKenzie Farm,NC,Columbus,staged_only,,5.0,,OP
58854:1,Nash 58 Farm,NC,Nash,staged_only,,5.0,,OP
58855:1,Nash 64 Farm,NC,Nash,staged_only,,5.0,,OP
58856:1,Pate Farm,NC,Robeson,staged_only,,5.0,,OP
58859:1,Erwin Farm,NC,Harnett,staged_only,,5.0,,OP
58861:1,Sigmon Catawba Farm,NC,Catawba,staged_only,,5.0,,OP
58862:1,Wagstaff Farm 1,NC,Person,staged_only,,5.0,,OP
58863:1,Waco Farm,NC,Cleveland,staged_only,,5.0,,OP
58864:1,Sunfish Farm,NC,Wake,staged_only,,5.0,,OP
58865:LFG,Reventure Park,NC,Mecklenburg,staged_only,,1.9,,OP
58865:RNG,Reventure Park,NC,Mecklenburg,staged_only,,1.6,,OP
58866:1,Garrell Solar Farm,NC,Columbus,staged_only,,5.0,,OP
58867:1,Angier Farm,NC,Harnett,staged_only,,5.0,,OP
58868:1,Bladenboro Farm,NC,Bladen,staged_only,,5.0,,OP
58870:MG202,Rentech Nitrogen Pasadena Cogeneration,TX,Harris,staged_only,,15.4,,OP
58871:1,Berkley East Solar LLC,MA,Bristol,staged_only,,3.0,,OP
58872:BISO4,Bison 4 Wind Energy Center,ND,Morton,staged_only,,205.0,,OP
58873:UNIT1,Stuyvesant Falls,NY,Columbia,staged_only,,3.0,,OP
58873:UNIT2,Stuyvesant Falls,NY,Columbia,staged_only,,3.0,,OP
58874:DF1,Dement Farm LLC,NC,Vance,staged_only,,5.0,,OP
58876:PV,Fusion Solar Center LLC,CT,New London,staged_only,,20.0,,OP
58877:KINS,Kinsley Landfill Solar,NJ,Gloucester,staged_only,,8.6,,OP
58879:DF,Duplin Solar LLC,NC,Duplin,staged_only,,5.0,,OP
58880:NCIII,North Carolina Solar III LLC,NC,Scotland,staged_only,,4.9,,OP
58881:PV01,County College of Morris,NJ,Morris,staged_only,,2.9,,OP
58882:PV01,Mercer County Community College,NJ,Mercer,staged_only,,7.5,,OP
58883:HLWF,Highland Wind Project (IA),IA,O'Brien,staged_only,,16.4,,OP
58883:HLWF2,Highland Wind Project (IA),IA,O'Brien,staged_only,,100.8,,OP
58883:HLWF3,Highland Wind Project (IA),IA,O'Brien,staged_only,,89.1,,OP
58883:HLWF4,Highland Wind Project (IA),IA,O'Brien,staged_only,,89.2,,OP
58883:HLWF5,Highland Wind Project (IA),IA,O'Brien,staged_only,,115.0,,OP
58883:HLWF6,Highland Wind Project (IA),IA,O'Brien,staged_only,,86.8,,OP
58883:HLWF7,Highland Wind Project (IA),IA,O'Brien,staged_only,,4.7,,OP
58884:LGWF,Lundgren Wind Project,IA,Webster,staged_only,,270.9,,OP
58885:MBWF,Macksburg Wind Project,IA,Madison,staged_only,,119.6,,OP
58886:WBWF,Wellsburg Wind Project,IA,Grundy,staged_only,,140.8,,OP
58887:EVE,Com Adam 1WF-1,IL,Lee,staged_only,,2.5,,OP
58889:ASTI,ASTI,CA,Sonoma,staged_only,,1.2,,OP
58890:BERI,Beringer,CA,Sonoma,staged_only,,1.4,,OP
58891:BTWF1,"Big Turtle Wind Farm, LLC",MI,Huron,staged_only,,20.0,,OP
58892:CMLA,Camilla Solar Plant,GA,Mitchell,staged_only,,16.0,,OP
58893:CAMP,Camp Solar Plant,GA,Meriwether,staged_only,,2.4,,OP
58896:PV01,Patriots Stadium,NJ,Somerset,staged_only,,1.0,,OP
58897:19G01,Temple SEGF,PA,Philadelphia,staged_only,,1.6,,OP
58897:19G02,Temple SEGF,PA,Philadelphia,staged_only,,1.6,,OP
58897:19G03,Temple SEGF,PA,Philadelphia,staged_only,,1.6,,OP
58897:19G04,Temple SEGF,PA,Philadelphia,staged_only,,1.6,,OP
58897:19G05,Temple SEGF,PA,Philadelphia,staged_only,,1.6,,OP
58897:19G06,Temple SEGF,PA,Philadelphia,staged_only,,1.6,,OP
58897:19G07,Temple SEGF,PA,Philadelphia,staged_only,,1.6,,OP
58897:19G08,Temple SEGF,PA,Philadelphia,staged_only,,1.6,,OP
58897:19G09,Temple SEGF,PA,Philadelphia,staged_only,,1.6,,OP
58897:19G10,Temple SEGF,PA,Philadelphia,staged_only,,1.6,,OP
58898:K4-1,Pilot Hill Wind Farm,IL,Kankakee,staged_only,,175.0,,OP
58899:GEN-1,Prosperity Energy Storage Facility Hybri,NM,Bernalillo,staged_only,,0.5,,OP
58899:GEN-2,Prosperity Energy Storage Facility Hybri,NM,Bernalillo,staged_only,,0.8,,OP
58900:BAL1,Balko Wind LLC,OK,Beaver,staged_only,,299.7,,OP
58901:TCWG1,Tri-County Water Hydropower Project,CO,Ouray,staged_only,,7.2,,OP
58901:TCWG2,Tri-County Water Hydropower Project,CO,Ouray,staged_only,,0.8,,OP
58902:KNG1,Kingfisher Wind LLC,OK,Kingfisher,staged_only,,298.0,,OP
58904:1,Fourmile Ridge,MD,Garrett,staged_only,,40.0,,OP
58906:VC1,Valley Center 1,CA,San Diego,staged_only,,2.5,,OP
58907:VC2,Valley Center 2,CA,San Diego,staged_only,,5.0,,OP
58908:1,Beebe 1B,MI,Gratiot,staged_only,,50.4,,OP
58909:RAM1,Ramona 1,CA,San Diego,staged_only,,2.0,,OP
58911:RAM2,Ramona 2,CA,San Diego,staged_only,,5.0,,OP
58912:1,Santa Fe Springs Rooftop Solar BLDG M,CA,Los Angeles,staged_only,,1.8,,OP
58913:1,Santa Fe Springs Rooftop Solar BLDG H,CA,Los Angeles,staged_only,,1.5,,OP
58914:CG1,MCAGCC Cogen Plant,CA,San Bernardino,staged_only,,7.2,,OP
58914:CG100,MCAGCC Cogen Plant,CA,San Bernardino,staged_only,,4.6,,OP
58914:CG200,MCAGCC Cogen Plant,CA,San Bernardino,staged_only,,4.6,,OP
58915:1,Copper Mountain Solar 3,NV,Clark,staged_only,,26.0,,OP
58915:10,Copper Mountain Solar 3,NV,Clark,staged_only,,21.0,,OP
58915:2,Copper Mountain Solar 3,NV,Clark,staged_only,,27.0,,OP
58915:3,Copper Mountain Solar 3,NV,Clark,staged_only,,26.0,,OP
58915:4,Copper Mountain Solar 3,NV,Clark,staged_only,,28.0,,OP
58915:5,Copper Mountain Solar 3,NV,Clark,staged_only,,25.0,,OP
58915:6,Copper Mountain Solar 3,NV,Clark,staged_only,,26.0,,OP
58915:7,Copper Mountain Solar 3,NV,Clark,staged_only,,26.0,,OP
58915:8,Copper Mountain Solar 3,NV,Clark,staged_only,,26.0,,OP
58915:9,Copper Mountain Solar 3,NV,Clark,staged_only,,24.0,,OP
58918:2081,2081 Terzian Solar Project,CA,Fresno,staged_only,,1.2,,OP
58919:2127,2127 Harris Solar Project,CA,Butte,staged_only,,1.3,,OP
58920:2097,2097 Helton Solar Project,CA,Merced,staged_only,,1.5,,OP
58924:SUG1,Sugar Creek Wind One LLC,IL,Logan,staged_only,,202.0,,OP
58925:SAN1,Lincoln Land Wind,IL,Sangamon,staged_only,,302.0,,OP
58927:WT01,Story City Wind Project,IA,Story,staged_only,,1.5,,OP
58929:12286,Melrose 2,MN,Stearns,staged_only,,1.0,,OP
58932:WT01,Traer Wind Project,IA,Tama,staged_only,,1.5,,OP
58933:GTG1,Shell Chemical Appalachia LLC,PA,Beaver,staged_only,,48.4,,OP
58933:GTG2,Shell Chemical Appalachia LLC,PA,Beaver,staged_only,,48.4,,OP
58933:GTG3,Shell Chemical Appalachia LLC,PA,Beaver,staged_only,,48.4,,OP
58933:STG1,Shell Chemical Appalachia LLC,PA,Beaver,staged_only,,82.3,,OP
58933:STG2,Shell Chemical Appalachia LLC,PA,Beaver,staged_only,,82.3,,OP
58934:ASH-R,"Integrys MA Solar, LLC - Ashburnham Site",MA,Worcester,staged_only,,2.6,,OP
58934:ASH10,"Integrys MA Solar, LLC - Ashburnham Site",MA,Worcester,staged_only,,0.3,,OP
58935:PV,Open View Solar Farm,VT,Addison,staged_only,,2.0,,OP
58936:WLPL1,Walpole Solar 2,MA,Norfolk,staged_only,,2.4,,OP
58937:GRDN1,Gardner Solar 1,MA,Worcester,staged_only,,2.0,,OP
58938:WT,Origin Wind,OK,Murray,staged_only,,150.0,,OP
58939:AND1,Anderson Wind I,NM,Chaves,staged_only,,5.0,,OP
58940:AND2,Anderson Wind II,NM,Chaves,staged_only,,10.0,,OP
58942:RVSI,Rockville Solar I LLC,IN,Marion,staged_only,,2.8,,OP
58943:1,Halifax (NC),NC,Halifax,staged_only,,20.0,,OP
58946:ENG1,Ameresco Dallas LLC,TX,Dallas,staged_only,,1.4,,OP
58946:ENG2,Ameresco Dallas LLC,TX,Dallas,staged_only,,1.4,,OP
58946:ENG3,Ameresco Dallas LLC,TX,Dallas,staged_only,,1.4,,OP
58947:TG101,Bristol Myers Squibb Lawrenceville,NJ,Mercer,staged_only,,4.3,,OP
58947:TG102,Bristol Myers Squibb Lawrenceville,NJ,Mercer,staged_only,,5.6,,OP
58949:TBD,Cloverdale Solar I,CA,Sonoma,staged_only,,1.5,,OP
58951:DRLS,Delilah Road Landfill,NJ,Atlantic,staged_only,,8.5,,OP
58952:DESS,Dessie Solar Center LLC,NC,Columbus,staged_only,,4.8,,OP
58953:RVSII,"Rockville Solar II, LLC",IN,Marion,staged_only,,2.7,,OP
58954:PV,Intel Folsom Phase 2,CA,Sacramento,staged_only,,1.0,,OP
58955:BEAR,BearPond Solar Center LLC,NC,Vance,staged_only,,4.8,,OP
58956:SHAN,Shankle Solar Center LLC,NC,Hoke,staged_only,,4.8,,OP
58957:GRAH,Graham Solar Center LLC,NC,Columbus,staged_only,,4.8,,OP
58958:CMLTW,Camelot Wind LLC,MA,Plymouth,staged_only,,1.5,,OP
58959:BSF1,Butler Solar Power Project,MO,Bates,staged_only,,2.8,,OP
58960:S200,Laguna Water Reclamation Facility,CA,Sonoma,staged_only,,1.1,,OP
58960:S201,Laguna Water Reclamation Facility,CA,Sonoma,staged_only,,1.1,,OP
58960:S202,Laguna Water Reclamation Facility,CA,Sonoma,staged_only,,1.1,,OP
58960:S203,Laguna Water Reclamation Facility,CA,Sonoma,staged_only,,1.1,,OP
58961:PV,Oregon University System OIT Klamath Fal,OR,Klamath,staged_only,,1.7,,OP
58963:PV,Las Virgenes Municipal Water District,CA,Los Angeles,staged_only,,1.0,,OP
58964:PV1,Technology Drive Solar,VT,Windham,staged_only,,2.0,,OP
58965:2,"Thunder Spirit Wind, LLC",ND,Adams,staged_only,,48.0,,OP
58965:THNDR,"Thunder Spirit Wind, LLC",ND,Adams,staged_only,,107.5,,OP
58966:T 1-6,Fairfield Wind,MT,Teton,staged_only,,10.0,,OP
58972:FHUA2,Fort Huachuca Solar PV Project,AZ,Cochise,staged_only,,4.1,,OP
58972:FHUAC,Fort Huachuca Solar PV Project,AZ,Cochise,staged_only,,13.6,,OP
58973:W2CA,White River Solar 2,CA,Tulare,staged_only,,19.8,,OP
58974:PV1,Fairview Farms Solar,MA,Franklin,staged_only,,2.0,,OP
58975:PV1,Henrietta Solar Project,CA,Kings,staged_only,,102.0,,OP
58977:WPG-1,Whitman,AK,Ketchikan Gateway,staged_only,,3.9,,OP
58977:WPG-2,Whitman,AK,Ketchikan Gateway,staged_only,,0.9,,OP
58979:CPHGN,Copenhagen Wind Farm,NY,Lewis,staged_only,,79.9,,OP
58980:2G-1,Akron WRF,OH,Summit,staged_only,,0.6,,OP
58980:2G-2,Akron WRF,OH,Summit,staged_only,,0.6,,OP
58980:2G-3,Akron WRF,OH,Summit,staged_only,,0.6,,OP
58981:BBII,"Broken Bow Wind II, LLC",NE,Custer,staged_only,,73.1,,OP
58982:GEN1,Allison Creek Hydro,AK,Valdez Cordova,staged_only,,6.5,,OP
58983:1,RE Camelot LLC,CA,Kern,staged_only,,45.0,,OP
58984:1,"RE Adams East, LLC",CA,Fresno,staged_only,,19.0,,OP
58985:1,"RE Kansas Solar, LLC",CA,Kings,staged_only,,20.0,,OP
58986:1,"RE Old River One, LLC",CA,Kern,staged_only,,20.0,,OP
58989:EGS01,Eklutna Generation Station,AK,Anchorage,staged_only,,17.1,,OP
58989:EGS02,Eklutna Generation Station,AK,Anchorage,staged_only,,17.1,,OP
58989:EGS03,Eklutna Generation Station,AK,Anchorage,staged_only,,17.1,,OP
58989:EGS04,Eklutna Generation Station,AK,Anchorage,staged_only,,17.1,,OP
58989:EGS05,Eklutna Generation Station,AK,Anchorage,staged_only,,17.1,,OP
58989:EGS06,Eklutna Generation Station,AK,Anchorage,staged_only,,17.1,,OP
58989:EGS07,Eklutna Generation Station,AK,Anchorage,staged_only,,17.1,,OP
58989:EGS08,Eklutna Generation Station,AK,Anchorage,staged_only,,17.1,,OP
58989:EGS09,Eklutna Generation Station,AK,Anchorage,staged_only,,17.1,,OP
58989:EGS10,Eklutna Generation Station,AK,Anchorage,staged_only,,17.1,,OP
58990:1,"RE Columbia Two, LLC",CA,Kern,staged_only,,15.0,,OP
58991:1,"RE Kent South, LLC",CA,Kings,staged_only,,20.0,,OP
58992:WND-1,Dept of Corrections NCCI Wind,MA,Worcester,staged_only,,1.7,,OP
58992:WND-2,Dept of Corrections NCCI Wind,MA,Worcester,staged_only,,1.7,,OP
58994:BWP,Breckinridge Wind Project LLC,OK,Garfield,staged_only,,98.8,,OP
58995:OLFWT,St. Olaf Wind Turbine,MN,Rice,staged_only,,1.6,,OP
58998:GWWP,Goodwell Wind Project LLC,OK,Texas,staged_only,,200.0,,OP
58999:LEWP,Little Elk Wind Project LLC,OK,Washita,staged_only,,74.0,,OP
59001:PARK,Parkland Landfill Solar,NJ,Burlington,staged_only,,7.8,,OP
59002:CEC 6,Carlsbad Energy Center,CA,San Diego,staged_only,,131.8,,OP
59002:CEC 7,Carlsbad Energy Center,CA,San Diego,staged_only,,131.8,,OP
59002:CEC 8,Carlsbad Energy Center,CA,San Diego,staged_only,,131.8,,OP
59002:CEC 9,Carlsbad Energy Center,CA,San Diego,staged_only,,131.8,,OP
59002:CEC10,Carlsbad Energy Center,CA,San Diego,staged_only,,131.8,,OP
59003:1,Two Dot Wind Farm,MT,Wheatland,staged_only,,9.7,,OP
59004:GEN1,"Potomac Energy Center, LLC",VA,Loudoun,staged_only,,237.0,,OP
59004:GEN2,"Potomac Energy Center, LLC",VA,Loudoun,staged_only,,237.0,,OP
59004:GEN3,"Potomac Energy Center, LLC",VA,Loudoun,staged_only,,338.0,,OP
59005:MAR1,Mariah del Norte,TX,Parmer,staged_only,,230.4,,OP
59008:PV1,Woodmere Solar Farm,CA,Kern,staged_only,,15.0,,OP
59009:PV1,Hayworth Solar,CA,Kern,staged_only,,27.0,,OP
59010:MSS1,Macho Springs,NM,Luna,staged_only,,55.0,,OP
59011:CAT,Southbridge Landfill Gas-to-Energy,MA,Worcester,staged_only,,1.6,,OP
59012:TURB1,Walt Bailey Bioenergy Facility,DC,District of Columbia,staged_only,,4.7,,OP
59012:TURB2,Walt Bailey Bioenergy Facility,DC,District of Columbia,staged_only,,4.7,,OP
59012:TURB3,Walt Bailey Bioenergy Facility,DC,District of Columbia,staged_only,,4.7,,OP
59013:SCT,Scituate PV,MA,Plymouth,staged_only,,2.5,,OP
59014:BLT,Bolton PV,MA,Worcester,staged_only,,4.9,,OP
59015:STW,Stow PV,MA,Middlesex,staged_only,,2.0,,OP
59017:GEN 1,Carol Jean Solar,NC,Stokes,staged_only,,4.0,,OP
59018:1,East Chicago,IN,Lake,staged_only,,2.0,,OP
59019:1,Griffith,IN,Lake,staged_only,,2.0,,OP
59020:GB36M,Gila Bend Hybrid,AZ,Maricopa,staged_only,,32.0,,OP
59020:PV1,Gila Bend Hybrid,AZ,Maricopa,staged_only,,36.0,,OP
59021:HOO1,Hoopeston Wind LLC,IL,Vermilion,staged_only,,98.0,,OP
59024:N-54,"Euclid Farm, Stamco N-54",OH,Cuyahoga,staged_only,,1.0,,OP
59026:SOLAR,Back River Waste Water Treatment,MD,Baltimore City,staged_only,,0.8,,OP
59028:0028,Agawam Solar,MA,Hampden,staged_only,,1.5,,OP
59029:0040,Rehoboth Solar,MA,Bristol,staged_only,,2.0,,OP
59030:0036,Chicopee Solar,MA,Hampden,staged_only,,3.0,,OP
59031:0027,Route 57 Solar,MA,Hampden,staged_only,,1.5,,OP
59032:0031,EBZ Solar,MA,Middlesex,staged_only,,2.5,,OP
59033:0024,Whately Solar,MA,Franklin,staged_only,,1.5,,OP
59034:SHAN1,Shannon Wind,TX,Clay,staged_only,,204.0,,OP
59035:MKA1,"Biomass to Energy Facility, Kauai",HI,Kauai,staged_only,,9.3,,OP
59035:XKA1,"Biomass to Energy Facility, Kauai",HI,Kauai,staged_only,,0.5,,OP
59035:XKA2,"Biomass to Energy Facility, Kauai",HI,Kauai,staged_only,,0.5,,OP
59037:GEN 1,Hiilangaay Hydro,AK,Prince of Wales Ketchikan,staged_only,,5.0,,OP
59038:GEN1,Battleground,NC,Cleveland,staged_only,,3.5,,OP
59039:GEN 1,Beulaville,NC,Duplin,staged_only,,2.0,,OP
59040:GEN 7,Ball Mountain Hydro,VT,Windham,staged_only,,0.2,,OP
59040:GEN 8,Ball Mountain Hydro,VT,Windham,staged_only,,0.2,,OP
59040:GEN 9,Ball Mountain Hydro,VT,Windham,staged_only,,0.2,,OP
59040:GEN10,Ball Mountain Hydro,VT,Windham,staged_only,,0.2,,OP
59040:GEN11,Ball Mountain Hydro,VT,Windham,staged_only,,0.2,,OP
59040:GEN12,Ball Mountain Hydro,VT,Windham,staged_only,,0.2,,OP
59042:GEN 1,Ellerbe,NC,Richmond,staged_only,,2.0,,OP
59043:PV1,West Davisville Solar,RI,Washington,staged_only,,2.0,,OP
59044:RRSF,Rio Rico Solar,AZ,Santa Cruz,staged_only,,6.0,,OP
59045:JEC1,Jameson Energy Center,KS,Finney,staged_only,,9.2,,OP
59045:JEC2,Jameson Energy Center,KS,Finney,staged_only,,9.2,,OP
59045:JEC3,Jameson Energy Center,KS,Finney,staged_only,,9.2,,OP
59046:PV1,651 Chase Solar NG,MA,Worcester,staged_only,,2.5,,OP
59049:PS01,Whitcomb Solar Farm,VT,Chittenden,staged_only,,2.2,,OP
59050:GEN 1,Wallace,NC,Duplin,staged_only,,2.0,,OP
59051:GEN 1,Kenansville,NC,Duplin,staged_only,,2.0,,OP
59052:GEN 1,Fairmont-FLS 100,NC,Robeson,staged_only,,4.0,,OP
59053:WT1,Michelangelo Wind 3 LLC,IA,Story,staged_only,,3.0,,OP
59055:PV1,Rariton OMP,NJ,Somerset,staged_only,,1.7,,OP
59056:GEN 1,Spring House,PA,Montgomery,staged_only,,3.8,,OP
59057:GEN 1,Skillman,NJ,Somerset,staged_only,,1.1,,OP
59059:GEN 1,Raritan ITS,NJ,Somerset,staged_only,,2.0,,OP
59060:WWPV,Waste Water Treatment Plant,MA,Berkshire,staged_only,,1.5,,OP
59061:WT1,Radfords Run Wind Farm,IL,Dewitt,staged_only,,278.0,,OP
59063:WT1,Stella Wind Farm,TX,Kenedy,staged_only,,201.0,,OP
59065:WT1,Drift Sand Wind Project LLC,OK,Grady,staged_only,,108.0,,OP
59066:MVII,Bruennings Breeze Wind Farm,TX,Willacy,staged_only,,228.0,,OP
59068:GVII,"Colbeck's Corner, LLC",TX,Carson,staged_only,,200.0,,OP
59070:WT 1,Jericho Power,NH,Coos,staged_only,,14.3,,OP
59071:WT 1,Carroll Area Wind Farm,IA,Carroll,staged_only,,20.7,,OP
59075:BRE1,Brewster Landfill,MA,Barnstable,staged_only,,1.0,,OP
59076:WT1,Chopin Wind LLC,OR,Umatilla,staged_only,,10.0,,OP
59077:CHA,Chatham Landfill,MA,Barnstable,staged_only,,1.5,,OP
59078:HAR1,Harwich Landfill,MA,Barnstable,staged_only,,4.0,,OP
59079:KAT1,Katama Farm,MA,Dukes,staged_only,,1.0,,OP
59080:NUN1,Nunnepog,MA,Dukes,staged_only,,1.0,,OP
59081:HAR1,Barnstable Landfill,MA,Barnstable,staged_only,,4.0,,OP
59082:DEN1,Dennis Landfill,MA,Barnstable,staged_only,,5.0,,OP
59083:WT1,Limon III Wind LLC,CO,Lincoln,staged_only,,200.6,,OP
59084:RPMA,Marshall Wind Farm,KS,Marshall,staged_only,,73.8,,OP
59085:INV-1,Lepomis PV Energy LLC,MA,Plymouth,staged_only,,4.5,,OP
59086:GEN1,"Cottonwood Solar, LLC (Goose Lake)",CA,Kern,staged_only,,12.0,,OP
59087:GEN 1,"Cottonwood Solar, LLC (City of Corcoran)",CA,Kings,staged_only,,12.0,,OP
59088:GEN 1,Calipatria Solar Farm,CA,Imperial,staged_only,,20.0,,OP
59090:GEN1,Rockland Solar CSG,MA,Plymouth,staged_only,,2.0,,OP
59093:10,Holland Energy Park,MI,Ottawa,staged_only,,53.1,,OP
59093:11,Holland Energy Park,MI,Ottawa,staged_only,,53.1,,OP
59093:12,Holland Energy Park,MI,Ottawa,staged_only,,43.2,,OP
59094:GEN 1,Division 1,CA,Los Angeles,staged_only,,1.5,,OP
59095:GEN 1,Division 2,CA,Los Angeles,staged_only,,1.0,,OP
59096:GEN1,Division 3,CA,Los Angeles,staged_only,,1.0,,OP
59097:PV1,Berry Plastics Solar,NJ,Warren,staged_only,,9.8,,OP
59098:PV1,Kettering Solar 1,CA,Los Angeles,staged_only,,1.0,,OP
59099:PV1,Kettering Solar 2,CA,Los Angeles,staged_only,,1.0,,OP
59100:1,Chauncey Farm LLC,NC,Columbus,staged_only,,4.9,,OP
59102:1,Dragstrip Farm,NC,Burke,staged_only,,5.0,,OP
59103:1,Fremont Farm LLC,NC,Wayne,staged_only,,5.0,,OP
59105:1,Market Farm,NC,Rockingham,staged_only,,4.9,,OP
59106:1,Snow Hill Solar 2 LLC,NC,Greene,staged_only,,2.0,,OP
59107:1,Mount Olive Farm,NC,Wayne,staged_only,,5.0,,OP
59109:1,Spicewood Solar Farm LLC,NC,Moore,staged_only,,5.0,,OP
59110:1,Springfield Solar 1 LLC,MO,Greene,staged_only,,4.9,,OP
59111:1,West Salisbury Farm LLC,NC,Rowan,staged_only,,5.0,,OP
59112:1,West Siler,NC,Chatham,staged_only,,5.0,,OP
59113:1,Yanceyville Farm 2 LLC,NC,Caswell,staged_only,,5.0,,OP
59114:1,Redmon Solar Farm LLC,NC,Rowan,staged_only,,2.0,,OP
59115:1,Anderson Farm LLC,NC,Sampson,staged_only,,1.9,,OP
59116:V1021,Woodbine Landfill Plant,NJ,Cape May,staged_only,,1.1,,OP
59117:PV1,DD Fayetteville Solar NC LLC,NC,Bladen,staged_only,,23.1,,OP
59118:CAM1,Cameron Wind 1 LLC,TX,Cameron,staged_only,,165.0,,OP
59118:SABAL,Cameron Wind 1 LLC,TX,Cameron,staged_only,,16.4,,OP
59119:PV1,Warsaw I,NC,Duplin,staged_only,,2.0,,OP
59120:PV1,Warsaw II,NC,Duplin,staged_only,,2.0,,OP
59121:57449,Acushnet-Braley Road 1,MA,Bristol,staged_only,,1.9,,OP
59122:ECA11,Enerparc CA1 LLC,CA,San Benito,staged_only,,1.5,,OP
59123:1,Moncure Farm LLC,NC,Chatham,staged_only,,3.0,,OP
59124:1,Martin Creek Farm LLC,NC,Vance,staged_only,,3.0,,OP
59125:1,Kinston,NC,Lenoir,staged_only,,2.0,,OP
59126:1,Daniel Farm LLC,NC,Davie,staged_only,,5.0,,OP
59127:1,Bailey Farm LLC,NC,Nash,staged_only,,5.0,,OP
59128:57449,Acushnet- High Hill,MA,Bristol,staged_only,,2.8,,OP
59129:57449,CSD 2- Freedom High,CA,Contra Costa,staged_only,,0.9,,OP
59130:57449,CSD 2 - Heritage High,CA,Contra Costa,staged_only,,1.3,,OP
59131:57449,Dartmouth Landfill,MA,Bristol,staged_only,,1.1,,OP
59132:57449,EAFB - North Base,CA,Kern,staged_only,,1.0,,OP
59133:57449,EAFB - South Base,CA,Kern,staged_only,,1.0,,OP
59134:57449,Easton Landfill,MA,Bristol,staged_only,,1.6,,OP
59135:57449,Ludlow Landfill,MA,Hampden,staged_only,,2.3,,OP
59136:57449,Methuen Landfill,MA,Essex,staged_only,,1.1,,OP
59137:57449,Plymouth Site 1,MA,Plymouth,staged_only,,4.0,,OP
59138:57449,SDCCD - Miramar,CA,San Diego,staged_only,,1.0,,OP
59139:57449,SDCWA - Twin Oaks,CA,San Diego,staged_only,,1.0,,OP
59140:INV-1,EDF Lancaster,MA,Worcester,staged_only,,4.5,,OP
59143:FR-1,Front Range Project,CO,Weld,staged_only,,3.2,,OP
59144:15755,Brighton PV Solar Plant,CO,Adams,staged_only,,1.8,,OP
59145:65GTG,Freeport LP Pretreatment Facility,TX,Brazoria,staged_only,,87.0,,OP
59146:PV1,XPF Solar Field,NC,Durham,staged_only,,3.0,,OP
59147:1,Fair Wind,MD,Garrett,staged_only,,30.0,,OP
59148:GREEN,Green Farm,NC,Martin,staged_only,,5.0,,OP
59149:SIMON,Simons Farm,NC,Hertford,staged_only,,5.0,,OP
59150:BESS1,RE Mustang LLC,CA,Kings,staged_only,,75.0,,OP
59150:PV1,RE Mustang LLC,CA,Kings,staged_only,,100.0,,OP
59152:THOR1,Thornton PV1,NC,Greene,staged_only,,5.0,,OP
59153:WAT1,Watson Seed Farm PV1,NC,Nash,staged_only,,20.0,,OP
59154:BRAD1,Bradley PV1,NC,Hertford,staged_only,,5.0,,OP
59155:SHAW1,Shawboro PV1,NC,Currituck,staged_only,,20.0,,OP
59156:CTR1,Carter PV1,NC,Cumberland,staged_only,,5.0,,OP
59157:PEC1,Pecan PV1,NC,Richmond,staged_only,,5.0,,OP
59158:LNG1,Langley PV1,NC,Wilson,staged_only,,5.0,,OP
59162:MSC 1,Mariposa Solar Center LLC,NC,Gaston,staged_only,,5.0,,OP
59163:HSC 1,Highland Solar Center LLC,NC,Lenoir,staged_only,,5.0,,OP
59164:NSC 1,Elm City Solar Facility,NC,Wilson,staged_only,,40.0,,OP
59166:BRIDG,Bridgeport Disposal Solar Farm,NJ,Gloucester,staged_only,,1.2,,OP
59167:LS1,Lancaster Solar 1,CA,Los Angeles,staged_only,,1.5,,OP
59168:AS,Avalon Solar,AZ,Pima,staged_only,,29.0,,OP
59169:LS2,Lancaster Solar 2,CA,Los Angeles,staged_only,,1.5,,OP
59170:5MWPV,Jakana Solar,NC,Martin,staged_only,,5.0,,OP
59171:5MWPV,Windsor Solar,NC,Bertie,staged_only,,5.0,,OP
59172:PV1,Belmont,IN,Marion,staged_only,,3.8,,OP
59173:5MWPV,Bethel Solar,NC,Pitt,staged_only,,5.0,,OP
59174:5MWPV,Lewiston Solar,NC,Bertie,staged_only,,5.0,,OP
59175:5MWPV,Woodland Solar,NC,Northampton,staged_only,,5.0,,OP
59176:5MWPV,Williamston Solar,NC,Martin,staged_only,,5.0,,OP
59177:5MWPV,Winton Solar,NC,Hertford,staged_only,,5.0,,OP
59178:KRS04,Franklin 1,MA,Norfolk,staged_only,,3.0,,OP
59179:KRS05,Franklin 2,MA,Norfolk,staged_only,,4.0,,OP
59180:PV1,Marion Solar LNG,IN,Marion,staged_only,,1.5,,OP
59181:00001,AgriReNew,IA,Scott,staged_only,,1.0,,OP
59182:10-94,Hesperia,CA,San Bernardino,staged_only,,1.5,,OP
59183:PV1,"CID Solar, LLC",CA,Kings,staged_only,,20.0,,OP
59184:PV1,Mulberry Farm LLC,TN,McNairy,staged_only,,15.8,,OP
59185:PV1,Jacobstown,NJ,Burlington,staged_only,,5.0,,OP
59186:PV1,West Pemberton,NJ,Burlington,staged_only,,7.0,,OP
59187:B&H80,Beethoven Wind,SD,Bon Homme,staged_only,,80.0,,OP
59188:PV1,Selmer Farm LLC,TN,McNairy,staged_only,,15.8,,OP
59189:1,East Wayne Solar LLC,NC,Wayne,staged_only,,2.0,,OP
59190:1,Vickers,NC,Chatham,staged_only,,2.0,,OP
59191:1,Soluga Farms 1,NC,Sampson,staged_only,,5.0,,OP
59192:1,Soluga Farms 2 LLC,NC,Bladen,staged_only,,5.0,,OP
59193:CHA1,Chapman Ranch Wind I,TX,Nueces,staged_only,,236.0,,OP
59197:CTG-1,Univ Minnesota CHP Plant,MN,Hennepin,staged_only,,21.0,,OP
59198:STER3,Sterling PV 3,CO,Logan,staged_only,,1.6,,OP
59199:MESA1,Mesa PV1,CO,Mesa,staged_only,,1.6,,OP
59200:1,Border Winds Wind Farm,ND,Rolette,staged_only,,150.0,,OP
59201:1,Pleasant Valley Wind Farm,MN,Mower,staged_only,,200.0,,OP
59203:PV1,Farmersville,CA,Tulare,staged_only,,1.5,,OP
59203:PV2,Farmersville,CA,Tulare,staged_only,,1.5,,OP
59203:PV3,Farmersville,CA,Tulare,staged_only,,1.5,,OP
59204:OCIA3,OCI Alamo 3 LLC,TX,Bexar,staged_only,,5.5,,OP
59205:OCIA5,OCI Alamo 5 LLC,TX,Uvalde,staged_only,,100.0,,OP
59206:OCIA6,Alamo 6,TX,Pecos,staged_only,,105.0,,OP
59207:OCIA7,OCI Alamo 7 LLC,TX,Haskell,staged_only,,100.0,,OP
59213:PV1,Clipperton Holdings LLC,NC,Sampson,staged_only,,5.0,,OP
59217:PV1,Tiburon Holdings,NC,Davie,staged_only,,5.0,,OP
59219:PV1,Porterville 6 and 7,CA,Tulare,staged_only,,1.5,,OP
59219:PV2,Porterville 6 and 7,CA,Tulare,staged_only,,1.5,,OP
59220:CT1,Wildcat Point Generation Facility,MD,Cecil,staged_only,,310.3,,OP
59220:CT2,Wildcat Point Generation Facility,MD,Cecil,staged_only,,310.3,,OP
59220:ST1,Wildcat Point Generation Facility,MD,Cecil,staged_only,,493.0,,OP
59221:GEN1,Pecan Row Landfill To Electric Facility,GA,Lowndes,staged_only,,1.6,,OP
59221:GEN2,Pecan Row Landfill To Electric Facility,GA,Lowndes,staged_only,,1.6,,OP
59221:GEN3,Pecan Row Landfill To Electric Facility,GA,Lowndes,staged_only,,1.6,,OP
59221:GM04,Pecan Row Landfill To Electric Facility,GA,Lowndes,staged_only,,1.6,,OP
59222:Q357,Passadumkeag Windpark LLC,ME,Penobscot,staged_only,,42.9,,OP
59223:WT1,Optimum Wind 5 LLC,IA,Story,staged_only,,3.0,,OP
59224:WT1,Optimum Wind 6 LLC,IA,Story,staged_only,,3.0,,OP
59225:WT1,Optimum Wind 7 LLC,IA,Story,staged_only,,3.0,,OP
59226:WT1,Optimum Wind 4 LLC,IA,Story,staged_only,,3.0,,OP
59227:WT1,Optimum Wind 3 LLC,IA,Story,staged_only,,3.0,,OP
59228:WT1,Leonardo Wind 1 LLC,IA,Hardin,staged_only,,3.0,,OP
59230:WT1,Venus Wind 3 LLC,IA,Poweshiek,staged_only,,3.0,,OP
59231:WT1,Michelangelo Wind 1 LLC,IA,Story,staged_only,,3.0,,OP
59232:WT1,Michelangelo Wind 4 LLC,IA,Boone,staged_only,,3.0,,OP
59233:CT2,Cogeneration 2,AZ,Pima,staged_only,,5.5,,OP
59234:GEN1,Arbuckle Mountain Wind Farm LLC,OK,Murray,staged_only,,100.0,,OP
59235:GEN1,Rising Tree Wind Farm II,CA,Kern,staged_only,,19.8,,OP
59236:GEN1,Rising Tree Wind Farm III,CA,Kern,staged_only,,99.0,,OP
59237:CPII,Lone Valley Solar Park II LLC,CA,San Bernardino,staged_only,,20.0,,OP
59238:WND2,Windthorst-2,TX,Archer,staged_only,,67.6,,OP
59239:ESS01,Eagle Springs Solar LLC,CO,Garfield,staged_only,,1.0,,OP
59240:G1,Port Charlotte Energy LLC,FL,Charlotte,staged_only,,1.5,,OP
59240:G2,Port Charlotte Energy LLC,FL,Charlotte,staged_only,,1.5,,OP
59241:BROCK,Brockelman,MA,Worcester,staged_only,,3.0,,OP
59242:BVRLY,Beverly,MA,Essex,staged_only,,2.0,,OP
59244:FIBE1,Lorenzo Wind,TX,Crosby,staged_only,,80.0,,OP
59245:FLUV1,Fluvanna,TX,Scurry,staged_only,,155.4,,OP
59246:GOOD1,Goodnight,TX,Armstrong,staged_only,,265.5,,OP
59247:HALE1,Hale Community Wind Farm,TX,Hale,staged_only,,478.0,,OP
59248:CCMUA,CCMUA,NJ,Camden,staged_only,,1.5,,OP
59249:PV1,Rio Bravo Solar 1 LLC,CA,Kern,staged_only,,20.0,,OP
59250:PV1,Rio Bravo Solar II LLC,CA,Kern,staged_only,,20.0,,OP
59251:PV1,Caprock Solar 1 LLC,NM,Quay,staged_only,,25.0,,OP
59253:PV1,Wildwood Solar II,CA,Kern,staged_only,,15.0,,OP
59254:GENS1,Johnston LFG Turbine Plant,RI,Providence,staged_only,,10.5,,OP
59254:GENT1,Johnston LFG Turbine Plant,RI,Providence,staged_only,,6.3,,OP
59254:GENT2,Johnston LFG Turbine Plant,RI,Providence,staged_only,,6.3,,OP
59254:GENT3,Johnston LFG Turbine Plant,RI,Providence,staged_only,,6.3,,OP
59254:GENT4,Johnston LFG Turbine Plant,RI,Providence,staged_only,,6.3,,OP
59260:HV3,"Hidden View Dairy, LLC",IN,Jasper,staged_only,,1.0,,OP
59262:LLRC,Lancaster Little Rock,CA,Los Angeles,staged_only,,5.0,,OP
59265:PV8,Merced Solar LLC,CA,Merced,staged_only,,1.5,,OP
59267:PV9,Mission Solar LLC,CA,Merced,staged_only,,1.5,,OP
59268:PV10,Hollister Solar LLC,CA,San Benito,staged_only,,1.5,,OP
59269:VMLB2,Victor Mesa Linda B2,CA,San Bernardino,staged_only,,1.5,,OP
59270:VMLC2,Victor Mesa Linda C2,CA,San Bernardino,staged_only,,1.5,,OP
59271:VMLD2,Victor Mesa Linda D2,CA,San Bernardino,staged_only,,1.5,,OP
59272:VMLE2,Victor Mesa Linda E2,CA,San Bernardino,staged_only,,1.5,,OP
59273:PALME,SEPV Palmdale East,CA,Los Angeles,staged_only,,10.0,,OP
59274:SUTTG,Sutter Greenworks LLC,NY,Suffolk,staged_only,,5.0,,OP
59275:STERG,Sterlington Greenworks LLC,NY,Suffolk,staged_only,,1.3,,OP
59276:LEAVG,Leavenworth Greenworks LLC,NY,Suffolk,staged_only,,9.5,,OP
59277:MED1,Medford WWTP,NJ,Burlington,staged_only,,1.3,,OP
59278:REEV1,Reeves South,NJ,Burlington,staged_only,,1.0,,OP
59279:LFT01,Life Technologies - Pleasanton,CA,Alameda,staged_only,,1.1,,OP
59280:KLG00,Kellogg's - San Jose,CA,Santa Clara,staged_only,,1.1,,OP
59283:W4236,California PV Energy at ISD WWTP,CA,Contra Costa,staged_only,,1.0,,OP
59284:GE1.7,Mammoth Plains,OK,Dewey,staged_only,,226.1,,OP
59292:RCWP,Rattlesnake Creek Wind Project,NE,Dixon,staged_only,,318.1,,OP
59295:NKG1,WED NK Green,RI,Washington,staged_only,,1.5,,OP
59296:NWO-B,Northwest Ohio Wind,OH,Paulding,staged_only,,0.8,,OP
59296:NWO-S,Northwest Ohio Wind,OH,Paulding,staged_only,,4.0,,OP
59296:NWOH1,Northwest Ohio Wind,OH,Paulding,staged_only,,105.0,,OP
59297:CARRI,Carrier Clinic,NJ,Somerset,staged_only,,1.5,,OP
59299:RED1,Waste Mangement Redwood LFGTE,CA,Marin,staged_only,,2.0,,OP
59299:RED2,Waste Mangement Redwood LFGTE,CA,Marin,staged_only,,2.0,,OP
59300:HAN1,Hanford 1 and 2,CA,Kings,staged_only,,1.5,,OP
59300:HAN2,Hanford 1 and 2,CA,Kings,staged_only,,1.5,,OP
59301:WEDC1,WED Coventry 1,RI,Kent,staged_only,,1.5,,OP
59302:COV2,WED Coventry 2,RI,Kent,staged_only,,1.5,,OP
59302:COV2A,WED Coventry 2,RI,Kent,staged_only,,1.5,,OP
59302:COV2B,WED Coventry 2,RI,Kent,staged_only,,1.5,,OP
59305:WEDC3,WED Coventry 3,RI,Kent,staged_only,,1.5,,OP
59306:WEDC4,WED Coventry 4,RI,Kent,staged_only,,1.5,,OP
59308:BEAC5,Beacon Solar Plant Site 5,CA,Kern,staged_only,,37.8,,OP
59309:BEAC2,Beacon Solar Plant Site 2,CA,Kern,staged_only,,47.3,,OP
59310:GEN1,Black Oak Power Producers,MO,Wright,staged_only,,2.0,,OP
59310:GEN2,Black Oak Power Producers,MO,Wright,staged_only,,2.0,,OP
59311:SEIL1,Seiling Wind I,OK,Dewey,staged_only,,199.0,,OP
59312:SEIL2,Seiling Wind II,OK,Dewey,staged_only,,98.6,,OP
59313:COV5,WED Coventry 5,RI,Kent,staged_only,,1.5,,OP
59314:COV6,WED Coventry 6,RI,Kent,staged_only,,1.5,,OP
59314:COV6A,WED Coventry 6,RI,Kent,staged_only,,1.5,,OP
59314:COV6B,WED Coventry 6,RI,Kent,staged_only,,1.5,,OP
59315:BEAC1,Hecate Energy Beacon Solar 1,CA,Kern,staged_only,,56.0,,OP
59316:BEAC3,Hecate Energy Beacon Solar 3,CA,Kern,staged_only,,56.0,,OP
59317:BEAC4,Hecate Energy Beacon Solar 4,CA,Kern,staged_only,,50.0,,OP
59318:NRUN1,North Run,NJ,Burlington,staged_only,,5.0,,OP
59319:ROCK1,Rock Solid,NJ,Monmouth,staged_only,,8.0,,OP
59320:GEN1,Los Vientos Windpower III,TX,Starr,staged_only,,200.0,,OP
59321:GEN1,Los Vientos Windpower IV,TX,Starr,staged_only,,200.0,,OP
59322:GEN1,Pumpjack Solar I,CA,Kern,staged_only,,20.0,,OP
59323:SMUPV,Sacramento (SMUD),CA,Sacramento,staged_only,,1.4,,OP
59324:MCCO1,MCCo Solar Generating Facility,OH,Cuyahoga,staged_only,,1.0,,OP
59325:KMEC1,Kings Mountain Energy Center,NC,Cleveland,staged_only,,310.2,,OP
59325:KMEC2,Kings Mountain Energy Center,NC,Cleveland,staged_only,,233.7,,OP
59326:MEC1,Middletown Energy Center,OH,Butler,staged_only,,310.2,,OP
59326:MEC2,Middletown Energy Center,OH,Butler,staged_only,,233.7,,OP
59327:GEN1,Marlboro Mushrooms Solar Field,PA,Chester,staged_only,,1.0,,OP
59328:GAC1,Golden Acorn Casino,CA,San Diego,staged_only,,1.0,,OP
59329:SOL1,City of Soledad Water Reclamation,CA,Monterey,staged_only,,1.0,,OP
59330:TAY1,Taylor Farms,CA,Monterey,staged_only,,1.0,,OP
59331:ANB2,Anheuser-Busch #2,CA,Solano,staged_only,,1.6,,OP
59332:MSCRK,Mesquite Creek Wind,TX,Dawson,staged_only,,211.2,,OP
59333:FAIS1,Faison Solar,NC,Duplin,staged_only,,2.0,,OP
59334:INV-1,"Catalina Solar 2, LLC",CA,Kern,staged_only,,18.0,,OP
59335:GEN1,MCLB Landfill Gas to Energy,GA,Dougherty,staged_only,,1.9,,OP
59337:HHS1,Harrell's Hill Solar Center LLC,NC,Wayne,staged_only,,5.0,,OP
59338:CTG1,Gila River Power Block 1,AZ,Maricopa,staged_only,,174.0,,OP
59338:CTG2,Gila River Power Block 1,AZ,Maricopa,staged_only,,174.0,,OP
59338:ST9,Gila River Power Block 1,AZ,Maricopa,staged_only,,271.0,,OP
59339:SSC13,Quinto Solar PV Project,CA,Merced,staged_only,,108.0,,OP
59357:FRNCS,Dorena Hydro-Electric Facility,OR,Lane,staged_only,,1.4,,OP
59357:KAPLN,Dorena Hydro-Electric Facility,OR,Lane,staged_only,,6.1,,OP
59358:MA2,Devens,MA,Middlesex,staged_only,,3.0,,OP
59359:10400,SCE-Snowline-Duncan Road (North),CA,San Bernardino,staged_only,,1.5,,OP
59360:11113,SCE-Snowline-Duncan Road (South),CA,San Bernardino,staged_only,,1.0,,OP
59361:PV1,Browne Solar LLC,MA,Hampden,staged_only,,1.0,,OP
59362:PV1,Indian Hill Solar LLC,MA,Hampden,staged_only,,1.0,,OP
59363:PV1,State Street Solar LLC,MA,Hampden,staged_only,,1.0,,OP
59364:PV1,Plainfield One Solar LLC,NJ,Somerset,staged_only,,1.3,,OP
59365:PV1,24 Applegate Solar LLC,NJ,Mercer,staged_only,,2.6,,OP
59366:PV1,G&S Wantage Solar LLC,NJ,Sussex,staged_only,,8.5,,OP
59367:PV1,Engelhard Solar LLC,NJ,Middlesex,staged_only,,0.8,,OP
59368:PV1,Westborough Solar LLC,MA,Worcester,staged_only,,1.8,,OP
59370:PV1,4 Applegate Solar LLC,NJ,Mercer,staged_only,,1.4,,OP
59371:PV1,12 Applegate Solar LLC,NJ,Mercer,staged_only,,1.5,,OP
59373:1,Broshco Fabricated Products,OH,Richland,staged_only,,1.2,,OP
59373:2,Broshco Fabricated Products,OH,Richland,staged_only,,1.2,,OP
59373:3,Broshco Fabricated Products,OH,Richland,staged_only,,1.2,,OP
59373:4,Broshco Fabricated Products,OH,Richland,staged_only,,1.1,,OP
59374:OMSLR,Old Mill Solar,OR,Klamath,staged_only,,5.0,,OP
59375:ROSE1,Rose Hill,NC,Duplin,staged_only,,2.0,,OP
59376:DUNN1,Dunn,NC,Harnett,staged_only,,2.0,,OP
59377:CARY1,South Cary WRF Solar Array,NC,Wake,staged_only,,1.5,,OP
59380:WLD1,"Wildwood Solar I, LLC",CA,Kern,staged_only,,19.5,,OP
59383:KATO,"East Kansas Agri-Energy, LLC",KS,Anderson,staged_only,,2.0,,OP
59384:1,South Plains Wind Phase I,TX,Floyd,staged_only,,200.0,,OP
59386:ENTS1,"Enterprise Solar, LLC",UT,Iron,staged_only,,80.0,,OP
59387:ESCS1,"Escalante Solar I, LLC",UT,Beaver,staged_only,,80.0,,OP
59388:ESCS2,"Escalante Solar II, LLC",UT,Beaver,staged_only,,80.0,,OP
59389:ESCS3,"Escalante Solar III, LLC",UT,Beaver,staged_only,,80.0,,OP
59390:TNE1,True North,MA,Essex,staged_only,,4.8,,OP
59391:ENG01,Red Gate Power Plant,TX,Hidalgo,staged_only,,18.7,,OP
59391:ENG02,Red Gate Power Plant,TX,Hidalgo,staged_only,,18.7,,OP
59391:ENG03,Red Gate Power Plant,TX,Hidalgo,staged_only,,18.7,,OP
59391:ENG04,Red Gate Power Plant,TX,Hidalgo,staged_only,,18.7,,OP
59391:ENG05,Red Gate Power Plant,TX,Hidalgo,staged_only,,18.7,,OP
59391:ENG06,Red Gate Power Plant,TX,Hidalgo,staged_only,,18.7,,OP
59391:ENG07,Red Gate Power Plant,TX,Hidalgo,staged_only,,18.7,,OP
59391:ENG08,Red Gate Power Plant,TX,Hidalgo,staged_only,,18.7,,OP
59391:ENG09,Red Gate Power Plant,TX,Hidalgo,staged_only,,18.7,,OP
59391:ENG10,Red Gate Power Plant,TX,Hidalgo,staged_only,,18.7,,OP
59391:ENG11,Red Gate Power Plant,TX,Hidalgo,staged_only,,18.7,,OP
59391:ENG12,Red Gate Power Plant,TX,Hidalgo,staged_only,,18.7,,OP
59392:GEN1,Blue Ridge Generating,KY,Estill,staged_only,,1.6,,OP
59393:ESNM1,Eubank Landfill Solar Array,NM,Bernalillo,staged_only,,2.0,,OP
59394:KRS03,Grafton Solar,MA,Worcester,staged_only,,1.5,,OP
59395:MM26,City of Tulare Water Facility,CA,Tulare,staged_only,,2.8,,OP
59395:MM27,City of Tulare Water Facility,CA,Tulare,staged_only,,3.0,,OP
59395:SC500,City of Tulare Water Facility,CA,Tulare,staged_only,,1.0,,OP
59395:SOLAR,City of Tulare Water Facility,CA,Tulare,staged_only,,2.4,,OP
59396:SHF01,Shaffer,MA,Middlesex,staged_only,,5.0,,OP
59404:1,Searchlight Solar,NV,Clark,staged_only,,17.5,,OP
59405:PV11,Diamond Valley Solar Project,CA,Riverside,staged_only,,1.3,,OP
59406:SYS1,Facile Solar,NC,Alamance,staged_only,,2.0,,OP
59407:NEW1,Newman Solar,TX,El Paso,staged_only,,10.5,,OP
59408:1,Shafter Solar LLC,CA,Kern,staged_only,,20.0,,OP
59409:SNL17,"Madelyn Solar, LLC",CA,San Bernardino,staged_only,,1.0,,OP
59410:SNL19,"Rudy Solar, LLC",CA,San Bernardino,staged_only,,1.5,,OP
59411:SNL18,"Mitchell Solar, LLC",CA,San Bernardino,staged_only,,1.5,,OP
59412:SKI20,Algonquin SKIC20 Solar LLC,CA,Kern,staged_only,,20.0,,OP
59413:C2CA,Corcoran Solar 2,CA,Kings,staged_only,,19.8,,OP
59414:AWCA,Atwell Island West Solar,CA,Tulare,staged_only,,20.0,,OP
59415:BMP1,Backus Microgrid Project,CT,New London,staged_only,,2.6,,OP
59415:BMP2,Backus Microgrid Project,CT,New London,staged_only,,2.6,,OP
59415:BMP3,Backus Microgrid Project,CT,New London,staged_only,,2.6,,OP
59415:BMP4,Backus Microgrid Project,CT,New London,staged_only,,2.6,,OP
59416:PV1,Anaheim Solar Energy Plant,CA,Orange,staged_only,,2.1,,OP
59417:WT1,Pleasant Hill Wind Energy Project,TX,Crosby,staged_only,,20.0,,OP
59421:11111,SCE-Snowline-White Road (South),CA,San Bernardino,staged_only,,1.5,,OP
59422:10401,SCE-Snowline-White Road (North),CA,San Bernardino,staged_only,,1.5,,OP
59423:10402,SCE-Snowline-White Rd (Central),CA,San Bernardino,staged_only,,1.5,,OP
59424:IND2A,IND Solar Farm (Phase IIA),IN,Marion,staged_only,,7.5,,OP
59425:ZE#4,Zimmerman Energy,IN,Marshall,staged_only,,1.6,,OP
59425:ZE-#1,Zimmerman Energy,IN,Marshall,staged_only,,2.0,,OP
59425:ZE-#2,Zimmerman Energy,IN,Marshall,staged_only,,2.0,,OP
59425:ZE-#3,Zimmerman Energy,IN,Marshall,staged_only,,2.0,,OP
59426:GKS1,GKS Solar,NC,Perquimans,staged_only,,5.0,,OP
59427:TMS1,Two Mile Solar,NC,Perquimans,staged_only,,5.0,,OP
59428:GENE1,Baker Creek Hydroelectric,CA,Humboldt,staged_only,,1.4,,OP
59428:GENE2,Baker Creek Hydroelectric,CA,Humboldt,staged_only,,0.1,,OP
59429:DOWN1,Downs Farm Solar,NC,Hertford,staged_only,,5.0,,OP
59430:MB-1,Solar Las Vegas MB-1,NV,Clark,staged_only,,4.9,,OP
59431:SSG1,Sierra Solar Greenworks,CA,Los Angeles,staged_only,,20.0,,OP
59432:DUK87,Duke Building 87,IN,Marion,staged_only,,2.7,,OP
59433:DUK98,Duke Building 98,IN,Marion,staged_only,,2.7,,OP
59434:DU129,Duke Building 129,IN,Marion,staged_only,,3.4,,OP
59435:OTE14,Oak Tree Energy,SD,Clark,staged_only,,19.5,,OP
59436:10,Lennon Generating,MI,Shiawassee,staged_only,,1.6,,OP
59436:7,Lennon Generating,MI,Shiawassee,staged_only,,1.6,,OP
59436:8,Lennon Generating,MI,Shiawassee,staged_only,,1.6,,OP
59436:9,Lennon Generating,MI,Shiawassee,staged_only,,1.6,,OP
59437:SWB-1,Stillwater B,ME,Penobscot,staged_only,,0.8,,OP
59437:SWB-2,Stillwater B,ME,Penobscot,staged_only,,0.8,,OP
59437:SWB-3,Stillwater B,ME,Penobscot,staged_only,,0.8,,OP
59438:ORB-1,Orono B,ME,Penobscot,staged_only,,1.3,,OP
59438:ORB-2,Orono B,ME,Penobscot,staged_only,,1.3,,OP
59438:ORB-3,Orono B,ME,Penobscot,staged_only,,1.3,,OP
59439:UNIT1,"COC Surry LFG, LLC",NC,Surry,staged_only,,1.6,,OP
59440:SAS,"Adelanto Solar II, LLC",CA,San Bernardino,staged_only,,7.0,,OP
59441:SAS,"Adelanto Solar, LLC",CA,San Bernardino,staged_only,,20.0,,OP
59442:1,Logans Gap Wind LLC,TX,Comanche,staged_only,,200.1,,OP
59443:WAS1,"TA-Acacia, LLC",CA,Los Angeles,staged_only,,20.0,,OP
59444:DS10M,Desert Star Hybrid,AZ,Maricopa,staged_only,,10.0,,OP
59444:PV1,Desert Star Hybrid,AZ,Maricopa,staged_only,,10.0,,OP
59445:PV1,St. Albans SPEED Project,VT,Franklin,staged_only,,2.0,,OP
59446:CRANB,Cranbury,NJ,Middlesex,staged_only,,5.0,,OP
59448:CGEN1,Waxdale,WI,Racine,staged_only,,3.5,,OP
59448:CGEN2,Waxdale,WI,Racine,staged_only,,3.5,,OP
59448:SITEA,Waxdale,WI,Racine,staged_only,,1.3,,OP
59448:SITEB,Waxdale,WI,Racine,staged_only,,0.4,,OP
59448:SITEC,Waxdale,WI,Racine,staged_only,,0.4,,OP
59448:WEC01,Waxdale,WI,Racine,staged_only,,1.5,,OP
59448:WEC02,Waxdale,WI,Racine,staged_only,,1.5,,OP
59449:DCSP1,Decatur County Solar Project,GA,Decatur,staged_only,,20.0,,OP
59450:DPSP1,"Decatur Parkway Solar Project, LLC",GA,Decatur,staged_only,,80.0,,OP
59451:PV2,CBC Solar Energy Gen Fac Phase 2,NC,Wake,staged_only,,2.5,,OP
59452:COGN2,East. Michigan Univ. Heating Plant,MI,Washtenaw,staged_only,,7.8,,OP
59453:GTG1B,Albany Medical Ctr Cogen Plant,NY,Albany,staged_only,,4.1,,OP
59454:VALEN,Valencia Solar,AZ,Pima,staged_only,,10.0,,OP
59455:TECHP,Tech Park Solar,AZ,Pima,staged_only,,5.0,,OP
59458:W-TG1,W Plant,CA,San Diego,staged_only,,4.6,,OP
59459:5088,Hickory Ridge Landfill Solar Project,GA,DeKalb,staged_only,,0.6,,OP
59460:KNG1,"Kay Wind, LLC",OK,Kay,staged_only,,299.0,,OP
59461:GEN01,"Bowerman Power LFG, LLC",CA,Orange,staged_only,,3.4,,OP
59461:GEN02,"Bowerman Power LFG, LLC",CA,Orange,staged_only,,3.4,,OP
59461:GEN03,"Bowerman Power LFG, LLC",CA,Orange,staged_only,,3.4,,OP
59461:GEN04,"Bowerman Power LFG, LLC",CA,Orange,staged_only,,3.4,,OP
59461:GEN05,"Bowerman Power LFG, LLC",CA,Orange,staged_only,,3.4,,OP
59461:GEN06,"Bowerman Power LFG, LLC",CA,Orange,staged_only,,3.4,,OP
59461:GEN07,"Bowerman Power LFG, LLC",CA,Orange,staged_only,,3.4,,OP
59462:DIA4,Denver Intl Airport IV Solar,CO,Denver,staged_only,,1.5,,OP
59463:1,Ayers Village Solar,MA,Essex,staged_only,,2.0,,OP
59464:2,Monson Solar,MA,Hampden,staged_only,,3.0,,OP
59465:1,Sullivan Solar,MA,Bristol,staged_only,,1.5,,OP
59466:3,Winchendon Solar,MA,Worcester,staged_only,,1.9,,OP
59467:GEN1,Coldwater Peaking Plant,MI,Branch,staged_only,,4.3,,OP
59467:GEN2,Coldwater Peaking Plant,MI,Branch,staged_only,,4.3,,OP
59467:GEN3,Coldwater Peaking Plant,MI,Branch,staged_only,,4.3,,OP
59468:HUBB,KS Solar Six LLC,MA,Worcester,staged_only,,2.0,,OP
59469:ALAMO,Alamo Solar,CA,San Bernardino,staged_only,,20.0,,OP
59470:CSR1,Cornell Snyder Road Solar Array,NY,Tompkins,staged_only,,1.8,,OP
59472:NVC7,Ft. Churchill PV,NV,Lyon,staged_only,,19.9,,OP
59473:AC2PV,Apple Campus 2 PV,CA,Santa Clara,staged_only,,14.4,,OP
59474:DCPV3,Apple Data Center PV3,NC,Catawba,staged_only,,17.5,,OP
59475:GE1.7,Palo Duro Wind,TX,Ochiltree,staged_only,,282.3,,OP
59476:VT001,Clarendon Solar Farm,VT,Rutland,staged_only,,2.0,,OP
59477:CSF1,Claire Solar Farm,VT,Chittenden,staged_only,,2.2,,OP
59478:SRICH,IMPA Richmond Solar Park,IN,Wayne,staged_only,,1.0,,OP
59479:SFRAN,IMPA Frankton Solar Park,IN,Madison,staged_only,,1.0,,OP
59480:SRENS,IMPA Rensselaer Solar Park,IN,Jasper,staged_only,,1.0,,OP
59481:SPERU,IMPA Peru Solar Park,IN,Miami,staged_only,,3.0,,OP
59482:STELL,IMPA Tell City Solar Park,IN,Perry,staged_only,,1.1,,OP
59483:SCRAW,IMPA Crawfordsville Solar Park,IN,Montgomery,staged_only,,3.0,,OP
59484:PV1,"Hadley Solar NG, LLC",MA,Hampshire,staged_only,,2.7,,OP
59485:PV2,"265 Pleasant Solar NG, LLC",MA,Worcester,staged_only,,1.0,,OP
59486:LANIE,Lanier Solar,NC,Duplin,staged_only,,4.9,,OP
59487:HIGHW,Highwater Solar I,NC,Wayne,staged_only,,4.9,,OP
59488:BEARF,Bearford Solar II,NC,Pender,staged_only,,4.9,,OP
59489:AWS1,Anthony Wayne Solar #1,OH,Lucas,staged_only,,1.7,,OP
59490:JCW,Jett Creek Windfarm (Burnt River),OR,Baker,staged_only,,10.0,,OP
59491:BCW,Benson Creek Windfarm (Burnt River),OR,Baker,staged_only,,10.0,,OP
59492:DCW,Durbin Creek Windfarm (Burnt River),OR,Baker,staged_only,,10.0,,OP
59493:PW,Prospector Windfarm (Burnt River),OR,Baker,staged_only,,10.0,,OP
59494:WSW,Willow Spring Windfarm (Burnt River),OR,Baker,staged_only,,10.0,,OP
59495:GRE01,Antares-GRE 314 East Lyme LLC,CT,New London,staged_only,,4.0,,OP
59496:ST601,BYUI Central Energy Facility,ID,Madison,staged_only,,5.6,,OP
59497:PV1,Andrew Solar,NC,Craven,staged_only,,5.0,,OP
59498:PV1,Tracy Solar,NC,Nash,staged_only,,10.0,,OP
59499:PV1,Candace Solar,NC,Johnston,staged_only,,5.0,,OP
59500:SARAH,Sarah Solar,NC,Franklin,staged_only,,5.0,,OP
59501:NITRO,Nitro Solar,NC,Johnston,staged_only,,5.0,,OP
59502:PV1,Melinda Solar,NC,Vance,staged_only,,5.0,,OP
59503:PV1,Jacob Solar,NC,Rockingham,staged_only,,5.0,,OP
59504:PV1,Porter Solar,NC,Craven,staged_only,,5.0,,OP
59505:PV1,Sun Devil Solar,NC,Warren,staged_only,,5.0,,OP
59506:PV1,Quincy Solar (NC),NC,Cumberland,staged_only,,4.0,,OP
59507:PV1,Kenneth Solar,NC,Warren,staged_only,,3.0,,OP
59508:PV1,Chei Solar,NC,Nash,staged_only,,5.0,,OP
59509:PV1,Murdock Solar,NC,Johnston,staged_only,,4.0,,OP
59510:PV1,Husky Solar,NC,Rockingham,staged_only,,5.0,,OP
59511:PV1,Beetle Solar,NC,Cleveland,staged_only,,4.0,,OP
59512:PV1,Happy Solar,NC,Johnston,staged_only,,4.0,,OP
59513:MEAD1,Meadows PV 1,NC,Martin,staged_only,,20.0,,OP
59514:FLAT1,Flat Meeks PV 1,NC,Martin,staged_only,,5.0,,OP
59515:BENT1,Benthall Bridge PV 1,NC,Hertford,staged_only,,5.0,,OP
59516:AMLEG,American Legion PV 1,NC,Halifax,staged_only,,16.0,,OP
59517:BAKE1,Baker PV 1,NC,Hertford,staged_only,,5.0,,OP
59518:GRAND,Grandy PV 1,NC,Currituck,staged_only,,20.0,,OP
59519:OLDC,Old Catawba PV 1,NC,Catawba,staged_only,,3.5,,OP
59520:MANN,Manning PV 1,NC,Alamance,staged_only,,5.0,,OP
59521:LTLRV,Little River PV 1,NC,Randolph,staged_only,,5.0,,OP
59522:FRGSP,Giffen Solar Park,CA,Fresno,staged_only,,20.0,,OP
59523:FRFSP,Five Points Solar Park,CA,Fresno,staged_only,,60.0,,OP
59524:FRBSP,Blackwell Solar Park,CA,Kern,staged_only,,20.0,,OP
59525:FRWSP,Wright Solar Park,CA,Merced,staged_only,,200.0,,OP
59526:WHIT1,Whitakers,NC,Nash,staged_only,,12.0,,OP
59527:KELF1,Kelford (Duke),NC,Bertie,staged_only,,20.0,,OP
59528:OASIS,Solar Oasis LLC,CA,Los Angeles,staged_only,,20.0,,OP
59529:GEN 2,Bannock County LFG to Energy,ID,Bannock,staged_only,,1.6,,OP
59529:GEN1,Bannock County LFG to Energy,ID,Bannock,staged_only,,1.6,,OP
59530:PASQ1,Pasquotank,NC,Pasquotank,staged_only,,20.0,,OP
59531:BRDN,Borden Solar Farm,CA,Madera,staged_only,,50.0,,OP
59532:SB1,Springbok Solar Farm 1,CA,Kern,staged_only,,105.0,,OP
59533:PRCTN,Princeton,NC,Johnston,staged_only,,5.0,,OP
59534:4OAKS,4Oaks,NC,Johnston,staged_only,,5.0,,OP
59535:HAZLE,SR Hazlehurst,GA,Jeff Davis,staged_only,,20.0,,OP
59536:AWI,Coronus Adelanto West 1,CA,San Bernardino,staged_only,,1.5,,OP
59537:AW2,Coronus Adelanto West 2,CA,San Bernardino,staged_only,,1.5,,OP
59539:1,Park Meridian #1,CA,Riverside,staged_only,,1.5,,OP
59540:2,Rancho Cucamonga Dist #1,CA,San Bernardino,staged_only,,1.8,,OP
59541:3,Terra Francesco,CA,San Bernardino,staged_only,,1.5,,OP
59542:IS6,Innovative Solar 6,NC,Buncombe,staged_only,,3.6,,OP
59543:ACTON,Acton Solar Landfill,MA,Middlesex,staged_only,,1.5,,OP
59544:PV1,Parlin Solar LLC,NJ,Middlesex,staged_only,,1.3,,OP
59545:PV1,Springfield Solar LLC,OH,Clark,staged_only,,1.5,,OP
59546:PV1,Beaver Solar LLC,PA,Beaver,staged_only,,1.3,,OP
59547:1,Fowler Ridge IV Wind Farm LLC,IN,Benton,staged_only,,150.0,,OP
59548:CRES1,"Creswell Alligood Solar, LLC",NC,Washington,staged_only,,14.0,,OP
59549:EVER1,"Everetts Wildcat Solar, LLC",NC,Martin,staged_only,,5.0,,OP
59550:PCSF,Putah Creek Solar Farm,CA,Yolo,staged_only,,2.0,,OP
59551:FLS1,"FLS Solar 200, LLC",NC,Robeson,staged_only,,4.3,,OP
59552:FLS1,"FLS Solar 170, LLC",NC,Robeson,staged_only,,2.0,,OP
59553:FLS1,"Innovative Solar 14, LLC",NC,Henderson,staged_only,,2.0,,OP
59554:FLS1,"Innovative Solar 15, LLC",NC,Rutherford,staged_only,,2.0,,OP
59555:VEGA1,Vega Solar,CA,Merced,staged_only,,20.0,,OP
59556:1,Dalton 2,GA,Murray,staged_only,,6.5,,OP
59557:AC2FC,Apple Campus 2 Fuel Cell,CA,Santa Clara,staged_only,,4.0,,OP
59558:SSEC1,Sandoval Solar Energy Center,NM,Sandoval,staged_only,,6.1,,OP
59560:SPRG1,Springer Solar 1,NM,Colfax,staged_only,,1.0,,OP
59561:PV1,Crockett Farm,NC,Lenoir,staged_only,,5.0,,OP
59562:PV1,Eastover Farm,NC,Scotland,staged_only,,5.0,,OP
59563:PV1,Foxfire Solar Farm,NC,Moore,staged_only,,5.0,,OP
59564:PV1,Hutchinson Farm,NC,Cleveland,staged_only,,5.0,,OP
59565:PV1,Keen Farm,NC,Johnston,staged_only,,5.0,,OP
59566:PV1,Ashley Solar Farm,NC,Yadkin,staged_only,,4.0,,OP
59567:PV1,Bearford Farm Solar Project,NC,Pender,staged_only,,5.0,,OP
59569:PV1,Whitetail Solar,SC,Dillon,staged_only,,10.0,,OP
59570:PV1,Mocksville Solar,NC,Davie,staged_only,,15.4,,OP
59573:TIS1,Tisbury Landfill Solar,MA,Dukes,staged_only,,1.1,,OP
59574:SBL,Southeast Berrien Generating Facility,MI,Berrien,staged_only,,4.8,,OP
59575:PV1,Manway Solar Farm,NC,Bladen,staged_only,,5.0,,OP
59576:GEN1,Millikan Farm,NC,Randolph,staged_only,,5.0,,OP
59577:PV1,Misenheimer Farm,NC,Stanly,staged_only,,5.0,,OP
59578:PV1,Monroe Moore Farm,NC,Union,staged_only,,5.0,,OP
59579:PV1,Franklin Solar 2,NC,Franklin,staged_only,,2.0,,OP
59581:PV1,Stout Farm,NC,Orange,staged_only,,5.0,,OP
59583:PV1,Tart Farm,NC,Cumberland,staged_only,,5.0,,OP
59584:PV1,Wellons Farm,NC,Johnston,staged_only,,5.0,,OP
59586:PV1,Woodland Church Farm,NC,Duplin,staged_only,,5.0,,OP
59587:PV1,Yadkin 601 Farm,NC,Yadkin,staged_only,,3.0,,OP
59589:PV1,Rutherford Farm,NC,Rutherford,staged_only,,74.8,,OP
59591:PV1,Schell Solar Farm,NC,Northampton,staged_only,,5.0,,OP
59592:PV1,Sedberry Farm,NC,Moore,staged_only,,5.0,,OP
59593:PV1,"Spring Valley Farm 2, LLC",NC,Vance,staged_only,,5.0,,OP
59595:PV1,Stikeleather Farm,NC,Alexander,staged_only,,5.0,,OP
59597:CS001,"Colton Solar One, LLC",CA,San Bernardino,staged_only,,2.5,,OP
59598:CS002,"Colton Solar Two, LLC",CA,San Bernardino,staged_only,,1.0,,OP
59599:GEN1,Tropico Solar PV Plant,CA,Tulare,staged_only,,14.0,,OP
59600:GEN1,Nicolis Solar PV Plant,CA,Tulare,staged_only,,20.0,,OP
59601:L&D,L&D Landfill Solar,NJ,Burlington,staged_only,,10.0,,OP
59603:FLS1,Walters Solar (FLS 260),NC,Robeson,staged_only,,5.0,,OP
59604:FLS1,Stagecoach Solar,NC,Vance,staged_only,,5.0,,OP
59605:FLS1,Vicksburg Solar,NC,Vance,staged_only,,5.0,,OP
59606:FLS1,Soul City Solar,NC,Warren,staged_only,,3.5,,OP
59607:MWS,"Maricopa West Solar PV, LLC",CA,Kern,staged_only,,20.0,,OP
59610:APNLI,"AP North Lake I, LP",CA,Riverside,staged_only,,20.0,,OP
59611:LKLBB,"LKL BLBD, LLC",FL,Polk,staged_only,,6.0,,OP
59613:TWLL,Town of Williamson Landfill PV,NY,Wayne,staged_only,,1.2,,OP
59614:MDG1,Monterey Diesel Generation Facility,VA,Highland,staged_only,,0.6,,OP
59614:MDG10,Monterey Diesel Generation Facility,VA,Highland,staged_only,,0.6,,OP
59614:MDG2,Monterey Diesel Generation Facility,VA,Highland,staged_only,,0.6,,OP
59614:MDG3,Monterey Diesel Generation Facility,VA,Highland,staged_only,,0.6,,OP
59614:MDG4,Monterey Diesel Generation Facility,VA,Highland,staged_only,,0.6,,OP
59614:MDG5,Monterey Diesel Generation Facility,VA,Highland,staged_only,,0.6,,OP
59614:MDG6,Monterey Diesel Generation Facility,VA,Highland,staged_only,,0.6,,OP
59614:MDG7,Monterey Diesel Generation Facility,VA,Highland,staged_only,,0.6,,OP
59614:MDG8,Monterey Diesel Generation Facility,VA,Highland,staged_only,,0.6,,OP
59614:MDG9,Monterey Diesel Generation Facility,VA,Highland,staged_only,,0.6,,OP
59618:MLK,Meadow Lake Solar Energy Center,NM,Valencia,staged_only,,9.1,,OP
59619:CBLA,Cibola,NM,Cibola,staged_only,,7.6,,OP
59620:SMS1,South Milford Solar Plant,UT,Beaver,staged_only,,2.9,,OP
59621:JRWND,TX Jumbo Road Wind,TX,Deaf Smith,staged_only,,299.7,,OP
59622:FGMA,Future Generation Wind,MA,Plymouth,staged_only,,8.0,,OP
59623:CSPV,Clarkson Solar,NY,St Lawrence,staged_only,,2.0,,OP
59624:PV1,Twiss Street Solar,MA,Hampden,staged_only,,1.5,,OP
59625:PV1,Chicopee River Solar,MA,Hampden,staged_only,,2.0,,OP
59626:PV1,Chicopee Granby Road Solar,MA,Hampden,staged_only,,1.6,,OP
59627:HRMNY,Harmony,NJ,Warren,staged_only,,3.0,,OP
59628:HNOVR,Hanover,NJ,Burlington,staged_only,,5.0,,OP
59629:GEN1,Jericho Rise Wind Farm LLC,NY,Franklin,staged_only,,77.7,,OP
59630:CS,CentraState Medical Center PV Facility,NJ,Monmouth,staged_only,,5.2,,OP
59631:IM,Imclone Solar Electric Facility,NJ,Somerset,staged_only,,8.0,,OP
59632:1036,Midwest Energy Community Solar Array,KS,Thomas,staged_only,,1.0,,OP
59633:KS,Kettleman Solar -Centaurus,CA,Kings,staged_only,,20.0,,OP
59634:SNDST,Sandstone Solar,AZ,Pinal,staged_only,,45.0,,OP
59635:1,Clinton LFGTE,IL,Dewitt,staged_only,,1.6,,OP
59635:2,Clinton LFGTE,IL,Dewitt,staged_only,,1.6,,OP
59636:37021,Charlton Solar I CSG,MA,Worcester,staged_only,,4.0,,OP
59637:ADWF,Adams Wind,IA,Adams,staged_only,,4.7,,OP
59637:ADWF2,Adams Wind,IA,Adams,staged_only,,43.3,,OP
59637:ADWF3,Adams Wind,IA,Adams,staged_only,,58.0,,OP
59637:ADWF4,Adams Wind,IA,Adams,staged_only,,48.3,,OP
59638:CLH,Coronal Lost Hills,CA,Kern,staged_only,,20.0,,OP
59641:5MWPV,Garysburg Solar,NC,Northampton,staged_only,,5.0,,OP
59642:5MWPV,Gaston Solar,NC,Northampton,staged_only,,5.0,,OP
59643:5MWPV,Seaboard Solar LLC,NC,Northampton,staged_only,,5.0,,OP
59645:FLS1,Mt Olive Solar 1,NC,Wayne,staged_only,,5.0,,OP
59646:FLS1,FLS Solar 230 (Warren),NC,Duplin,staged_only,,4.8,,OP
59647:1,Stillwater Energy Center,OK,Payne,staged_only,,18.8,,OP
59647:2,Stillwater Energy Center,OK,Payne,staged_only,,18.8,,OP
59647:3,Stillwater Energy Center,OK,Payne,staged_only,,18.8,,OP
59648:5MWPV,Tarboro Solar,NC,Edgecombe,staged_only,,5.0,,OP
59649:UNIT1,Nelson Gardens Landfill Gas to Energy,TX,Bexar,staged_only,,1.1,,OP
59649:UNIT2,Nelson Gardens Landfill Gas to Energy,TX,Bexar,staged_only,,1.1,,OP
59649:UNIT3,Nelson Gardens Landfill Gas to Energy,TX,Bexar,staged_only,,1.1,,OP
59649:UNIT4,Nelson Gardens Landfill Gas to Energy,TX,Bexar,staged_only,,1.1,,OP
59650:GEN1,CII Methane Management III LFG Plant,GA,Clarke,staged_only,,1.6,,OP
59651:W4161,"Forever 21 Retail, Inc.",CA,Los Angeles,staged_only,,1.3,,OP
59652:W4162,Nordhoff Place,CA,Los Angeles,staged_only,,0.9,,OP
59653:COTC,City of Truth or Consequences PV,NM,Sierra,staged_only,,1.9,,OP
59654:1,Sendero,TX,Jim Hogg,staged_only,,78.0,,OP
59655:CCWF1,Campbell County Wind Farm,SD,Campbell,staged_only,,94.3,,OP
59656:COMCH,Comanche Solar,CO,Pueblo,staged_only,,120.0,,OP
59657:IVSC2,"Imperial Valley Solar Co (IVSC) 2, LLC",CA,Imperial,staged_only,,20.0,,OP
59658:GEN1,SPI Anderson 2,CA,Shasta,staged_only,,30.2,,OP
59660:3,Washington City Electric Generation,UT,Washington,staged_only,,2.0,,OP
59660:4,Washington City Electric Generation,UT,Washington,staged_only,,2.0,,OP
59660:9,Washington City Electric Generation,UT,Washington,staged_only,,2.0,,OP
59663:CSC1,"Cornwall Solar Center, LLC",NC,Granville,staged_only,,5.0,,OP
59665:IS037,Innovative Solar 37 LLC,NC,Anson,staged_only,,100.0,,OP
59666:IS047,Innovative Solar 47,NC,Robeson,staged_only,,33.8,,OP
59667:IS048,Innovative Solar 48,NC,Robeson,staged_only,,4.9,,OP
59669:IS054,Innovative Solar 54,NC,Lenoir,staged_only,,50.0,,OP
59670:IS023,Innovative Solar 23,NC,Cleveland,staged_only,,1.9,,OP
59671:IS046,Innovative Solar 46,NC,Cumberland,staged_only,,78.5,,OP
59675:IS044,Innovative Solar 44,NC,Robeson,staged_only,,4.9,,OP
59676:IS044,Innovative Solar 55,NC,Robeson,staged_only,,6.5,,OP
59677:IS064,Innovative Solar 64,NC,Sampson,staged_only,,4.9,,OP
59678:IS067,Innovative Solar 67,NC,Pender,staged_only,,33.3,,OP
59682:MS258,Main Street Solar Project,VT,Rutland,staged_only,,1.5,,OP
59684:LWP01,"Lindahl Wind Project, LLC",ND,Williams,staged_only,,150.0,,OP
59685:01,Remington Solar Facility,VA,Fauquier,staged_only,,20.0,,OP
59686:LESF1,Sarasota County LFGTE Facility,FL,Sarasota,staged_only,,1.6,,OP
59686:LESF2,Sarasota County LFGTE Facility,FL,Sarasota,staged_only,,1.6,,OP
59686:LESF3,Sarasota County LFGTE Facility,FL,Sarasota,staged_only,,1.6,,OP
59686:LESF4,Sarasota County LFGTE Facility,FL,Sarasota,staged_only,,1.6,,OP
59687:NDP1,Sun Harvest Solar NDP1,CA,Merced,staged_only,,1.5,,OP
59689:GCSC1,Gulf Coast Solar Center I,FL,Okaloosa,staged_only,,30.0,,OP
59690:GCSC2,Gulf Coast Solar Center II,FL,Santa Rosa,staged_only,,40.0,,OP
59691:GCSC3,Gulf Coast Solar Center III,FL,Escambia,staged_only,,50.0,,OP
59692:FPWTG,NBC Field's Point Wind Farm,RI,Providence,staged_only,,4.5,,OP
59693:OSW1,Coastal Virginia Offshore Wind (CVOW) Pi,VA,Virginia Beach,staged_only,,12.0,,OP
59694:GEN1,"Aspen Solar, LLC",NC,Duplin,staged_only,,5.0,,OP
59695:MHPV1,"Mt. Home Solar 1, LLC",ID,Elmore,staged_only,,20.0,,OP
59701:SFC1,Subase Microgrid Project,CT,New London,staged_only,,3.7,,OP
59701:SFC2,Subase Microgrid Project,CT,New London,staged_only,,3.7,,OP
59702:1,"Pavant Solar, LLC",UT,Millard,staged_only,,50.0,,OP
59703:1,"Cottonwood Solar, LLC Cottonwood Carport",CA,Marin,staged_only,,1.0,,OP
59705:SSUN2,Steel Sun,NY,Erie,staged_only,,2.0,,OP
59706:NB005,BRE,NC,Granville,staged_only,,5.0,,OP
59708:5MWPV,Franklinton Solar,NC,Franklin,staged_only,,5.0,,OP
59709:PV1,St. Paul Intl Airport Red & Blue Parking,MN,Hennepin,staged_only,,2.3,,OP
59709:PV2,St. Paul Intl Airport Red & Blue Parking,MN,Hennepin,staged_only,,0.9,,OP
59710:GMA,Sand Valley Power Station,AL,Dekalb,staged_only,,1.6,,OP
59710:GMB,Sand Valley Power Station,AL,Dekalb,staged_only,,1.6,,OP
59710:GMC,Sand Valley Power Station,AL,Dekalb,staged_only,,1.6,,OP
59711:GEN1,"CII Methane Management IV, LLC",NC,Johnston,staged_only,,1.6,,OP
59712:SRWI,"San Roman Wind I, LLC",TX,Cameron,staged_only,,95.3,,OP
59713:HDSC,Holdrege Solar Center,NE,Lancaster,staged_only,,4.0,,OP
59715:PV1,DD Hay Road Solar 23 LLC,DE,New Castle,staged_only,,1.2,,OP
59717:ACPV,Framingham State University Plant,MA,Middlesex,staged_only,,0.7,,OP
59717:CCPV,Framingham State University Plant,MA,Middlesex,staged_only,,0.3,,OP
59719:CS001,Charlotte Solar LLC VT,VT,Chittenden,staged_only,,2.0,,OP
59722:SEV1,Seville 1,CA,Imperial,staged_only,,20.0,,OP
59723:SEV2,Seville 2,CA,Imperial,staged_only,,30.0,,OP
59724:SCIWT,Scituate Wind,MA,Plymouth,staged_only,,1.5,,OP
59725:FHWTG,Fairhaven Wind,MA,Bristol,staged_only,,3.0,,OP
59726:10,CML&P Generating Facility No. 2,KS,Montgomery,staged_only,,18.7,,OP
59726:8,CML&P Generating Facility No. 2,KS,Montgomery,staged_only,,18.7,,OP
59726:9,CML&P Generating Facility No. 2,KS,Montgomery,staged_only,,18.7,,OP
59727:GEN1,Bull Street Plant,SC,Orangeburg,staged_only,,2.0,,OP
59728:GEN1,Substation 20 Plant,SC,Orangeburg,staged_only,,2.0,,OP
59729:MSF1,Macon Solar Power Project,MO,Macon,staged_only,,2.8,,OP
59730:SPV18,SEPV 18,CA,Los Angeles,staged_only,,2.0,,OP
59731:TEMPL,Templeton,MA,Worcester,staged_only,,3.0,,OP
59732:GPI,Green Pastures Wind I,TX,Baylor,staged_only,,150.0,,OP
59733:GPII,Green Pastures Wind II,TX,Knox,staged_only,,150.0,,OP
59734:BFW,Briscoe Wind Farm,TX,Briscoe,staged_only,,150.0,,OP
59736:7772,"Valentine Wind, LLC",NE,Cherry,staged_only,,1.9,,OP
59737:ASPRG,Aspiration G,CA,Fresno,staged_only,,9.0,,OP
59738:CSB,Citizen B,CA,Fresno,staged_only,,5.0,,OP
59739:LWADB,Lancaster WAD B,CA,Los Angeles,staged_only,,3.0,,OP
59740:SPVMW,SEPV Mojave West,CA,Kern,staged_only,,20.0,,OP
59741:BARTN,Barton Solar Farm,VT,Orleans,staged_only,,1.9,,OP
59742:HCE,Sunnyside Ranch Community Solar Array,CO,Garfield,staged_only,,1.5,,OP
59743:1,Chimes West Friendship (Nixon Farms),MD,Howard,staged_only,,1.2,,OP
59744:1,Lakeland Electric Co. (FL)-Airport 1,FL,Polk,staged_only,,2.3,,OP
59745:1,Leominster (MA)-South Street-R&D,MA,Middlesex,staged_only,,2.9,,OP
59746:1,DSH (CA) - Coalinga State Hospital,CA,Fresno,staged_only,,2.0,,OP
59747:1,River Mountains Solar,NV,Clark,staged_only,,14.4,,OP
59748:1,CDCR (CA) - Pleasant Valley State Prison,CA,Fresno,staged_only,,1.2,,OP
59749:1,UMES (MD) - Princess Anne,MD,Somerset,staged_only,,2.0,,OP
59750:1,Bourne (MA) - Holliston I,MA,Middlesex,staged_only,,2.3,,OP
59751:WILZG,"Wilzig Associates, LLC",NJ,Bergen,staged_only,,1.2,,OP
59752:1,BlueWave Capital - Grafton (SREC II),MA,Worcester,staged_only,,1.3,,OP
59754:1,Lakeland Electric Co. (FL) - Airport II,FL,Polk,staged_only,,3.5,,OP
59755:PVS1,Chester Power Partners,VT,Windsor,staged_only,,2.2,,OP
59757:1,Pryor Mountain Wind,MT,Carbon,staged_only,,239.8,,OP
59760:RHILL,"Red Hill Solar Center, LLC",NC,Warren,staged_only,,5.0,,OP
59761:VSLYK,"Van Slyke Solar Center, LLC",NC,Wilson,staged_only,,5.0,,OP
59762:BRDWY,"Broadway Solar Center, LLC",NC,Columbus,staged_only,,5.0,,OP
59764:CTG11,Oregon Clean Energy Center,OH,Lucas,staged_only,,328.0,,OP
59764:CTG12,Oregon Clean Energy Center,OH,Lucas,staged_only,,328.0,,OP
59764:EDG13,Oregon Clean Energy Center,OH,Lucas,staged_only,,1.5,,OP
59764:STG10,Oregon Clean Energy Center,OH,Lucas,staged_only,,404.0,,OP
59765:BI,Stetson Road Solar - Barre I,MA,Worcester,staged_only,,2.0,,OP
59766:BII,Barre II Solar Project,MA,Worcester,staged_only,,1.5,,OP
59767:CHSTR,Chester Solar Farm,MA,Hampden,staged_only,,4.8,,OP
59768:CMLP,Concord Solar Farm,MA,Middlesex,staged_only,,1.5,,OP
59769:1,TIA Solar,FL,Hillsborough,staged_only,,1.6,,OP
59770:SPEND,IMPA Pendleton Solar Park,IN,Madison,staged_only,,2.0,,OP
59771:JSP01,Jefferson Solar Park,WI,Jefferson,staged_only,,1.0,,OP
59773:CGT1,Carroll County Energy,OH,Carroll,staged_only,,235.5,,OP
59773:CGT2,Carroll County Energy,OH,Carroll,staged_only,,235.5,,OP
59773:SGT1,Carroll County Energy,OH,Carroll,staged_only,,361.3,,OP
59774:ENG1,BioTown Ag,IN,White,staged_only,,1.0,,OP
59774:ENG2,BioTown Ag,IN,White,staged_only,,1.0,,OP
59774:ENG3,BioTown Ag,IN,White,staged_only,,1.0,,OP
59774:ENG4,BioTown Ag,IN,White,staged_only,,1.0,,OP
59774:ENG5,BioTown Ag,IN,White,staged_only,,1.0,,OP
59774:ENG6,BioTown Ag,IN,White,staged_only,,1.0,,OP
59775:ADAMS,Adams Farm Solar,MA,Worcester,staged_only,,3.0,,OP
59776:SO1,Heartland Community College,IL,McLean,staged_only,,0.2,,OP
59776:T01,Heartland Community College,IL,McLean,staged_only,,1.7,,OP
59777:1,RGS-Rutland VNM SREC II Project (MA),MA,Worcester,staged_only,,2.0,,OP
59778:EDENS,Eden Solar LLC,NC,Richmond,staged_only,,47.7,,OP
59779:1,Davis Monthan AFB (AZ) West Airfield,AZ,Pima,staged_only,,12.6,,OP
59780:1,New Bedford (MA) Plymouth,MA,Plymouth,staged_only,,4.3,,OP
59781:1,Upper Blackstone (MA) Treasure Valley,MA,Worcester,staged_only,,5.0,,OP
59782:G1,Waynoka Gas Processing Plant,OK,Woods,staged_only,,1.3,,OP
59782:G2,Waynoka Gas Processing Plant,OK,Woods,staged_only,,1.3,,OP
59782:G3,Waynoka Gas Processing Plant,OK,Woods,staged_only,,1.3,,OP
59783:91197,Croda Atlas Point CHP,DE,New Castle,staged_only,,1.1,,OP
59783:91198,Croda Atlas Point CHP,DE,New Castle,staged_only,,1.1,,OP
59783:91199,Croda Atlas Point CHP,DE,New Castle,staged_only,,2.0,,OP
59784:CTG5,Gila River Power Block 3,AZ,Maricopa,staged_only,,174.0,,OP
59784:CTG6,Gila River Power Block 3,AZ,Maricopa,staged_only,,174.0,,OP
59784:ST11,Gila River Power Block 3,AZ,Maricopa,staged_only,,271.0,,OP
59785:19001,"Fremont Community Digester, LLC",MI,Newaygo,staged_only,,2.9,,OP
59785:19002,"Fremont Community Digester, LLC",MI,Newaygo,staged_only,,2.9,,OP
59786:FID2,Fiddler's Canyon #2,UT,Iron,staged_only,,3.0,,OP
59787:FID1,Fiddler's Canyon #1,UT,Iron,staged_only,,3.0,,OP
59788:PV1,"Advance Stores Company, Inc",CT,Hartford,staged_only,,1.0,,OP
59789:PV1,Millbrook School,NY,Dutchess,staged_only,,1.4,,OP
59790:PV1,Oregon University System Rabbit Field,OR,Benton,staged_only,,1.2,,OP
59793:15,Industrial Plant,AK,Juneau,staged_only,,41.7,,OP
59794:GEN1,Chicago West Side Energy Center,IL,Cook,staged_only,,3.5,,OP
59795:FLS1,Ahoskie,NC,Hertford,staged_only,,5.0,,OP
59796:FLS1,Kelford (Cypress),NC,Bertie,staged_only,,5.0,,OP
59798:W4172,Colon PV,CA,Los Angeles,staged_only,,1.3,,OP
59802:MXM00,Maxim,CA,Santa Clara,staged_only,,1.1,,OP
59803:PXR00,Pixar - Emeryville,CA,Alameda,staged_only,,1.1,,OP
59807:GBDIA,Airport 1 Solar (DIA),CO,Adams,staged_only,,1.5,,OP
59811:GEN1,Rockfish Solar LLC,MD,Charles,staged_only,,10.3,,OP
59812:CGT4,Wolf Hollow II,TX,Hood,staged_only,,360.0,,OP
59812:CGT5,Wolf Hollow II,TX,Hood,staged_only,,360.0,,OP
59812:STG6,Wolf Hollow II,TX,Hood,staged_only,,511.2,,OP
59814:PV01,"Copper Mountain Solar 4, LLC",NV,Clark,staged_only,,51.8,,OP
59814:PV02,"Copper Mountain Solar 4, LLC",NV,Clark,staged_only,,41.8,,OP
59815:GLFG1,Granby LFG,MA,Hampshire,staged_only,,3.2,,OP
59816:BR12,Nanticoke LFG,NY,Broome,staged_only,,4.0,,OP
59817:GEN03,Tooele Army Depot(CSG),UT,Tooele,staged_only,,1.7,,OP
59817:PV2,Tooele Army Depot(CSG),UT,Tooele,staged_only,,1.5,,OP
59818:1,Concord Farm,NC,Cabarrus,staged_only,,4.5,,OP
59819:PV1,Mohave Electric at Fort Mohave,AZ,Mohave,staged_only,,4.4,,OP
59820:HUNTF,Hunt Farm Solar,MA,Franklin,staged_only,,3.0,,OP
59821:STURA,205 Sturbridge A,MA,Hampden,staged_only,,3.0,,OP
59822:STURB,201 Sturbridge B,MA,Hampden,staged_only,,2.0,,OP
59823:INDY3,INDY III,IN,Marion,staged_only,,2.5,,OP
59824:5732,Sweetgum Solar,NC,Lee,staged_only,,5.0,,OP
59825:5MWPV,South Louisburg Solar,NC,Franklin,staged_only,,5.0,,OP
59826:GEN01,Sunshine Valley Solar,NV,Nye,staged_only,,103.5,,OP
59827:GEN01,"Playa Solar 1, LLC",NV,Clark,staged_only,,79.0,,OP
59828:5375,Balsam,NC,Lee,staged_only,,5.0,,OP
59829:5515,Hickory,NC,Duplin,staged_only,,5.0,,OP
59831:FLS1,Royal Solar,NC,Cumberland,staged_only,,4.9,,OP
59832:FLS1,Kinston Solar,NC,Lenoir,staged_only,,5.0,,OP
59833:FLS1,Laurinburg Solar,NC,Scotland,staged_only,,5.0,,OP
59834:INGRO,Indy Grocers,IN,Marion,staged_only,,1.0,,OP
59835:GEN1,Newton Grove,NC,Sampson,staged_only,,1.9,,OP
59836:11,Twin Falls (WI),WI,Florence,staged_only,,4.6,,OP
59836:12,Twin Falls (WI),WI,Florence,staged_only,,4.6,,OP
59837:GEN1,Slate Creek Wind Project LLC,KS,Sumner,staged_only,,150.0,,OP
59838:GEN1,Milo Wind Project LLC,NM,Roosevelt,staged_only,,50.0,,OP
59840:SB2,Springbok Solar Farm 2,CA,Kern,staged_only,,155.0,,OP
59842:PV1,CNE at Cambridge MD,MD,Dorchester,staged_only,,3.2,,OP
59843:PV1,Georgia Power at Wadley GA,GA,Jefferson,staged_only,,1.0,,OP
59844:PZ1,Munich Re Plaza,NJ,Middlesex,staged_only,,1.6,,OP
59844:PZ2,Munich Re Plaza,NJ,Middlesex,staged_only,,0.8,,OP
59845:E1,New River,VA,Pulaski,staged_only,,0.3,,OP
59845:E10,New River,VA,Pulaski,staged_only,,0.3,,OP
59845:E11,New River,VA,Pulaski,staged_only,,0.3,,OP
59845:E12,New River,VA,Pulaski,staged_only,,0.3,,OP
59845:E13,New River,VA,Pulaski,staged_only,,0.3,,OP
59845:E14,New River,VA,Pulaski,staged_only,,0.3,,OP
59845:E15,New River,VA,Pulaski,staged_only,,0.3,,OP
59845:E16,New River,VA,Pulaski,staged_only,,0.3,,OP
59845:E17,New River,VA,Pulaski,staged_only,,0.3,,OP
59845:E18,New River,VA,Pulaski,staged_only,,0.3,,OP
59845:E2,New River,VA,Pulaski,staged_only,,0.3,,OP
59845:E3,New River,VA,Pulaski,staged_only,,0.3,,OP
59845:E4,New River,VA,Pulaski,staged_only,,0.3,,OP
59845:E5,New River,VA,Pulaski,staged_only,,0.3,,OP
59845:E6,New River,VA,Pulaski,staged_only,,0.3,,OP
59845:E7,New River,VA,Pulaski,staged_only,,0.3,,OP
59845:E8,New River,VA,Pulaski,staged_only,,0.3,,OP
59845:E9,New River,VA,Pulaski,staged_only,,0.3,,OP
59847:1,Northwest Community Hospital,IL,Cook,staged_only,,1.1,,OP
59847:2,Northwest Community Hospital,IL,Cook,staged_only,,1.1,,OP
59847:3,Northwest Community Hospital,IL,Cook,staged_only,,1.1,,OP
59847:4,Northwest Community Hospital,IL,Cook,staged_only,,1.1,,OP
59848:PPSG1,Pikes Peak Solar Garden 1 LLC CSG,CO,El Paso,staged_only,,2.0,,OP
59849:23377,Adams Community Solar Garden LLC,CO,Adams,staged_only,,1.2,,OP
59850:23376,Adams Community Solar Garden III LLC,CO,Adams,staged_only,,1.2,,OP
59851:GBS01,Great Bay Solar 1,MD,Somerset,staged_only,,75.0,,OP
59851:GBS02,Great Bay Solar 1,MD,Somerset,staged_only,,43.0,,OP
59852:NSSP1,North Star Solar Project,MN,Chisago,staged_only,,100.0,,OP
59853:WVPV1,Watervliet PV,MI,Berrien,staged_only,,4.6,,OP
59854:OLPV1,OlivePV,IN,St Joseph,staged_only,,5.0,,OP
59855:DCPV1,Deer Creek PV,IN,Grant,staged_only,,2.5,,OP
59856:SUN1,"SoINCPower6, LLC",NC,Gates,staged_only,,5.0,,OP
59857:BAT1,"SoINCPower5, LLC",NC,Nash,staged_only,,5.0,,OP
59858:JSI01,Johnston Solar,RI,Providence,staged_only,,1.4,,OP
59860:HHOOD,HP Hood CT,VA,Frederick,staged_only,,15.0,,OP
59861:TBPV1,Twin Branch PV,IN,St Joseph,staged_only,,2.6,,OP
59862:1,Fort Benning Solar Facility,AL,Russell,staged_only,,30.0,,OP
59863:1,Fort Gordon Solar Facility,GA,Richmond,staged_only,,30.0,,OP
59864:1,Kings Bay Solar Facility,GA,Camden,staged_only,,30.0,,OP
59865:1,Fort Stewart Solar Facility,GA,Liberty,staged_only,,30.0,,OP
59866:11111,Palmer Solar LLC,MA,Hampden,staged_only,,2.5,,OP
59867:LMSOL,Lockheed Martin Solar System,FL,Pinellas,staged_only,,1.9,,OP
59868:GEN01,Kingbird A Solar LLC,CA,Kern,staged_only,,20.0,,OP
59870:GEN01,"Little Bear Solar 1, LLC",CA,Fresno,staged_only,,40.0,,OP
59871:GEN01,Desert Quartzite,CA,Riverside,staged_only,,300.0,,OP
59871:GEN02,Desert Quartzite,CA,Riverside,staged_only,,150.0,,OP
59872:UCD1,UC Davis South Campus,CA,Yolo,staged_only,,13.0,,OP
59873:PV,Lowell Solar Landfill,MA,Middlesex,staged_only,,1.3,,OP
59874:PV1,Richland Solar Center,GA,Twiggs,staged_only,,20.0,,OP
59875:PV1,Marshall Solar Energy Project,MN,Lyon,staged_only,,62.3,,OP
59876:1,Marine Corps Logistics Base Solar,GA,Dougherty,staged_only,,31.0,,OP
59877:MB20,Riverside RWQCP Fuel Cell,CA,Riverside,staged_only,,1.4,,OP
59878:GEN01,Windhub Solar A LLC,CA,Kern,staged_only,,20.0,,OP
59879:GEN01,North Rosamond Solar LLC,CA,Kern,staged_only,,151.1,,OP
59880:KIPS1,Kings Park Solar I,NY,Suffolk,staged_only,,2.0,,OP
59881:KIPS2,Kings Park Solar II,NY,Suffolk,staged_only,,2.0,,OP
59882:4,Exelon West Medway II LLC,MA,Norfolk,staged_only,,131.8,,OP
59882:5,Exelon West Medway II LLC,MA,Norfolk,staged_only,,131.8,,OP
59887:GEN,"Beaufort Solar, LLC",NC,Beaufort,staged_only,,15.0,,OP
59888:GEN,Bloom Wind,KS,Ford,staged_only,,178.2,,OP
59891:1,Butler Solar Farm 20,GA,Taylor,staged_only,,22.0,,OP
59894:1,Pawpaw Solar Plant,GA,Taylor,staged_only,,30.5,,OP
59896:1,Butler Solar Project 103,GA,Taylor,staged_only,,104.0,,OP
59897:1,Taylor County Solar,GA,Taylor,staged_only,,148.0,,OP
59898:SE1SN,"SunEnergy1-Scotland Neck, LLC",NC,Halifax,staged_only,,3.0,,OP
59899:CHOCO,"Choco Solar, LLC",NC,Beaufort,staged_only,,5.0,,OP
59900:C3CA,Corcoran Solar 3,CA,Kings,staged_only,,20.0,,OP
59901:ALBRT,Albertson Solar LLC,NC,Duplin,staged_only,,5.0,,OP
59902:GEN,Cardinal Point Wind,IL,McDonough,staged_only,,150.0,,OP
59903:GEN,New Frontier Wind,ND,McHenry,staged_only,,100.0,,OP
59904:1,Western Branch High School,VA,Chesapeake City,staged_only,,1.0,,OP
59905:1,Merck,VA,Rockingham,staged_only,,2.1,,OP
59906:GEN1,Moxie Freedom Generation Plant,PA,Luzerne,staged_only,,552.5,,OP
59906:GEN2,Moxie Freedom Generation Plant,PA,Luzerne,staged_only,,552.5,,OP
59908:2MWPV,Mount Olive Solar,NC,Wayne,staged_only,,2.0,,OP
59910:SF,"KDC Solar PR1, LLC",NJ,Ocean,staged_only,,17.0,,OP
59911:1,Philip Morris,VA,Chesterfield,staged_only,,2.0,,OP
59912:FREE,Freemont Solar Center LLC,NC,Lincoln,staged_only,,5.0,,OP
59913:CT01,Greensville County Power Station,VA,Greensville,staged_only,,369.8,,OP
59913:CT02,Greensville County Power Station,VA,Greensville,staged_only,,369.8,,OP
59913:CT03,Greensville County Power Station,VA,Greensville,staged_only,,369.8,,OP
59913:ST01,Greensville County Power Station,VA,Greensville,staged_only,,663.9,,OP
59914:CREST,Crestwood Solar Center LLC,NC,Granville,staged_only,,5.0,,OP
59915:ORCA,Oro Loma,CA,Fresno,staged_only,,20.0,,OP
59916:12307,SunE- E Philadelphia Ontario,CA,San Bernardino,staged_only,,1.0,,OP
59917:5MWPV,Pollocksville Solar,NC,Jones,staged_only,,5.0,,OP
59919:NSPV2,Nellis Solar PV II,NV,Clark,staged_only,,15.0,,OP
59921:5MWPV,Lillington Solar,NC,Harnett,staged_only,,5.0,,OP
59922:G1789,South Campus Solar,DE,New Castle,staged_only,,1.3,,OP
59922:GA500,South Campus Solar,DE,New Castle,staged_only,,0.5,,OP
59926:AI1,Alpine Power Plant,MI,Otsego,staged_only,,226.9,,OP
59926:AI2,Alpine Power Plant,MI,Otsego,staged_only,,226.9,,OP
59927:PV1,Hunt Road Solar,MA,Essex,staged_only,,4.5,,OP
59928:NB007,"Vance Solar Farm, LLC",NC,Vance,staged_only,,5.0,,OP
59929:NB007,"Cline Solar Farm, LLC",NC,Burke,staged_only,,5.0,,OP
59930:NB005,"BG Stewart Solar Farm, LLC",NC,Union,staged_only,,5.0,,OP
59932:FID3,Fiddler's Canyon 3,UT,Iron,staged_only,,3.0,,OP
59934:SFIV,Soluga Farms IV,NC,Cumberland,staged_only,,3.4,,OP
59936:NB008,Meadowbrook Solar Farm,NC,Rowan,staged_only,,5.0,,OP
59937:NB006,"Coats Solar Farm, LLC",NC,Harnett,staged_only,,5.0,,OP
59938:UNIT1,Sky Global Power One,TX,Colorado,staged_only,,8.5,,OP
59938:UNIT2,Sky Global Power One,TX,Colorado,staged_only,,8.5,,OP
59938:UNIT3,Sky Global Power One,TX,Colorado,staged_only,,8.5,,OP
59938:UNIT4,Sky Global Power One,TX,Colorado,staged_only,,8.5,,OP
59938:UNIT5,Sky Global Power One,TX,Colorado,staged_only,,8.5,,OP
59938:UNIT6,Sky Global Power One,TX,Colorado,staged_only,,8.5,,OP
59939:BESS1,RE Tranquillity,CA,Fresno,staged_only,,37.0,,OP
59939:BESS2,RE Tranquillity,CA,Fresno,staged_only,,35.0,,OP
59939:TQ,RE Tranquillity,CA,Fresno,staged_only,,205.3,,OP
59940:GVS2,"Great Valley Solar Portfolio Holdings, L",CA,Fresno,staged_only,,60.0,,OP
59940:GVS3,"Great Valley Solar Portfolio Holdings, L",CA,Fresno,staged_only,,20.0,,OP
59940:GVS4,"Great Valley Solar Portfolio Holdings, L",CA,Fresno,staged_only,,20.0,,OP
59940:TQ8,"Great Valley Solar Portfolio Holdings, L",CA,Fresno,staged_only,,102.5,,OP
59941:ISS,"Iron Springs Solar, LLC",UT,Iron,staged_only,,80.0,,OP
59942:ML1,Morgan Lancaster 1,CA,Los Angeles,staged_only,,1.5,,OP
59943:1,Rattlesnake Den,TX,Glasscock,staged_only,,207.2,,OP
59944:CONE1,"Conetoe II Solar, LLC",NC,Edgecombe,staged_only,,80.0,,OP
59945:GMSW,"Granite Mountain Solar West, LLC",UT,Iron,staged_only,,50.4,,OP
59946:GMSE,"Granite Mountain Solar East, LLC",UT,Iron,staged_only,,80.0,,OP
59947:AERO,SR Camden,AR,Calhoun,staged_only,,12.0,,OP
59948:BF111,Bakersfield 111,CA,Kern,staged_only,,1.4,,OP
59950:YAK,Yadkinville Solar,NC,Yadkin,staged_only,,3.5,,OP
59951:5FRK,Five Forks Solar,NC,Warren,staged_only,,20.0,,OP
59952:1,Potrero Hills Energy Producers,CA,Solano,staged_only,,1.6,,OP
59952:2,Potrero Hills Energy Producers,CA,Solano,staged_only,,1.6,,OP
59952:3,Potrero Hills Energy Producers,CA,Solano,staged_only,,1.6,,OP
59952:4,Potrero Hills Energy Producers,CA,Solano,staged_only,,1.6,,OP
59952:5,Potrero Hills Energy Producers,CA,Solano,staged_only,,1.6,,OP
59953:AWND1,Antrim Wind,NH,Hillsborough,staged_only,,28.8,,OP
59954:XXXXX,Osceola Solar Facility,FL,Osceola,staged_only,,3.8,,OP
59955:GEN01,ESA Smithfield,NC,Johnston,staged_only,,1.8,,OP
59956:GEN02,ESA Selma,NC,Johnston,staged_only,,1.8,,OP
59957:GIVB,Grand Ridge Battery Projects,IL,LaSalle,staged_only,,4.5,,OP
59957:GRES,Grand Ridge Battery Projects,IL,LaSalle,staged_only,,31.5,,OP
59958:MIL2,Milford 2,UT,Beaver,staged_only,,3.0,,OP
59961:WABSB,Western Antelope Blue Sky B,CA,Los Angeles,staged_only,,20.0,,OP
59962:NLR,North Lancaster Ranch,CA,Los Angeles,staged_only,,20.0,,OP
59963:CADRC,Central Antelope Dry Ranch C,CA,Los Angeles,staged_only,,20.0,,OP
59964:ELVSC,Elevation Solar C,CA,Los Angeles,staged_only,,40.0,,OP
59965:LTIGO,Latigo Wind Park,UT,San Juan,staged_only,,62.1,,OP
59966:PV1,Camp Lejeune Solar and Energy Storage,NC,Onslow,staged_only,,12.8,,OP
59967:FCB,Pepperidge Farm Bloomfield,CT,Hartford,staged_only,,1.2,,OP
59967:FCC,Pepperidge Farm Bloomfield,CT,Hartford,staged_only,,1.4,,OP
59968:1,"Desert Wind Farm, LLC",NC,Perquimans,staged_only,,208.0,,OP
59972:BRKAT,Bearkat,TX,Glasscock,staged_only,,196.7,,OP
59973:WDS1,Walt Disney World Solar Facility,FL,Orange,staged_only,,4.9,,OP
59974:GW1,Golden West Power Partners LLC,CO,El Paso,staged_only,,250.0,,OP
59975:CW1,Carousel Wind Farm LLC,CO,Kit Carson,staged_only,,150.0,,OP
59976:ASTR1,RE Astoria,CA,Kern,staged_only,,100.0,,OP
59977:ASTR2,RE Astoria 2,CA,Kern,staged_only,,75.0,,OP
59978:ECA22,"Adapture CA2, LLC",CA,Glenn,staged_only,,1.5,,OP
59979:GEN1,"Columbia Solar Energy, LLC",CA,Contra Costa,staged_only,,19.2,,OP
59980:MASH,Mashpee Landfill Solar,MA,Barnstable,staged_only,,1.5,,OP
59981:PV1,New Castle Solar RES,IN,Henry,staged_only,,1.1,,OP
59982:PV1,Scotland Solar RES,IN,Greene,staged_only,,1.1,,OP
59983:PV1,New Haven Solar RES,IN,Spencer,staged_only,,1.1,,OP
59984:PV1,Lanesville Solar RES,IN,Harrison,staged_only,,1.1,,OP
59985:PV1,Ellettsville Solar RES,IN,Monroe,staged_only,,1.1,,OP
59986:PV1,Henryville Solar RES,IN,Clark,staged_only,,1.1,,OP
59987:PV1,Spring Mill Solar RES,IN,Lawrence,staged_only,,1.1,,OP
59988:PV1,Decatur Co. Solar RES (IN),IN,Decatur,staged_only,,1.1,,OP
59989:PV1,Jackson Co. Solar RES,IN,Jackson,staged_only,,1.1,,OP
59990:PV1,Johnson Co. Solar RES,IN,Johnson,staged_only,,1.1,,OP
59993:1,Babcock Solar Energy Center Hybrid,FL,Charlotte,staged_only,,74.5,,OP
59993:BA,Babcock Solar Energy Center Hybrid,FL,Charlotte,staged_only,,10.0,,OP
59994:ROSEK,RE Roserock,TX,Pecos,staged_only,,160.0,,OP
59996:BOYK1,Boykin PV1,NC,Cumberland,staged_only,,16.0,,OP
59997:HISHO,High Shoals PV1,NC,Gaston,staged_only,,16.0,,OP
59999:OUCH1,Ouchchy PV1,NC,Orange,staged_only,,3.0,,OP
60000:TRKCK,Turkey Creek PV1,NC,Northampton,staged_only,,13.5,,OP
60001:VNCRK,Vaughn Creek PV1,NC,Hertford,staged_only,,20.0,,OP
60004:INV#1,Clarkstown Landfill Solar Facility,NY,Rockland,staged_only,,1.0,,OP
60004:INV#2,Clarkstown Landfill Solar Facility,NY,Rockland,staged_only,,1.0,,OP
60005:1,Daytona International Speedway Solar,FL,Volusia,staged_only,,1.6,,OP
60006:1,FIU Solar,FL,Miami Dade,staged_only,,1.2,,OP
60007:MORLS,Morelos del Sol,CA,Kern,staged_only,,15.0,,OP
60008:SCCO3,Hooper Solar,CO,Alamosa,staged_only,,52.0,,OP
60009:IPMF,Murphy Flat Solar,ID,Owyhee,staged_only,,20.0,,OP
60010:IPOR,Orchard Ranch Solar,ID,Ada,staged_only,,20.0,,OP
60011:IPAF,American Falls Solar,ID,Power,staged_only,,20.0,,OP
60012:IPAF2,American Falls Solar II,ID,Power,staged_only,,20.0,,OP
60013:GRANT,"Grant Wind, LLC",OK,Grant,staged_only,,151.8,,OP
60014:1,Manatee Solar Energy Center,FL,Manatee,staged_only,,74.5,,OP
60014:BMS,Manatee Solar Energy Center,FL,Manatee,staged_only,,409.0,,OP
60015:WNDW1,Findlay Wind Farm,OH,Hancock,staged_only,,3.0,,OP
60017:1,Domino Farms Solar,MI,Washtenaw,staged_only,,1.0,,OP
60019:1,Greenwood Solar Farm,MI,St Clair,staged_only,,1.4,,OP
60020:PV1,McLean Homestead,NC,Scotland,staged_only,,4.9,,OP
60022:OXFRD,Oxford,MA,Worcester,staged_only,,2.8,,OP
60023:FTLUP,SR Jenkins Ft Lupton,CO,Weld,staged_only,,13.0,,OP
60024:WPO,Waipio Solar,HI,Honolulu,staged_only,,45.9,,OP
60025:01,Eight Flags Energy,FL,Nassau,staged_only,,21.6,,OP
60026:PV1,Little Rock Pham Solar,CA,Los Angeles,staged_only,,3.0,,OP
60027:ADERA,Adera Solar,CA,Madera,staged_only,,20.0,,OP
60028:PV1,Shorthorn Holdings,SC,Marlboro,staged_only,,8.9,,OP
60029:VMMD,CES VMT Solar,MD,Washington,staged_only,,1.1,,OP
60030:PECAN,Pecan Solar,NC,Northampton,staged_only,,74.9,,OP
60032:RCHTR,SunE Rochester,CA,San Bernardino,staged_only,,1.0,,OP
60033:GEN01,"CA Flats Solar 130, LLC",CA,San Luis Obispo,staged_only,,130.0,,OP
60034:GEN01,"CA Flats Solar 150, LLC",CA,San Luis Obispo,staged_only,,150.0,,OP
60035:RPU1,Tequesquite Landfill Solar PV Project,CA,Riverside,staged_only,,7.3,,OP
60036:PV1,CCBC-Catonsville,MD,Howard,staged_only,,1.6,,OP
60038:PV1,Owens Corning Headquarters,OH,Lucas,staged_only,,2.1,,OP
60039:FTRS,Frontier Solar LLC,CA,Stanislaus,staged_only,,20.0,,OP
60040:NHFC,UI RCP New Haven Fuel Cell,CT,New Haven,staged_only,,2.8,,OP
60043:GEN01,"Cuyama Solar, LLC",CA,Santa Barbara,staged_only,,40.0,,OP
60044:BKTH1,Buckthorn Westex,TX,Pecos,staged_only,,154.0,,OP
60045:GEN1,Shoreham Solar Commons,NY,Suffolk,staged_only,,24.9,,OP
60046:PV7,Portage Solar,IN,Porter,staged_only,,1.5,,OP
60047:PV6,Middlebury Solar,IN,Elkhart,staged_only,,1.5,,OP
60048:FLS1,"TWE Chocowinity Solar, LLC",NC,Beaufort,staged_only,,4.5,,OP
60049:GE,Golden Hills Wind,CA,Alameda,staged_only,,85.9,,OP
60050:FLS1,Innovative Solar 10,NC,Haywood,staged_only,,1.5,,OP
60051:FLS1,"Innovative Solar 18, LLC",NC,Rutherford,staged_only,,1.9,,OP
60052:FLS1,"Innovative Solar 26, LLC",NC,Burke,staged_only,,1.9,,OP
60053:FLS1,"Innovative Solar 63, LLC",NC,Greene,staged_only,,4.9,,OP
60054:BPFC,UI RCP Bridgeport Seaside,CT,Fairfield,staged_only,,2.8,,OP
60054:BPPV,UI RCP Bridgeport Seaside,CT,Fairfield,staged_only,,2.2,,OP
60055:FLS1,Innovative Solar 16,NC,Henderson,staged_only,,2.0,,OP
60056:SYNPA,"Syncarpha Palmer, LLC",MA,Hampden,staged_only,,4.8,,OP
60057:STEEL,"Steel Bridge Solar, LLC",OR,Polk,staged_only,,2.3,,OP
60058:RVRBN,"River Bend Solar, LLC (AL)",AL,Lauderdale,staged_only,,75.0,,OP
60059:1,Los Vientos V Wind Power,TX,Starr,staged_only,,110.0,,OP
60060:SDIA2,Lindberg FIeld Solar,CA,San Diego,staged_only,,1.8,,OP
60060:SDIAA,Lindberg FIeld Solar,CA,San Diego,staged_only,,0.6,,OP
60060:SDIAB,Lindberg FIeld Solar,CA,San Diego,staged_only,,0.5,,OP
60061:1,Citrus Solar Energy Center Hybrid,FL,DeSoto,staged_only,,74.5,,OP
60061:BA,Citrus Solar Energy Center Hybrid,FL,DeSoto,staged_only,,4.0,,OP
60062:ASII,Avalon Solar II,AZ,Pima,staged_only,,16.0,,OP
60063:LVEOK,"Live Oak Solar, LLC",GA,Candler,staged_only,,51.0,,OP
60064:WHTPN,"White Pine Solar, LLC",GA,Taylor,staged_only,,101.2,,OP
60065:FEDRD,"Federal Road Solar 1, LLC CSG",MA,Plymouth,staged_only,,4.4,,OP
60067:SPRMA,BWC Swan Pond River CSG,MA,Bristol,staged_only,,1.6,,OP
60068:GVS2,Grand View Solar Two,ID,Elmore,staged_only,,60.0,,OP
60068:GVS5,Grand View Solar Two,ID,Elmore,staged_only,,20.0,,OP
60069:CBLF1,"Cedar Bluff Wind, LLC",KS,Ness,staged_only,,212.8,,OP
60071:XXXXX,Perry Solar Facility,FL,Taylor,staged_only,,5.1,,OP
60072:NSS1,Neisler Street Solar,NC,Cleveland,staged_only,,2.0,,OP
60073:SNLEO,Leominster,MA,Worcester,staged_only,,2.0,,OP
60074:SNNOA,North Adams Landfill,MA,Berkshire,staged_only,,2.2,,OP
60075:SYFRS,Fisher Road Solar,MA,Bristol,staged_only,,4.6,,OP
60076:SYNPL,Palmer Landfill,MA,Hampden,staged_only,,4.0,,OP
60077:AVCA,CED Avenal,CA,Kings,staged_only,,15.8,,OP
60078:DU1CA,CED Ducor 1,CA,Tulare,staged_only,,20.0,,OP
60079:DU2CA,CED Ducor 2,CA,Tulare,staged_only,,20.0,,OP
60080:DU3CA,CED Ducor 3,CA,Tulare,staged_only,,15.0,,OP
60081:DU4CA,CED Ducor 4,CA,Tulare,staged_only,,20.0,,OP
60082:WHTOK,"White Oak Solar, LLC",GA,Burke,staged_only,,76.5,,OP
60083:PV-S,Fresno Solar,CA,Fresno,staged_only,,1.5,,OP
60083:PV-W,Fresno Solar,CA,Fresno,staged_only,,1.5,,OP
60084:TG1,PCA-Valdosta Mill,GA,Lowndes,staged_only,,10.1,,OP
60084:TG2,PCA-Valdosta Mill,GA,Lowndes,staged_only,,7.5,,OP
60084:TG3,PCA-Valdosta Mill,GA,Lowndes,staged_only,,52.3,,OP
60085:PV1,AVS Lancaster 1,CA,Los Angeles,staged_only,,3.7,,OP
60086:PV1,US-TOPCO (Soccer Center),CA,Los Angeles,staged_only,,3.0,,OP
60087:SPII,South Plains II,TX,Floyd,staged_only,,300.0,,OP
60088:SNFLR,Sunflower Wind Project,ND,Morton,staged_only,,104.0,,OP
60089:ELKTN,Elkton Solar,MD,Cecil,staged_only,,1.6,,OP
60091:GEN01,"Kingbird B Solar, LLC",CA,Kern,staged_only,,20.0,,OP
60092:BLCK4,"Blythe Solar II, LLC",CA,Riverside,staged_only,,33.2,,OP
60092:BLCK5,"Blythe Solar II, LLC",CA,Riverside,staged_only,,33.9,,OP
60092:BLCK6,"Blythe Solar II, LLC",CA,Riverside,staged_only,,32.0,,OP
60092:BLCK7,"Blythe Solar II, LLC",CA,Riverside,staged_only,,32.1,,OP
60092:BLST2,"Blythe Solar II, LLC",CA,Riverside,staged_only,,115.0,,OP
60093:BES1,"Blythe Solar 110, LLC",CA,Riverside,staged_only,,63.0,,OP
60093:BLCK1,"Blythe Solar 110, LLC",CA,Riverside,staged_only,,38.7,,OP
60093:BLCK2,"Blythe Solar 110, LLC",CA,Riverside,staged_only,,36.3,,OP
60093:BLCK3,"Blythe Solar 110, LLC",CA,Riverside,staged_only,,34.8,,OP
60094:BLSL3,"Blythe Solar III, LLC Hybrid",CA,Riverside,staged_only,,136.8,,OP
60094:BLST3,"Blythe Solar III, LLC Hybrid",CA,Riverside,staged_only,,115.0,,OP
60095:BLS4A,"Blythe Solar IV, LLC",CA,Riverside,staged_only,,68.7,,OP
60095:BLS4B,"Blythe Solar IV, LLC",CA,Riverside,staged_only,,68.7,,OP
60095:BLST4,"Blythe Solar IV, LLC",CA,Riverside,staged_only,,47.0,,OP
60096:PV1,Town of Chestertown- Chestertown WWTP,MD,Kent,staged_only,,1.0,,OP
60097:PV1,Onondaga County - Metro Water Board,NY,Onondaga,staged_only,,1.0,,OP
60098:PV1,Onondaga County - Oak Orchard WWTP,NY,Onondaga,staged_only,,2.0,,OP
60099:PV1,"Hewlett-Packard (HP) - Andover, MA",MA,Essex,staged_only,,1.7,,OP
60101:SRR,"Shelby Randolph Road Solar 1, LLC",NC,Cleveland,staged_only,,2.0,,OP
60102:1,Lorin Industries,MI,Muskegon,staged_only,,0.8,,OP
60102:2,Lorin Industries,MI,Muskegon,staged_only,,0.8,,OP
60102:3,Lorin Industries,MI,Muskegon,staged_only,,0.8,,OP
60102:4,Lorin Industries,MI,Muskegon,staged_only,,0.8,,OP
60104:GEWTG,"Javelina Wind Energy, LLC",TX,Webb,staged_only,,249.7,,OP
60105:LAF,"Lafayette Solar I, LLC",NC,Cleveland,staged_only,,2.0,,OP
60106:ROCK,"Rockingham Solar, LLC",NC,Richmond,staged_only,,5.0,,OP
60107:YORK,"York Road Solar I, LLC",NC,Cleveland,staged_only,,2.0,,OP
60108:SID,"SID Solar I, LLC",NC,Cleveland,staged_only,,5.0,,OP
60109:UDRFC,UDR Glastonbury Fuel Cell,CT,Hartford,staged_only,,3.4,,OP
60110:PV1,Town of Needham VNEM CSG,MA,Norfolk,staged_only,,3.0,,OP
60111:PV1,Williamsburg Solar LLC VNEM CSG,MA,Hampshire,staged_only,,2.2,,OP
60112:PV1,Oregon Convention Center,OR,Multnomah,staged_only,,1.4,,OP
60113:PV1,Jackson Board of Education-Liberty HS,NJ,Ocean,staged_only,,1.2,,OP
60114:PV1,Oneida County- DPW,NY,Oneida,staged_only,,1.5,,OP
60115:PV1,Town of Halfmoon,NY,Saratoga,staged_only,,1.0,,OP
60116:PV1,"BJ's Wholesale Club, Inc- Uxbridge",MA,Worcester,staged_only,,1.0,,OP
60117:1,Western Michigan Solar Gardens,MI,Kalamazoo,staged_only,,1.0,,OP
60118:1,Grand Valley Solar Gardens,MI,Ottawa,staged_only,,3.0,,OP
60119:GEN1,Granby Hydro,CO,Grand,staged_only,,1.2,,OP
60121:HCEJI,"HCE Johnston I, LLC",NC,Johnston,staged_only,,1.9,,OP
60122:CT7,Colorado Bend II,TX,Wharton,staged_only,,360.9,,OP
60122:CT8,Colorado Bend II,TX,Wharton,staged_only,,360.9,,OP
60122:STG9,Colorado Bend II,TX,Wharton,staged_only,,508.5,,OP
60123:BAT1,Castle Gap Solar Hybrid,TX,Upton,staged_only,,9.9,,OP
60123:CGAP,Castle Gap Solar Hybrid,TX,Upton,staged_only,,180.0,,OP
60124:GFNCH,Goldfinch,FL,Polk,staged_only,,3.0,,OP
60125:KAWS,Kawailoa Solar,HI,Honolulu,staged_only,,49.0,,OP
60126:H1,Harpster Wind,OH,Wyandot,staged_only,,1.5,,OP
60127:PV1,"Eastern Shore Solar, LLC",VA,Accomack,staged_only,,80.0,,OP
60128:Z1,Zephyr Wind,OH,Hancock,staged_only,,1.5,,OP
60128:Z2,Zephyr Wind,OH,Hancock,staged_only,,1.5,,OP
60128:Z3,Zephyr Wind,OH,Hancock,staged_only,,1.5,,OP
60129:POW,"Red Toad 1425 A Powatan Road, LLC",NC,Johnston,staged_only,,2.0,,OP
60130:1,Big Sand Draw Plant,WY,Fremont,staged_only,,1.6,,OP
60130:2,Big Sand Draw Plant,WY,Fremont,staged_only,,1.6,,OP
60130:4,Big Sand Draw Plant,WY,Fremont,staged_only,,1.6,,OP
60130:5,Big Sand Draw Plant,WY,Fremont,staged_only,,1.6,,OP
60130:6,Big Sand Draw Plant,WY,Fremont,staged_only,,1.6,,OP
60131:DURM,Durham Solar,NC,Durham,staged_only,,3.5,,OP
60132:NCG01,New Creek Wind,WV,Grant,staged_only,,103.0,,OP
60133:MOR,"Morgan Farm, LLC",NC,Franklin,staged_only,,5.0,,OP
60134:NASH,"Nashville Farms, LLC",NC,Nash,staged_only,,2.0,,OP
60135:CED,"Cedar Solar, LLC",NC,Duplin,staged_only,,5.0,,OP
60136:ELM,"Elm Solar, LLC",NC,Lee,staged_only,,5.0,,OP
60137:1,Glasgow LFGTE,KY,Barren,staged_only,,1.0,,OP
60142:LEPV1,Lemoore 1,CA,Kings,staged_only,,1.5,,OP
60143:WTG,Peak View Wind Farm,CO,Huerfano,staged_only,,60.8,,OP
60144:FLS1,"Baltimore Church Solar, LLC",NC,Robeson,staged_only,,5.4,,OP
60145:1,"Broadview Energy JN, LLC",NM,Curry,staged_only,,181.7,,OP
60146:FLS1,"Cohen Farm Solar, LLC",NC,Lee,staged_only,,4.9,,OP
60147:FLS1,"Floyd Solar, LLC",NC,Robeson,staged_only,,6.5,,OP
60149:FLS1,"Innovative Solar 43, LLC",NC,Bladen,staged_only,,50.8,,OP
60150:ARGOS,Cornell Geneva Solar Farm,NY,Ontario,staged_only,,2.0,,OP
60151:BLDGF,Building F,CA,Los Angeles,staged_only,,1.3,,OP
60152:1,"Broadview Energy KW, LLC",NM,Curry,staged_only,,142.6,,OP
60153:BLDGG,Building G,CA,Los Angeles,staged_only,,1.2,,OP
60154:BLDG1,Buidling L,CA,Los Angeles,staged_only,,1.0,,OP
60156:PV1,Shelter Solar,NC,Hoke,staged_only,,5.0,,OP
60157:PV1,Heedeh Solar,NC,Columbus,staged_only,,4.5,,OP
60160:PV1,Tate Solar,NC,Nash,staged_only,,5.0,,OP
60161:PV1,Eagle Solar,NC,Warren,staged_only,,4.0,,OP
60165:PV1,Robin Solar,NC,Wayne,staged_only,,3.8,,OP
60178:PV1,Cash Solar,NC,Nash,staged_only,,5.0,,OP
60179:PV1,Daystar Solar,NC,Jones,staged_only,,5.0,,OP
60180:PV1,Kathleen Solar,NC,Wake,staged_only,,5.0,,OP
60181:PV1,Grove Solar,NC,Craven,staged_only,,5.0,,OP
60182:DULLE,Dulles,CA,Riverside,staged_only,,2.0,,OP
60183:FSPRI,Freeway Springs,CA,Los Angeles,staged_only,,2.0,,OP
60184:GEN1,ADS Renewable Energy-Wolf Creek LLC,GA,Twiggs,staged_only,,1.4,,OP
60184:GEN2,ADS Renewable Energy-Wolf Creek LLC,GA,Twiggs,staged_only,,1.4,,OP
60185:SOLV1,Solverde 1,CA,Los Angeles,staged_only,,85.0,,OP
60186:DSR1,Antelope DSR 1,CA,Los Angeles,staged_only,,50.0,,OP
60187:DSR2,Antelope DSR 2,CA,Los Angeles,staged_only,,5.0,,OP
60188:CON15,Conetoe Solar,NC,Edgecombe,staged_only,,5.0,,OP
60189:SRS15,Sugar Run Solar,NC,Gates,staged_only,,5.0,,OP
60190:MIN01,HMW Minster PV I,OH,Auglaize,staged_only,,3.0,,OP
60191:FLS1,"TWE New Bern Solar Project, LLC",NC,Craven,staged_only,,4.0,,OP
60193:GEN1,Whitethorn Solar LLC,CA,Alameda,staged_only,,3.3,,OP
60195:SVSEC,South Valley Solar Energy Center,NM,Bernalillo,staged_only,,10.0,,OP
60196:SFSEC,Santa Fe Solar Energy Center,NM,Santa Fe,staged_only,,9.5,,OP
60197:SANTO,Santolina Solar Energy Center,NM,Bernalillo,staged_only,,10.5,,OP
60198:RCSEC,Rio Communities Solar Energy Center,NM,Valencia,staged_only,,10.0,,OP
60199:CHSC1,"County Home Solar Center, LLC",NC,Cleveland,staged_only,,2.0,,OP
60200:LAUR,"Laurinburg Solar, LLC (Heelstone)",NC,Robeson,staged_only,,2.0,,OP
60201:CHNJ,CES Cherry Hill Solar,NJ,Camden,staged_only,,1.2,,OP
60207:HEMLK,Hemlock Solar,NC,Northampton,staged_only,,5.0,,OP
60208:PV1,"Long Farm 46 Solar, LLC",NC,Northampton,staged_only,,5.0,,OP
60209:HXNAI,HXNAir Solar One,NC,Halifax,staged_only,,5.0,,OP
60210:CPWF,Cotton Plains Wind Farm,TX,Floyd,staged_only,,50.4,,OP
60217:RKSP,Rocksprings,TX,Val Verde,staged_only,,149.3,,OP
60218:FC1,Frontier Windpower,OK,Kay,staged_only,,200.0,,OP
60219:UNIT1,Strata Roof 1,CA,Sacramento,staged_only,,1.0,,OP
60220:ZWED1,Zero Waste Energy Development Co LLC,CA,Santa Clara,staged_only,,0.8,,OP
60220:ZWED2,Zero Waste Energy Development Co LLC,CA,Santa Clara,staged_only,,0.8,,OP
60223:EQXOO,Equinix San Jose,CA,Santa Clara,staged_only,,1.1,,OP
60224:NTL00,Intel Santa Clara,CA,Santa Clara,staged_only,,1.1,,OP
60225:PV1,CMEEC - Bozrah,CT,New London,staged_only,,2.5,,OP
60226:GEN01,"Rancho Seco Solar, LLC",CA,Sacramento,staged_only,,10.8,,OP
60227:PV1,BJ's Wholesale Club Inc Dist Center,NJ,Burlington,staged_only,,1.4,,OP
60228:PV1,Conn Mun Electric Energy Coop,CT,New London,staged_only,,1.0,,OP
60229:PV1,Orange County Solar Farm (NY),NY,Orange,staged_only,,1.5,,OP
60230:PV1,Estrella Mountain PV,AZ,Maricopa,staged_only,,1.8,,OP
60231:BA1,Genentech-Oceanside Hybrid,CA,San Diego,staged_only,,2.0,,OP
60231:PV1,Genentech-Oceanside Hybrid,CA,San Diego,staged_only,,4.5,,OP
60232:PV1,Onondaga County- Jamesville,NY,Onondaga,staged_only,,2.0,,OP
60233:BESS1,RE Garland,CA,Kern,staged_only,,45.0,,OP
60233:BESS2,RE Garland,CA,Kern,staged_only,,43.0,,OP
60233:PV2,RE Garland,CA,Kern,staged_only,,185.1,,OP
60237:MSF2,Midway Solar Farm II,CA,Imperial,staged_only,,30.0,,OP
60238:PV1,"McDonald Solar Farm, LLC",IN,Vigo,staged_only,,5.2,,OP
60239:PV1,"Pastime Farm, LLC",IN,Clay,staged_only,,5.2,,OP
60240:1,"Yanceyville Farm 3, LLC",NC,Caswell,staged_only,,4.9,,OP
60241:00611,Union Renewable Energy Facility,SC,Union,staged_only,,1.6,,OP
60241:00677,Union Renewable Energy Facility,SC,Union,staged_only,,1.6,,OP
60242:SKI10,"Algonquin SKIC 10 Solar, LLC",CA,Kern,staged_only,,10.0,,OP
60243:1A,Ambler,AK,Northwest Arctic,staged_only,,0.4,,OP
60243:2,Ambler,AK,Northwest Arctic,staged_only,,0.3,,OP
60243:3,Ambler,AK,Northwest Arctic,staged_only,,0.4,,OP
60244:1,Marshall,AK,Kusilvak,staged_only,,0.5,,OP
60244:2,Marshall,AK,Kusilvak,staged_only,,0.4,,OP
60244:3,Marshall,AK,Kusilvak,staged_only,,0.2,,OP
60245:1,New Stuyahok,AK,Dillingham,staged_only,,0.4,,OP
60245:2A,New Stuyahok,AK,Dillingham,staged_only,,0.4,,OP
60245:3A,New Stuyahok,AK,Dillingham,staged_only,,0.5,,OP
60247:VVS,Valley View Solar,CO,Weld,staged_only,,4.0,,OP
60248:CAREY,Skylark,CO,Weld,staged_only,,4.0,,OP
60249:BES,Silicon Valley Clean Water,CA,San Mateo,staged_only,,1.0,,OP
60249:CGN,Silicon Valley Clean Water,CA,San Mateo,staged_only,,1.2,,OP
60250:13,Swampy Acres Microgrid,AK,Kodiak Island,staged_only,,4.4,,OP
60250:6A,Swampy Acres Microgrid,AK,Kodiak Island,staged_only,,2.0,,OP
60250:7A,Swampy Acres Microgrid,AK,Kodiak Island,staged_only,,2.0,,OP
60251:SHUNT,IMPA Huntingburg Solar Park,IN,Dubois,staged_only,,2.0,,OP
60252:SWASH,IMPA Washington Solar Park,IN,Daviess,staged_only,,4.0,,OP
60253:SANDE,IMPA Anderson Solar Park,IN,Madison,staged_only,,5.0,,OP
60254:UNIT1,Owatonna Energy Station,MN,Steele,staged_only,,9.7,,OP
60254:UNIT2,Owatonna Energy Station,MN,Steele,staged_only,,9.7,,OP
60254:UNIT3,Owatonna Energy Station,MN,Steele,staged_only,,9.7,,OP
60254:UNIT4,Owatonna Energy Station,MN,Steele,staged_only,,9.7,,OP
60255:1,Weymouth Solar Plant,CA,Los Angeles,staged_only,,2.0,,OP
60255:2,Weymouth Solar Plant,CA,Los Angeles,staged_only,,1.0,,OP
60256:1,Bluestem,OK,Beaver,staged_only,,198.0,,OP
60257:INV1,Stainback Solar Farm,NC,Vance,staged_only,,5.0,,OP
60258:ALPV1,Alta Luna,NM,Luna,staged_only,,28.1,,OP
60259:PWP1,"Pioneer Wind Park, LLC",WY,Converse,staged_only,,80.0,,OP
60260:1,Brevig Mission,AK,Nome,staged_only,,0.2,,OP
60260:2,Brevig Mission,AK,Nome,staged_only,,0.4,,OP
60260:3A,Brevig Mission,AK,Nome,staged_only,,0.4,,OP
60261:GEN1,Playa Solar 2,NV,Clark,staged_only,,100.0,,OP
60262:GEN1,Prairie Breeze II,NE,Antelope,staged_only,,73.4,,OP
60263:GEN1,Durham AWTF,OR,Washington,staged_only,,0.8,,OP
60263:GEN2,Durham AWTF,OR,Washington,staged_only,,0.8,,OP
60264:BCGT1,Bacliff,TX,Galveston,staged_only,,71.2,,OP
60264:BCGT2,Bacliff,TX,Galveston,staged_only,,71.2,,OP
60264:BCGT3,Bacliff,TX,Galveston,staged_only,,71.2,,OP
60264:BCGT4,Bacliff,TX,Galveston,staged_only,,71.2,,OP
60264:BCGT5,Bacliff,TX,Galveston,staged_only,,71.2,,OP
60264:BCGT6,Bacliff,TX,Galveston,staged_only,,71.2,,OP
60265:JUNCT,Junction Road,NJ,Hunterdon,staged_only,,4.4,,OP
60266:CEDAR,Cedar Branch,NJ,Atlantic,staged_only,,6.1,,OP
60267:SHRN1,Sharon Station,NJ,Monmouth,staged_only,,2.7,,OP
60270:WT1,Blue Cloud Wind Energy LLC,TX,Bailey,staged_only,,148.4,,OP
60271:WT1,"Canyon Wind Project, LLC",TX,Scurry,staged_only,,308.8,,OP
60274:WFMA,"CED Westfield Solar, LLC",MA,Hampden,staged_only,,2.0,,OP
60275:WSPV1,Westside Solar Power PV1,CA,Kings,staged_only,,2.0,,OP
60276:G1,West Groton CHP,MA,Middlesex,staged_only,,4.1,,OP
60278:SBRDG,Southbridge Solar,MA,Worcester,staged_only,,1.9,,OP
60279:ABSR,Antelope Big Sky Ranch,CA,Los Angeles,staged_only,,20.0,,OP
60280:SUMSL,Summer Solar LLC,CA,Los Angeles,staged_only,,20.0,,OP
60281:CADRB,Central Antelope Dry Ranch B LLC,CA,Los Angeles,staged_only,,3.0,,OP
60283:MVRKS,SR Mavericks,CO,Weld,staged_only,,7.8,,OP
60284:PV1,Organ Church Solar,NC,Rowan,staged_only,,5.0,,OP
60285:RH3,Red Horse III,AZ,Cochise,staged_only,,30.0,,OP
60287:PV1,Willard Solar,NC,Pender,staged_only,,5.0,,OP
60288:PV1,Ajax Solar,NC,Robeson,staged_only,,5.0,,OP
60290:PV1,Jester Solar,NC,Wayne,staged_only,,5.0,,OP
60291:PV1,Trinity Solar,NC,Randolph,staged_only,,5.0,,OP
60293:PV1,St. Matthews Solar,SC,Calhoun,staged_only,,10.2,,OP
60298:PV1,"Pine Valley Solar Farm, LLC",NC,Moore,staged_only,,5.0,,OP
60300:IMPV1,Montana Solar Facility,TX,El Paso,staged_only,,3.0,,OP
60301:HPV1,Holloman Solar Facility,NM,Otero,staged_only,,5.0,,OP
60302:10,Key,MD,Prince Georges,staged_only,,359.6,,OP
60302:11,Key,MD,Prince Georges,staged_only,,235.5,,OP
60302:12,Key,MD,Prince Georges,staged_only,,235.5,,OP
60303:SUM2,Sumrall II Solar Farm,MS,Lamar,staged_only,,52.0,,OP
60304:SISPV,"San Isabel Solar, LLC",CO,Las Animas,staged_only,,30.0,,OP
60306:SUM1,Sumrall I Solar Farm,MS,Lamar,staged_only,,52.0,,OP
60307:1,"Mesquite Solar 2, LLC",AZ,Maricopa,staged_only,,100.0,,OP
60308:1,"Mesquite Solar 3, LLC",AZ,Maricopa,staged_only,,150.0,,OP
60310:GEN01,"Portal Ridge Solar B, LLC",CA,Los Angeles,staged_only,,20.0,,OP
60311:GEN01,"Portal Ridge Solar C, LLC",CA,Los Angeles,staged_only,,11.4,,OP
60312:1,"Howell Midland Farm, LLC",NC,Cabarrus,staged_only,,4.9,,OP
60313:1,"Augustus Farm, LLC",NC,Pitt,staged_only,,4.9,,OP
60314:GEN1,Prairie Breeze III,NE,Antelope,staged_only,,35.8,,OP
60315:MSF3,Midway Solar Farm III,CA,Imperial,staged_only,,20.0,,OP
60316:1,Scott Solar Farm,VA,Powhatan,staged_only,,17.0,,OP
60316:SCBS,Scott Solar Farm,VA,Powhatan,staged_only,,40.0,,OP
60317:1,"Grady Wind Energy Center, LLC",NM,Curry,staged_only,,220.5,,OP
60318:1,Woodland Solar Farm,VA,Isle of Wight,staged_only,,19.0,,OP
60319:1,Whitehouse Solar Farm,VA,Louisa,staged_only,,20.0,,OP
60320:SSCO1,Jeffco Community Solar Gardens LLC,CO,Jefferson,staged_only,,1.2,,OP
60324:GEN01,"Willow Spring Solar, LLC",CA,Kern,staged_only,,107.9,,OP
60326:OBWF,O'Brien Wind,IA,O'Brien,staged_only,,61.9,,OP
60326:OBWF2,O'Brien Wind,IA,O'Brien,staged_only,,108.7,,OP
60326:OBWF3,O'Brien Wind,IA,O'Brien,staged_only,,79.7,,OP
60327:AMWEL,East Amwell,NJ,Hunterdon,staged_only,,1.8,,OP
60328:S1,Schofield Generating Station,HI,Honolulu,staged_only,,8.4,,OP
60328:S2,Schofield Generating Station,HI,Honolulu,staged_only,,8.4,,OP
60328:S3,Schofield Generating Station,HI,Honolulu,staged_only,,8.4,,OP
60328:S4,Schofield Generating Station,HI,Honolulu,staged_only,,8.4,,OP
60328:S5,Schofield Generating Station,HI,Honolulu,staged_only,,8.4,,OP
60328:S6,Schofield Generating Station,HI,Honolulu,staged_only,,8.4,,OP
60329:RINGR,"Ringer Hill Wind Farm, LLC",PA,Somerset,staged_only,,39.9,,OP
60330:GSC1,"Grove Solar Center, LLC",OR,Malheur,staged_only,,6.0,,OP
60331:HSC1,"Hyline Solar Center, LLC",OR,Malheur,staged_only,,9.0,,OP
60332:ORSC1,"Open Range Solar Center, LLC",OR,Malheur,staged_only,,10.0,,OP
60333:RSC1,"Railroad Solar Center, LLC",OR,Malheur,staged_only,,4.5,,OP
60334:TSC1,"Thunderegg Solar Center, LLC",OR,Malheur,staged_only,,10.0,,OP
60335:VASC1,"Vale Air Solar Center, LLC",OR,Malheur,staged_only,,10.0,,OP
60336:MSF1,Midway Solar Farm 1,CA,Imperial,staged_only,,50.0,,OP
60337:PROV,Providence Solar,TN,Madison,staged_only,,16.0,,OP
60338:EWF,Electra Wind Farm,TX,Wilbarger,staged_only,,230.0,,OP
60339:HCWF,Horse Creek Wind Farm,TX,Haskell,staged_only,,230.0,,OP
60340:1,Albany Green Energy,GA,Dougherty,staged_only,,54.5,,OP
60341:WMTOC,Wal-Mart Truth or Consequences PV,NM,Sierra,staged_only,,1.0,,OP
60342:IGWF,Ida Grove Wind,IA,Ida,staged_only,,61.1,,OP
60342:IGWF2,Ida Grove Wind,IA,Ida,staged_only,,119.6,,OP
60342:IGWF3,Ida Grove Wind,IA,Ida,staged_only,,92.8,,OP
60342:IGWF4,Ida Grove Wind,IA,Ida,staged_only,,27.6,,OP
60344:SUD,Sudbury Solar,VT,Rutland,staged_only,,2.0,,OP
60345:1A,Okeechobee Clean Energy Center,FL,Okeechobee,staged_only,,376.6,,OP
60345:1B,Okeechobee Clean Energy Center,FL,Okeechobee,staged_only,,376.6,,OP
60345:1C,Okeechobee Clean Energy Center,FL,Okeechobee,staged_only,,376.6,,OP
60345:1ST,Okeechobee Clean Energy Center,FL,Okeechobee,staged_only,,593.3,,OP
60346:1,Demille Solar Farm,MI,Lapeer,staged_only,,28.4,,OP
60347:1,Turrill Solar Farm,MI,Lapeer,staged_only,,19.6,,OP
60348:1,O'Shea Solar Farm,MI,Wayne,staged_only,,2.0,,OP
60350:LVMB2,"Solar Las Vegas MB 2, LLC",NV,Clark,staged_only,,1.5,,OP
60351:BSPV1,Bison Solar LLC,CO,Larimer,staged_only,,30.0,,OP
60352:BSP,"Boulder Solar Power, LLC",NV,Clark,staged_only,,100.0,,OP
60353:CCVT,Cecil County CCVT HS,MD,Cecil,staged_only,,2.0,,OP
60354:BWEC2,Brady II Wind Energy Center,ND,Stark,staged_only,,150.0,,OP
60355:BWEC1,Brady Wind Energy Center,ND,Stark,staged_only,,150.0,,OP
60356:SFCT1,South Field Energy,OH,Columbiana,staged_only,,344.4,,OP
60356:SFCT2,South Field Energy,OH,Columbiana,staged_only,,344.4,,OP
60356:SFST1,South Field Energy,OH,Columbiana,staged_only,,260.8,,OP
60356:SFST2,South Field Energy,OH,Columbiana,staged_only,,260.8,,OP
60357:GEN1,Lackawanna Energy Center,PA,Lackawanna,staged_only,,499.5,,OP
60357:GEN2,Lackawanna Energy Center,PA,Lackawanna,staged_only,,499.5,,OP
60357:GEN3,Lackawanna Energy Center,PA,Lackawanna,staged_only,,499.5,,OP
60359:60916,Gastonia Solar Center,NC,Gaston,staged_only,,4.3,,OP
60361:INV1,Wortham Solar Farm,NC,Vance,staged_only,,5.0,,OP
60363:WFSPV,"White Farm Solar, LLC",NC,Northampton,staged_only,,5.2,,OP
60364:WSLFG,White Street Renewables,NC,Guilford,staged_only,,1.6,,OP
60364:WSPV,White Street Renewables,NC,Guilford,staged_only,,3.4,,OP
60365:VULC,Vulcraft Solar,NY,Chemung,staged_only,,1.6,,OP
60366:OSWF,Old Settler Wind,TX,Floyd,staged_only,,151.2,,OP
60367:SCSPV,"Snow Camp Solar, LLC",NC,Alamance,staged_only,,5.2,,OP
60368:CTG1,Hummel Station LLC,PA,Snyder,staged_only,,244.8,,OP
60368:CTG2,Hummel Station LLC,PA,Snyder,staged_only,,244.8,,OP
60368:CTG3,Hummel Station LLC,PA,Snyder,staged_only,,244.8,,OP
60368:STG,Hummel Station LLC,PA,Snyder,staged_only,,460.0,,OP
60369:BFPV,Battleboro Farm,NC,Nash,staged_only,,5.2,,OP
60370:FHSPV,"Flint Hill Solar, LLC",NC,Moore,staged_only,,5.2,,OP
60371:1,Legoland Solar,FL,Polk,staged_only,,1.4,,OP
60372:LSPV1,Lamesa Solar,TX,Dawson,staged_only,,102.0,,OP
60375:ILR1,ILR Landfill,NJ,Middlesex,staged_only,,6.6,,OP
60376:CTG1,Middletown- Ohio,OH,Trumbull,staged_only,,311.0,,OP
60376:CTG2,Middletown- Ohio,OH,Trumbull,staged_only,,311.0,,OP
60376:STG1,Middletown- Ohio,OH,Trumbull,staged_only,,340.0,,OP
60378:PV1,NHA at Mansfield NJ,NJ,Warren,staged_only,,5.0,,OP
60380:SCSPV,"Shoe Creek Solar, LLC",NC,Scotland,staged_only,,65.0,,OP
60381:SSSP,Sulphur Springs,AZ,Cochise,staged_only,,20.0,,OP
60383:MONPV,Monroe Solar Facility,NC,Union,staged_only,,54.6,,OP
60384:HERT,Hertford Solar Farm,NC,Perquimans,staged_only,,5.0,,OP
60385:MB-18,Santa Rita Jail Fuel Cell,CA,Alameda,staged_only,,1.4,,OP
60386:PV1,RE Garland A,CA,Kern,staged_only,,20.2,,OP
60387:GEN3,Invenergy Nelson Expansion LLC,IL,Lee,staged_only,,190.0,,OP
60387:GEN4,Invenergy Nelson Expansion LLC,IL,Lee,staged_only,,190.0,,OP
60388:GEMT,Morgantown,PA,Berks,staged_only,,1.6,,OP
60389:REBR1,RE Barren Ridge 1,CA,Kern,staged_only,,60.0,,OP
60390:BRES,Beech Ridge Energy Storage,WV,Greenbrier,staged_only,,31.5,,OP
60391:SJAPV,SJA Solar LLC-Solterra Monastery CSG,MA,Worcester,staged_only,,14.7,,OP
60392:MM-24,Pfizer Groton Fuel Cell,CT,New London,staged_only,,2.8,,OP
60392:MM-25,Pfizer Groton Fuel Cell,CT,New London,staged_only,,2.8,,OP
60393:PV1,Warbler Holdings,NC,Cleveland,staged_only,,4.0,,OP
60394:PV1,Tamworth Holdings,NC,Bladen,staged_only,,5.0,,OP
60395:MC1PV,MC1 Solar,NC,Martin,staged_only,,5.0,,OP
60396:FLS1,"St. Pauls Solar 1, LLC",NC,Robeson,staged_only,,4.9,,OP
60397:FLS1,"Kennedy Solar, LLC",NC,Duplin,staged_only,,4.9,,OP
60398:FLS1,Innovative Solar 65,NC,Scotland,staged_only,,4.9,,OP
60399:FLS1,"Lincoln Solar, LLC (NC)",NC,Rutherford,staged_only,,4.9,,OP
60400:FLS1,"Exum Farm Solar, LLC",NC,Lenoir,staged_only,,4.9,,OP
60401:BCSPV,"Bizzell Church Solar 1, LLC",NC,Johnston,staged_only,,5.2,,OP
60402:CBPV,"CB Bladen Solar, LLC",NC,Bladen,staged_only,,5.2,,OP
60403:CSPV,"Currin Solar, LLC",NC,Granville,staged_only,,5.2,,OP
60404:PISGA,Pisgah Mountain Wind,ME,Penobscot,staged_only,,9.1,,OP
60405:CSPV,"Chaves Solar, LLC",NM,Chaves,staged_only,,70.0,,OP
60406:RSPV,"Roswell Solar, LLC",NM,Chaves,staged_only,,70.0,,OP
60408:97PV,"Nash 97 Solar, LLC",NC,Nash,staged_only,,5.2,,OP
60409:SWFPV,"South Winston Farm, LLC",NC,Forsyth,staged_only,,5.2,,OP
60410:SULPV,"Sullivan Solar, LLC",IN,Sullivan,staged_only,,5.2,,OP
60411:COVEN,"Coventry Photovoltaic, LLC",VT,Orleans,staged_only,,2.2,,OP
60412:MUN,Munro Valley Solar,CA,Inyo,staged_only,,4.0,,OP
60413:AZPV1,Bonnybrooke PV,AZ,Pinal,staged_only,,50.0,,OP
60414:GEN1,Bethel Wind Farm LLC,TX,Castro,staged_only,,276.0,,OP
60415:HFSPV,"Hardison Farm Solar, LLC",NC,Martin,staged_only,,5.2,,OP
60416:MSPV,"Maxton Solar, LLC",NC,Robeson,staged_only,,4.9,,OP
60417:MSFPV,Modlin Solar Farm,NC,Martin,staged_only,,4.9,,OP
60418:CC6MW,Calligan Creek Hydroelectric Project,WA,King,staged_only,,6.0,,OP
60419:DAC2G,Don A Campbell 2 Geothermal,NV,Mineral,staged_only,,20.0,,OP
60421:WHR1,Veyo Heat Recovery Project,UT,Washington,staged_only,,9.5,,OP
60422:1,Morgan's Corner,NC,Pasquotank,staged_only,,20.0,,OP
60423:FCPV,Fairhaven C CSG,MA,Bristol,staged_only,,1.6,,OP
60424:WBAB,West Bridgewater AB CSG,MA,Plymouth,staged_only,,1.7,,OP
60425:SO049,Skidmore College,NY,Saratoga,staged_only,,1.8,,OP
60426:RCWD,RCWD PV Project,CA,Riverside,staged_only,,4.1,,OP
60427:CSS1,CoServ Community Solar Station,TX,Denton,staged_only,,2.0,,OP
60428:PV1,CA Dept of Public Health at Richmond,CA,Contra Costa,staged_only,,2.2,,OP
60429:PV1,Tides Lane Farm,NC,Franklin,staged_only,,3.7,,OP
60431:TC3,Tompkins Cortland Community College,NY,Tompkins,staged_only,,2.0,,OP
60432:TPP,Three Peaks Power,UT,Iron,staged_only,,80.0,,OP
60435:XXXXX,Crane Solar Facility,IN,Martin,staged_only,,17.0,,OP
60436:1,East Pecos Solar,TX,Pecos,staged_only,,118.5,,OP
60437:BERNS,Bernards Solar,NJ,Somerset,staged_only,,2.9,,OP
60438:1,Whitakers Farm (Fisher Rd),NC,Nash,staged_only,,3.4,,OP
60439:PV1,Sellers Farm Solar,NC,Richmond,staged_only,,5.0,,OP
60440:PV1,McGrigor Farm Solar,NC,Sampson,staged_only,,5.0,,OP
60442:CMA1,Carver MA 1 Community Solar,MA,Plymouth,staged_only,,2.0,,OP
60443:WMA1,Wareham MA 1 Community Solar,MA,Plymouth,staged_only,,2.0,,OP
60444:GLA,Glacier Battery Storage,WA,Whatcom,staged_only,,2.0,,OP
60445:INV1,ID Solar,ID,Ada,staged_only,,40.0,,OP
60446:PVEB,E&B Resources,CA,Kern,staged_only,,1.0,,OP
60447:PSLS,Presbyterian Senior Living Service,MD,Baltimore,staged_only,,1.0,,OP
60448:VALD,Valdosta (Terraform),GA,Lowndes,staged_only,,1.0,,OP
60449:PSII,Pavant Solar II LLC,UT,Millard,staged_only,,50.0,,OP
60450:PVCR,Corcoran,CA,Kings,staged_only,,1.1,,OP
60451:PVBR,Brookside,RI,Providence,staged_only,,1.0,,OP
60452:CALV,Calverton,NY,Suffolk,staged_only,,3.0,,OP
60453:CUMM,"Cummins, Inc",NY,Chautauqua,staged_only,,1.8,,OP
60454:HOUGH,Houghton,NY,Allegany,staged_only,,2.0,,OP
60455:ONS,Oneida - South,NY,Oneida,staged_only,,1.9,,OP
60456:ONW,Oneida - West,NY,Oneida,staged_only,,1.9,,OP
60457:1,Athens Energy,ME,Somerset,staged_only,,8.5,,OP
60458:HAEH,Hardwick-Athol & Eagle Hill,MA,Worcester,staged_only,,2.8,,OP
60459:PC1,Calhoun Port Comfort,TX,Calhoun,staged_only,,60.5,,OP
60459:PC2,Calhoun Port Comfort,TX,Calhoun,staged_only,,60.5,,OP
60460:CH1,Chamon,TX,Harris,staged_only,,60.5,,OP
60460:CH2,Chamon,TX,Harris,staged_only,,60.5,,OP
60461:PV1,The Clorox Company,MD,Harford,staged_only,,1.6,,OP
60462:PV1,Onondaga County- Clearwater,NY,Oswego,staged_only,,2.0,,OP
60463:PV1,Greene County Meter #1,NY,Greene,staged_only,,1.6,,OP
60464:CTG1,Tenaska Westmoreland Generating Station,PA,Westmoreland,staged_only,,370.0,,OP
60464:CTG2,Tenaska Westmoreland Generating Station,PA,Westmoreland,staged_only,,370.0,,OP
60464:STG1,Tenaska Westmoreland Generating Station,PA,Westmoreland,staged_only,,394.0,,OP
60465:PV1,Chesapeake College,MD,Queen Annes,staged_only,,1.5,,OP
60466:WTHF,Waterman Turnout Hydroelectric,CA,San Bernardino,staged_only,,1.0,,OP
60467:PV1,Red Rock,AZ,Maricopa,staged_only,,43.9,,OP
60467:RR40M,Red Rock,AZ,Maricopa,staged_only,,41.0,,OP
60468:GT-1,Friendswood Energy,TX,Harris,staged_only,,121.5,,OP
60469:INV1,Solar Glynn,GA,Glynn,staged_only,,18.0,,OP
60470:1,Paulding Wind Farm III,OH,Paulding,staged_only,,100.8,,OP
60471:GRNRV,Green River Wind Farm,IL,Lee,staged_only,,194.3,,OP
60472:CPS1,CPS 1 Community Solar,TX,Bexar,staged_only,,1.0,,OP
60473:WPMA1,Westport MA 1 Community Solar,MA,Bristol,staged_only,,1.3,,OP
60474:BSHRB,"Bayshore Solar B, LLC",CA,Los Angeles,staged_only,,20.0,,OP
60475:BSHRC,"Bayshore Solar C, LLC",CA,Los Angeles,staged_only,,20.0,,OP
60476:WPMA2,Westport MA 2 Community Solar,MA,Bristol,staged_only,,1.2,,OP
60477:BE,Bethlehem - East,NY,Albany,staged_only,,1.7,,OP
60478:BW,Bethlehem - West,NY,Albany,staged_only,,1.0,,OP
60480:PV1,"Germantown Solar, LLC",NC,Forsyth,staged_only,,1.5,,OP
60481:BSHRA,"Bayshore Solar A, LLC",CA,Los Angeles,staged_only,,20.0,,OP
60484:1,"Williamston West Farm, LLC",NC,Martin,staged_only,,4.9,,OP
60485:PV1,"Longboat Solar, LLC",CA,San Bernardino,staged_only,,20.0,,OP
60486:1,Greenfield Wind - MT,MT,Teton,staged_only,,25.0,,OP
60487:PV1,"River Road Solar, LLC",NC,Hertford,staged_only,,5.0,,OP
60489:PV1,Hamilton Solar-Crosswicks,NJ,Mercer,staged_only,,3.5,,OP
60489:PV2,Hamilton Solar-Crosswicks,NJ,Mercer,staged_only,,4.0,,OP
60490:RW4SF,Redwood 4 Solar Farm,CA,Kern,staged_only,,20.0,,OP
60491:SB3BS,Springbok 3 Solar Farm Hybrid,CA,Kern,staged_only,,1.5,,OP
60491:SB3SF,Springbok 3 Solar Farm Hybrid,CA,Kern,staged_only,,90.0,,OP
60492:PV1,Rail Trail,MA,Berkshire,staged_only,,2.0,,OP
60493:1,Rising Paper,MA,Berkshire,staged_only,,2.5,,OP
60494:1,Hampden,MA,Hampden,staged_only,,3.2,,OP
60495:1,Little Bay,RI,Providence,staged_only,,1.3,,OP
60496:1,MEBA,MD,Talbot,staged_only,,1.5,,OP
60497:SKY B,SR Skylark B,CO,Weld,staged_only,,2.0,,OP
60498:1,Shirley Water,MA,Middlesex,staged_only,,2.0,,OP
60500:1,Westside Avenue,NJ,Hudson,staged_only,,1.0,,OP
60501:1,Hartz Way,NJ,Hudson,staged_only,,1.0,,OP
60502:GEN1,"Tyler Bluff Wind Project, LLC",TX,Cooke,staged_only,,125.6,,OP
60503:CTTL1,Crowned Ridge Wind Energy Center,SD,Codington,staged_only,,200.1,,OP
60504:BLZG1,Blazing Star Wind Farm 1,MN,Lincoln,staged_only,,200.0,,OP
60505:CRCKR,Crocker Wind Farm,SD,Clark,staged_only,,200.0,,OP
60507:NORTH,Broome County,NY,Broome,staged_only,,2.0,,OP
60507:SOUTH,Broome County,NY,Broome,staged_only,,2.0,,OP
60509:PV1,Valley Center,CA,San Diego,staged_only,,2.3,,OP
60510:PV1,Two Mile Desert Project,NC,Perquimans,staged_only,,16.2,,OP
60511:PV1,Clear Spring Ranch PV Project,CO,El Paso,staged_only,,10.0,,OP
60512:SO073,Greenville,GA,Meriwether,staged_only,,1.0,,OP
60513:SO076,Richland (GA),GA,Richland,staged_only,,1.0,,OP
60514:PV1,Seminole (GA),GA,Seminole,staged_only,,1.6,,OP
60516:PV1,NLP Granger,CA,San Diego,staged_only,,3.0,,OP
60517:HY1,Hancock Creek Hydroelectric Project,WA,King,staged_only,,6.0,,OP
60518:BA1,Stafford Hill Solar Hybrid,VT,Rutland,staged_only,,2.0,,OP
60518:PV1,Stafford Hill Solar Hybrid,VT,Rutland,staged_only,,2.0,,OP
60519:PV1,Albany Solar,MN,Stearns,staged_only,,10.0,,OP
60520:PV1,Annandale Solar,MN,Wright,staged_only,,6.0,,OP
60521:PV1,Atwater Solar,MN,Kandiyohi,staged_only,,4.0,,OP
60522:PV1,Chisago Solar,MN,Chisago,staged_only,,6.5,,OP
60523:PV1,Dodge Center Solar,MN,Dodge,staged_only,,6.5,,OP
60524:PV1,Eastwood Solar,MN,Blue Earth,staged_only,,5.5,,OP
60525:PV1,Hastings Solar,MN,Dakota,staged_only,,4.5,,OP
60526:PV1,Lake Emily Solar,MN,Nicollet,staged_only,,4.5,,OP
60527:PV1,Lake Pulaski Solar,MN,Wright,staged_only,,7.5,,OP
60528:PV1,Lawrence Creek Solar,MN,Chisago,staged_only,,3.5,,OP
60529:PV1,Montrose Solar,MN,Wright,staged_only,,3.5,,OP
60530:PV1,Paynesville Solar,MN,Stearns,staged_only,,10.0,,OP
60531:PV1,Pine Island Solar,MN,Goodhue,staged_only,,4.0,,OP
60532:PV1,Waseca Solar,MN,Waseca,staged_only,,10.0,,OP
60533:PV1,West Faribault Solar,MN,Rice,staged_only,,5.5,,OP
60534:PV1,West Waconia Solar,MN,Carver,staged_only,,8.5,,OP
60535:PV1,"Saluda Solar, LLC",SC,Saluda,staged_only,,6.8,,OP
60536:TRBN1,UA Central Utility Plant,AR,Washington,staged_only,,5.6,,OP
60537:8027,Limerick Road Solar Farm,VT,Chittenden,staged_only,,2.2,,OP
60538:1,"Langdon Solar Farm, LLC",NC,Johnston,staged_only,,5.0,,OP
60539:IS042,Innovative Solar 42,NC,Bladen,staged_only,,71.0,,OP
60540:IS031,Innovative Solar 31,NC,Bladen,staged_only,,35.0,,OP
60541:WT1,Wind GEM,IA,Adair,staged_only,,1.9,,OP
60542:900,158th Fighter Wing Solar Farm,VT,Chittenden,staged_only,,1.3,,OP
60544:PV1,Tri-County Solar Facility,GA,Putnam,staged_only,,1.0,,OP
60545:WT,"Grant Plains Wind, LLC",OK,Grant,staged_only,,147.2,,OP
60546:BA1,KIUC Kapaia PV and BA Storage Project Hy,HI,Kauai,staged_only,,13.0,,OP
60546:PV1,KIUC Kapaia PV and BA Storage Project Hy,HI,Kauai,staged_only,,15.0,,OP
60547:PV1,GMP Solar - Richmond,VT,Chittenden,staged_only,,1.9,,OP
60548:PV1,"NorWest Energy 2, LLC",OR,Deschutes,staged_only,,9.9,,OP
60549:ZV3,"ZV Solar 3, LLC",NC,Robeson,staged_only,,5.0,,OP
60550:GEN,GRP Franklin Renewable Energy Facility,GA,Franklin,staged_only,,58.0,,OP
60551:BLW01,Big Level Wind,PA,Potter,staged_only,,90.0,,OP
60552:HATTI,Hattiesburg Solar Farm,MS,Forrest,staged_only,,50.0,,OP
60553:1,Southerland Farm Solar,NC,Vance,staged_only,,5.0,,OP
60554:STHLV,Hazlehurst II,GA,Jeff Davis,staged_only,,52.5,,OP
60555:SELMI,Selmer I,TN,McNairy,staged_only,,16.0,,OP
60556:SELM2,Selmer II,TN,McNairy,staged_only,,8.0,,OP
60558:PV1,Solar Blythe 2,CA,Riverside,staged_only,,20.0,,OP
60559:MEC1,Marquette Energy Center,MI,Marquette,staged_only,,17.1,,OP
60559:MEC2,Marquette Energy Center,MI,Marquette,staged_only,,17.1,,OP
60559:MEC3,Marquette Energy Center,MI,Marquette,staged_only,,17.1,,OP
60560:MILL,Millington Solar Farm,TN,Shelby,staged_only,,53.0,,OP
60562:GMPBP,GMP Solar - Panton Hybrid,VT,Addison,staged_only,,1.0,,OP
60562:GMPSP,GMP Solar - Panton Hybrid,VT,Addison,staged_only,,4.9,,OP
60563:FESS,Flywheel Energy Storage System Microgrid,AK,Kodiak Island,staged_only,,2.0,,OP
60564:WES1,Westside Energy Station,MN,Olmsted,staged_only,,9.3,,OP
60564:WES2,Westside Energy Station,MN,Olmsted,staged_only,,9.3,,OP
60564:WES3,Westside Energy Station,MN,Olmsted,staged_only,,9.3,,OP
60564:WES4,Westside Energy Station,MN,Olmsted,staged_only,,9.3,,OP
60564:WES5,Westside Energy Station,MN,Olmsted,staged_only,,9.3,,OP
60565:SES1,Borrego Springs Energy Storage,CA,San Diego,staged_only,,0.5,,OP
60565:SES2,Borrego Springs Energy Storage,CA,San Diego,staged_only,,1.0,,OP
60566:SES2,Pala Energy Storage Yard,CA,San Diego,staged_only,,1.0,,OP
60567:SES1,Ortega Highway Energy Storage,CA,Orange,staged_only,,1.0,,OP
60568:SES,Canyon Crest Academy,CA,San Diego,staged_only,,1.0,,OP
60569:SES,El Cajon Energy Storage,CA,San Diego,staged_only,,7.5,,OP
60572:GEN01,White Wing Solar,AZ,Yuma,staged_only,,179.0,,OP
60573:PV1,HQC Rock River Solar Power Gen Station,WI,Rock,staged_only,,2.1,,OP
60574:GEN1,"Great Western Wind Energy, LLC",OK,Ellis,staged_only,,225.0,,OP
60575:1,Wadesboro Farm 2,NC,Anson,staged_only,,5.0,,OP
60576:1,Wadesboro Farm 3,NC,Anson,staged_only,,5.0,,OP
60577:1,Hector Farm,NC,Montgomery,staged_only,,5.0,,OP
60578:1,Kojak Farm,NC,Nash,staged_only,,5.0,,OP
60579:1,Meriwether Farm,NC,Granville,staged_only,,5.0,,OP
60580:1,Soluga Farms III,NC,Cumberland,staged_only,,5.0,,OP
60581:UCTX,Upton County Solar,TX,Upton,staged_only,,150.0,,OP
60582:PV1,CoTAL Solar Farm,FL,Leon,staged_only,,20.0,,OP
60583:PV1,LaFayette Solar Farm,AL,Chambers,staged_only,,79.2,,OP
60584:01,Oceana Solar,VA,Virginia Beach City,staged_only,,17.6,,OP
60585:MV01,Mount Vernon Solar,GA,Walton,staged_only,,1.0,,OP
60586:PV01,Pleasant Valley Solar,GA,Walton,staged_only,,2.5,,OP
60587:WND1,Kelly Creek Wind Project,IL,Ford,staged_only,,184.0,,OP
60589:GEN1,CPV Fairview Energy Center,PA,Cambria,staged_only,,372.0,,OP
60589:GEN3,CPV Fairview Energy Center,PA,Cambria,staged_only,,453.0,,OP
60590:RS1,"Golden Fields Solar I, LLC",CA,Kern,staged_only,,54.0,,OP
60591:RS1,"Solar Star California, XLI, LLC",CA,Kern,staged_only,,54.0,,OP
60592:WT1,Rush Springs Wind,OK,Stephens,staged_only,,249.9,,OP
60593:WBFC,UI RCP Woodbridge FC,CT,New Haven,staged_only,,2.8,,OP
60594:VYGR1,Voyager Wind I,CA,Kern,staged_only,,131.1,,OP
60596:1,Baron Winds Farm,NY,Steuben,staged_only,,130.0,,OP
60597:WYN3,Wayne Solar III LLC,NC,Wayne,staged_only,,5.0,,OP
60598:WYN2,Wayne Solar II LLC,NC,Wayne,staged_only,,5.0,,OP
60599:DPLN,Duplin Solar I LLC (160 Houston Lane),NC,Duplin,staged_only,,5.0,,OP
60600:PV1,Old Pageland Monroe Road Solar Farm,NC,Union,staged_only,,5.3,,OP
60601:BBSOL,Bay Branch Solar,NC,Beaufort,staged_only,,5.0,,OP
60602:WYN1,Wayne Solar I LLC,NC,Wayne,staged_only,,5.0,,OP
60603:PV1,Jacobson 5 MW Solar,AZ,Mohave,staged_only,,4.4,,OP
60604:PV1,Wye Mills VNEM CSG,MD,Queen Annes,staged_only,,10.0,,OP
60605:PV1,CMEEC - Rogers Rd Solar,CT,New London,staged_only,,1.3,,OP
60607:BA1,CMEEC - Polaris Park Solar Hybrid,CT,New London,staged_only,,0.8,,OP
60607:PV1,CMEEC - Polaris Park Solar Hybrid,CT,New London,staged_only,,3.5,,OP
60608:PV1,CMEEC - Navy NE Trident,CT,New London,staged_only,,1.0,,OP
60609:BA1,CMEEC - Norwich Stott St Solar Hybrid,CT,New London,staged_only,,0.8,,OP
60609:PV1,CMEEC - Norwich Stott St Solar Hybrid,CT,New London,staged_only,,3.5,,OP
60610:1,St. Mary Clean Energy Center,LA,St Mary,staged_only,,50.9,,OP
60611:PV1,Summit Farms Solar,NC,Currituck,staged_only,,62.4,,OP
60612:MORIN,Morin Solar 2013 LLC,MA,Worcester,staged_only,,4.0,,OP
60613:NBKFD,Brookfield Solar 2013 LLC,MA,Worcester,staged_only,,2.0,,OP
60614:PALMR,WYM 1250 Palmer LLC,MA,Hampden,staged_only,,1.0,,OP
60615:BRKLY,Southern Sky Renew Energy Berkley LLC,MA,Bristol,staged_only,,3.0,,OP
60616:BCSLR,BC Solar,OR,Lake,staged_only,,8.0,,OP
60619:GEN1,Rush Creek Wind,CO,Elbert,staged_only,,600.0,,OP
60620:NSW,"Ninnescah Wind Energy, LLC",KS,Pratt,staged_only,,208.3,,OP
60621:WL,Worcester Landfill,MA,Worcester,staged_only,,6.5,,OP
60622:AMPBG,DG AMP Solar Bowling Green,OH,Wood,staged_only,,20.0,,OP
60623:PV1,Brantley Solar,NC,Nash,staged_only,,50.2,,OP
60624:PV1,Fox Creek Solar,NC,Franklin,staged_only,,50.2,,OP
60625:CANAL,Renew Canal 1 CSG LLC,MA,Barnstable,staged_only,,1.2,,OP
60627:BEAM3,BRE NC Solar 3,NC,Granville,staged_only,,5.0,,OP
60629:PV1,"Perkins Solar, LLC",NC,Person,staged_only,,2.0,,OP
60631:PV1,Empire Solar,MN,Dakota,staged_only,,5.0,,OP
60632:PV1,Blue Lake Solar,MN,Scott,staged_only,,3.0,,OP
60633:PV1,"Gainey Solar, LLC",NC,Bladen,staged_only,,2.0,,OP
60634:PV1,"Auten Road Farm, LLC",NC,Gaston,staged_only,,5.0,,OP
60635:PV1,"Creech Solar 2, LLC",NC,Wake,staged_only,,5.0,,OP
60636:1,"Bunn Level Farm, LLC",NC,Harnett,staged_only,,5.0,,OP
60637:NC160,Cork Oak Solar,NC,Halifax,staged_only,,20.0,,OP
60638:NC160,Sunflower Solar,NC,Halifax,staged_only,,16.0,,OP
60639:KMW1,Kingman Wind,KS,Pratt,staged_only,,107.4,,OP
60639:KMW2,Kingman Wind,KS,Pratt,staged_only,,107.4,,OP
60640:COLBY,"Solar Mule, LLC",ME,Kennebec,staged_only,,1.5,,OP
60641:HDES1,Henrietta D Energy Storage LLC,CA,Kings,staged_only,,10.0,,OP
60644:WBRK,"West Brookfield Solar, LLC",MA,Worcester,staged_only,,1.4,,OP
60645:WJ21,"Javelina Wind Energy II, LLC",TX,Webb,staged_only,,200.0,,OP
60647:SQA01,Shakopee Energy Park,MN,Scott,staged_only,,9.3,,OP
60647:SQA02,Shakopee Energy Park,MN,Scott,staged_only,,9.3,,OP
60647:SQA03,Shakopee Energy Park,MN,Scott,staged_only,,9.3,,OP
60647:SQA04,Shakopee Energy Park,MN,Scott,staged_only,,9.3,,OP
60647:SQA05,Shakopee Energy Park,MN,Scott,staged_only,,9.3,,OP
60649:1,Rabbit Hill Energy Storage Project,TX,Williamson,staged_only,,9.9,,OP
60651:1,"North Nash Farm, LLC",NC,Nash,staged_only,,5.0,,OP
60652:PV1,Dickinson Solar Array,MN,Wright,staged_only,,2.3,,OP
60653:PV1,Belchertown,MA,Hampshire,staged_only,,1.0,,OP
60654:GEN01,Townsite Solar Project Hybrid,NV,Clark,staged_only,,180.0,,OP
60654:GEN02,Townsite Solar Project Hybrid,NV,Clark,staged_only,,90.0,,OP
60655:WT1,Rock Creek Wind Project,MO,Atchison,staged_only,,300.0,,OP
60656:MCH1,McHenry Battery Storage,IL,McHenry,staged_only,,20.0,,OP
60657:GEN1,"Salt Fork Wind Project, LLC",TX,Donley,staged_only,,174.0,,OP
60658:PV1,Moffett Solar Project,SC,Jasper,staged_only,,71.4,,OP
60659:PV1,Ridgeland Solar Project,SC,Jasper,staged_only,,10.0,,OP
60661:013A,Mira Loma Energy Storage Facility,CA,San Bernardino,staged_only,,10.0,,OP
60661:013B,Mira Loma Energy Storage Facility,CA,San Bernardino,staged_only,,10.0,,OP
60662:PV1,Archdiocese of Baltimore J,MD,Harford,staged_only,,2.0,,OP
60663:PV1,Archdiocese of Baltimore L,MD,Harford,staged_only,,2.0,,OP
60664:PV1,Baltimore City B,MD,Harford,staged_only,,2.0,,OP
60665:PV1,Baltimore City D,MD,Harford,staged_only,,2.0,,OP
60666:PV1,Baltimore City F,MD,Harford,staged_only,,2.0,,OP
60667:PV1,Baltimore City G,MD,Harford,staged_only,,2.0,,OP
60668:PV1,City of Havre De Grace C,MD,Harford,staged_only,,2.0,,OP
60669:PV1,Sod Run WTP A,MD,Harford,staged_only,,2.0,,OP
60672:GEN1,Osborn Wind Energy,MO,DeKalb,staged_only,,200.9,,OP
60673:NIXA,"Nixa Solar, LLC",MO,Christian,staged_only,,7.9,,OP
60677:TRSP,Tannery Road Landfill,NY,Oneida,staged_only,,2.0,,OP
60678:SJ1A,San Joaquin Solar,CA,Fresno,staged_only,,19.8,,OP
60678:SJ1B,San Joaquin Solar,CA,Fresno,staged_only,,1.5,,OP
60679:1,Fort Rucker Solar Array,AL,Dale,staged_only,,10.6,,OP
60680:1,ANAD Solar Array,AL,Calhoun,staged_only,,7.4,,OP
60681:ASP12,"Annapolis Solar Park, LLC",MD,Anne Arundel,staged_only,,12.0,,OP
60682:PEARL,Pearl Solar,TX,Pecos,staged_only,,50.0,,OP
60684:AHS1,Amphitheater High School Solar,AZ,Pima,staged_only,,1.0,,OP
60685:CDO1,Canyon Del Oro High School Solar,AZ,Pima,staged_only,,1.4,,OP
60685:CDO4,Canyon Del Oro High School Solar,AZ,Pima,staged_only,,0.2,,OP
60686:PIERS,Pierre Solar,SD,Hughes,staged_only,,1.0,,OP
60687:1,"Cimarron Bend Wind Project I, LLC",KS,Clark,staged_only,,200.0,,OP
60688:1,"Cimarron Bend Wind Project II, LLC",KS,Clark,staged_only,,200.0,,OP
60689:1,Western Plains Wind Farm,KS,Ford,staged_only,,280.6,,OP
60690:WBSS,"Blue Summit Storage, LLC",TX,Wilbarger,staged_only,,30.0,,OP
60691:PV1,Tanager Holdings,NC,Randolph,staged_only,,5.0,,OP
60694:MLC27,WakeSun LLC,MN,Stearns,staged_only,,1.0,,OP
60694:MLC28,WakeSun LLC,MN,Stearns,staged_only,,1.0,,OP
60694:MLC29,WakeSun LLC,MN,Stearns,staged_only,,1.0,,OP
60695:MLC17,BentonSun LLC,MN,Carver,staged_only,,1.0,,OP
60695:MLC18,BentonSun LLC,MN,Carver,staged_only,,1.0,,OP
60695:MLC19,BentonSun LLC,MN,Carver,staged_only,,1.0,,OP
60695:MLC20,BentonSun LLC,MN,Carver,staged_only,,1.0,,OP
60695:MLC21,BentonSun LLC,MN,Carver,staged_only,,1.0,,OP
60698:BESS1,Stanton Energy Reliability Center Hybrid,CA,Orange,staged_only,,10.0,,OP
60698:BESS2,Stanton Energy Reliability Center Hybrid,CA,Orange,staged_only,,10.0,,OP
60698:GT1,Stanton Energy Reliability Center Hybrid,CA,Orange,staged_only,,70.5,,OP
60698:GT2,Stanton Energy Reliability Center Hybrid,CA,Orange,staged_only,,70.5,,OP
60700:WCS,Wind Colebrook South,CT,Litchfield,staged_only,,5.0,,OP
60701:00603,JED Solid Waste Mgmt Renewable Energy,FL,Osceola,staged_only,,1.6,,OP
60701:00696,JED Solid Waste Mgmt Renewable Energy,FL,Osceola,staged_only,,1.6,,OP
60701:00697,JED Solid Waste Mgmt Renewable Energy,FL,Osceola,staged_only,,1.6,,OP
60701:00698,JED Solid Waste Mgmt Renewable Energy,FL,Osceola,staged_only,,1.6,,OP
60701:00699,JED Solid Waste Mgmt Renewable Energy,FL,Osceola,staged_only,,1.6,,OP
60701:00700,JED Solid Waste Mgmt Renewable Energy,FL,Osceola,staged_only,,1.6,,OP
60702:PV1,Rincon Solar I,GA,Effingham,staged_only,,18.4,,OP
60703:1,"Green City Recovery, LLC",KY,Scott,staged_only,,1.0,,OP
60703:2,"Green City Recovery, LLC",KY,Scott,staged_only,,1.0,,OP
60704:TSF1,Trenton Solar Farm (MO),MO,Grundy,staged_only,,2.8,,OP
60705:RSF1,Rolla Solar Farm (MO),MO,Phelps,staged_only,,2.8,,OP
60706:WSF1,Waynesville Solar Farm (MO),MO,Pulaski,staged_only,,2.8,,OP
60707:MMSF1,Marshall Solar Farm (MO),MO,Saline,staged_only,,2.8,,OP
60708:PV1,Havre de Grace II - E at Perryman,MD,Harford,staged_only,,1.4,,OP
60709:GRND,IFF Hazlet,NJ,Monmouth,staged_only,,3.0,,OP
60710:PV1,Stone Hill Solar CSG,MA,Bristol,staged_only,,2.0,,OP
60711:CCS1,Chisago Community Solar,MN,Chisago,staged_only,,1.0,,OP
60711:CCS2,Chisago Community Solar,MN,Chisago,staged_only,,1.0,,OP
60711:CCS3,Chisago Community Solar,MN,Chisago,staged_only,,1.0,,OP
60711:CCS4,Chisago Community Solar,MN,Chisago,staged_only,,1.0,,OP
60712:UCS1,Ursa Community Solar,MN,Dakota,staged_only,,1.0,,OP
60712:UCS2,Ursa Community Solar,MN,Dakota,staged_only,,1.0,,OP
60712:UCS3,Ursa Community Solar,MN,Dakota,staged_only,,1.0,,OP
60712:UCS4,Ursa Community Solar,MN,Dakota,staged_only,,1.0,,OP
60712:UCS5,Ursa Community Solar,MN,Dakota,staged_only,,1.0,,OP
60713:SCS1,Sunrise Community Solar,MN,Chisago,staged_only,,1.0,,OP
60713:SCS2,Sunrise Community Solar,MN,Chisago,staged_only,,1.0,,OP
60713:SCS3,Sunrise Community Solar,MN,Chisago,staged_only,,1.0,,OP
60713:SCS4,Sunrise Community Solar,MN,Chisago,staged_only,,1.0,,OP
60713:SCS5,Sunrise Community Solar,MN,Chisago,staged_only,,1.0,,OP
60714:RCS1,Rosemount Community Solar,MN,Dakota,staged_only,,1.0,,OP
60714:RCS2,Rosemount Community Solar,MN,Dakota,staged_only,,1.0,,OP
60714:RCS3,Rosemount Community Solar,MN,Dakota,staged_only,,1.0,,OP
60714:RCS4,Rosemount Community Solar,MN,Dakota,staged_only,,1.0,,OP
60714:RCS5,Rosemount Community Solar,MN,Dakota,staged_only,,1.0,,OP
60715:PCS1,Paynesville Community Solar,MN,Stearns,staged_only,,1.0,,OP
60715:PCS2,Paynesville Community Solar,MN,Stearns,staged_only,,1.0,,OP
60715:PCS3,Paynesville Community Solar,MN,Stearns,staged_only,,1.0,,OP
60715:PCS4,Paynesville Community Solar,MN,Stearns,staged_only,,1.0,,OP
60715:PCS5,Paynesville Community Solar,MN,Stearns,staged_only,,1.0,,OP
60716:OCS1,Orion Community Solar,MN,Stearns,staged_only,,1.0,,OP
60716:OCS2,Orion Community Solar,MN,Stearns,staged_only,,1.0,,OP
60716:OCS3,Orion Community Solar,MN,Stearns,staged_only,,1.0,,OP
60717:NCS1,Northfield Community Solar,MN,Dakota,staged_only,,1.0,,OP
60717:NCS2,Northfield Community Solar,MN,Dakota,staged_only,,1.0,,OP
60717:NCS3,Northfield Community Solar,MN,Dakota,staged_only,,1.0,,OP
60717:NCS4,Northfield Community Solar,MN,Dakota,staged_only,,1.0,,OP
60717:NCS5,Northfield Community Solar,MN,Dakota,staged_only,,1.0,,OP
60720:WELD1,Weld 1 Community Solar Array,CO,Weld,staged_only,,1.5,,OP
60721:ENG1,Green Cow Power,IN,Elkhart,staged_only,,1.0,,OP
60721:ENG2,Green Cow Power,IN,Elkhart,staged_only,,1.0,,OP
60721:ENG3,Green Cow Power,IN,Elkhart,staged_only,,1.0,,OP
60721:ENG4,Green Cow Power,IN,Elkhart,staged_only,,1.3,,OP
60722:LOGA1,Logan 1 Community Solar Array,CO,Logan,staged_only,,1.5,,OP
60723:CONEJ,Conejos 1 Community Solar Array,CO,Conejos,staged_only,,1.5,,OP
60724:ARAP3,Arapahoe 3 Community Solar Array,CO,Arapahoe,staged_only,,1.8,,OP
60725:ADCO2,Xcel Adams 2 Community Solar Array,CO,Adams,staged_only,,1.5,,OP
60726:ADCO1,Xcel Adams 1 Community Solar Array,CO,Adams,staged_only,,1.8,,OP
60727:PV1,East Orange Solar,NJ,Essex,staged_only,,4.5,,OP
60728:PV1,Howell Solar,NJ,Monmouth,staged_only,,7.0,,OP
60729:PV1,Raritan Solar,NJ,Hunterdon,staged_only,,7.5,,OP
60730:PV1,Bridgewater Solar CSG,MA,Plymouth,staged_only,,1.3,,OP
60730:PV2,Bridgewater Solar CSG,MA,Plymouth,staged_only,,1.0,,OP
60731:PV1,Holliston Solar CSG,MA,Middlesex,staged_only,,1.0,,OP
60732:PV1,Frankford Solar,NJ,Sussex,staged_only,,8.2,,OP
60733:PV1,Brickyard Solar,NJ,Monmouth,staged_only,,1.5,,OP
60734:PV1,Bordentown Solar,NJ,Burlington,staged_only,,6.8,,OP
60735:PV1,Longview Solar,MD,Wicomico,staged_only,,13.6,,OP
60736:PV1,Wilmington Solar,MA,Middlesex,staged_only,,2.0,,OP
60737:PV1,Church Hill,MD,Queen Annes,staged_only,,6.0,,OP
60738:PV1,Fall River Solar CSG,MA,Bristol,staged_only,,2.0,,OP
60739:PV1,DSM Solar,NJ,Warren,staged_only,,4.5,,OP
60740:PV1,Pittsgrove Solar,NJ,Salem,staged_only,,2.0,,OP
60741:OMD,Old Midville Solar,GA,Jenkins,staged_only,,19.7,,OP
60742:CHP,Argonne National Laboratory CHP,IL,DuPage,staged_only,,6.3,,OP
60743:WT1,"Rattlesnake Power, LLC",TX,McCulloch,staged_only,,160.0,,OP
60744:SESI2,SEPV Imperial Dixieland West,CA,Imperial,staged_only,,3.0,,OP
60745:SESI1,SEPV Imperial Dixieland East,CA,Imperial,staged_only,,2.0,,OP
60746:08502,Silvi Gibraltar Rock,NJ,Somerset,staged_only,,2.5,,OP
60747:07724,Seabrook Village,NJ,Monmouth,staged_only,,3.1,,OP
60748:IDSS,Simcoe Solar,ID,Elmore,staged_only,,20.0,,OP
60750:CAT4,Osawatomie Power Plant South Sub,KS,Miami,staged_only,,2.0,,OP
60750:CAT5,Osawatomie Power Plant South Sub,KS,Miami,staged_only,,2.0,,OP
60750:CAT6,Osawatomie Power Plant South Sub,KS,Miami,staged_only,,2.0,,OP
60751:CAT1,Osawatomie Power Plant North Sub,KS,Miami,staged_only,,2.0,,OP
60751:CAT2,Osawatomie Power Plant North Sub,KS,Miami,staged_only,,2.0,,OP
60751:CAT3,Osawatomie Power Plant North Sub,KS,Miami,staged_only,,2.0,,OP
60752:PV1,Gloucester Community College Solar,NJ,Gloucester,staged_only,,2.3,,OP
60753:PV1,Shirley Landfill,MA,Middlesex,staged_only,,1.0,,OP
60754:PV1,DDR Shoppers World,MA,Middlesex,staged_only,,1.3,,OP
60755:PV1,Spartan,NJ,Burlington,staged_only,,8.3,,OP
60756:PV1,Meadow Solar,MA,Suffolk,staged_only,,3.0,,OP
60757:PV1,Cedarville CSG,MA,Plymouth,staged_only,,0.5,,OP
60757:PV2,Cedarville CSG,MA,Plymouth,staged_only,,1.0,,OP
60757:PV3,Cedarville CSG,MA,Plymouth,staged_only,,1.0,,OP
60759:PV1,Freeze Solar,NJ,Middlesex,staged_only,,1.5,,OP
60761:1,"Roper Farm, LLC",NC,Cleveland,staged_only,,5.0,,OP
60762:07934,Pfizer Peapack Solar,NJ,Somerset,staged_only,,6.2,,OP
60763:PV1,Holland Solar,NJ,Hunterdon,staged_only,,3.0,,OP
60764:PV1,Victory Solar LLC,CO,Adams,staged_only,,12.8,,OP
60765:PV1,L'Oreal Franklin,NJ,Somerset,staged_only,,1.0,,OP
60766:PV1,L'Oreal Monmouth,NJ,Monmouth,staged_only,,2.0,,OP
60768:CTG3,Gila River Power Block 2,AZ,Maricopa,staged_only,,174.0,,OP
60768:CTG4,Gila River Power Block 2,AZ,Maricopa,staged_only,,174.0,,OP
60768:ST10,Gila River Power Block 2,AZ,Maricopa,staged_only,,271.0,,OP
60769:PV1,Lower Cape May HS,NJ,Cape May,staged_only,,1.5,,OP
60771:PV1,Timber Creek HS,NJ,Camden,staged_only,,1.3,,OP
60772:PVHS,Adams Ave MS and HS,NJ,Atlantic,staged_only,,1.8,,OP
60772:PVMS,Adams Ave MS and HS,NJ,Atlantic,staged_only,,1.3,,OP
60774:GEN1,Phantom Solar,TX,Bell,staged_only,,15.4,,OP
60775:PV1,Deerfield CSG Solar,MA,Franklin,staged_only,,4.5,,OP
60776:FDBNK,Community Foodbank of NJ,NJ,Union,staged_only,,1.0,,OP
60777:GEN01,"American Kings Solar, LLC",CA,Kings,staged_only,,128.0,,OP
60778:1,"Hew Fulton Farm, LLC",NC,Scotland,staged_only,,5.0,,OP
60779:1,"McGoogan Farm, LLC",NC,Robeson,staged_only,,5.0,,OP
60782:1,"Barnhill Road Solar, LLC",NC,Pasquotank,staged_only,,3.1,,OP
60783:1,"Leggett Solar, LLC",NC,Edgecombe,staged_only,,5.0,,OP
60784:PV1,Jersey Holdings,NC,Robeson,staged_only,,5.0,,OP
60785:OEC2,Tungsten Mountain,NV,Churchill,staged_only,,25.5,,OP
60785:TMSL2,Tungsten Mountain,NV,Churchill,staged_only,,5.0,,OP
60785:TMSOL,Tungsten Mountain,NV,Churchill,staged_only,,7.3,,OP
60785:UNIT1,Tungsten Mountain,NV,Churchill,staged_only,,37.0,,OP
60787:SPGHT,"Williamston Speight Solar, LLC",NC,Martin,staged_only,,15.0,,OP
60788:XXXXX,Suwannee Solar Facility,FL,Suwannee,staged_only,,8.8,,OP
60789:UNIT1,Bluebell Solar,TX,Sterling,staged_only,,30.0,,OP
60790:PV,"PVN Milliken, LLC",CA,San Bernardino,staged_only,,3.0,,OP
60791:ANZA1,SunAnza,CA,Riverside,staged_only,,2.0,,OP
60791:ANZA2,SunAnza,CA,Riverside,staged_only,,1.4,,OP
60791:BA1&2,SunAnza,CA,Riverside,staged_only,,2.0,,OP
60791:BA3,SunAnza,CA,Riverside,staged_only,,2.4,,OP
60792:GT1,"Republic Services Renewable Energy, LLC",NV,Clark,staged_only,,6.0,,OP
60792:GT2,"Republic Services Renewable Energy, LLC",NV,Clark,staged_only,,6.0,,OP
60795:SO228,Eichtens Community Solar,MN,Chisago,staged_only,,3.9,,OP
60796:SO234,Red Wing Community Solar,MN,Goodhue,staged_only,,4.9,,OP
60797:GEN1,Lake Forest Hospital Central Energy Plan,IL,Lake,staged_only,,0.8,,OP
60797:GEN2,Lake Forest Hospital Central Energy Plan,IL,Lake,staged_only,,0.8,,OP
60797:GEN3,Lake Forest Hospital Central Energy Plan,IL,Lake,staged_only,,0.8,,OP
60797:GEN4,Lake Forest Hospital Central Energy Plan,IL,Lake,staged_only,,0.8,,OP
60798:PV1,South Atlantic Services Solar Farm I,NC,New Hanover,staged_only,,1.6,,OP
60799:PV1,"Iron Horse Solar 4, LLC",MA,Middlesex,staged_only,,4.5,,OP
60800:PV1,Catawba Solar LLC,NC,Rowan,staged_only,,2.0,,OP
60801:PUEB2,"CEC Solar #1117, LLC",CO,Pueblo,staged_only,,1.5,,OP
60802:PV1,ACCC Mays Landing,NJ,Atlantic,staged_only,,1.4,,OP
60805:BRUN1,Beaver Run,NJ,Sussex,staged_only,,7.4,,OP
60806:PV1,North Bergen Solar,NJ,Hudson,staged_only,,1.6,,OP
60808:USFDS,US Foods Solar,NJ,Middlesex,staged_only,,6.0,,OP
60809:MHWWT,"Summit Water Nexus Mt. Holly, LLC Solar",NJ,Burlington,staged_only,,1.0,,OP
60810:SABER,Sabert Solar,NJ,Middlesex,staged_only,,1.6,,OP
60813:ECA02,Cloverdale Solar Center,CA,Sonoma,staged_only,,1.0,,OP
60815:BA1,Hampshire College Hybrid,MA,Hampshire,staged_only,,0.5,,OP
60815:BA2,Hampshire College Hybrid,MA,Hampshire,staged_only,,0.5,,OP
60815:PV1,Hampshire College Hybrid,MA,Hampshire,staged_only,,1.7,,OP
60815:PV2,Hampshire College Hybrid,MA,Hampshire,staged_only,,1.7,,OP
60816:PV1,Town of Lexington Solar,MA,Middlesex,staged_only,,1.6,,OP
60817:PV1,Sullivan County - Adult Care Solar,NY,Sullivan,staged_only,,2.0,,OP
60818:PV1,Oswego County - Fulton Solar,NY,Oswego,staged_only,,2.0,,OP
60819:PV1,Jefferson-Lewis BOCES Solar,NY,Jefferson,staged_only,,2.0,,OP
60820:PV1,Montgomery County Correctional Facility,MD,Montgomery,staged_only,,1.4,,OP
60821:PV1,Weber State University - Davis Campus PV,UT,Davis,staged_only,,1.3,,OP
60822:PV1,Intel - Ocotillo Campus Solar,AZ,Maricopa,staged_only,,2.8,,OP
60822:PV2,Intel - Ocotillo Campus Solar,AZ,Maricopa,staged_only,,1.4,,OP
60823:PV1,South Sioux City Solar,NE,Dakota,staged_only,,2.3,,OP
60824:PV1,Valley Sanitary District WTP Solar,CA,Riverside,staged_only,,1.0,,OP
60825:CNS1,Colgreen North Shore Solar Farm,CA,Riverside,staged_only,,74.8,,OP
60827:GEN01,"Sun Streams, LLC",AZ,Maricopa,staged_only,,160.0,,OP
60830:WEBST,Webster Holdco Solar CSG,MN,Rice,staged_only,,5.0,,OP
60831:1,Orbit Energy RI,RI,Providence,staged_only,,3.2,,OP
60832:FARMI,Farmington Holdco Solar,MN,Dakota,staged_only,,5.0,,OP
60833:DODGE,Dodge Holdco Solar CSG,MN,Dodge,staged_only,,5.0,,OP
60834:HWY14,Hwy 14 Holdco Solar CSG,MN,Olmsted,staged_only,,5.0,,OP
60835:PINEI,Pine Island Solar CSG,MN,Olmsted,staged_only,,3.9,,OP
60836:BLAKE,Big Lake Holdco Solar CSG,MN,Sherburne,staged_only,,5.0,,OP
60837:FORES,Forest Lake Solar CSG,MN,Washington,staged_only,,5.0,,OP
60838:WABAS,Wabasha Holdco Solar CSG,MN,Wabasha,staged_only,,3.0,,OP
60839:PV1,"Goya Foods, Inc- Jersey City Solar",NJ,Hudson,staged_only,,2.5,,OP
60840:PV1,"Goya Foods, Inc- Secaucus Solar",NJ,Hudson,staged_only,,1.6,,OP
60841:PV1,Prudential 55 Livingston Roseland Solar,NJ,Essex,staged_only,,1.2,,OP
60842:PV1,Prudential 80 Livingston Roseland Solar,NJ,Essex,staged_only,,1.7,,OP
60843:RTD1,River Terminal Development Solar,NJ,Hudson,staged_only,,0.5,,OP
60843:RTD2,River Terminal Development Solar,NJ,Hudson,staged_only,,0.6,,OP
60843:RTD3,River Terminal Development Solar,NJ,Hudson,staged_only,,0.2,,OP
60843:RTD4,River Terminal Development Solar,NJ,Hudson,staged_only,,1.0,,OP
60843:RTD5,River Terminal Development Solar,NJ,Hudson,staged_only,,0.4,,OP
60843:RTD6,River Terminal Development Solar,NJ,Hudson,staged_only,,0.2,,OP
60844:PV1,Genentech Vacaville Meter #1,CA,Solano,staged_only,,3.8,,OP
60844:PV2,Genentech Vacaville Meter #1,CA,Solano,staged_only,,2.3,,OP
60846:PV1,US GSA - Sacramento,CA,Sacramento,staged_only,,1.1,,OP
60847:PV1,Garrett County - DPU Treatment Plant,MD,Garrett,staged_only,,1.2,,OP
60848:51599,Temple Solar Arrays,PA,Berks,staged_only,,2.2,,OP
60849:87353,Emmitsburg Solar Arrays,MD,Frederick,staged_only,,1.7,,OP
60850:PV1,"Thigpen Farms Solar, LLC",NC,Robeson,staged_only,,5.0,,OP
60851:PV1,Curtis Hill Solar CSG,MA,Worcester,staged_only,,2.0,,OP
60852:PV1,Depot Hill Solar CSG,MA,Worcester,staged_only,,2.0,,OP
60853:HOUST,SR Houston,MS,Chickasaw,staged_only,,3.1,,OP
60854:BRDMA,Bird Machine Solar Farm,MA,Norfolk,staged_only,,3.5,,OP
60855:DOW,Iron Horse Solar I CSG,MA,Middlesex,staged_only,,2.9,,OP
60856:ASTRA,Astra Wind Farm,TX,Randall,staged_only,,163.0,,OP
60857:LKWD1,NES Rutgers Solar,NJ,Ocean,staged_only,,1.0,,OP
60858:PV1,126 Grove Solar LLC,MA,Norfolk,staged_only,,2.0,,OP
60860:PV1,VEC Alburgh Array,VT,Grand Isle,staged_only,,1.0,,OP
60861:PV1,Dept of General Services -FTB,CA,Sacramento,staged_only,,2.7,,OP
60863:PV1,Cooperative Solar One,KY,Clark,staged_only,,8.5,,OP
60864:PV1,"Kokomo Solar 1, LLC",IN,Howard,staged_only,,5.4,,OP
60865:WT1,Equity Industrial Turbines,MA,Essex,staged_only,,4.0,,OP
60866:4MID,"Bashaw Solar CSG 1, LLC",MA,Essex,staged_only,,2.0,,OP
60867:SOU,Kearsarge Southwick LLC,MA,Hampden,staged_only,,3.3,,OP
60868:1,Timothy Lake Powerhouse,OR,Clackamas,staged_only,,1.2,,OP
60869:PB1,"Solar Star California, XLIV, LLC",CA,Los Angeles,staged_only,,9.5,,OP
60873:PWE,Prairie Wind Farm,IA,Mahaska,staged_only,,168.0,,OP
60874:GMPSH,GMP Solar - Hartford,VT,Windsor,staged_only,,5.0,,OP
60875:GMPSW,GMP Solar - Williston,VT,Chittenden,staged_only,,4.7,,OP
60876:EIS1,Eastern Iowa Solar,IA,Muscatine,staged_only,,1.8,,OP
60877:GMPSN,GMP Solar - Williamstown,VT,Orange,staged_only,,5.0,,OP
60878:54508,Sutton Solar CSG,MA,Worcester,staged_only,,1.9,,OP
60879:02731,Nexamp Peak CSG,MA,Berkshire,staged_only,,2.0,,OP
60880:MS1,Stafford MS Ground Mount Community Solar,CT,Tolland,staged_only,,1.0,,OP
60880:MS2,Stafford MS Ground Mount Community Solar,CT,Tolland,staged_only,,1.0,,OP
60881:BERN4,Bernhardt Furniture Solar Farm,NC,Caldwell,staged_only,,1.1,,OP
60882:GAUSS,Carl Friedrich Gauss Solar,NC,Halifax,staged_only,,5.0,,OP
60883:WT1,"Deerfield Wind Energy, LLC",MI,Huron,staged_only,,41.6,,OP
60883:WT2,"Deerfield Wind Energy, LLC",MI,Huron,staged_only,,74.5,,OP
60883:WT3,"Deerfield Wind Energy, LLC",MI,Huron,staged_only,,32.9,,OP
60885:BSII,"Boulder Solar II, LLC",NV,Clark,staged_only,,50.0,,OP
60886:PSIII,Pavant Solar III,UT,Millard,staged_only,,20.0,,OP
60887:PV1,Sauk DPC Solar,WI,Vernon,staged_only,,1.0,,OP
60888:PV1,Lafayette DPC Solar,WI,Chippewa,staged_only,,1.0,,OP
60889:PV1,Conrath DPC Solar,WI,Rusk,staged_only,,1.0,,OP
60890:PV1,Warren DPC Solar,WI,St Croix,staged_only,,2.2,,OP
60891:PV1,Liberty Pole DPC Solar,WI,Vernon,staged_only,,1.1,,OP
60892:PV1,Downsville DPC Solar,WI,Dunn,staged_only,,1.0,,OP
60893:PV1,Mt. Hope DPC Solar,WI,Grant,staged_only,,1.0,,OP
60894:PV1,Medford DPC Solar,WI,Taylor,staged_only,,2.0,,OP
60895:PV1,Whistling Winds DPC Solar,WI,Juneau,staged_only,,1.5,,OP
60901:WSPWF,Willow Springs Wind Farm,TX,Haskell,staged_only,,250.0,,OP
60902:DERM,Dermott Wind,TX,Scurry,staged_only,,253.0,,OP
60903:1,Salem Harbor Power Development LP,MA,Essex,staged_only,,158.4,,OP
60903:2,Salem Harbor Power Development LP,MA,Essex,staged_only,,158.4,,OP
60903:3,Salem Harbor Power Development LP,MA,Essex,staged_only,,240.7,,OP
60903:4,Salem Harbor Power Development LP,MA,Essex,staged_only,,240.7,,OP
60904:PV1,Time Warner Cable - Knowles,NY,Steuben,staged_only,,2.0,,OP
60905:WT1,"Oliver Wind III, LLC",ND,Morton,staged_only,,99.3,,OP
60906:BA1,Mt. Tom Solar Project Hybrid,MA,Hampden,staged_only,,3.1,,OP
60906:PV1,Mt. Tom Solar Project Hybrid,MA,Hampden,staged_only,,4.5,,OP
60908:62380,Northampton Landfill Solar PV,MA,Hampshire,staged_only,,2.4,,OP
60909:PV1,Hartford Landfill Solar EGF,CT,Hartford,staged_only,,1.0,,OP
60911:GRN,Green Energy Machine,IA,Cass,staged_only,,1.7,,OP
60912:PV1,Cold River Road Solar,VT,Rutland,staged_only,,2.3,,OP
60913:PV1,Ohio Northern University Solar Site,OH,Hardin,staged_only,,2.0,,OP
60913:PV2,Ohio Northern University Solar Site,OH,Hardin,staged_only,,1.0,,OP
60914:W5328,Westmont 300B,CA,Los Angeles,staged_only,,3.0,,OP
60915:PV1,Correctional Solar LLC,VA,New Kent,staged_only,,20.0,,OP
60916:PV1,"Sussex Drive, LLC",VA,Sussex,staged_only,,20.0,,OP
60917:PV1,Buckingham Solar LLC,VA,Buckingham,staged_only,,19.8,,OP
60918:00003,Verwey-Hanford Dairy Digester #1,CA,Kings,staged_only,,1.0,,OP
60919:SHAK,Shakopee Met Council WTP,MN,Scott,staged_only,,1.3,,OP
60920:PV1,Viper Solar,NC,Cumberland,staged_only,,2.0,,OP
60921:PV1,Scarlet Solar,NC,Lenoir,staged_only,,2.0,,OP
60922:PV1,Ruskin Solar,NC,Wayne,staged_only,,2.0,,OP
60923:PV1,Clyde Solar Array,OH,Sandusky,staged_only,,2.8,,OP
60924:GEN1,Ozarks Natural Energy Community Solar,AR,Washington,staged_only,,1.0,,OP
60925:1A,Montgomery County,TX,Montgomery,staged_only,,250.0,,OP
60925:1B,Montgomery County,TX,Montgomery,staged_only,,250.0,,OP
60925:1C,Montgomery County,TX,Montgomery,staged_only,,500.0,,OP
60926:1A,St. Charles Power Station (LA),LA,St Charles,staged_only,,250.0,,OP
60926:1B,St. Charles Power Station (LA),LA,St Charles,staged_only,,250.0,,OP
60926:1C,St. Charles Power Station (LA),LA,St Charles,staged_only,,500.0,,OP
60927:1A,Lake Charles Power,LA,Calcasieu,staged_only,,250.0,,OP
60927:1B,Lake Charles Power,LA,Calcasieu,staged_only,,250.0,,OP
60927:1C,Lake Charles Power,LA,Calcasieu,staged_only,,500.0,,OP
60928:RICE1,New Orleans Power,LA,Orleans,staged_only,,18.8,,OP
60928:RICE2,New Orleans Power,LA,Orleans,staged_only,,18.8,,OP
60928:RICE3,New Orleans Power,LA,Orleans,staged_only,,18.8,,OP
60928:RICE4,New Orleans Power,LA,Orleans,staged_only,,18.8,,OP
60928:RICE5,New Orleans Power,LA,Orleans,staged_only,,18.8,,OP
60928:RICE6,New Orleans Power,LA,Orleans,staged_only,,18.8,,OP
60928:RICE7,New Orleans Power,LA,Orleans,staged_only,,18.8,,OP
60929:RDOAK,"Red Oak Solar Farm, LLC",NC,Nash,staged_only,,5.0,,OP
60930:DUBL1,Dublin Solar I,GA,Laurens,staged_only,,4.1,,OP
60931:WT1,CCC Hastings Wind Turbine,NE,Adams,staged_only,,1.7,,OP
60932:WT1,Creston Ridge Wind Farm,NE,Platte,staged_only,,6.8,,OP
60933:GEN1,Hopewell Cogeneration NJ,NJ,Mercer,staged_only,,2.0,,OP
60933:GEN2,Hopewell Cogeneration NJ,NJ,Mercer,staged_only,,2.0,,OP
60935:PV1,GRE Marshan Solar,MN,Dakota,staged_only,,1.0,,OP
60936:PV1,New Auburn DPC Solar,WI,Chippewa,staged_only,,2.5,,OP
60937:IACS1,Antlia Community Solar,MN,Pipestone,staged_only,,1.0,,OP
60937:IACS2,Antlia Community Solar,MN,Pipestone,staged_only,,1.0,,OP
60938:AACS1,Aries Community Solar,MN,Dodge,staged_only,,1.0,,OP
60938:AACS2,Aries Community Solar,MN,Dodge,staged_only,,1.0,,OP
60938:AACS3,Aries Community Solar,MN,Dodge,staged_only,,1.0,,OP
60938:AACS4,Aries Community Solar,MN,Dodge,staged_only,,1.0,,OP
60939:KCCS1,Centaurus Community Solar,MN,Chippewa,staged_only,,1.0,,OP
60939:KCCS2,Centaurus Community Solar,MN,Chippewa,staged_only,,1.0,,OP
60940:LGCS1,Gemini Community Solar,MN,Washington,staged_only,,1.0,,OP
60940:LGCS2,Gemini Community Solar,MN,Washington,staged_only,,1.0,,OP
60940:LGCS3,Gemini Community Solar,MN,Washington,staged_only,,1.0,,OP
60941:DMCS1,Mapleton Community Solar,MN,Blue Earth,staged_only,,1.0,,OP
60941:DMCS2,Mapleton Community Solar,MN,Blue Earth,staged_only,,1.0,,OP
60941:DMCS3,Mapleton Community Solar,MN,Blue Earth,staged_only,,1.0,,OP
60942:BMCS1,Morgan Community Solar,MN,Redwood,staged_only,,1.0,,OP
60942:BMCS2,Morgan Community Solar,MN,Redwood,staged_only,,1.0,,OP
60942:BMCS3,Morgan Community Solar,MN,Redwood,staged_only,,1.0,,OP
60943:MSCS1,Spica Community Solar,MN,Kandiyohi,staged_only,,1.0,,OP
60943:MSCS2,Spica Community Solar,MN,Kandiyohi,staged_only,,1.0,,OP
60944:NVCS1,Vega Community Solar,MN,Pope,staged_only,,1.0,,OP
60944:NVCS2,Vega Community Solar,MN,Pope,staged_only,,1.0,,OP
60944:NVCS3,Vega Community Solar,MN,Pope,staged_only,,1.0,,OP
60944:NVCS4,Vega Community Solar,MN,Pope,staged_only,,1.0,,OP
60944:NVCS5,Vega Community Solar,MN,Pope,staged_only,,1.0,,OP
60945:PV1,"Spartan PV 1, LLC",MI,Ingham,staged_only,,10.5,,OP
60947:Q644A,Jacumba Solar Farm,CA,San Diego,staged_only,,20.0,,OP
60948:PV1,Washington Solar,NC,Rockingham,staged_only,,5.0,,OP
60951:PV1,West Dubuque Solar,IA,Dubuque,staged_only,,3.8,,OP
60953:W5381,Owens Valley Solar Project 11,CA,Inyo,staged_only,,1.0,,OP
60954:PV1,VEC Magee Hill Solar,VT,Chittenden,staged_only,,1.3,,OP
60955:PV1,Strawberry Point DPC Solar,IA,Clayton,staged_only,,1.3,,OP
60956:PV1,Westar Cities Solar,KS,Reno,staged_only,,1.0,,OP
60957:PV1,Sand Lake DPC Solar,WI,Polk,staged_only,,1.0,,OP
60958:PV1,Nesvold Watertown Solar,MN,Carver,staged_only,,1.0,,OP
60958:PV2,Nesvold Watertown Solar,MN,Carver,staged_only,,1.0,,OP
60958:PV3,Nesvold Watertown Solar,MN,Carver,staged_only,,1.0,,OP
60958:PV4,Nesvold Watertown Solar,MN,Carver,staged_only,,1.0,,OP
60958:PV5,Nesvold Watertown Solar,MN,Carver,staged_only,,1.0,,OP
60960:CTG1,Hyperion Treatment Plant CHP Plant,CA,Los Angeles,staged_only,,11.0,,OP
60960:CTG2,Hyperion Treatment Plant CHP Plant,CA,Los Angeles,staged_only,,11.0,,OP
60960:STG1,Hyperion Treatment Plant CHP Plant,CA,Los Angeles,staged_only,,11.0,,OP
60961:PV1,Violet Solar,NC,Cabarrus,staged_only,,5.0,,OP
60962:PV1,Red Maple Solar,MN,Le Sueur,staged_only,,1.0,,OP
60962:PV2,Red Maple Solar,MN,Le Sueur,staged_only,,1.0,,OP
60962:PV3,Red Maple Solar,MN,Le Sueur,staged_only,,1.0,,OP
60964:AEPB1,Apache Solar I,AZ,Cochise,staged_only,,10.0,,OP
60964:AEPS1,Apache Solar I,AZ,Cochise,staged_only,,20.0,,OP
60964:TRIB1,Apache Solar I,AZ,Cochise,staged_only,,10.0,,OP
60965:COT,"Cotten Farm, LLC",NC,Lee,staged_only,,5.0,,OP
60966:S0222,Lind Solar CSG,MN,Carver,staged_only,,4.9,,OP
60967:10016,Onyx - Lamphear Road CSG,NY,Oneida,staged_only,,2.0,,OP
60968:PV1,Scott-II Solar LLC,VA,Powhatan,staged_only,,20.0,,OP
60971:PV1,Michael Solar,MN,Stearns,staged_only,,1.0,,OP
60971:PV2,Michael Solar,MN,Stearns,staged_only,,1.0,,OP
60971:PV3,Michael Solar,MN,Stearns,staged_only,,1.0,,OP
60971:PV4,Michael Solar,MN,Stearns,staged_only,,1.0,,OP
60974:2BESS,Glendale Battery Energy Storage System,CA,Los Angeles,staged_only,,2.0,,OP
60975:WS532,Whitney Point Solar,CA,Fresno,staged_only,,20.0,,OP
60976:PV1,"OSLH, LLC",OR,Deschutes,staged_only,,9.9,,OP
60978:PV1,CSUF State College,CA,Orange,staged_only,,1.0,,OP
60979:PV1,CSUF Nutwood Solar,CA,Orange,staged_only,,1.9,,OP
60980:PV1,ZV Solar 1,NC,Robeson,staged_only,,5.0,,OP
60981:WS526,NextEra Westside PV,CA,Fresno,staged_only,,20.0,,OP
60982:1,Atkinson Farm Solar,NC,Duplin,staged_only,,5.0,,OP
60983:BWIND,Buckthorn Wind,TX,Erath,staged_only,,100.5,,OP
60984:PV1,Lindberg Field Solar 2,CA,San Diego,staged_only,,1.9,,OP
60985:ESPV,Elizabethtown Solar,PA,Lancaster,staged_only,,2.0,,OP
60986:SO212,AIS Solar Project,MA,Worcester,staged_only,,2.5,,OP
60987:GEN1,Santa Rita Wind Energy,TX,Reagan,staged_only,,300.0,,OP
60989:PV1,SolaireHolman Solar Project,TX,Brewster,staged_only,,50.0,,OP
60990:PV1,"Florence Solar W3-080, LLC",NJ,Burlington,staged_only,,7.9,,OP
60991:STER1,Sterling I Wind Farm,NM,Lea,staged_only,,29.9,,OP
60992:NCARD,Northern Cardinal Solar,NC,Halifax,staged_only,,2.0,,OP
60993:PV1,"Darlington Solar, LLC",SC,Darlington,staged_only,,10.0,,OP
60994:GEN1,French's Landfill PV,NJ,Ocean,staged_only,,5.1,,OP
60995:1,Ramona Solar Energy,CA,San Diego,staged_only,,4.3,,OP
60996:BA1,Iron Horse Battery Storage Hybrid,AZ,Pima,staged_only,,10.0,,OP
60996:PV1,Iron Horse Battery Storage Hybrid,AZ,Pima,staged_only,,2.0,,OP
60997:EVRT1,Everett PV1,NC,Martin,staged_only,,10.0,,OP
60998:UNWD2,Underwood PV2,NC,Hertford,staged_only,,16.0,,OP
60999:READW,Reading Wind Project,KS,Lyon,staged_only,,200.1,,OP
61000:1,King Mill,GA,Richmond,staged_only,,0.7,,OP
61000:2,King Mill,GA,Richmond,staged_only,,1.5,,OP
61001:WT1,Cactus Flats Wind Energy Project,TX,Concho,staged_only,,148.4,,OP
61002:PORT1,"WED Portsmouth One, LLC",RI,Newport,staged_only,,1.5,,OP
61003:CMUSW,Musgrave East Solar Farm,NY,Cayuga,staged_only,,2.0,,OP
61004:W1,Whirlpool Corporation - Ottawa Wind Farm,OH,Putnam,staged_only,,1.5,,OP
61005:W1,Whirlpool Corporation - Marion Wind Farm,OH,Marion,staged_only,,1.5,,OP
61005:W2,Whirlpool Corporation - Marion Wind Farm,OH,Marion,staged_only,,1.5,,OP
61005:W3,Whirlpool Corporation - Marion Wind Farm,OH,Marion,staged_only,,1.5,,OP
61006:SCAIR,SCDA Solar 1,CA,Sacramento,staged_only,,7.0,,OP
61007:REDBR,Redbrook Community Solar 1,MA,Plymouth,staged_only,,4.0,,OP
61008:BROOK,Brook Street Solar 1 CSG,MA,Plymouth,staged_only,,5.0,,OP
61009:SPRIN,Spring Street Solar 1 CSG,MA,Plymouth,staged_only,,2.0,,OP
61010:BULLO,Bullock Road Solar 1,MA,Bristol,staged_only,,1.9,,OP
61011:PV1,Chestnut Solar,NC,Halifax,staged_only,,74.9,,OP
61012:GEN1,Mill Seat Renewable Energy Facility,NY,Genesee,staged_only,,0.8,,OP
61012:GEN2,Mill Seat Renewable Energy Facility,NY,Genesee,staged_only,,0.8,,OP
61012:GEN3,Mill Seat Renewable Energy Facility,NY,Genesee,staged_only,,0.8,,OP
61012:GEN4,Mill Seat Renewable Energy Facility,NY,Genesee,staged_only,,0.8,,OP
61012:GEN5,Mill Seat Renewable Energy Facility,NY,Genesee,staged_only,,0.8,,OP
61012:GEN6,Mill Seat Renewable Energy Facility,NY,Genesee,staged_only,,0.8,,OP
61012:GEN7,Mill Seat Renewable Energy Facility,NY,Genesee,staged_only,,0.8,,OP
61012:GEN8,Mill Seat Renewable Energy Facility,NY,Genesee,staged_only,,0.8,,OP
61013:MCES1,Marin Clean Energy Solar One,CA,Contra Costa,staged_only,,10.5,,OP
61015:CMUSW,Musgrave West Solar Farm,NY,Cayuga,staged_only,,2.0,,OP
61016:STAF1,Stafford St Solar 1 CSG,MA,Worcester,staged_only,,2.0,,OP
61017:STAF2,Stafford St 2 Community Solar,MA,Worcester,staged_only,,1.9,,OP
61018:STAF3,Stafford St Solar 3 CSG,MA,Worcester,staged_only,,1.0,,OP
61019:SILER,"Siler 421 Farm, LLC",NC,Chatham,staged_only,,5.0,,OP
61020:1,Indian River Solar Center,FL,Indian River,staged_only,,74.5,,OP
61021:1,Horizon Solar Energy Center,FL,Putnam,staged_only,,74.5,,OP
61022:1,Coral Farms Solar Energy Center,FL,Putnam,staged_only,,74.5,,OP
61023:1,Hollyfield,VA,King William,staged_only,,17.0,,OP
61024:1,Hammock Solar,FL,Hendry,staged_only,,74.5,,OP
61028:CTG1,Hickory Run Energy Station,PA,Lawrence,staged_only,,295.0,,OP
61028:CTG2,Hickory Run Energy Station,PA,Lawrence,staged_only,,295.0,,OP
61028:STG1,Hickory Run Energy Station,PA,Lawrence,staged_only,,443.7,,OP
61029:1,Blue Cypress Solar Energy Center,FL,Indian River,staged_only,,74.5,,OP
61030:CMUSW,Harford Solar Farm,NY,Tompkins,staged_only,,2.0,,OP
61031:PV1,Floyd Road Solar Farm,NC,Northampton,staged_only,,5.0,,OP
61032:HTX,Heart of Texas Wind Project,TX,McCulloch,staged_only,,180.0,,OP
61035:GEN1,Birdsboro Power,PA,Berks,staged_only,,525.0,,OP
61039:WT1,Deerfield Wind LLC,VT,Bennington,staged_only,,30.0,,OP
61040:WT1,Twin Buttes II Wind,CO,Prowers,staged_only,,75.0,,OP
61041:WT1,"Roaring Brook, LLC",NY,Lewis,staged_only,,79.7,,OP
61042:PV1,Canandaigua Westbrook Solar Array,NY,Ontario,staged_only,,1.3,,OP
61043:PV1,Canandaigua Solar Array,NY,Ontario,staged_only,,2.0,,OP
61044:LAJ1,La Joya NM,NM,Torrance,staged_only,,165.0,,OP
61044:LAJ2,La Joya NM,NM,Torrance,staged_only,,141.2,,OP
61046:WT1,Tatanka Ridge,SD,Deuel,staged_only,,154.0,,OP
61047:WT1,Coyote Ridge,SD,Brookings,staged_only,,97.4,,OP
61048:PV1,Solar Star Oregon II,OR,Crook,staged_only,,56.3,,OP
61050:1,Wildflower Solar Energy Center,FL,Desoto,staged_only,,74.5,,OP
61051:1,Barefoot Bay Solar Energy Center,FL,Brevard,staged_only,,74.5,,OP
61052:1,Loggerhead Solar Energy Center,FL,St Lucie,staged_only,,74.5,,OP
61053:SGREE,Greenfield Solar Park,IN,Hancock,staged_only,,2.8,,OP
61054:SAND2,IMPA Anderson Solar Park 2,IN,Madison,staged_only,,8.1,,OP
61055:AMPFR,DG AMP Solar Front Royal,VA,Warren,staged_only,,2.5,,OP
61056:T1,Seward Wind Farm,NE,Seward,staged_only,,1.7,,OP
61058:0000B,Kramer Solar CSG,MN,Renville,staged_only,,1.0,,OP
61058:KRAM2,Kramer Solar CSG,MN,Renville,staged_only,,1.0,,OP
61058:KRAM3,Kramer Solar CSG,MN,Renville,staged_only,,1.0,,OP
61059:0000G,Novel OYA of Osakis CSG,MN,Douglas,staged_only,,5.0,,OP
61060:0000I,Novel - OYA of Mapleton CSG,MN,Blue Earth,staged_only,,3.5,,OP
61066:WTG1,Foundation CDCR LAC,CA,Los Angeles,staged_only,,1.9,,OP
61067:WTG1,Foundation Scheid Vineyards,CA,Monterey,staged_only,,1.9,,OP
61068:LAWA1,AES Lawai Solar Hybrid,HI,Kauai,staged_only,,20.0,,OP
61068:LAWA2,AES Lawai Solar Hybrid,HI,Kauai,staged_only,,20.0,,OP
61069:62381,"BWC Wading River One, Two, Three CSG",MA,Worcester,staged_only,,3.0,,OP
61070:SWE,Saratoga Wind Farm,IA,Howard,staged_only,,66.0,,OP
61072:LEMND,Lemond Solar,MN,Steele,staged_only,,5.0,,OP
61073:PEMB1,Pemberton Road I,NJ,Burlington,staged_only,,8.8,,OP
61074:PEMB2,Pemberton Road II,NJ,Burlington,staged_only,,8.8,,OP
61077:1,Orient Wind Farm,IA,Adair,staged_only,,102.0,,OP
61077:2,Orient Wind Farm,IA,Adair,staged_only,,398.8,,OP
61079:1,Beaver Creek Wind,IA,Boone,staged_only,,170.0,,OP
61079:GT1,Beaver Creek Wind,IA,Boone,staged_only,,170.0,,OP
61080:IC1,Sub 12,FL,Leon,staged_only,,9.3,,OP
61080:IC2,Sub 12,FL,Leon,staged_only,,9.3,,OP
61084:LNING,Luning Energy,NV,Mineral,staged_only,,50.0,,OP
61085:1,Stone Solar,NC,Robeson,staged_only,,5.0,,OP
61086:1,Tripple State Farm,NC,Iredell,staged_only,,5.0,,OP
61087:1,Wadesboro Farm 1,NC,Anson,staged_only,,5.0,,OP
61088:1,Delco Farm,NC,Columbus,staged_only,,5.0,,OP
61089:1,Fisher Solar Farm - NC,NC,Stanly,staged_only,,5.0,,OP
61090:1,Kinston Davis Farm,NC,Lenoir,staged_only,,5.0,,OP
61091:1,Laurinburg Farm,NC,Scotland,staged_only,,5.0,,OP
61092:IPL1,Independence Solar Farm,MO,Jackson,staged_only,,3.0,,OP
61093:1,Mills Anson Farm,NC,Anson,staged_only,,5.0,,OP
61094:1,Old Wire Farm,NC,Scotland,staged_only,,5.0,,OP
61095:1,Railroad Farm 2,NC,Robeson,staged_only,,5.0,,OP
61096:1,Sampson Solar,NC,Sampson,staged_only,,2.0,,OP
61097:SYNFR,Syncarpha Freetown,MA,Bristol,staged_only,,3.9,,OP
61098:BMBS,Battle Mountain Solar Project,NV,Humboldt,staged_only,,25.0,,OP
61098:BMSP,Battle Mountain Solar Project,NV,Humboldt,staged_only,,101.0,,OP
61099:KIHEI,Kihei Solar Farm,HI,Maui,staged_only,,2.9,,OP
61100:GE23,"Burke Wind, LLC",ND,Burke,staged_only,,199.4,,OP
61101:KUIA,Ku'ia Solar,HI,Maui,staged_only,,2.9,,OP
61104:PV1,Pima Community College - East Campus,AZ,Pima,staged_only,,1.3,,OP
61106:1,Pine River Wind Park,MI,Isabella,staged_only,,161.3,,OP
61107:VRF,Vanadium Redox Flow Battery Plant,CA,San Diego,staged_only,,2.0,,OP
61115:MANT1,Manteca Land PV,CA,San Joaquin,staged_only,,1.0,,OP
61116:DELA1,Delano Land 1,CA,Kern,staged_only,,1.0,,OP
61117:BAKE1,Bakersfield PV 1,CA,Kern,staged_only,,5.3,,OP
61118:BIND1,Bakersfield Industrial PV 1,CA,Kern,staged_only,,1.0,,OP
61119:W5519,Quichapa 1,UT,Iron,staged_only,,3.0,,OP
61120:W5520,Quichapa 2,UT,Iron,staged_only,,3.0,,OP
61121:W5521,Quichapa 3,UT,Iron,staged_only,,3.0,,OP
61124:EMS1,Elizabeth Mines Solar 1,VT,Orange,staged_only,,5.0,,OP
61125:NVSF,Nebraska Valley Solar Farm,VT,Lamoille,staged_only,,1.0,,OP
61126:12346,Bedford Solar (Oppidum),VA,Bedford,staged_only,,3.0,,OP
61127:12348,Gamble Solar,NC,Rutherford,staged_only,,3.0,,OP
61128:12349,Salisbury Solar,NC,Rowan,staged_only,,3.8,,OP
61129:12347,Wadesboro Solar,NC,Anson,staged_only,,5.0,,OP
61131:12345,Tolson Solar,NC,Edgecombe,staged_only,,3.0,,OP
61134:15800,Phelps 158 Solar Farm,NC,Northampton,staged_only,,5.0,,OP
61135:LSF1,Lebanon Solar Farm (MO),MO,Laclede,staged_only,,2.5,,OP
61138:0000A,Armstrong Solar,MN,Pope,staged_only,,3.0,,OP
61139:MARM2,Marmas Solar CSG,MN,Sherburne,staged_only,,1.0,,OP
61139:MARM3,Marmas Solar CSG,MN,Sherburne,staged_only,,1.0,,OP
61139:MARM4,Marmas Solar CSG,MN,Sherburne,staged_only,,1.0,,OP
61139:MARM5,Marmas Solar CSG,MN,Sherburne,staged_only,,1.0,,OP
61140:0000D,"CF Novel Solar CSG Gardens Two, LLC",MN,Faribault,staged_only,,1.8,,OP
61141:0000F,"CF Novel Solar CSG Gardens Eleven, LLC",MN,Blue Earth,staged_only,,3.0,,OP
61142:0000H,WasecaSun,MN,Waseca,staged_only,,1.0,,OP
61142:WASE2,WasecaSun,MN,Waseca,staged_only,,1.0,,OP
61142:WASE3,WasecaSun,MN,Waseca,staged_only,,1.0,,OP
61142:WASE4,WasecaSun,MN,Waseca,staged_only,,1.0,,OP
61142:WASE5,WasecaSun,MN,Waseca,staged_only,,1.0,,OP
61144:1,Astoria Station,SD,Deuel,staged_only,,349.0,,OP
61145:GM01,Brown County LFGTE Power Station,OH,Brown,staged_only,,1.6,,OP
61145:GM02,Brown County LFGTE Power Station,OH,Brown,staged_only,,1.6,,OP
61145:GM03,Brown County LFGTE Power Station,OH,Brown,staged_only,,1.6,,OP
61152:PV1,Intel Folsom Phase 3,CA,Sacramento,staged_only,,5.2,,OP
61153:AT057,AT&T Holger,CA,Santa Clara,staged_only,,1.3,,OP
61154:AT058,AT&T Anaheim,CA,Orange,staged_only,,1.3,,OP
61155:BT-MT,Big Timber Wind Farm,MT,Sweet Grass,staged_only,,25.0,,OP
61156:STPAU,St. Pauls Solar 2,NC,Robeson,staged_only,,5.0,,OP
61157:BOAZF,Boaz Farm Solar,NC,Lee,staged_only,,5.0,,OP
61158:BIZZE,Bizzell Church Solar 2,NC,Johnston,staged_only,,5.0,,OP
61161:GEN01,Harvest Ridge Wind Farm,IL,Douglas,staged_only,,202.0,,OP
61163:ONSE,Onset East Community Solar Facility,MA,Plymouth,staged_only,,1.0,,OP
61164:ONSW,Onset West Community Solar Facility,MA,Plymouth,staged_only,,1.0,,OP
61165:88029,Columbus Solar Project,NM,Luna,staged_only,,1.9,,OP
61166:UNIT1,Tyee Lake Hydroelectric Facility,AK,Wrangell Petersburg,staged_only,,11.3,,OP
61166:UNIT2,Tyee Lake Hydroelectric Facility,AK,Wrangell Petersburg,staged_only,,11.3,,OP
61168:61168,"Eland Solar & Storage Center, Phase 1 Hy",CA,Kern,staged_only,,150.0,,OP
61168:68SF8,"Eland Solar & Storage Center, Phase 1 Hy",CA,Kern,staged_only,,309.6,,OP
61169:61169,"Eland Solar & Storage Center, Phase 2 Hy",CA,Kern,staged_only,,150.0,,OP
61169:69SV8,"Eland Solar & Storage Center, Phase 2 Hy",CA,Kern,staged_only,,308.0,,OP
61172:WAIAN,EE Waianae Solar Project,HI,Honolulu,staged_only,,28.3,,OP
61174:ETCS1,Taurus Community Solar,MN,Chippewa,staged_only,,1.0,,OP
61174:ETCS2,Taurus Community Solar,MN,Chippewa,staged_only,,1.0,,OP
61174:ETCS3,Taurus Community Solar,MN,Chippewa,staged_only,,1.0,,OP
61174:ETCS4,Taurus Community Solar,MN,Chippewa,staged_only,,1.0,,OP
61175:CPCS1,Pegasus Community Solar,MN,Stearns,staged_only,,1.0,,OP
61175:CPCS2,Pegasus Community Solar,MN,Stearns,staged_only,,1.0,,OP
61176:FACS1,Antares Community Solar,MN,Lyon,staged_only,,1.0,,OP
61176:FACS2,Antares Community Solar,MN,Lyon,staged_only,,1.0,,OP
61176:FACS3,Antares Community Solar,MN,Lyon,staged_only,,1.0,,OP
61177:GCCS1,Corvus Community Solar,MN,Blue Earth,staged_only,,1.0,,OP
61177:GCCS2,Corvus Community Solar,MN,Blue Earth,staged_only,,1.0,,OP
61177:GCCS3,Corvus Community Solar,MN,Blue Earth,staged_only,,1.0,,OP
61177:GCCS4,Corvus Community Solar,MN,Blue Earth,staged_only,,1.0,,OP
61177:GCCS5,Corvus Community Solar,MN,Blue Earth,staged_only,,1.0,,OP
61178:HCCS1,Capella Community Solar,MN,Pipestone,staged_only,,1.0,,OP
61178:HCCS2,Capella Community Solar,MN,Pipestone,staged_only,,1.0,,OP
61178:HCCS3,Capella Community Solar,MN,Pipestone,staged_only,,1.0,,OP
61178:HCCS4,Capella Community Solar,MN,Pipestone,staged_only,,1.0,,OP
61178:HCCS5,Capella Community Solar,MN,Pipestone,staged_only,,1.0,,OP
61179:JCCS1,Carina Community Solar,MN,Wabasha,staged_only,,1.0,,OP
61179:JCCS2,Carina Community Solar,MN,Wabasha,staged_only,,1.0,,OP
61179:JCCS3,Carina Community Solar,MN,Wabasha,staged_only,,1.0,,OP
61179:JCCS4,Carina Community Solar,MN,Wabasha,staged_only,,1.0,,OP
61180:PCCS1,Caelum Community Solar,MN,Benton,staged_only,,1.0,,OP
61180:PCCS2,Caelum Community Solar,MN,Benton,staged_only,,1.0,,OP
61181:OACS1,Andromeda Community Solar,MN,McLeod,staged_only,,1.0,,OP
61181:OACS2,Andromeda Community Solar,MN,McLeod,staged_only,,1.0,,OP
61181:OACS3,Andromeda Community Solar,MN,McLeod,staged_only,,1.0,,OP
61181:OACS4,Andromeda Community Solar,MN,McLeod,staged_only,,1.0,,OP
61181:OACS5,Andromeda Community Solar,MN,McLeod,staged_only,,1.0,,OP
61182:RLCS1,Lyra Community Solar,MN,Le Sueur,staged_only,,1.0,,OP
61182:RLCS2,Lyra Community Solar,MN,Le Sueur,staged_only,,1.0,,OP
61182:RLCS3,Lyra Community Solar,MN,Le Sueur,staged_only,,1.0,,OP
61183:UACS1,Argo Navis Community Solar,MN,Washington,staged_only,,1.0,,OP
61183:UACS2,Argo Navis Community Solar,MN,Washington,staged_only,,1.0,,OP
61183:UACS3,Argo Navis Community Solar,MN,Washington,staged_only,,1.0,,OP
61185:SO147,Pfeffers,MD,Baltimore,staged_only,,1.0,,OP
61186:BATT,Boston Medical Center CHP Plant,MA,Suffolk,staged_only,,1.0,,OP
61186:COGEN,Boston Medical Center CHP Plant,MA,Suffolk,staged_only,,2.0,,OP
61187:CENT1,Century Drive Solar Farm,NC,Wake,staged_only,,1.0,,OP
61189:GEN1,Shavano Falls Hydro,CO,Montrose,staged_only,,2.8,,OP
61190:GEN1,Shavano Falls Hydro Drop 4,CO,Montrose,staged_only,,4.8,,OP
61191:GEN1,Drop 5 (CO),CO,Montrose,staged_only,,2.4,,OP
61193:PV,IKEA Las Vegas 462,NV,Clark,staged_only,,1.0,,OP
61194:BARK,"Barker Solar, LLC",NC,Robeson,staged_only,,5.0,,OP
61195:DIXON,"231 Dixon 74 Solar I, LLC",NC,Cleveland,staged_only,,2.0,,OP
61196:MILLL,"Mill Pond Solar Farm, LLC",NC,Columbus,staged_only,,5.0,,OP
61197:PIMA,Pima Energy Storage System,AZ,Pima,staged_only,,10.0,,OP
61198:SA-1,Merck - Upper Gwynedd Solar Array,PA,Montgomery,staged_only,,1.5,,OP
61199:PV1,T0588 Phoenix - AZ,AZ,Maricopa,staged_only,,1.2,,OP
61200:ORSR2,"OR Solar 2, LLC",OR,Jackson,staged_only,,10.0,,OP
61201:ORSR3,"OR Solar 3, LLC",OR,Klamath,staged_only,,10.0,,OP
61202:MTSG3,Mount Signal Solar Farm V,CA,Imperial,staged_only,,252.3,,OP
61203:PV1,"Lahr 1, LLC",MN,Stearns,staged_only,,5.0,,OP
61204:ALMTS,"AES ES Alamitos, LLC",CA,Los Angeles,staged_only,,100.0,,OP
61205:PV1,Bandera Electric Coop PV,TX,Real,staged_only,,1.5,,OP
61206:10021,Onyx - Allen Harim,DE,Sussex,staged_only,,1.2,,OP
61207:UNIT1,Green Island Hydroelectric Station,NY,Albany,staged_only,,1.5,,OP
61207:UNIT2,Green Island Hydroelectric Station,NY,Albany,staged_only,,1.5,,OP
61207:UNIT3,Green Island Hydroelectric Station,NY,Albany,staged_only,,1.5,,OP
61207:UNIT4,Green Island Hydroelectric Station,NY,Albany,staged_only,,1.5,,OP
61208:PV1,Gulfport Naval Base CSG PV System,MS,Harrison,staged_only,,3.5,,OP
61209:PV1,Sacramento Regional County Sanitation PV,CA,Sacramento,staged_only,,3.5,,OP
61210:FLS1,Finger Lakes Solar I,NY,Ontario,staged_only,,1.9,,OP
61211:PV,IKEA Memphis 508,TN,Shelby,staged_only,,1.1,,OP
61212:FTWI,Flat Top Wind I,TX,Mills,staged_only,,200.0,,OP
61213:GEN,GRP Madison Renewable Energy Facility,GA,Madison,staged_only,,58.0,,OP
61215:GBWXC,Green Beanworks C PV,CA,Los Angeles,staged_only,,3.0,,OP
61216:GBWXD,Green Beanworks D PV,CA,Los Angeles,staged_only,,3.0,,OP
61217:HY1,Head of U Canal Hydro Project,ID,Jerome,staged_only,,1.2,,OP
61218:BROAD,"Broadridge Solar, LLC",NC,Robeson,staged_only,,5.0,,OP
61219:KELLY,"Kelly Solar, LLC",NC,Vance,staged_only,,5.0,,OP
61220:1,"Spencer Farm, LLC",NC,Rowan,staged_only,,5.0,,OP
61221:WT1,Redbed Plains Wind Farm,OK,Grady,staged_only,,99.1,,OP
61222:1,Golden Hills North Wind Energy Center,CA,Alameda,staged_only,,46.0,,OP
61223:CHSF1,Chillicothe Solar Farm,MO,Livingston,staged_only,,2.5,,OP
61224:5400,"350 Clark Solar, NG, LLC",NJ,Morris,staged_only,,1.8,,OP
61237:5402,"433 Purchase Solar NG, LLC",MA,Bristol,staged_only,,2.5,,OP
61238:CGTB,New York Presbyterian Hospital- 68th Street,NY,New York,staged_only,,7.7,,OP
61241:VC-1,Tres City Power LLC,TX,Victoria,staged_only,,50.0,,OP
61241:VC-2,Tres City Power LLC,TX,Victoria,staged_only,,50.0,,OP
61242:VP-1,"Tres Port Power, LLC",TX,Victoria,staged_only,,50.0,,OP
61242:VP-2,"Tres Port Power, LLC",TX,Victoria,staged_only,,50.0,,OP
61243:5406,Old Wardour Solar,MA,Worcester,staged_only,,5.5,,OP
61244:5404,Shuman Solar,MA,Norfolk,staged_only,,2.2,,OP
61245:5405,Vuelta Solar,MA,Worcester,staged_only,,5.5,,OP
61246:ASLF1,ACE-Stanton PV,FL,Orange,staged_only,,4.8,,OP
61247:ASA1,ACE-Stanton A PV,FL,Orange,staged_only,,4.1,,OP
61248:INV1R,Glopak Solar PV Power Plant,NJ,Middlesex,staged_only,,0.5,,OP
61248:INV2G,Glopak Solar PV Power Plant,NJ,Middlesex,staged_only,,0.5,,OP
61249:W5531,Westmont 300A,CA,Los Angeles,staged_only,,2.9,,OP
61250:USPS1,USPS PV,CA,Los Angeles,staged_only,,7.4,,OP
61255:HAY02,Haywood Farm Solar,NC,Montgomery,staged_only,,4.9,,OP
61256:HOF05,Hood Farm Solar,NC,Jones,staged_only,,4.9,,OP
61257:ZV204,ZV Solar 2,NC,Robeson,staged_only,,4.9,,OP
61258:ISS35,Innovative Solar 35,NC,Duplin,staged_only,,1.9,,OP
61259:ISS59,Innovative Solar 59,NC,Nash,staged_only,,1.9,,OP
61260:ISS60,Innovative Solar 60,NC,Nash,staged_only,,1.9,,OP
61261:RF1,Rock Falls Wind Farm LLC,OK,Kay,staged_only,,154.5,,OP
61262:STGRT,Stuttgart Solar,AR,Arkansas,staged_only,,81.0,,OP
61263:GEN1,Wolf Run Energy,PA,Bradford,staged_only,,4.4,,OP
61263:GEN2,Wolf Run Energy,PA,Bradford,staged_only,,4.4,,OP
61263:GEN3,Wolf Run Energy,PA,Bradford,staged_only,,4.4,,OP
61263:GEN4,Wolf Run Energy,PA,Bradford,staged_only,,4.4,,OP
61263:GEN5,Wolf Run Energy,PA,Bradford,staged_only,,4.4,,OP
61264:ANTX2,Antelope Expansion 2,CA,Los Angeles,staged_only,,105.0,,OP
61265:ADSR3,Antelope DSR 3,CA,Los Angeles,staged_only,,20.0,,OP
61267:HURR,Hurricane Creek Lift Station,IN,Johnson,staged_only,,2.0,,OP
61268:PV1,Kayenta Solar Project,AZ,Navajo,staged_only,,27.3,,OP
61268:PV2,Kayenta Solar Project,AZ,Navajo,staged_only,,28.0,,OP
61269:WT1,Thunder Ranch Wind Project,OK,Noble,staged_only,,297.8,,OP
61270:RDDRT,Red Dirt Wind Project,OK,Kingfisher,staged_only,,299.3,,OP
61271:18950,Biltmore Solar Fields,NC,Buncombe,staged_only,,1.5,,OP
61272:GHS,Gray Hawk Solar,AZ,Mohave,staged_only,,55.0,,OP
61274:WISL1,Wilson Solar Farm 1,NC,Wilson,staged_only,,3.4,,OP
61275:WILS2,Wilson Solar Farm 2,NC,Wilson,staged_only,,5.0,,OP
61276:WILS3,Wilson Solar Farm 3,NC,Wilson,staged_only,,10.0,,OP
61277:WILS4,Wilson Solar Farm 4,NC,Wilson,staged_only,,10.0,,OP
61278:WILS5,Wilson Solar Farm 5,NC,Wilson,staged_only,,10.0,,OP
61279:WILS6,Wilson Solar Farm 6,NC,Wilson,staged_only,,10.0,,OP
61280:WILS7,Wilson Solar Farm 7,NC,Wilson,staged_only,,10.0,,OP
61281:BCRSC,Bear Creek Solar Center,OR,Deschutes,staged_only,,10.0,,OP
61282:GEN1,APG Combined Heat and Power Plant,MD,Harford,staged_only,,7.9,,OP
61283:GEN1,"Bladenboro Solar, LLC",NC,Bladen,staged_only,,4.8,,OP
61284:GEN1,"Lux Solar, LLC",NC,Cleveland,staged_only,,2.0,,OP
61287:SF5PV,"Sun Farm V, LLC",NC,Perquimans,staged_only,,5.0,,OP
61288:GEN1,"Roxboro Solar Farm, LLC",NC,Granville,staged_only,,5.0,,OP
61289:RBSMT,"River Bend Solar, LLC (MT)",MT,Stillwater,staged_only,,2.0,,OP
61290:SMSMT,"South Mills Solar, LLC",MT,Big Horn,staged_only,,3.0,,OP
61291:GMSMT,"Green Meadow Solar, LLC",MT,Lewis and Clark,staged_only,,3.0,,OP
61292:JAKSN,Jackson Solar Farm,NC,Wilson,staged_only,,10.0,,OP
61294:02419,Farley Road Community Solar,MA,Worcester,staged_only,,1.9,,OP
61295:02675,Belchertown Renewables Community Solar,MA,Hampshire,staged_only,,4.0,,OP
61296:02529,Theodore Drive Community Solar,MA,Worcester,staged_only,,1.5,,OP
61297:02567,Upton Community Solar,MA,Worcester,staged_only,,2.0,,OP
61298:02112,Pleasantdale Road Community Solar,MA,Worcester,staged_only,,1.0,,OP
61299:02599,Hatfield Renewables Community Solar,MA,Hampshire,staged_only,,1.9,,OP
61303:BLUFF,Bluff Point Wind Facility,IN,Jay,staged_only,,119.7,,OP
61307:02076,Peterson Road Solar,MA,Hampden,staged_only,,2.5,,OP
61308:02696,Sampson Road Community Solar,MA,Worcester,staged_only,,2.0,,OP
61309:PV1,IKEA Grand Prairie Rooftop PV System,TX,Dallas,staged_only,,1.2,,OP
61310:PV1,Crittenden Solar Facility,KY,Grant,staged_only,,2.7,,OP
61311:PV1,Walton 1 Solar Facility,KY,Kenton,staged_only,,2.0,,OP
61312:PV1,Walton 2 Solar Facility,KY,Kenton,staged_only,,2.0,,OP
61313:BPU1,BPU Solar Farm,KS,Wyandotte,staged_only,,1.0,,OP
61314:KERS,SR Kersey,CO,Weld,staged_only,,3.5,,OP
61315:02196,Golden Hills Solar,MA,Worcester,staged_only,,4.7,,OP
61316:HSF1,Higginsville Solar Farm,MO,Lafayette,staged_only,,2.5,,OP
61318:SOLAR,Mt. Jackson Solar,VA,Shenandoah,staged_only,,15.7,,OP
61319:W4885,Port of LA Solar FiT Project,CA,Los Angeles,staged_only,,1.1,,OP
61321:BFSC,Biggs Ford Solar Center,MD,Frederick,staged_only,,15.0,,OP
61322:HPPP1,Long Ridge Energy Generation,OH,Monroe,staged_only,,521.9,,OP
61323:PGRB5,Saluda Solar II,SC,Saluda,staged_only,,3.4,,OP
61324:PGRB4,Odyssey Solar,SC,Lexington,staged_only,,8.2,,OP
61325:PGRB3,Hampton Solar I,SC,Hampton,staged_only,,6.8,,OP
61326:PGRB2,Cameron Solar II,SC,Calhoun,staged_only,,4.1,,OP
61327:PGRB1,Barnwell Solar,SC,Barnwell,staged_only,,5.4,,OP
61328:TCCS1,Crater Community Solar,MN,Chippewa,staged_only,,1.0,,OP
61328:TCCS2,Crater Community Solar,MN,Chippewa,staged_only,,1.0,,OP
61328:TCCS3,Crater Community Solar,MN,Chippewa,staged_only,,1.0,,OP
61329:QDCS1,Delphinus Community Solar,MN,Benton,staged_only,,1.0,,OP
61329:QDCS2,Delphinus Community Solar,MN,Benton,staged_only,,1.0,,OP
61330:WT1,Hog Creek Wind Project,OH,Hardin,staged_only,,66.0,,OP
61332:NIKE2,SR Innovation - NIKE PV,TN,Shelby,staged_only,,1.5,,OP
61333:OHSA1,Oak Hill Solar Array,IN,Vanderburgh,staged_only,,2.0,,OP
61334:VRSA1,Volkman Road Solar Array Hybrid,IN,Vanderburgh,staged_only,,2.0,,OP
61334:VRSA2,Volkman Road Solar Array Hybrid,IN,Vanderburgh,staged_only,,1.0,,OP
61335:GDSMT,"Great Divide Solar, LLC",MT,Lewis and Clark,staged_only,,3.0,,OP
61336:BESMT,"Black Eagle Solar, LLC",MT,Cascade,staged_only,,3.0,,OP
61337:MSMT,"Magpie Solar, LLC",MT,Golden Valley,staged_only,,3.0,,OP
61338:PGRC1,Mill Creek Solar (OR),OR,Yamhill,staged_only,,2.2,,OP
61339:GBWXB,Green Beanworks B PV,CA,Los Angeles,staged_only,,3.0,,OP
61340:NGSF1,Next Generation Solar Farm,VT,Addison,staged_only,,2.2,,OP
61341:MSBW1,Grafton PV,MA,Worcester,staged_only,,2.7,,OP
61342:MSBW2,Barrett PV,MA,Worcester,staged_only,,11.9,,OP
61343:WT1,Karankawa Wind LLC,TX,San Patricio,staged_only,,307.1,,OP
61344:WT1,Otter Creek Wind Farm LLC,IL,LaSalle,staged_only,,150.0,,OP
61345:PV1,WyEast Solar,OR,Sherman,staged_only,,10.0,,OP
61346:PV1,RE Maplewood,TX,Pecos,staged_only,,222.0,,OP
61346:PV2,RE Maplewood,TX,Pecos,staged_only,,28.0,,OP
61347:GEN1,Long Henry Solar,NC,Wayne,staged_only,,2.0,,OP
61348:W5691,Westmont 400A,CA,Los Angeles,staged_only,,2.3,,OP
61349:W5694,Westmont 400B,CA,Los Angeles,staged_only,,2.2,,OP
61350:SO145,MDFA Devens-Saratoga,MA,Worcester,staged_only,,2.5,,OP
61351:GEN1,Bear Creek Solar (NC),NC,Chatham,staged_only,,2.0,,OP
61352:GEN1,Bondi Solar,NC,Jones,staged_only,,5.0,,OP
61353:IVS2,Mount Signal Solar Farm II,CA,Imperial,staged_only,,153.5,,OP
61354:STONY,Princeton Solar Project,NJ,Mercer,staged_only,,2.2,,OP
61356:W1,Valfilm Wind Project,OH,Hancock,staged_only,,1.5,,OP
61356:W2,Valfilm Wind Project,OH,Hancock,staged_only,,1.5,,OP
61357:RP1,Red Pine Wind Project,MN,Lincoln,staged_only,,200.0,,OP
61358:BWI5,IGS Solar I - BWI5,MD,Baltimore,staged_only,,1.1,,OP
61359:EWR5,IGS Solar I - EWR5,NJ,Middlesex,staged_only,,1.9,,OP
61360:EWR6,IGS Solar I - EWR6,NJ,Middlesex,staged_only,,1.9,,OP
61363:CSG1,Equuleus Community Solar Gardens,MN,Dakota,staged_only,,1.0,,OP
61363:CSG2,Equuleus Community Solar Gardens,MN,Dakota,staged_only,,1.0,,OP
61363:CSG3,Equuleus Community Solar Gardens,MN,Dakota,staged_only,,1.0,,OP
61363:CSG4,Equuleus Community Solar Gardens,MN,Dakota,staged_only,,1.0,,OP
61363:CSG5,Equuleus Community Solar Gardens,MN,Dakota,staged_only,,1.0,,OP
61365:FBES,Fallbrook Energy Storage,CA,San Diego,staged_only,,40.0,,OP
61366:TGES,Top Gun Energy Storage,CA,San Diego,staged_only,,30.0,,OP
61367:PV1,Smith & Wesson at Springfield MA PV,MA,Hampden,staged_only,,1.9,,OP
61368:PV1,Midway Solar - TX,TX,Pecos,staged_only,,182.0,,OP
61369:PV1,Sweetwater Solar,WY,Sweetwater,staged_only,,92.0,,OP
61370:GEN1,Walnut Springs Solar,TX,Bosque,staged_only,,5.0,,OP
61371:ASH24,Centaurus Solar - MA,MA,Middlesex,staged_only,,2.4,,OP
61373:BELL,Kearsarge Bellingham PV,MA,Norfolk,staged_only,,2.9,,OP
61374:PV1,Hecate Energy Clarke County LLC,VA,Clarke,staged_only,,10.0,,OP
61375:PV1,Hecate Energy Cherrydale LLC,VA,Northampton,staged_only,,20.0,,OP
61376:CEDR1,Cedar Creek PV,NY,Nassau,staged_only,,1.8,,OP
61377:PATT1,Amazon - Patterson PV,CA,Stanislaus,staged_only,,2.5,,OP
61379:DODG1,DodgeSun CSG,MN,Dodge,staged_only,,1.0,,OP
61379:DODG2,DodgeSun CSG,MN,Dodge,staged_only,,1.0,,OP
61379:DODG3,DodgeSun CSG,MN,Dodge,staged_only,,1.0,,OP
61379:DODG4,DodgeSun CSG,MN,Dodge,staged_only,,1.0,,OP
61379:DODG5,DodgeSun CSG,MN,Dodge,staged_only,,1.0,,OP
61380:JOHN1,Johnson Solar CSG,MN,Pipestone,staged_only,,1.0,,OP
61380:JOHN2,Johnson Solar CSG,MN,Pipestone,staged_only,,1.0,,OP
61380:JOHN3,Johnson Solar CSG,MN,Pipestone,staged_only,,1.0,,OP
61380:JOHN4,Johnson Solar CSG,MN,Pipestone,staged_only,,1.0,,OP
61380:JOHN5,Johnson Solar CSG,MN,Pipestone,staged_only,,0.7,,OP
61381:KOPP1,Koppelman Sun CSG,MN,Blue Earth,staged_only,,1.0,,OP
61381:KOPP2,Koppelman Sun CSG,MN,Blue Earth,staged_only,,1.0,,OP
61381:KOPP3,Koppelman Sun CSG,MN,Blue Earth,staged_only,,1.0,,OP
61381:KOPP4,Koppelman Sun CSG,MN,Blue Earth,staged_only,,1.0,,OP
61381:KOPP5,Koppelman Sun CSG,MN,Blue Earth,staged_only,,1.0,,OP
61382:LIND1,Lindstrom Solar CSG,MN,Chisago,staged_only,,1.0,,OP
61382:LIND2,Lindstrom Solar CSG,MN,Chisago,staged_only,,1.0,,OP
61382:LIND3,Lindstrom Solar CSG,MN,Chisago,staged_only,,1.0,,OP
61383:RENG1,Rengstorf Solar CSG,MN,Nicollet,staged_only,,1.0,,OP
61383:RENG2,Rengstorf Solar CSG,MN,Nicollet,staged_only,,1.0,,OP
61383:RENG3,Rengstorf Solar CSG,MN,Nicollet,staged_only,,1.0,,OP
61383:RENG4,Rengstorf Solar CSG,MN,Nicollet,staged_only,,1.0,,OP
61383:RENG5,Rengstorf Solar CSG,MN,Nicollet,staged_only,,1.0,,OP
61384:STCL1,St. Cloud Solar CSG,MN,Stearns,staged_only,,1.0,,OP
61384:STCL2,St. Cloud Solar CSG,MN,Stearns,staged_only,,1.0,,OP
61384:STCL3,St. Cloud Solar CSG,MN,Stearns,staged_only,,1.0,,OP
61384:STCL4,St. Cloud Solar CSG,MN,Stearns,staged_only,,1.0,,OP
61384:STCL5,St. Cloud Solar CSG,MN,Stearns,staged_only,,1.0,,OP
61385:GM01,Georgia LFG Oak Grove Plant,GA,Barrow,staged_only,,2.2,,OP
61385:GM02,Georgia LFG Oak Grove Plant,GA,Barrow,staged_only,,2.2,,OP
61385:GM03,Georgia LFG Oak Grove Plant,GA,Barrow,staged_only,,2.2,,OP
61386:GM01,Georgia LFG Pine Ridge Plant,GA,Spalding,staged_only,,2.2,,OP
61386:GM02,Georgia LFG Pine Ridge Plant,GA,Spalding,staged_only,,2.2,,OP
61386:GM03,Georgia LFG Pine Ridge Plant,GA,Spalding,staged_only,,2.2,,OP
61387:GM01,Georgia LFG Richland Creek Plant,GA,Gwinnett,staged_only,,2.4,,OP
61387:GM02,Georgia LFG Richland Creek Plant,GA,Gwinnett,staged_only,,2.2,,OP
61387:GM03,Georgia LFG Richland Creek Plant,GA,Gwinnett,staged_only,,2.2,,OP
61387:GM04,Georgia LFG Richland Creek Plant,GA,Gwinnett,staged_only,,2.2,,OP
61387:GM05,Georgia LFG Richland Creek Plant,GA,Gwinnett,staged_only,,2.2,,OP
61388:PV1,AEP Jacksonville Solar Project,FL,Duval,staged_only,,7.1,,OP
61389:PV1,Letchworth Solar Project,NY,Wyoming,staged_only,,1.2,,OP
61391:M1,A.J. Mihm Generating Station,MI,Baraga,staged_only,,18.8,,OP
61391:M2,A.J. Mihm Generating Station,MI,Baraga,staged_only,,18.8,,OP
61391:M3,A.J. Mihm Generating Station,MI,Baraga,staged_only,,18.8,,OP
61392:K1,F.D. Kuester Generating Station,MI,Marquette,staged_only,,18.8,,OP
61392:K2,F.D. Kuester Generating Station,MI,Marquette,staged_only,,18.8,,OP
61392:K3,F.D. Kuester Generating Station,MI,Marquette,staged_only,,18.8,,OP
61392:K4,F.D. Kuester Generating Station,MI,Marquette,staged_only,,18.8,,OP
61392:K5,F.D. Kuester Generating Station,MI,Marquette,staged_only,,18.8,,OP
61392:K6,F.D. Kuester Generating Station,MI,Marquette,staged_only,,18.8,,OP
61392:K7,F.D. Kuester Generating Station,MI,Marquette,staged_only,,18.8,,OP
61397:PV1,Georgia Power at Jakin GA PV,GA,Early,staged_only,,1.5,,OP
61398:S1980,Canis Major Solar Farm,CT,Hartford,staged_only,,2.0,,OP
61399:DU183,Ashby Duffy CSG Solar Farm,MA,Middlesex,staged_only,,1.8,,OP
61402:FOARD,Foard City Wind,TX,Foard,staged_only,,352.8,,OP
61403:1,Deep Branch Farm,NC,Robeson,staged_only,,5.0,,OP
61404:1,Pikeville Farm,NC,Wayne,staged_only,,5.0,,OP
61405:1,"Moorings Farm 2, LLC",NC,Lenoir,staged_only,,5.0,,OP
61406:ESSEX,Essex Solar Center,VA,Essex,staged_only,,20.0,,OP
61407:CTNWD,Cottonwood Wind Energy Center,NE,Webster,staged_only,,89.7,,OP
61408:B1000,Canis Minor Solar Farm,CT,Litchfield,staged_only,,1.0,,OP
61409:GEN1,Highway 56 Solar,TX,Grayson,staged_only,,5.3,,OP
61410:GEN1,Whitesboro Solar,TX,Grayson,staged_only,,5.0,,OP
61411:GEN1,Whitesboro Solar II,TX,Grayson,staged_only,,5.0,,OP
61412:LATSC,Latitude Solar Center,TN,Hardeman,staged_only,,15.0,,OP
61414:GEN1,NY Times Daily Production Facility,NY,Queens,staged_only,,2.0,,OP
61414:GEN2,NY Times Daily Production Facility,NY,Queens,staged_only,,2.0,,OP
61414:GEN3,NY Times Daily Production Facility,NY,Queens,staged_only,,2.0,,OP
61414:GEN4,NY Times Daily Production Facility,NY,Queens,staged_only,,2.0,,OP
61414:GEN5,NY Times Daily Production Facility,NY,Queens,staged_only,,2.0,,OP
61414:GEN6,NY Times Daily Production Facility,NY,Queens,staged_only,,2.0,,OP
61415:CS1,West Boylston Community Shared Solar,MA,Worcester,staged_only,,1.5,,OP
61417:GCWF,Gopher Creek Wind Farm,TX,Borden,staged_only,,158.0,,OP
61418:VAL1,Valencia 1 Solar CA,CA,Imperial,staged_only,,3.0,,OP
61419:OTP,One Ten Partners PV,CA,Los Angeles,staged_only,,2.0,,OP
61420:MRCD1,Merced 1 PV,CA,Merced,staged_only,,3.0,,OP
61421:MDRA1,Madera 1 PV,CA,Madera,staged_only,,1.5,,OP
61422:PV1,"Southampton Solar, LLC",VA,Southampton,staged_only,,100.0,,OP
61423:PV1,"OR Solar 5, LLC",OR,Klamath,staged_only,,8.0,,OP
61424:PV1,"OR Solar 8, LLC",OR,Klamath,staged_only,,10.0,,OP
61425:COYCS,Coyote Ridge Community Solar,CO,Larimer,staged_only,,1.5,,OP
61426:PV1,Gopher CSG,MN,Chisago,staged_only,,5.0,,OP
61427:PV1,Richmond CSG,MN,Stearns,staged_only,,5.0,,OP
61428:PV1,Taylors Falls CSG,MN,Chisago,staged_only,,5.0,,OP
61429:12344,Big George PV CSG,MA,Plymouth,staged_only,,1.0,,OP
6142:2,Ozark,AR,Franklin,existing_only,20.0,,OP,
6142:4,Ozark,AR,Franklin,existing_only,20.0,,OP,
61430:PV6,"OR Solar 6, LLC",OR,Lake,staged_only,,10.0,,OP
61431:BCNB1,Beacon BESS 1,CA,Kern,staged_only,,20.0,,OP
61432:SCCU1,SCE&G Curie CSG,SC,Hampton,staged_only,,2.0,,OP
61433:SCNM1,SCE&G Nimitz CSG,SC,Jasper,staged_only,,8.0,,OP
61434:SCSP1,SCE&G Springfield CSG,SC,Orangeburg,staged_only,,6.1,,OP
61435:AMPCW,DG AMP Solar Coldwater,MI,Branch,staged_only,,1.3,,OP
61436:AMPO3,DG AMP Solar Orrville 3,OH,Wayne,staged_only,,2.3,,OP
61437:AMPVS,DG AMP Solar Versailles,OH,Darke,staged_only,,1.8,,OP
61438:AMPJC,DG AMP Solar Jackson Center,OH,Shelby,staged_only,,1.6,,OP
61439:PANPV,Panasonic Carport Solar Hybrid,CO,Adams,staged_only,,1.3,,OP
61441:GPDB1,Denver Braswell PV,GA,Colquitt,staged_only,,1.4,,OP
61442:WTG1,Foundation California Training Facility,CA,Monterey,staged_only,,1.8,,OP
61443:WTG1,Foundation Mann Packing,CA,Monterey,staged_only,,1.8,,OP
61444:WTG1,Foundation SaIinas Valley State Prison,CA,Monterey,staged_only,,1.8,,OP
61445:PV1,Gaskell West 1 Solar Facility,CA,Kern,staged_only,,20.0,,OP
61446:BA2,RE Gaskell West 2 LLC,CA,Kern,staged_only,,20.0,,OP
61446:PV2,RE Gaskell West 2 LLC,CA,Kern,staged_only,,45.0,,OP
61447:PV3,RE Gaskell West 3 LLC,CA,Kern,staged_only,,20.0,,OP
61448:PV4,RE Gaskell West 4 LLC,CA,Kern,staged_only,,20.0,,OP
61449:PV5,RE Gaskell West 5 LLC,CA,Kern,staged_only,,20.0,,OP
61450:FSF1,Farmington Solar Farm,MO,St Francois,staged_only,,2.5,,OP
61451:NORTH,Northfield Holdco CSG,MN,Rice,staged_only,,5.0,,OP
61452:WATER,Waterford Holdco CSG,MN,Rice,staged_only,,2.7,,OP
61453:42278,B.R. Corcoran CSG,MN,Hennepin,staged_only,,1.0,,OP
61453:42279,B.R. Corcoran CSG,MN,Hennepin,staged_only,,1.0,,OP
61453:42280,B.R. Corcoran CSG,MN,Hennepin,staged_only,,1.0,,OP
61453:42281,B.R. Corcoran CSG,MN,Hennepin,staged_only,,1.0,,OP
61453:42282,B.R. Corcoran CSG,MN,Hennepin,staged_only,,1.0,,OP
61454:42286,B.R. Sartell CSG,MN,Stearns,staged_only,,1.0,,OP
61454:42287,B.R. Sartell CSG,MN,Stearns,staged_only,,1.0,,OP
61454:42288,B.R. Sartell CSG,MN,Stearns,staged_only,,1.0,,OP
61455:42292,B.R. Sauk Rapids CSG,MN,Benton,staged_only,,1.0,,OP
61455:42294,B.R. Sauk Rapids CSG,MN,Benton,staged_only,,1.0,,OP
61455:42295,B.R. Sauk Rapids CSG,MN,Benton,staged_only,,1.0,,OP
61455:42296,B.R. Sauk Rapids CSG,MN,Benton,staged_only,,1.0,,OP
61455:42297,B.R. Sauk Rapids CSG,MN,Benton,staged_only,,1.0,,OP
61456:41620,Montgomery Winsted CSG,MN,McLeod,staged_only,,1.0,,OP
61456:41621,Montgomery Winsted CSG,MN,McLeod,staged_only,,1.0,,OP
61456:41622,Montgomery Winsted CSG,MN,McLeod,staged_only,,1.0,,OP
61457:PALM,Palmer Solar Center,VA,Fluvanna,staged_only,,5.0,,OP
61458:MARTN,Martin Solar Center,VA,Goochland,staged_only,,5.0,,OP
61459:PV1,Georgia Power at Swainsboro,GA,Emanuel,staged_only,,2.9,,OP
61460:MEW1,IOS - MEW Phase 1,ME,Somerset,staged_only,,4.1,,OP
61461:NSS01,North Smithfield Solar Power 1,RI,Providence,staged_only,,2.0,,OP
61462:PV1,SR Platte Solar Farm,CO,Weld,staged_only,,16.0,,OP
61463:VBERG,Vandenberg Solar Project,CA,Santa Barbara,staged_only,,25.3,,OP
61465:BWI2,IGS Solar I - BWI2,MD,Baltimore,staged_only,,1.4,,OP
61466:EWR9,IOS - ERW9,NJ,Middlesex,staged_only,,5.3,,OP
61467:LXNE1,City of Lexington,NE,Dawson,staged_only,,3.5,,OP
61468:GPVP1,Valdosta Prison,GA,Lowndes,staged_only,,1.0,,OP
61469:LIC01,Lichtenthal,NY,Genesee,staged_only,,2.0,,OP
61470:CFM11,Call Farms 1,NY,Genesee,staged_only,,2.0,,OP
61471:CFM31,Call Farms 3,NY,Genesee,staged_only,,2.0,,OP
61472:ANTO2,San Luis Solar Garden,CO,Conejos,staged_only,,1.2,,OP
61473:BA1,Hopewell Valley High School Hybrid,NJ,Mercer,staged_only,,1.0,,OP
61473:HWVHS,Hopewell Valley High School Hybrid,NJ,Mercer,staged_only,,0.9,,OP
61478:FELY1,"SunE Feely 1 CSG, LLC",MN,Dakota,staged_only,,1.0,,OP
61478:FELY2,"SunE Feely 1 CSG, LLC",MN,Dakota,staged_only,,1.0,,OP
61478:FELY3,"SunE Feely 1 CSG, LLC",MN,Dakota,staged_only,,1.0,,OP
61478:FELY4,"SunE Feely 1 CSG, LLC",MN,Dakota,staged_only,,1.0,,OP
61478:FELY5,"SunE Feely 1 CSG, LLC",MN,Dakota,staged_only,,1.0,,OP
61483:CTGR1,"Cottage Grove CSG, LLC",MN,Washington,staged_only,,1.0,,OP
61483:CTGR2,"Cottage Grove CSG, LLC",MN,Washington,staged_only,,1.0,,OP
61483:CTGR3,"Cottage Grove CSG, LLC",MN,Washington,staged_only,,1.0,,OP
61483:CTGR4,"Cottage Grove CSG, LLC",MN,Washington,staged_only,,1.0,,OP
61483:CTGR5,"Cottage Grove CSG, LLC",MN,Washington,staged_only,,1.0,,OP
61484:FOX1,"Fox CSG, LLC",MN,Chisago,staged_only,,1.0,,OP
61484:FOX2,"Fox CSG, LLC",MN,Chisago,staged_only,,1.0,,OP
61484:FOX3,"Fox CSG, LLC",MN,Chisago,staged_only,,1.0,,OP
61484:FOX4,"Fox CSG, LLC",MN,Chisago,staged_only,,1.0,,OP
61484:FOX5,"Fox CSG, LLC",MN,Chisago,staged_only,,1.0,,OP
61485:STOL1,"SunE Stolee CSG, LLC",MN,Rice,staged_only,,1.0,,OP
61485:STOL2,"SunE Stolee CSG, LLC",MN,Rice,staged_only,,1.0,,OP
61485:STOL3,"SunE Stolee CSG, LLC",MN,Rice,staged_only,,1.0,,OP
61486:WY01,"Wyoming 2 CSG, LLC",MN,Chisago,staged_only,,1.0,,OP
61486:WY02,"Wyoming 2 CSG, LLC",MN,Chisago,staged_only,,1.0,,OP
61486:WY03,"Wyoming 2 CSG, LLC",MN,Chisago,staged_only,,1.0,,OP
61486:WY04,"Wyoming 2 CSG, LLC",MN,Chisago,staged_only,,1.0,,OP
61486:WY05,"Wyoming 2 CSG, LLC",MN,Chisago,staged_only,,1.0,,OP
61487:SLBAB,SL Babylon,NY,Suffolk,staged_only,,9.0,,OP
61488:GT,NYU LANGONE HEALTH,NY,New York,staged_only,,7.5,,OP
61489:CAM,Cameron Solar,SC,Calhoun,staged_only,,20.0,,OP
61490:EST1,Estill Solar,SC,Hampton,staged_only,,20.0,,OP
61494:41327,Wright Cuddyer CSG,MN,Wright,staged_only,,1.0,,OP
61494:41328,Wright Cuddyer CSG,MN,Wright,staged_only,,1.0,,OP
61494:41329,Wright Cuddyer CSG,MN,Wright,staged_only,,1.0,,OP
61494:41330,Wright Cuddyer CSG,MN,Wright,staged_only,,1.0,,OP
61495:42254,Carver Gladden CSG,MN,Carver,staged_only,,1.0,,OP
61495:42255,Carver Gladden CSG,MN,Carver,staged_only,,1.0,,OP
61495:42256,Carver Gladden CSG,MN,Carver,staged_only,,1.0,,OP
61496:ADAMS,Adams Solar Center,OR,Jefferson,staged_only,,10.0,,OP
61497:ELBE,Elbe Solar Center,OR,Jefferson,staged_only,,10.0,,OP
61498:HAM2,Hampton Solar 2,SC,Hampton,staged_only,,20.0,,OP
61499:FORI,CED Foster,RI,Providence,staged_only,,2.0,,OP
61500:PV1,Porter Way Community Solar Garden,MN,Carver,staged_only,,3.0,,OP
61501:GEN1,ABEC #2 dba West-Star Dairy,CA,Kern,staged_only,,1.0,,OP
61502:GEN1,ABEC #3 dba Lakeview Dairy,CA,Kern,staged_only,,1.0,,OP
61503:GEN1,ABEC #4 dba CE&S Dairy,CA,Kern,staged_only,,1.0,,OP
61504:RCJ1,RJC I CSG,MN,Steele,staged_only,,1.0,,OP
61505:HUNE1,Huneke I CSG,MN,Goodhue,staged_only,,1.0,,OP
61506:KRAUS,Krause CSG,MN,Renville,staged_only,,1.0,,OP
61507:RLSNJ,DG New Jersey Solar RLS Logistics,NJ,Gloucester,staged_only,,4.0,,OP
61508:1,Provo Power Plant,UT,Utah,staged_only,,2.4,,OP
61508:2,Provo Power Plant,UT,Utah,staged_only,,2.4,,OP
61508:3,Provo Power Plant,UT,Utah,staged_only,,2.4,,OP
61508:4,Provo Power Plant,UT,Utah,staged_only,,2.4,,OP
61508:5,Provo Power Plant,UT,Utah,staged_only,,2.4,,OP
61509:MONA,Monroe County Sites A & B,NY,Monroe,staged_only,,1.7,,OP
61509:MONB,Monroe County Sites A & B,NY,Monroe,staged_only,,1.7,,OP
61510:MONC,"Monroe County Sites C, D, & E",NY,Monroe,staged_only,,2.0,,OP
61510:MOND,"Monroe County Sites C, D, & E",NY,Monroe,staged_only,,2.0,,OP
61510:MONE,"Monroe County Sites C, D, & E",NY,Monroe,staged_only,,2.0,,OP
61512:GEN1,"Bullock Solar, LLC",NC,Vance,staged_only,,50.0,,OP
61513:GEN1,Marlin Solar,TX,Limestone,staged_only,,5.3,,OP
61514:GEN1,North Gainesville Solar,TX,Cooke,staged_only,,5.2,,OP
61515:HOLTC,DG Camden LLC Holtec,NJ,Camden,staged_only,,2.2,,OP
61516:SCHOO,School Sisters CSG,MN,Blue Earth,staged_only,,1.0,,OP
61518:3010,301 Chestnut Solar NG,MA,Hampden,staged_only,,2.0,,OP
61519:GEN1,Baker Point,MD,Frederick,staged_only,,9.0,,OP
61520:GEN1,Rosewood Solar,NC,Wayne,staged_only,,2.0,,OP
61521:PGRD2,Swamp Fox Solar,SC,Lexington,staged_only,,10.8,,OP
61522:PGRD3,Champion Solar,SC,Lexington,staged_only,,10.8,,OP
61523:PGRD1,Haley Solar,SC,Allendale,staged_only,,8.2,,OP
61524:GEN1,Whitewright Solar,TX,Fannin,staged_only,,10.0,,OP
61525:GEN1,ABD Farms,NC,Randolph,staged_only,,5.0,,OP
61526:GEN1,Antanavica Solar,MA,Worcester,staged_only,,1.0,,OP
61527:GEN1,Bakatsias Solar,NC,Alamance,staged_only,,5.0,,OP
61528:GEN1,Bayboro Solar Farm,NC,Pamlico,staged_only,,5.0,,OP
61529:GEN1,Estill Solar II,SC,Allendale,staged_only,,10.2,,OP
61530:GEN1,Gaston Solar I - SC,SC,Lexington,staged_only,,10.2,,OP
61532:GEN1,Leon Solar,TX,Hunt,staged_only,,10.0,,OP
61533:GEN1,Mustang Solar,NC,Moore,staged_only,,5.0,,OP
61534:GEN1,Old Caroleen Solar Farm,NC,Rutherford,staged_only,,2.0,,OP
61535:GEN1,Statesville Solar,NC,Rowan,staged_only,,5.0,,OP
61536:GEN1,Wakefield Solar,NC,Wake,staged_only,,5.0,,OP
61537:WESTO,Weston Landfill Solar,MA,Middlesex,staged_only,,1.8,,OP
61538:BRAIN,Braintree Landfill Solar,MA,Norfolk,staged_only,,1.0,,OP
61539:GELD,GELD Solar Farm,MA,Middlesex,staged_only,,2.3,,OP
61540:WIND1,Fort Hays State University Wind Farm,KS,Ellis,staged_only,,2.0,,OP
61540:WIND2,Fort Hays State University Wind Farm,KS,Ellis,staged_only,,2.0,,OP
61541:PV1,Town of Rocky Hill PV CSG,CT,Hartford,staged_only,,1.0,,OP
61541:PV2,Town of Rocky Hill PV CSG,CT,Hartford,staged_only,,1.0,,OP
61541:PV3,Town of Rocky Hill PV CSG,CT,Hartford,staged_only,,1.0,,OP
61542:GEN1,"PopeSun CSG, LLC",MN,Pope,staged_only,,5.0,,OP
61543:GEN1,"CF Novel Solar CSG Gardens Five, LLC",MN,Steele,staged_only,,3.4,,OP
61544:GEN1,"LeSun CSG, LLC",MN,Le Sueur,staged_only,,5.0,,OP
61545:GEN1,"CGSun, LLC Community Solar",MN,Washington,staged_only,,4.0,,OP
61547:GEN1,"WrightSun CSG, LLC",MN,Wright,staged_only,,5.0,,OP
61548:GEN1,"CF Novel Solar CSG Gardens Seven, LLC",MN,Sherburne,staged_only,,3.3,,OP
61550:HAVER,DG Haverhill CSG,MA,Essex,staged_only,,3.0,,OP
61552:FDSBS,Fort Detrick Solar PV,MD,Frederick,staged_only,,6.0,,OP
61552:FDSPV,Fort Detrick Solar PV,MD,Frederick,staged_only,,15.7,,OP
61553:1,Klamath Falls Solar 2 CSG,OR,Klamath,staged_only,,2.9,,OP
61554:1,Comer Solar,GA,Madison,staged_only,,2.0,,OP
61555:SPRIN,DG Crystal Spring CSG,MA,Plymouth,staged_only,,4.2,,OP
61556:FB1,Facebook 1 Solar Energy Center,NM,Valencia,staged_only,,10.0,,OP
61557:FB2,Facebook 2 Solar Energy Center,NM,Bernalillo,staged_only,,10.0,,OP
61558:FB3,Facebook 3 Solar Energy Center,NM,Bernalillo,staged_only,,10.0,,OP
61559:PGRD5,Woodline Solar,OR,Klamath,staged_only,,8.0,,OP
61560:PGRD4,Eagle Point Solar,OR,Jackson,staged_only,,9.9,,OP
61561:GEN1,Bladen Solar,NC,Bladen,staged_only,,50.0,,OP
61562:FAL1,Falmouth Landfill Solar,MA,Barnstable,staged_only,,3.0,,OP
61563:53962,Denver Metro Solar,CO,Adams,staged_only,,1.6,,OP
61564:1,Upland Prairie,IA,Clay,staged_only,,299.3,,OP
61565:1,English Farms,IA,Poweshiek,staged_only,,171.5,,OP
61566:EDSF1,El Dorado Springs Solar Farm,MO,Cedar,staged_only,,2.5,,OP
61570:40921,Veseli Community Solar Garden,MN,Rice,staged_only,,1.0,,OP
61571:39062,New Germany Community Solar Garden,MN,Carver,staged_only,,1.0,,OP
61572:38610,Lake Waconia Community Solar Garden,MN,Carver,staged_only,,1.0,,OP
61573:40926,Lake Waconia IV Community Solar Garden,MN,Carver,staged_only,,1.0,,OP
61574:38674,Zumbro Community Solar Garden,MN,Goodhue,staged_only,,1.0,,OP
61575:BAL01,Anheuser-Busch Baldwinsville,NY,Onondaga,staged_only,,2.0,,OP
61576:JF01,Columbia University - Johnson Farms,NY,Orange,staged_only,,2.0,,OP
61577:MRT01,Time Warner Cable Enterprises - Martino,NY,Oneida,staged_only,,2.0,,OP
61578:MIN01,Columbia University - Minisink,NY,Orange,staged_only,,2.0,,OP
61579:SUT01,St. Lawrence University - Sutton,NY,Jefferson,staged_only,,2.0,,OP
61580:TUMBL,"Tumbleweed Solar, LLC",OR,Deschutes,staged_only,,9.9,,OP
61581:DAVIS,"Davis Lane Solar, LLC",NC,Perquimans,staged_only,,5.0,,OP
61582:VYGR2,Voyager Wind II,CA,Kern,staged_only,,128.7,,OP
61583:VYGR3,Voyager Wind III,CA,Kern,staged_only,,43.2,,OP
61584:VYGR4,Voyager Wind IV,CA,Kern,staged_only,,21.6,,OP
61585:40802,Scandia CSG,MN,Washington,staged_only,,1.0,,OP
61585:40803,Scandia CSG,MN,Washington,staged_only,,1.0,,OP
61585:40804,Scandia CSG,MN,Washington,staged_only,,1.0,,OP
61585:40805,Scandia CSG,MN,Washington,staged_only,,1.0,,OP
61585:40806,Scandia CSG,MN,Washington,staged_only,,1.0,,OP
61586:1,MontSun Community Solar,MN,Wright,staged_only,,5.0,,OP
61587:1,WaveSun Community Solar,MN,Wright,staged_only,,5.0,,OP
61588:1,Independence II Solar Farm,MO,Jackson,staged_only,,4.1,,OP
61588:2,Independence II Solar Farm,MO,Jackson,staged_only,,4.4,,OP
61589:MT-1,UL Advanced Wind Turbine Test Facility,TX,Randall,staged_only,,0.1,,OP
61589:UT-1,UL Advanced Wind Turbine Test Facility,TX,Randall,staged_only,,3.4,,OP
61590:FOXEL,DG Foxborough Elm CSG,MA,Norfolk,staged_only,,2.0,,OP
61591:FOXLA,Town of Foxborough - Landfill (SREC II),MA,Norfolk,staged_only,,1.2,,OP
61593:W5791,Westmont 301,CA,Los Angeles,staged_only,,1.8,,OP
61594:W5792,Westmont 401,CA,Los Angeles,staged_only,,2.9,,OP
61595:FLAMB,Flambeau Solar Partners,WI,Price,staged_only,,2.5,,OP
61596:PV1,Citizens Agawam Landfill Solar,MA,Hampden,staged_only,,1.8,,OP
61597:PV1,Norton Landfill Solar,MA,Bristol,staged_only,,1.5,,OP
61598:PV1,Tyngsborough Solar,MA,Middlesex,staged_only,,2.6,,OP
61599:NEWRD,"New Road Solar, LLC",NJ,Monmouth,staged_only,,10.0,,OP
61600:OLDBR,Old Bridge Solar Farm,NJ,Monmouth,staged_only,,8.8,,OP
61601:RARIT,Raritan Solar - 53 Highway,NJ,Hunterdon,staged_only,,8.4,,OP
61602:CSMA,CED Chicopee Solar,MA,Hampden,staged_only,,3.0,,OP
61603:UMASS,UMASS,MA,Hampshire,staged_only,,4.0,,OP
61604:1,Camden CSD Solar Array,NY,Oneida,staged_only,,1.8,,OP
61605:1,San Luis Valley Solar Array,CO,Saguache,staged_only,,2.7,,OP
61606:1,Vilas Solar Array,CO,Baca,staged_only,,4.0,,OP
61607:CPOLY,Stenner Creek Solar,CA,San Luis Obispo,staged_only,,4.5,,OP
61608:1,Montgomery County Solar,MD,Montgomery,staged_only,,1.9,,OP
61609:1,"Heartland Divide Wind Project, LLC",IA,Audubon,staged_only,,103.5,,OP
61610:NC102,NC 102 Project LLC,NC,Cabarrus,staged_only,,74.8,,OP
61611:TECH1,Techren Solar I LLC,NV,Clark,staged_only,,100.0,,OP
61612:KTNEA,"WED Kingstown Solar I, LLC - West",RI,Washington,staged_only,,1.5,,OP
61613:STILS,WED Stilson Solar,RI,Washington,staged_only,,2.0,,OP
61614:1,Cyril,OK,Caddo,staged_only,,5.0,,OP
61615:1,Hinton,OK,Caddo,staged_only,,3.0,,OP
61616:1,Marietta,OK,Love,staged_only,,3.0,,OP
61617:1,Pine Ridge,OK,Caddo,staged_only,,3.0,,OP
61618:1,Tuttle,OK,Grady,staged_only,,4.0,,OP
61619:SOLSP,CDCR (CA) - Solano State Prison,CA,Solano,staged_only,,1.1,,OP
61620:CORSP,CDCR (CA) - Corcoran State Prison,CA,Kings,staged_only,,5.0,,OP
61621:WASCO,CDCR (CA) - Wasco State Prison,CA,Kern,staged_only,,1.5,,OP
61622:KTNWA,WED Kingstown Solar I - East Array,RI,Washington,staged_only,,3.0,,OP
61625:GEN1,West Moore Solar II,TX,Grayson,staged_only,,5.0,,OP
61626:DU,Dundas Solar Holdings LLC CSG,MN,Rice,staged_only,,5.0,,OP
61627:WA,Waterville CSG Solar Holdings LLC,MN,Le Sueur,staged_only,,5.0,,OP
61628:KILRO,Kilroy Solar,CA,San Diego,staged_only,,1.1,,OP
61629:WB,West Brookfield Solar - Gilbertsville Rd,MA,Worcester,staged_only,,4.0,,OP
61630:MENN,William G Mennen Sports Solar,NJ,Morris,staged_only,,1.3,,OP
61631:CHILO,"Chiloquin Solar, LLC",OR,Klamath,staged_only,,9.9,,OP
61633:SCIEN,DG Tufts Science LLC CSG,MA,Worcester,staged_only,,1.0,,OP
61634:DIGHT,DG Dighton LLC CSG,MA,Bristol,staged_only,,3.1,,OP
61635:KNOLL,DG Tufts Knoll LLC CSG,MA,Worcester,staged_only,,2.0,,OP
61636:WEBST,DG Webster LLC CSG,MA,Worcester,staged_only,,1.3,,OP
61637:PV1,Denison Solar Array,OH,Licking,staged_only,,1.9,,OP
61638:TC1,Turtle Creek Wind Farm LLC,IA,Mitchell,staged_only,,199.2,,OP
61640:1,Texon Hydroelectric Project,MA,Hampden,staged_only,,1.5,,OP
61641:23,Seneca Falls Hydroelectric Project,NY,Seneca,staged_only,,1.7,,OP
61641:24,Seneca Falls Hydroelectric Project,NY,Seneca,staged_only,,1.7,,OP
61641:25,Seneca Falls Hydroelectric Project,NY,Seneca,staged_only,,1.7,,OP
61642:10,Waterloo Hydroelectric Project,NY,Seneca,staged_only,,0.5,,OP
61642:11,Waterloo Hydroelectric Project,NY,Seneca,staged_only,,0.5,,OP
61642:12,Waterloo Hydroelectric Project,NY,Seneca,staged_only,,0.5,,OP
61643:DEC1,Denton Energy Center,TX,Denton,staged_only,,18.8,,OP
61643:DEC10,Denton Energy Center,TX,Denton,staged_only,,18.8,,OP
61643:DEC11,Denton Energy Center,TX,Denton,staged_only,,18.8,,OP
61643:DEC12,Denton Energy Center,TX,Denton,staged_only,,18.8,,OP
61643:DEC2,Denton Energy Center,TX,Denton,staged_only,,18.8,,OP
61643:DEC3,Denton Energy Center,TX,Denton,staged_only,,18.8,,OP
61643:DEC4,Denton Energy Center,TX,Denton,staged_only,,18.8,,OP
61643:DEC5,Denton Energy Center,TX,Denton,staged_only,,18.8,,OP
61643:DEC6,Denton Energy Center,TX,Denton,staged_only,,18.8,,OP
61643:DEC7,Denton Energy Center,TX,Denton,staged_only,,18.8,,OP
61643:DEC8,Denton Energy Center,TX,Denton,staged_only,,18.8,,OP
61643:DEC9,Denton Energy Center,TX,Denton,staged_only,,18.8,,OP
61644:AUG,August Wind Farm,IA,Taylor,staged_only,,1.8,,OP
61645:ALTA,Altair Community Solar Garden,MN,Waseca,staged_only,,1.0,,OP
61646:LA3WB,LA3 West Baton Rouge Solar Facility,LA,West Baton Rouge,staged_only,,50.0,,OP
61647:NOSPS,ENO Paterson Solar,LA,Orleans,staged_only,,1.1,,OP
61648:1,Robins Air Force Base Solar,GA,Bibb,staged_only,,128.0,,OP
61648:2,Robins Air Force Base Solar,GA,Bibb,staged_only,,128.0,,OP
61650:BLZS2,Blazing Star 2 Wind Farm,MN,Lincoln,staged_only,,200.0,,OP
61651:CAPR,Capricornus Community Solar Garden,MN,Stearns,staged_only,,1.0,,OP
61653:PV1,Alafia Solar,FL,Polk,staged_only,,60.0,,OP
61654:PV1,Balm Solar,FL,Hillsborough,staged_only,,74.4,,OP
61655:PV1,Bonnie Mine Solar,FL,Polk,staged_only,,37.5,,OP
61656:PV1,Grange Hall Solar,FL,Hillsborough,staged_only,,61.1,,OP
61657:PV1,Lake Hancock Solar,FL,Polk,staged_only,,49.5,,OP
61658:COUGR,"Cougar Solar, LLC",NC,Lee,staged_only,,1.9,,OP
61660:WTG1,Whirlpool Corp-Greenville Wind Farm,OH,Darke,staged_only,,1.5,,OP
61660:WTG2,Whirlpool Corp-Greenville Wind Farm,OH,Darke,staged_only,,1.5,,OP
61660:WTG3,Whirlpool Corp-Greenville Wind Farm,OH,Darke,staged_only,,1.5,,OP
61661:VISTA,Vista Energy Storage System	,CA,San Diego,staged_only,,40.0,,OP
61662:PV1,Carrizozo Solar,NM,Lincoln,staged_only,,3.0,,OP
61663:GEN1,Lithia Solar,FL,Hillsborough,staged_only,,74.5,,OP
61664:GEN1,Mountain View Solar (FL),FL,Pasco,staged_only,,54.6,,OP
61665:GEN1,Payne Creek Solar,FL,Polk,staged_only,,70.3,,OP
61666:GEN,Peace Creek Solar,FL,Polk,staged_only,,55.4,,OP
61667:1,Wimauma Solar and Battery Storage,FL,Hillsborough,staged_only,,74.8,,OP
61667:BESS1,Wimauma Solar and Battery Storage,FL,Hillsborough,staged_only,,40.0,,OP
61668:CR2-1,"Creston Ridge II, LLC",NE,Platte,staged_only,,2.3,,OP
61668:CR2-2,"Creston Ridge II, LLC",NE,Platte,staged_only,,2.3,,OP
61668:CR2-3,"Creston Ridge II, LLC",NE,Platte,staged_only,,2.3,,OP
61669:SCAND,Scandia Community Solar Garden,MN,Washington,staged_only,,2.5,,OP
61670:RJCII,RJC II Community Solar Garden,MN,Steele,staged_only,,1.0,,OP
61671:BETCH,Betcher Community Solar Garden,MN,Goodhue,staged_only,,1.0,,OP
61672:PV1,Sherburne Community Solar,MN,Sherburne,staged_only,,5.0,,OP
61673:WT,Arkwright Summit Wind Farm LLC,NY,Chautauqua,staged_only,,78.4,,OP
61674:WT,Wildcat Ranch Wind Project,TX,Cochran,staged_only,,150.0,,OP
61675:CTG1,NCSU CCUP Cogeneration Plant,NC,Wake,staged_only,,5.6,,OP
61675:STG,NCSU CCUP Cogeneration Plant,NC,Wake,staged_only,,1.0,,OP
61676:CTG1,NCSU Cates Cogeneration Plant,NC,Wake,staged_only,,5.6,,OP
61676:CTG2,NCSU Cates Cogeneration Plant,NC,Wake,staged_only,,5.6,,OP
61677:T-1,Perennial Windfarm,NE,Fillmore,staged_only,,2.3,,OP
61677:T-2,Perennial Windfarm,NE,Fillmore,staged_only,,2.3,,OP
61677:T-3,Perennial Windfarm,NE,Fillmore,staged_only,,2.3,,OP
61678:BA1,Pinal Central Energy Center Hybrid,AZ,Pinal,staged_only,,10.0,,OP
61678:PCEC,Pinal Central Energy Center Hybrid,AZ,Pinal,staged_only,,20.0,,OP
61680:MMPA,Tatanka Wi,MN,Wright,staged_only,,7.1,,OP
61681:10257,Middle Daisy,NM,Lea,staged_only,,5.0,,OP
61682:USG1,USG 1,CA,Imperial,staged_only,,1.0,,OP
61683:USG2,USG 2,CA,Imperial,staged_only,,1.0,,OP
61684:1,Klawock Power Generation Station,AK,Prince of Wales Ketchikan,staged_only,,2.5,,OP
61685:4,Slana Generating Station	,AK,Southeast Fairbanks,staged_only,,0.4,,OP
61685:4A,Slana Generating Station	,AK,Southeast Fairbanks,staged_only,,0.4,,OP
61686:PV1,Johnson 1 Community Solar,MN,Chisago,staged_only,,1.0,,OP
61688:NGM1,North Gooding Main Hydro,ID,Gooding,staged_only,,1.3,,OP
61689:PV1,Grimm Community Solar,MN,Renville,staged_only,,1.0,,OP
61690:FOREM,Foreman's Hill Community Solar,MN,Goodhue,staged_only,,5.0,,OP
61691:DEPOT,"Depot Solar Center, LLC",VA,Campbell,staged_only,,15.0,,OP
61692:IVCS,IVC Solar,CA,Imperial,staged_only,,3.0,,OP
61693:GEN,Buckleberry Solar,NC,Lenoir,staged_only,,52.1,,OP
61694:E6CRT,Lockheed Martin Solar,FL,Orange,staged_only,,1.0,,OP
61694:SOLAR,Lockheed Martin Solar,FL,Orange,staged_only,,1.9,,OP
61695:PV1,Johnson II Community Solar,MN,Chisago,staged_only,,1.0,,OP
61696:TWIGG,Twiggs Solar,GA,Twiggs,staged_only,,204.0,,OP
61697:IVORY,Lamesa II,TX,Dawson,staged_only,,50.0,,OP
61698:FOLSM,Folsom SP and CSP Sacramento,CA,Sacramento,staged_only,,1.3,,OP
61699:OTRRE,Otarre Solar Park,SC,Lexington,staged_only,,1.6,,OP
61700:PFPKB,PowerFin Kingsbery,TX,Travis,staged_only,,2.6,,OP
61701:GEN1,Seabrook Solar,SC,Beaufort,staged_only,,72.5,,OP
61702:11052,Greater New Bedford LFG Utiliz. Facility,MA,Bristol,staged_only,,3.3,,OP
61703:PV-1,Sikorsky Aircraft CHP,CT,Fairfield,staged_only,,0.1,,OP
61703:STG-1,Sikorsky Aircraft CHP,CT,Fairfield,staged_only,,0.6,,OP
61703:TG-1,Sikorsky Aircraft CHP,CT,Fairfield,staged_only,,9.2,,OP
61704:AQUI,Aquila Community Solar,MN,Pope,staged_only,,1.0,,OP
61705:ARCT,Acturus Community Solar,MN,Le Sueur,staged_only,,1.0,,OP
61706:AURI,Auriga Community Solar,MN,Murray,staged_only,,1.0,,OP
61707:CANO,Canopus Community Solar,MN,Stearns,staged_only,,1.0,,OP
61708:SAGI,Sagitta Community Solar,MN,Chippewa,staged_only,,1.0,,OP
61709:LIBR,Libra Community Solar,MN,Pope,staged_only,,1.0,,OP
61710:AQUA,Aquarius Community Solar,MN,Lyon,staged_only,,1.0,,OP
61711:CASS,Cassiopeia Community Solar,MN,Pope,staged_only,,1.0,,OP
61712:CRUX,Crux Community Solar,MN,Dodge,staged_only,,1.0,,OP
61713:LEO,Leo Community Solar,MN,Murray,staged_only,,1.0,,OP
61715:DENE,Deneb Community Solar,MN,Kandiyohi,staged_only,,1.0,,OP
61716:KAUS,Kaus Community Solar,MN,Dodge,staged_only,,1.0,,OP
61717:SSIRE,"IRE Solar I, LLC",NY,St Lawrence,staged_only,,1.0,,OP
61718:APLEX,Aerolease,CA,Los Angeles,staged_only,,1.3,,OP
61719:LWCJ1,"CJ Solar I, LLC",NY,St Lawrence,staged_only,,2.0,,OP
61720:LECOU,"COU Solar I, LLC",NY,St Lawrence,staged_only,,1.5,,OP
61721:WLA01,Baldwin (CA),CA,Orange,staged_only,,1.0,,OP
61722:IRV01,HEBT Irvine 1,CA,Orange,staged_only,,1.0,,OP
61722:IRV1W,HEBT Irvine 1,CA,Orange,staged_only,,4.5,,OP
61723:IRV06,HEBT Irvine 2,CA,Orange,staged_only,,2.5,,OP
61723:IRV2W,HEBT Irvine 2,CA,Orange,staged_only,,3.3,,OP
61724:10254,Onyx - Saratoga Springs Landfill Solar C,NY,Saratoga,staged_only,,2.0,,OP
61725:PV1,Madison County,NY,Madison,staged_only,,1.8,,OP
61726:10244,Onyx - Pembroke Landfill Solar,MA,Plymouth,staged_only,,2.4,,OP
61727:10238,Onyx - Brockton Thatcher Landfill Solar,MA,Plymouth,staged_only,,3.7,,OP
61728:10263,Barrett Farm Solar - Phase I,CT,Windham,staged_only,,1.7,,OP
61729:SRIC2,Richmond Solar Site 2,IN,Wayne,staged_only,,7.4,,OP
61730:61730,MA Solar Storage 1 Hybrid,MA,Worcester,staged_only,,1.0,,OP
61730:SCSS1,MA Solar Storage 1 Hybrid,MA,Worcester,staged_only,,1.1,,OP
61731:PLAIN,"Solten Plainville 6000, LLC",MA,Norfolk,staged_only,,4.9,,OP
61732:RAND,Randolph,MA,Norfolk,staged_only,,3.8,,OP
61733:HWOOD,Haywood Solar,TN,Haywood,staged_only,,3.0,,OP
61734:1,Seneca Nation Cattaraugus Wind Turbine,NY,Erie,staged_only,,1.5,,OP
61735:WT1,Hilltopper Wind Project,IL,Logan,staged_only,,185.0,,OP
61736:PV1,Woods Hill Solar,CT,Windham,staged_only,,20.0,,OP
61737:GEN1,Navy Yard Peaker Station,PA,Philadelphia,staged_only,,2.0,,OP
61737:GEN2,Navy Yard Peaker Station,PA,Philadelphia,staged_only,,2.0,,OP
61737:GEN3,Navy Yard Peaker Station,PA,Philadelphia,staged_only,,2.0,,OP
61737:GEN4,Navy Yard Peaker Station,PA,Philadelphia,staged_only,,2.0,,OP
61738:SOLAR,GWCC PV Solar Farm,MD,Prince Georges,staged_only,,1.6,,OP
61740:GR01,Gratis Road Solar Facility,GA,Walton,staged_only,,3.0,,OP
61741:KBESS,Kingsberry Energy Storage System,TX,Travis,staged_only,,1.5,,OP
61743:MMH2,Naval Sub Base New London Fuel Cell,CT,New London,staged_only,,3.7,,OP
61743:MMH3,Naval Sub Base New London Fuel Cell,CT,New London,staged_only,,3.7,,OP
61744:1,L'Oreal Solar - Florence,KY,Boone,staged_only,,1.1,,OP
61745:ACSD,Aurora County Wind,SD,Aurora,staged_only,,20.0,,OP
61746:BCSD,Brule County Wind,SD,Brule,staged_only,,20.0,,OP
61747:1,"Foxtail Wind, LLC",ND,Dickey,staged_only,,150.0,,OP
61748:PRGE1,"Southern Current One, LLC",SC,Allendale,staged_only,,10.2,,OP
61750:WICA,Wistaria Ranch Solar,CA,Imperial,staged_only,,106.7,,OP
61751:RCLIP,Rotor Clip,NJ,Somerset,staged_only,,2.8,,OP
61752:PV1,Quincy II Solar Garden,CO,Arapahoe,staged_only,,1.5,,OP
61753:PV1,Imboden Solar Garden,CO,Adams,staged_only,,1.5,,OP
61753:PV2,Imboden Solar Garden,CO,Adams,staged_only,,1.5,,OP
61754:1,SunSelect1,CA,Kern,staged_only,,3.3,,OP
61754:2,SunSelect1,CA,Kern,staged_only,,3.3,,OP
61755:EA,"East Acres Solar NG, LLC",MA,Berkshire,staged_only,,5.8,,OP
61756:MWLVI,Meadow Lake Wind Farm VI LLC,IN,Benton,staged_only,,200.4,,OP
61758:GEN1,Gaston County Renewable Energy Center,NC,Gaston,staged_only,,1.4,,OP
61758:GEN2,Gaston County Renewable Energy Center,NC,Gaston,staged_only,,1.4,,OP
61758:GEN3,Gaston County Renewable Energy Center,NC,Gaston,staged_only,,1.4,,OP
61759:CVS1,Covington Solar Farm,OK,Garfield,staged_only,,10.0,,OP
61761:GEN-1,Douglas County Forest Products,OR,Douglas,staged_only,,6.3,,OP
61762:SHERB,Sherburne North Project CSG,MN,Sherburne,staged_only,,5.0,,OP
61763:1,Sunshine Gateway Solar Energy Center,FL,Columbia,staged_only,,74.5,,OP
61763:2,Sunshine Gateway Solar Energy Center,FL,Columbia,staged_only,,30.0,,OP
61764:SNWH2,Gore Mountain Solar II,NY,Washington,staged_only,,2.0,,OP
61765:SNWH1,HGS Solar I,NY,Washington,staged_only,,2.0,,OP
61766:1,Miami Dade Solar Energy Center,FL,Miami Dade,staged_only,,74.5,,OP
61767:1,Pioneer Trail Solar Energy Center,FL,Volusia,staged_only,,74.5,,OP
61768:1,Interstate Solar Energy Center,FL,St Lucie,staged_only,,74.5,,OP
61769:SYNH1,Syncarpha Hancock I CSG,MA,Berkshire,staged_only,,2.0,,OP
61770:SYNH2,Syncarpha Hancock II CSG,MA,Berkshire,staged_only,,2.0,,OP
61771:SYNH3,Syncarpha Hancock III CSG,MA,Berkshire,staged_only,,1.0,,OP
61773:PW,"Palmas Wind, LLC",TX,Cameron,staged_only,,144.9,,OP
61774:SYNBO,"Syncarpha Still River, LLC CSG",MA,Worcester,staged_only,,2.0,,OP
61775:OT196,Town of Otis Wind Energy Project,MA,Berkshire,staged_only,,1.5,,OP
61776:MIDWY,"Midway Wind, LLC",TX,San Patricio,staged_only,,162.9,,OP
61777:ENG1,Brevard,FL,Brevard,staged_only,,1.6,,OP
61777:ENG2,Brevard,FL,Brevard,staged_only,,1.6,,OP
61777:ENG3,Brevard,FL,Brevard,staged_only,,1.6,,OP
61777:ENG6,Brevard,FL,Brevard,staged_only,,1.6,,OP
61778:N301,North 301 Solar,NC,Halifax,staged_only,,20.0,,OP
61780:ENG1,Seminole Energy,FL,Seminole,staged_only,,1.6,,OP
61780:ENG2,Seminole Energy,FL,Seminole,staged_only,,1.6,,OP
61780:ENG3,Seminole Energy,FL,Seminole,staged_only,,1.6,,OP
61781:EDE,Edenton Solar,NC,Chowan,staged_only,,5.0,,OP
61782:WTGS,Live Oak Wind Project,TX,Schleicher,staged_only,,199.5,,OP
61784:UWE,Upstream Wind Energy LLC,NE,Antelope,staged_only,,202.5,,OP
61785:CAMSR,Camilla Solar Energy Project,GA,Mitchell,staged_only,,171.4,,OP
61786:MB-22,Trinity College Fuel Cell,CT,Hartford,staged_only,,1.4,,OP
61787:BHIII,Bishop Hill III,IL,Henry,staged_only,,119.0,,OP
61788:WT,Hilltop Power,MN,Pipestone,staged_only,,2.0,,OP
61789:DV,"Diamond Vista Wind Project, LLC",KS,Marion,staged_only,,299.3,,OP
61790:SHAWC,"Shaw Creek Solar, LLC",SC,Aiken,staged_only,,74.9,,OP
61791:5001,Stage Gulch Solar,CA,Sonoma,staged_only,,1.0,,OP
61792:5002,Lavio Solar,CA,Sonoma,staged_only,,1.0,,OP
61793:HEYER,Heyer CSG,MN,Rice,staged_only,,1.0,,OP
61794:GTWYN,Gateway Solar,MD,Worcester,staged_only,,5.0,,OP
61794:GTWYS,Gateway Solar,MD,Worcester,staged_only,,2.6,,OP
61795:12649,Pacific Union College BESS,CA,Napa,staged_only,,1.0,,OP
61796:LGBSC,LeGore Bridge Solar Center,MD,Frederick,staged_only,,20.0,,OP
61798:1,Prairie Sky Solar Farm,KS,Butler,staged_only,,1.0,,OP
61799:SREN2,Rensselaer Solar Site 2,IN,Jasper,staged_only,,3.8,,OP
61800:AMPSM,DG AMP Solar Smyrna,DE,Kent,staged_only,,1.2,,OP
61801:10002,"Cascade Energy Storage, LLC",CA,San Joaquin,staged_only,,25.0,,OP
61803:10003,"Sierra Energy Storage, LLC",CA,Tuolumne,staged_only,,10.0,,OP
61804:ROC01,City of Rochester Solar,NY,Monroe,staged_only,,1.8,,OP
61805:AMPPS,DG AMP Solar Piqua Staunton,OH,Miami,staged_only,,1.8,,OP
61807:PV1,Hamilton Solar Power Plant,FL,Hamilton,staged_only,,74.9,,OP
61809:STWII,Stillwater Solar PV II,NV,Churchill,staged_only,,20.0,,OP
61810:GEN1,Chisum,TX,Lamar,staged_only,,10.0,,OP
61811:PCEC,Titan Solar,CO,Arapahoe,staged_only,,50.0,,OP
61813:RCHLD,"Ranchland Solar, LLC",NC,Currituck,staged_only,,60.0,,OP
61814:CII,Kearsarge Concord II,MA,Middlesex,staged_only,,4.5,,OP
61815:KSG1,Kearsarge Granby,MA,Hampshire,staged_only,,0.5,,OP
61815:KSG2,Kearsarge Granby,MA,Hampshire,staged_only,,0.5,,OP
61815:KSG5,Kearsarge Granby,MA,Hampshire,staged_only,,0.5,,OP
61815:KSG6,Kearsarge Granby,MA,Hampshire,staged_only,,0.5,,OP
61815:KSG7,Kearsarge Granby,MA,Hampshire,staged_only,,0.5,,OP
61816:PV1,IKEA Oak Creek Rooftop PV System,WI,Milwaukee,staged_only,,1.2,,OP
61817:BIGLA,Big Lake Project CSG,MN,Sherburne,staged_only,,5.0,,OP
61818:AMPBR,DG AMP Solar Brewster,OH,Stark,staged_only,,1.9,,OP
61820:213FC,IKEA New Haven Rooftop PV & Fuel Cell,CT,New Haven,staged_only,,0.3,,OP
61820:213PV,IKEA New Haven Rooftop PV & Fuel Cell,CT,New Haven,staged_only,,0.8,,OP
61821:PV1,IKEA Jacksonville Rooftop PV System,FL,Duval,staged_only,,1.4,,OP
61822:GT1,"Princeton Energy Center, LLC",NJ,Middlesex,staged_only,,4.6,,OP
61822:S1,"Princeton Energy Center, LLC",NJ,Middlesex,staged_only,,0.2,,OP
61824:RPU2,RPUWD Scheuer Well Solar Project,CA,San Bernardino,staged_only,,3.0,,OP
61825:PV1,Dignity - Siena Campus,NV,Clark,staged_only,,1.4,,OP
61826:OREC,O'Fallon Renewable Energy Center,MO,St Charles,staged_only,,4.5,,OP
61827:PGRC3,Dayton Cutoff Solar,OR,Yamhill,staged_only,,2.2,,OP
61828:PGRC6,Valley Creek Solar,OR,Polk,staged_only,,2.2,,OP
61829:PGRC7,Silverton Solar,OR,Marion,staged_only,,2.2,,OP
61830:PGRC8,Sheep Solar,OR,Marion,staged_only,,2.2,,OP
61831:PGRC2,Colton Solar,OR,Clackamas,staged_only,,2.2,,OP
61832:PGRC5,Interstate Solar,OR,Marion,staged_only,,2.2,,OP
61833:PGRC9,Freedom Solar,SC,Dillon,staged_only,,5.0,,OP
61834:SCSP1,Soboba Community Solar Project,CA,Riverside,staged_only,,1.0,,OP
61834:SCSP2,Soboba Community Solar Project,CA,Riverside,staged_only,,1.0,,OP
61835:PGRC4,Grand Ronde Solar,OR,Polk,staged_only,,2.2,,OP
61836:MIV,"Minco Wind IV, LLC",OK,Canadian,staged_only,,130.0,,OP
61838:ST1,Cleveland Thermal,OH,Cuyahoga,staged_only,,0.5,,OP
61838:ST2,Cleveland Thermal,OH,Cuyahoga,staged_only,,0.5,,OP
61840:HOPE,"Hope Farm Solar, LLC",RI,Providence,staged_only,,10.0,,OP
61842:PV1,"Sun Farm VI, LLC",NC,Perquimans,staged_only,,5.0,,OP
61843:10276,SeaWorld Aquatica,CA,San Diego,staged_only,,1.1,,OP
61844:BRUSH,Brush Solar Center,OR,Baker,staged_only,,2.8,,OP
61846:MM27,Tulare BioMAT Fuel Cell,CA,Tulare,staged_only,,2.8,,OP
61847:10046,Broadalbin,NY,Fulton,staged_only,,2.0,,OP
61849:SO291,Danville,VA,Pittsylvania,staged_only,,6.0,,OP
61852:ESMSF,Eagle Shadow Mountain Solar Farm,NV,Clark,staged_only,,300.0,,OP
61853:GEN 1,Jordanelle Dam Hydroelectric Project,UT,Wasatch,staged_only,,6.5,,OP
61853:GEN 2,Jordanelle Dam Hydroelectric Project,UT,Wasatch,staged_only,,6.5,,OP
61854:BAKER,Baker City Solar,OR,Baker,staged_only,,15.0,,OP
61855:MORGN,Morgan Solar Center,OR,Malheur,staged_only,,3.0,,OP
61856:VALE,Vale Solar Center,OR,Malheur,staged_only,,3.0,,OP
61857:CG1,Toray Plastic America's CHP Plant,RI,Washington,staged_only,,7.5,,OP
61857:KG12,Toray Plastic America's CHP Plant,RI,Washington,staged_only,,5.0,,OP
61857:KG18,Toray Plastic America's CHP Plant,RI,Washington,staged_only,,7.5,,OP
61858:WT,"Stillwater Wind, LLC",MT,Stillwater,staged_only,,79.7,,OP
61860:ONTRO,Ontario Solar Center,OR,Malheur,staged_only,,3.0,,OP
61862:PV1,Dignity - San Martin,NV,Clark,staged_only,,1.7,,OP
61863:10048,Duanesburg,NY,Montgomery,staged_only,,2.0,,OP
61864:DIXSL,"Dix Solar, L.L.C",NJ,Burlington,staged_only,,13.0,,OP
61865:1,"Rio Bravo Windpower, LLC",TX,Starr,staged_only,,237.6,,OP
61866:1,Wildhorse Mountain Wind Facility,OK,Pushmataha,staged_only,,100.0,,OP
61867:GEN1,Bovine,TX,Austin,staged_only,,10.0,,OP
61868:GEN1,Bronson,TX,Fort Bend,staged_only,,10.0,,OP
61869:SHS3,Scenic Hill Solar III,AR,Johnson,staged_only,,5.0,,OP
61870:MONTE,"Montevideo Solar LLC, CSG",MN,Yellow Medicine,staged_only,,5.0,,OP
61871:GEN1,Sterling Solar (TX),TX,Hunt,staged_only,,10.0,,OP
61872:GEN1,Lampwick,TX,Menard,staged_only,,7.5,,OP
61873:GEN1,Yellow Jacket,TX,Bosque,staged_only,,5.0,,OP
61874:GEN1,Eddy II,TX,McLennan,staged_only,,10.0,,OP
61875:GEN1,Cascade Solar (TX),TX,Wharton,staged_only,,10.0,,OP
61876:PCWF1,"Persimmon Creek Wind Farm 1, LLC",OK,Woodward,staged_only,,198.6,,OP
61877:HAN01,"Hanover Solar, LLC",NC,Jones,staged_only,,4.9,,OP
61878:JALC,John A Logan College Solar,IL,Williamson,staged_only,,1.3,,OP
61879:PV,Bartow Solar Energy LLC,FL,Polk,staged_only,,7.3,,OP
61881:GEN1,Morning View,NC,Randolph,staged_only,,2.0,,OP
61882:GEN1,Copperfield,NC,Montgomery,staged_only,,2.0,,OP
61883:GEN1,Hopewell Friends,NC,Randolph,staged_only,,1.3,,OP
61884:PV1,Kearney NPPD Solar Project,NE,Buffalo,staged_only,,5.8,,OP
61885:GEN1,Staunton,IN,Clay,staged_only,,4.0,,OP
61886:GEN1,Bar D,CO,Rio Blanco,staged_only,,4.0,,OP
61887:DEPIC,Fort Bliss (DEA EPIC),TX,El Paso,staged_only,,2.0,,OP
61888:10049,Johnstown,NY,Fulton,staged_only,,2.0,,OP
61889:WSN1,Sholes Wind Energy Center,NE,Wayne,staged_only,,160.0,,OP
61890:SGT1,NRG Chalk Point CT,MD,Prince Georges,staged_only,,94.0,,OP
61891:EDGRD,"Stryker 22, L.L.C.",NJ,Warren,staged_only,,19.8,,OP
61892:PLMST,Plumsted 537 LLC,NJ,Ocean,staged_only,,19.8,,OP
61893:BNBHQ,BNB Camden Solar,NJ,Camden,staged_only,,2.2,,OP
61893:BNBSO,BNB Camden Solar,NJ,Camden,staged_only,,1.5,,OP
61894:CR1,National Raisin,CA,Fresno,staged_only,,1.0,,OP
61894:CR2,National Raisin,CA,Fresno,staged_only,,1.0,,OP
61894:CR3,National Raisin,CA,Fresno,staged_only,,0.6,,OP
61894:CR4,National Raisin,CA,Fresno,staged_only,,0.3,,OP
61895:TOYHQ,Toyota HQ Plan,TX,Collin,staged_only,,7.7,,OP
61898:SOLEA,Solean Solar Project,NY,Cattaraugus,staged_only,,4.0,,OP
61899:LINC,Lincoln Ave Solar Project,NY,Suffolk,staged_only,,2.0,,OP
61900:BLYD,Blydenburgh Solar Project,NY,Suffolk,staged_only,,1.5,,OP
61901:BA,Redstone Arsenal Hybrid,AL,Madison,staged_only,,1.0,,OP
61901:REDST,Redstone Arsenal Hybrid,AL,Madison,staged_only,,10.0,,OP
61902:HOLTS,Holtsville Solar Project,NY,Suffolk,staged_only,,1.2,,OP
61903:10116,Sharon Springs,NY,Schoharie,staged_only,,2.0,,OP
61904:10044,Amsterdam North,NY,Montgomery,staged_only,,2.0,,OP
61905:10045,Amsterdam South,NY,Montgomery,staged_only,,2.0,,OP
61906:PHOEB,Phoebe Solar,TX,Winkler,staged_only,,250.0,,OP
61907:NJLND,Springfield Solar Project,NJ,Burlington,staged_only,,7.5,,OP
61908:STRAT,"Stratford Solar Center, LLC",VA,Suffolk City,staged_only,,15.0,,OP
61909:PKVWB,Parkview Battery,MI,Kalamazoo,staged_only,,1.1,,OP
61910:YEOM,Yeoman Creek,IL,Lake,staged_only,,7.0,,OP
61911:WT1,Ivester Wind Farm,IA,Grundy,staged_only,,90.8,,OP
61912:G1A,McGinness Hills 3,NV,Lander,staged_only,,24.8,,OP
61912:OEC31,McGinness Hills 3,NV,Lander,staged_only,,37.0,,OP
61912:OEC32,McGinness Hills 3,NV,Lander,staged_only,,37.0,,OP
61914:SO829,Susquehanna University Solar,PA,Snyder,staged_only,,3.0,,OP
61915:SO285,Bowie State Solar,MD,Prince Georges,staged_only,,1.3,,OP
61916:PWEC,Pegasus Wind,MI,Tuscola,staged_only,,48.0,,OP
61916:PWEC2,Pegasus Wind,MI,Tuscola,staged_only,,130.0,,OP
61917:OPPEN,Kearsarge Oppenheim CSG,NY,Fulton,staged_only,,1.4,,OP
61918:1,"Blackville Solar Farm, LLC",SC,Barnwell,staged_only,,7.2,,OP
61919:FRONT,"Frontenac Holdco LLC, CSG",MN,Goodhue,staged_only,,5.0,,OP
61920:GSM01,Galloway 1 Solar Farm,TX,Concho,staged_only,,250.0,,OP
61921:TAH,Tahoka Wind,TX,Lynn,staged_only,,300.0,,OP
61922:BEACO,Sunlight Beacon,NY,Dutchess,staged_only,,2.0,,OP
61923:VACUA,ACUA,NJ,Atlantic,staged_only,,1.0,,OP
61924:CUMB,"Cumblerland Land Holdings, LLC",AL,Limestone,staged_only,,14.7,,OP
61925:CMNM,Casa Mesa Wind Energy Center Hybrid,NM,Quay,staged_only,,50.9,,OP
61925:CMNMB,Casa Mesa Wind Energy Center Hybrid,NM,Quay,staged_only,,1.0,,OP
61926:ARM,"Armadillo Flats Wind Project, LLC",OK,Garfield,staged_only,,247.3,,OP
61927:CTG1,Georgia-Pacific Taylorsville Plywood,MS,Smith,staged_only,,7.2,,OP
61928:GEN1,Saint Albans Solar,VT,Franklin,staged_only,,4.9,,OP
61930:TECH2,Techren Solar II LLC,NV,Clark,staged_only,,200.0,,OP
61931:TECH3,Techren Solar III LLC,NV,Clark,staged_only,,25.0,,OP
61932:TECH4,Techren Solar IV LLC,NV,Clark,staged_only,,25.0,,OP
61933:ADAMS,Adams Nielson Solar,WA,Adams,staged_only,,19.2,,OP
61934:2,WHA Southbridge Solar Park CSG,DE,New Castle,staged_only,,1.4,,OP
61935:3,1634 Solar,SC,Darlington,staged_only,,2.0,,OP
61936:2,Abbot Solar,SC,Clarendon,staged_only,,2.0,,OP
61937:18,Ace Solar,SC,Anderson,staged_only,,1.0,,OP
61938:4,Bani Solar,SC,Florence,staged_only,,2.0,,OP
61939:5,Blacktip Solar,SC,Florence,staged_only,,2.0,,OP
61940:6,Bloom Solar,SC,Clarendon,staged_only,,2.0,,OP
61941:7,Bond Solar,SC,Clarendon,staged_only,,2.0,,OP
61942:8,Gary Solar,SC,Lee,staged_only,,2.0,,OP
61943:9,Goldenrod Solar,SC,Florence,staged_only,,2.0,,OP
61944:10,Jessamine Solar,SC,Marion,staged_only,,1.9,,OP
61945:19,Pelzer Solar I,SC,Anderson,staged_only,,1.0,,OP
61946:11,Redwing Solar,SC,Darlington,staged_only,,2.0,,OP
61947:12,River Solar,SC,Lee,staged_only,,2.0,,OP
61948:17,Sapphire Solar,SC,Florence,staged_only,,2.0,,OP
61949:13,South Solar,SC,Florence,staged_only,,2.0,,OP
61950:14,Vincent Solar,SC,Lee,staged_only,,2.0,,OP
61951:15,Watauga Solar,SC,Darlington,staged_only,,2.0,,OP
61952:20,Whitt Solar,SC,Anderson,staged_only,,2.0,,OP
61953:16,Willis Solar,SC,Florence,staged_only,,2.0,,OP
61954:DSPI,Delta Solar Power I,MI,Eaton,staged_only,,8.1,,OP
61955:DSPII,Delta Solar Power II,MI,Eaton,staged_only,,15.9,,OP
61956:BAKUP,MCRD Parris Island PV Hybrid,SC,Beaufort,staged_only,,2.5,,OP
61956:BKST2,MCRD Parris Island PV Hybrid,SC,Beaufort,staged_only,,0.5,,OP
61956:BLKST,MCRD Parris Island PV Hybrid,SC,Beaufort,staged_only,,0.5,,OP
61956:CARPT,MCRD Parris Island PV Hybrid,SC,Beaufort,staged_only,,1.6,,OP
61956:CHPP,MCRD Parris Island PV Hybrid,SC,Beaufort,staged_only,,3.5,,OP
61956:GRDMT,MCRD Parris Island PV Hybrid,SC,Beaufort,staged_only,,4.4,,OP
61956:TBESS,MCRD Parris Island PV Hybrid,SC,Beaufort,staged_only,,4.0,,OP
61957:PW,"Pratt Wind, LLC",KS,Pratt,staged_only,,243.5,,OP
61958:BAP1,Broadalbin-Perth Solar,NY,Montgomery,staged_only,,1.5,,OP
61959:COLS,"Coolidge Solar 1, LLC",VT,Windsor,staged_only,,19.6,,OP
61960:GEN1,Atood II,SC,Spartanburg,staged_only,,2.0,,OP
61961:GEN1,Gaston II,SC,Lexington,staged_only,,7.5,,OP
61962:HSF01,Holstein 1 Solar Farm,TX,Nolan,staged_only,,200.0,,OP
61965:QKRTN,"Quakertown Solar Farm, LLC",NJ,Hunterdon,staged_only,,8.8,,OP
61966:VP2-1,Victoria Port II,TX,Victoria,staged_only,,50.0,,OP
61966:VP2-2,Victoria Port II,TX,Victoria,staged_only,,50.0,,OP
61967:NSM01,Norton Solar Farm,TX,Runnels,staged_only,,125.0,,OP
61968:CHIS,"Chisago Holdco LLC, CSG",MN,Chisago,staged_only,,3.0,,OP
61969:TWE,"Torrecillas Wind Energy, LLC",TX,Webb,staged_only,,300.0,,OP
61970:BSII,Blue Summit II Wind,TX,Wilbarger,staged_only,,99.4,,OP
61971:201,Corcoran CSG,MN,Hennepin,staged_only,,1.0,,OP
61971:202,Corcoran CSG,MN,Hennepin,staged_only,,1.0,,OP
61971:203,Corcoran CSG,MN,Hennepin,staged_only,,1.0,,OP
61971:204,Corcoran CSG,MN,Hennepin,staged_only,,1.0,,OP
61971:205,Corcoran CSG,MN,Hennepin,staged_only,,1.0,,OP
61972:C2BV,Richardson Solar,SC,Barnwell,staged_only,,3.6,,OP
61973:C2BV,Blackville Solar II,SC,Barnwell,staged_only,,20.0,,OP
61974:C2BV,Diamond Solar,SC,Lexington,staged_only,,8.2,,OP
61975:C2BV,Edison Solar,SC,Barnwell,staged_only,,4.8,,OP
61976:PGRG1,Peony Solar,SC,Orangeburg,staged_only,,39.0,,OP
61977:SO334,Cornillie,MN,Chisago,staged_only,,1.0,,OP
61978:GEN1,Pinesage,NC,Moore,staged_only,,5.0,,OP
61979:SYPRN,Syncarpha Prinsburg CSG (Ledeboer),MN,Kandiyohi,staged_only,,1.0,,OP
61980:SCSG1,Syncarpha Clara City CSG I (Stamer),MN,Chippewa,staged_only,,1.0,,OP
61982:PV1,Columbia Solar Power Plant,FL,Columbia,staged_only,,74.9,,OP
61983:COTG,Cottage Grove Project CSG,MN,Washington,staged_only,,4.9,,OP
61984:WTGS,"Solomon Forks Wind Project, LLC",KS,Thomas,staged_only,,275.6,,OP
61985:CTWS,Colonial Trail West,VA,Surry,staged_only,,142.4,,OP
61986:SGIS,Spring Grove I,VA,Surry,staged_only,,97.9,,OP
61987:WLS1,West Loch Solar One,HI,Honolulu,staged_only,,20.0,,OP
61988:FL501,Citrus Ridge Solar,FL,Orange,staged_only,,52.0,,OP
61989:PV,Pacific Ethanol Madera Solar Array,CA,Madera,staged_only,,4.3,,OP
61990:BA,TAC-Distributed Energy Resource Hybrid,IL,Champaign,staged_only,,0.3,,OP
61990:SOLAR,TAC-Distributed Energy Resource Hybrid,IL,Champaign,staged_only,,0.1,,OP
61990:WIND,TAC-Distributed Energy Resource Hybrid,IL,Champaign,staged_only,,0.1,,OP
61991:PI-QF,"Pioneer Solar (CO), LLC",CO,Adams,staged_only,,80.0,,OP
61993:GDCBA,Gavilan Community College Solar Project,CA,Santa Clara,staged_only,,0.5,,OP
61993:GDCPV,Gavilan Community College Solar Project,CA,Santa Clara,staged_only,,1.4,,OP
61995:UCMBA,UC Merced Solar Hybrid,CA,Merced,staged_only,,0.5,,OP
61995:UCMPV,UC Merced Solar Hybrid,CA,Merced,staged_only,,4.5,,OP
61996:RANKI,"Rankin Solar Center, LLC",SC,Florence,staged_only,,10.0,,OP
61997:USSBL,USS Big Lake 1 Solar CSG,MN,Sherburne,staged_only,,1.0,,OP
61998:USSGO,USS Good Solar CSG,MN,Chisago,staged_only,,1.0,,OP
61999:USSKA,USS Kasch Solar CSG,MN,Benton,staged_only,,1.0,,OP
62000:USSRP,USS Rockpoint Solar CSG,MN,Chisago,staged_only,,1.0,,OP
62004:SPRWY,San Pablo Raceway,CA,Los Angeles,staged_only,,100.0,,OP
6200:B-8,Rock Island,WA,Chelan,existing_only,22.5,,OP,
6200:B-9,Rock Island,WA,Chelan,staged_only,,22.5,,OP
62010:PGRK1,Gibbon Solar,MN,Sibley,staged_only,,3.3,,OP
62011:RMDSS,Richmond Spider Solar,VA,Spotsylvania,staged_only,,20.0,,OP
62012:PLNM1,Pleinmont Solar 1,VA,Spotsylvania,staged_only,,75.0,,OP
62013:PLNM2,Pleinmont Solar 2,VA,Spotsylvania,staged_only,,240.0,,OP
62014:HLND1,Highlander Solar Energy Station 1,VA,Spotsylvania,staged_only,,165.0,,OP
62015:M2BAR,Mustang Two,CA,Kings,staged_only,,50.0,,OP
62015:M2WHI,Mustang Two,CA,Kings,staged_only,,100.0,,OP
62016:UCRIV,UC Riverside Lots 30 & 32,CA,Riverside,staged_only,,4.0,,OP
62017:RIV1,Riverhead Solar Farm,NY,Suffolk,staged_only,,20.0,,OP
62018:PGRI1,Page Solar,NC,Johnston,staged_only,,1.6,,OP
62020:STANF,Stanford Campus Solar,CA,Santa Clara,staged_only,,3.7,,OP
62021:FRANK,Franklin Solar (CT),CT,New London,staged_only,,1.0,,OP
62023:WILSN,Wilson Solar (CT),CT,New London,staged_only,,1.0,,OP
62024:JEFRS,Jefferson Solar (CT),CT,New London,staged_only,,1.0,,OP
62025:HAMLT,Hamilton Solar,CT,New London,staged_only,,1.0,,OP
62026:ADAMS,Adams Solar,CT,New London,staged_only,,1.0,,OP
62027:BAT1,Caldwell Wastewater Treatment Plant Hybr,NJ,Essex,staged_only,,1.0,,OP
62027:PV1,Caldwell Wastewater Treatment Plant Hybr,NJ,Essex,staged_only,,0.7,,OP
62028:CSULB,CSU Long Beach Lots 7 & 14,CA,Los Angeles,staged_only,,4.5,,OP
62029:5515,Enfield Community Solar,NY,Tompkins,staged_only,,1.8,,OP
62030:LI,Nautilus Lindstrom Solar (CSG),MN,Chisago,staged_only,,2.0,,OP
62031:SC,Nautilus Saint Cloud Solar (CSG),MN,Sherburne,staged_only,,5.0,,OP
62032:WS,Nautilus Winsted Solar (CSG),MN,McLeod,staged_only,,3.0,,OP
62034:7,Baer Road CSG,NY,Sullivan,staged_only,,2.0,,OP
62035:GEW,Glaciers Edge Wind Project,IA,Cherokee,staged_only,,211.7,,OP
62036:SARTE,Sartell Holdco CSG,MN,Stearns,staged_only,,5.0,,OP
62037:ROLLI,Rollingstone Holdco CSG,MN,Winona,staged_only,,4.8,,OP
62038:STRAE,Santa Rita East,TX,Irion,staged_only,,302.4,,OP
62039:SRJCP,Santa Rosa Junior College Petaluma Solar,CA,Sonoma,staged_only,,1.2,,OP
62040:BCKR1,Becker Solar CSG,MN,Wright,staged_only,,1.0,,OP
62041:CCBO1,Cuyahoga County Landfill,OH,Cuyahoga,staged_only,,3.7,,OP
62042:USSSR,USS Solar Rapids CSG,MN,Benton,staged_only,,1.0,,OP
62043:FBCG1,First Baptist Church of Glenarden,MD,Prince Georges,staged_only,,1.5,,OP
62044:USSSD,USS Solar Dawn CSG,MN,Chisago,staged_only,,1.0,,OP
62045:USSNO,USS Norelius Solar CSG,MN,Chisago,staged_only,,1.0,,OP
62046:USSNC,USS Nillie Corn Solar CSG,MN,Chisago,staged_only,,1.0,,OP
62047:USSJJ,USS JJ Solar CSG,MN,Benton,staged_only,,1.0,,OP
62048:USSDB,USS Dubhe Solar CSG,MN,Chisago,staged_only,,1.0,,OP
62049:USSBR,USS Brockway Solar CSG,MN,Stearns,staged_only,,1.0,,OP
62052:CIS1,Citizens Imperial Solar,CA,Imperial,staged_only,,30.0,,OP
62053:SPGD1,Syncarpha Dodge 1 CSG,MN,Dodge,staged_only,,1.0,,OP
62054:AVS01,Alpha Value Solar,NC,Perquimans,staged_only,,5.0,,OP
62055:LG395,Wareham Solar PV,MA,Plymouth,staged_only,,3.3,,OP
62056:LANC,Lancaster,CA,Los Angeles,staged_only,,3.0,,OP
62057:HZIII,Hazlehurst III,GA,Jeff Davis,staged_only,,40.0,,OP
62058:TERRL,SR Terrell,GA,Terrell,staged_only,,74.0,,OP
62059:LG400,East Longmeadow Solar PV,MA,Hampden,staged_only,,5.0,,OP
62060:PV1,Hampton MN GRE,MN,Dakota,staged_only,,2.0,,OP
62061:PV1,Anoka County MN CONX,MN,Anoka,staged_only,,3.4,,OP
62062:PV1,Athens MN CONX,MN,Isanti,staged_only,,6.6,,OP
62063:LG400,Greenfield Solar PV,MA,Franklin,staged_only,,2.0,,OP
62064:LG400,Hinsdale Solar PV,MA,Berkshire,staged_only,,2.0,,OP
62065:LG400,Savoy Solar PV,MA,Hampshire,staged_only,,2.0,,OP
62066:LG400,Southampton Solar PV,MA,Hampshire,staged_only,,2.0,,OP
62067:URTIC,Urtica Solar Project,WA,Kittitas,staged_only,,5.0,,OP
62069:PENST,Penstemon Solar Project,WA,Kittitas,staged_only,,5.0,,OP
62071:CAMAS,Camas Solar Project,WA,Kittitas,staged_only,,5.0,,OP
62072:LG395,Springfield Solar PV,MA,Hampden,staged_only,,4.0,,OP
62073:LG390,Hampden Solar PV,MA,Hampden,staged_only,,3.5,,OP
62074:PV1,"Bd of Educ of Queen Anne's Cnty, Cnty HS",MD,Queen Annes,staged_only,,1.7,,OP
62075:PV1,Pima Community College,AZ,Pima,staged_only,,1.1,,OP
62076:PV1,Town of Branford,CT,New Haven,staged_only,,1.1,,OP
62077:PV1,Blue Shld Of Cal- El Dorado Hlls Mtr B,CA,El Dorado,staged_only,,1.5,,OP
62079:1,Whispering Willow North,IA,Franklin,staged_only,,201.3,,OP
62080:1,Richland (IA),IA,Sac,staged_only,,130.9,,OP
62081:1,Golden Plains,IA,Winnebago,staged_only,,199.8,,OP
62082:REC34,Southwick Solar PV,MA,Hampden,staged_only,,5.0,,OP
62084:BCKR2,Becker Solar 2 CSG,MN,Wright,staged_only,,1.0,,OP
62085:BCKR3,Becker Solar 3 CSG,MN,Wright,staged_only,,1.0,,OP
62086:BCKR4,Becker Solar 4 CSG,MN,Wright,staged_only,,1.0,,OP
62087:BCKR5,Becker Solar 5 CSG,MN,Wright,staged_only,,1.0,,OP
62088:SCHUL,Schultz CSG,MN,Scott,staged_only,,1.8,,OP
62089:20002,"Panda Solar NC 1, LLC",NC,Robeson,staged_only,,1.0,,OP
62090:REC34,Sunderland Solar PV,MA,Franklin,staged_only,,1.1,,OP
62091:LG395,Hatfield Solar PV,MA,Hampshire,staged_only,,3.6,,OP
62092:REC34,Montague Site 36-Grosolar,MA,Franklin,staged_only,,4.1,,OP
62093:REC34,East Springfield Solar PV,MA,Hampden,staged_only,,1.4,,OP
62095:PGRF5,Quarter Horse Solar,NC,Pender,staged_only,,4.5,,OP
62096:PGRF3,Atkinson Solar II,NC,Duplin,staged_only,,1.9,,OP
62097:LG390,Ludlow Site 72 - Conti,MA,Hampden,staged_only,,1.9,,OP
62098:TILLE,Tiller CSG,MN,Sherburne,staged_only,,5.0,,OP
62099:HAMME,Hammer CSG,MN,Sherburne,staged_only,,4.8,,OP
62100:PGRI4,Warrenton I Solar,NC,Warren,staged_only,,4.9,,OP
62101:PGRF6,Bladenboro Solar 2,NC,Bladen,staged_only,,4.5,,OP
62102:PGRF1,Sadiebrook NC Solar,NC,Bladen,staged_only,,5.0,,OP
62103:1,Kossuth,IA,Kossuth,staged_only,,152.2,,OP
62104:PGRF2,Lane Solar,NC,Wayne,staged_only,,5.0,,OP
62105:MONTI,Monticello Project CSG,MN,Wright,staged_only,,5.0,,OP
62106:GHILL,"WED Green Hill, LLC",RI,Providence,staged_only,,3.0,,OP
62107:PLAI2,"WED Plainfield II, LLC",RI,Providence,staged_only,,3.0,,OP
62108:PLAI3,"WED Plainfield III, LLC",RI,Providence,staged_only,,3.0,,OP
62109:PLAI1,"WED Plainfield, LLC",RI,Providence,staged_only,,3.0,,OP
62110:SHUN1,"WED Shun I, LLC",RI,Providence,staged_only,,3.0,,OP
62111:SHUN2,"WED Shun II, LLC",RI,Providence,staged_only,,3.0,,OP
62112:SHUN3,"WED Shun III, LLC",RI,Providence,staged_only,,3.0,,OP
62113:ST-CA,Strauss Wind Farm,CA,Santa Barbara,staged_only,,95.3,,OP
62115:1A,AES Alamitos Energy Center,CA,Los Angeles,staged_only,,231.0,,OP
62115:1B,AES Alamitos Energy Center,CA,Los Angeles,staged_only,,231.0,,OP
62115:1S,AES Alamitos Energy Center,CA,Los Angeles,staged_only,,216.0,,OP
62116:1A,AES Huntington Beach Energy Project,CA,Orange,staged_only,,231.0,,OP
62116:1B,AES Huntington Beach Energy Project,CA,Orange,staged_only,,231.0,,OP
62116:1S,AES Huntington Beach Energy Project,CA,Orange,staged_only,,237.2,,OP
62117:GEN-1,Beloit Memorial Hospital Power Plant,WI,Rock,staged_only,,1.5,,OP
62117:GEN-2,Beloit Memorial Hospital Power Plant,WI,Rock,staged_only,,1.5,,OP
62118:GWSOL,"WED GW Solar, LLC",RI,Providence,staged_only,,3.0,,OP
62119:PSUPV,University Park Solar,PA,Centre,staged_only,,1.5,,OP
62120:20003,"Panda Solar NC 2, LLC",NC,Robeson,staged_only,,2.0,,OP
62121:20011,"Panda Solar NC 3, LLC",NC,Robeson,staged_only,,2.0,,OP
62122:20009,"Panda Solar NC 4, LLC",NC,Bladen,staged_only,,2.0,,OP
62123:20007,"Panda Solar NC 5, LLC",NC,Cumberland,staged_only,,1.0,,OP
62124:20028,"Panda Solar NC 6, LLC",NC,Columbus,staged_only,,1.0,,OP
62125:20038,"Panda Solar NC 7, LLC",NC,Sampson,staged_only,,1.5,,OP
62126:20052,"Panda Solar NC 8, LLC",NC,Moore,staged_only,,2.0,,OP
62127:20022,"Panda Solar NC 9, LLC",NC,Cumberland,staged_only,,2.0,,OP
62128:20031,"Panda Solar NC 10, LLC",NC,Cumberland,staged_only,,2.0,,OP
62129:20032,"Panda Solar NC 11, LLC",NC,Cumberland,staged_only,,2.0,,OP
62130:ROS,Roseman,IA,Cass,staged_only,,1.8,,OP
62131:G4451,"Red Toad 4451 Buffalo Road, LLC",NC,Johnston,staged_only,,2.0,,OP
62132:1,Arbor Hill Wind Farm,IA,Adair,staged_only,,60.0,,OP
62132:WT1,Arbor Hill Wind Farm,IA,Adair,staged_only,,250.0,,OP
62133:1,North English,IA,Poweshiek,staged_only,,140.0,,OP
62133:GT1,North English,IA,Poweshiek,staged_only,,200.0,,OP
62135:PAL01,Palmer,MA,Hampden,staged_only,,3.5,,OP
62136:ART01,"Arthur Solar, LLC",NC,Columbus,staged_only,,5.0,,OP
62137:SO340,Eichtens II CSG,MN,Chisago,staged_only,,1.0,,OP
62138:SO328,Barone CSG,MN,McLeod,staged_only,,1.0,,OP
62139:SO346,Huneke II CSG,MN,Goodhue,staged_only,,1.1,,OP
62140:PULL,Puller Solar,VA,Middlesex,staged_only,,15.0,,OP
62141:RMBLR,Rambler,TX,Tom Green,staged_only,,200.0,,OP
62142:AM-TX,Amadeus Wind Farm,TX,Fisher,staged_only,,250.0,,OP
62143:52785,MSC-GreyCloud01 Community Solar,MN,Washington,staged_only,,1.0,,OP
62144:52741,MSC-Scandia01 CSG,MN,Washington,staged_only,,1.0,,OP
62145:MINI1,Minisink Solar 1 LLC,NY,Orange,staged_only,,1.8,,OP
62146:MINI2,Minisink Community Solar 2 LLC,NY,Orange,staged_only,,2.0,,OP
62147:KNY1,KCE NY 1,NY,Saratoga,staged_only,,20.0,,OP
62148:PV1,Goose Lake MN DPC-GM,MN,Freeborn,staged_only,,1.5,,OP
62149:SYEN1,Syncarpha Eagle Nest,NM,Colfax,staged_only,,1.0,,OP
62150:SOLAR,Chaffey College Rancho Cucamonga Campus,CA,San Bernardino,staged_only,,4.0,,OP
62151:PV1,Clif Bar Bakery of Twin Falls,ID,Twin Falls,staged_only,,1.6,,OP
62152:570,IKEA Live Oak Rooftop PV System,TX,Bexar,staged_only,,1.7,,OP
62154:12,Kelly Bridge Road Community Solar Farm,NY,Sullivan,staged_only,,2.0,,OP
62155:9,Hospital Rd Community Solar Farm CSG,NY,Sullivan,staged_only,,1.4,,OP
62156:15,Pool Brook Rd Community Solar Farm,NY,Otsego,staged_only,,2.0,,OP
62157:235,Breesport Road Community Solar Farm,NY,Chemung,staged_only,,2.0,,OP
62158:11,Sacket Lake Rd #1 Community Solar Farm,NY,Sullivan,staged_only,,2.0,,OP
62159:20,Sacket Lake Rd #2 Community Solar Farm,NY,Sullivan,staged_only,,1.7,,OP
62160:300,Turner Rd Community Solar Project,NY,Chemung,staged_only,,2.0,,OP
62161:GWT,Galactic Wind,WI,Dane,staged_only,,9.9,,OP
62163:MRDII,Meridian III,MS,Lauderdale,staged_only,,52.5,,OP
62164:MRDII,Meridian II,MS,Lauderdale,staged_only,,5.0,,OP
62165:SNIPE,Snipesville,GA,Jeff Davis,staged_only,,86.0,,OP
62167:COU01,County Home Solar LLC,NC,Richmond,staged_only,,4.9,,OP
62168:CHU01,Church Road Solar LLC,NC,Harnett,staged_only,,5.0,,OP
62169:BSPV2,Boring Solar LLC,OR,Clackamas,staged_only,,2.2,,OP
62170:BSPV1,Ballston Solar LLC,OR,Yamhill,staged_only,,2.2,,OP
62171:LSPV2,Labish Solar LLC,OR,Marion,staged_only,,2.2,,OP
62172:BIR,Birch,IA,Taylor,staged_only,,1.8,,OP
62173:JONES,SR Jonesborough,TN,Washington,staged_only,,4.4,,OP
62175:DIBLO,Diablo Energy Storage,CA,Contra Costa,staged_only,,200.0,,OP
62176:21Z,Berry NMW Cogens,CA,Kern,staged_only,,5.7,,OP
62176:PF,Berry NMW Cogens,CA,Kern,staged_only,,5.7,,OP
62177:DH001,"Desert Harvest, LLC",CA,Riverside,staged_only,,80.0,,OP
62178:MAV01,"Maverick Solar, LLC",CA,Riverside,staged_only,,125.0,,OP
62179:21,Ashley Solar (SC),SC,Darlington,staged_only,,2.0,,OP
62185:27,Birch Solar (SC),SC,Darlington,staged_only,,2.0,,OP
62186:28,Chapman Solar,SC,Darlington,staged_only,,2.0,,OP
62191:CNMEC,CNMEC Solar Energy Center,NM,Torrance,staged_only,,2.0,,OP
62192:11,Blue Water Energy Center,MI,St Clair,staged_only,,394.4,,OP
62192:12,Blue Water Energy Center,MI,St Clair,staged_only,,394.4,,OP
62192:1S,Blue Water Energy Center,MI,St Clair,staged_only,,478.6,,OP
62193:SO377,Winegar CSG,MN,Waseca,staged_only,,1.0,,OP
62194:SO360,Bolduan CSG,MN,Waseca,staged_only,,1.0,,OP
62195:SO371,Guse CSG,MN,Waseca,staged_only,,1.0,,OP
62196:2368,"Hadley 2 Solar, LLC CSG",MA,Hampshire,staged_only,,1.9,,OP
62197:EBRID,East Bridgewater Solar,MA,Plymouth,staged_only,,2.3,,OP
62198:2639,"Griffin Road Solar, LLC CSG",MA,Worcester,staged_only,,2.0,,OP
62199:4472,"Ashby Solar, LLC CSG",MA,Worcester,staged_only,,1.8,,OP
62200:HILLC,Hillcrest Solar,OH,Brown,staged_only,,200.0,,OP
62201:02419,Dudley Solar CSG,MA,Worcester,staged_only,,1.9,,OP
62202:WIL01,Williamsburg,MA,Hampshire,staged_only,,4.0,,OP
62203:2701,"Monson Solar, LLC",MA,Hampden,staged_only,,2.0,,OP
62204:G5840,"Red Toad 5840 Buffalo Road, LLC",NC,Johnston,staged_only,,2.0,,OP
62205:GNICK,"Nickelson Solar, LLC",NC,Duplin,staged_only,,5.3,,OP
62206:1,Hibiscus Solar Energy Center,FL,Palm Beach,staged_only,,74.5,,OP
62207:RELOJ,Reloj del Sol Wind Farm,TX,Zapata,staged_only,,209.4,,OP
62208:PV1,NIST Solar,MD,Montgomery,staged_only,,4.0,,OP
62209:RAND1,Randolph CSG PV1-5,MN,Dakota,staged_only,,1.0,,OP
62209:RAND2,Randolph CSG PV1-5,MN,Dakota,staged_only,,1.0,,OP
62209:RAND3,Randolph CSG PV1-5,MN,Dakota,staged_only,,1.0,,OP
62209:RAND4,Randolph CSG PV1-5,MN,Dakota,staged_only,,1.0,,OP
62209:RAND5,Randolph CSG PV1-5,MN,Dakota,staged_only,,1.0,,OP
62210:FELT1,Felton CSG PV1-5,MN,Dakota,staged_only,,1.0,,OP
62210:FELT2,Felton CSG PV1-5,MN,Dakota,staged_only,,1.0,,OP
62210:FELT3,Felton CSG PV1-5,MN,Dakota,staged_only,,1.0,,OP
62210:FELT4,Felton CSG PV1-5,MN,Dakota,staged_only,,1.0,,OP
62210:FELT5,Felton CSG PV1-5,MN,Dakota,staged_only,,1.0,,OP
62211:35,Denmark Solar,SC,Bamberg,staged_only,,6.0,,OP
62216:41,Gaines Solar,SC,Lee,staged_only,,2.0,,OP
62219:AMLPB,Ashburnham Energy Storage Project,MA,Worcester,staged_only,,3.0,,OP
62220:WTGS,"East Fork Wind Project, LLC",KS,Thomas,staged_only,,195.8,,OP
62223:10423,Warren Solar Farm LLC,NC,Sampson,staged_only,,5.0,,OP
62224:53971,Oak Leaf Solar XXVII LLC,CO,Weld,staged_only,,1.5,,OP
62225:PV1,Hunterdon Health System Solar Project,NJ,Hunterdon,staged_only,,1.5,,OP
62226:2479,"Westminster Renewables, LLC CSG",MA,Worcester,staged_only,,1.5,,OP
62227:WTGS,"Seymour Hills Wind Project, LLC",TX,Baylor,staged_only,,30.2,,OP
62228:O1614,Otis Elevator Company Solar,SC,Florence,staged_only,,1.0,,OP
62233:47,Jefferson Solar (SC),SC,Darlington,staged_only,,8.2,,OP
62235:49,Lone Star Solar,SC,Calhoun,staged_only,,66.0,,OP
62235:50,Lone Star Solar,SC,Calhoun,staged_only,,66.0,,OP
62236:50,Luz Solar,SC,Darlington,staged_only,,1.1,,OP
62238:52,Marshall Solar,SC,Darlington,staged_only,,2.0,,OP
62239:53963,Oak Leaf Solar XXX LLC (CSG),CO,Alamosa,staged_only,,1.5,,OP
62240:1072,"Burgaw Solar, LLC",NC,Pender,staged_only,,5.0,,OP
62241:NWE9,NorWest Energy 9 LLC,OR,Umatilla,staged_only,,6.0,,OP
62242:SBRC,County of San Diego SBRC,CA,San Diego,staged_only,,1.3,,OP
62243:53964,Oak Leaf Solar XXI (CSG),CO,Arapahoe,staged_only,,1.5,,OP
62244:53977,Oak Leaf Solar XXXI LLC (CSG),CO,Mesa,staged_only,,1.5,,OP
62245:53968,Oak Leaf Solar XXV LLC (CSG),CO,Arapahoe,staged_only,,1.5,,OP
62246:TWSP,Target Woodland Solar Project,CA,Yolo,staged_only,,2.3,,OP
62247:PWPSD,Prevailing Wind Park,SD,Yankton,staged_only,,220.0,,OP
62248:1,Arrow Canyon Solar Hybrid,NV,Clark,staged_only,,200.0,,OP
62248:2,Arrow Canyon Solar Hybrid,NV,Clark,staged_only,,75.0,,OP
62249:77777,Misae Solar,TX,Childress,staged_only,,240.0,,OP
62251:53975,Oak Leaf Solar XXXII (CSG),CO,Garfield,staged_only,,1.5,,OP
62252:53965,Oak Leaf Solar XXII LLC (CSG),CO,Adams,staged_only,,1.5,,OP
62253:53967,Oak Leaf Solar XXIV LLC (CSG),CO,Arapahoe,staged_only,,1.5,,OP
62254:53970,Oak Leaf Solar XXVI LLC,CO,Adams,staged_only,,1.5,,OP
62255:53973,Oak Leaf Solar XXVIII LLC (CSG),CO,Weld,staged_only,,1.5,,OP
62256:53966,Oak Leaf Solar XXIII LLC (CSG),CO,Adams,staged_only,,1.5,,OP
62257:ESS1,Station 9 Energy Storage System,MA,Norfolk,staged_only,,2.0,,OP
62258:MES,Mesteno,TX,Starr,staged_only,,201.6,,OP
62259:RAN,Ranchero Wind Farm LLC,TX,Crockett,staged_only,,300.0,,OP
62260:44901,Trout Creek Solar,CO,Chaffee,staged_only,,2.0,,OP
62264:LG400,Pittsfield 44 - M&W PV,MA,Berkshire,staged_only,,1.2,,OP
62265:LG370,Lee Site 31 Solar,MA,Berkshire,staged_only,,1.9,,OP
62266:LG400,Plymouth Solar,MA,Plymouth,staged_only,,1.1,,OP
62267:HELD,Held Solar Project,MN,Stearns,staged_only,,5.0,,OP
62268:NWE4,"NorWest Energy 4, LLC",OR,Klamath,staged_only,,5.6,,OP
62269:STNRY,"Stoneray Power Partners, LLC",MN,Pipestone,staged_only,,100.0,,OP
62272:BLY,Bly Solar Center,OR,Klamath,staged_only,,8.0,,OP
62274:LHSSP,Liberty HS Solar Project,CA,Kern,staged_only,,1.5,,OP
62275:FHSSP,Frontier HS Solar Project,CA,Kern,staged_only,,1.4,,OP
62286:W7188,Xebec 1,CA,Los Angeles,staged_only,,1.9,,OP
62287:W7190,Francisco St. Solar,CA,Los Angeles,staged_only,,1.2,,OP
62288:VAL01,"Valentine Solar, LLC",CA,Kern,staged_only,,111.2,,OP
62289:GTG-1,Dearborn Energy Center,MI,Wayne,staged_only,,15.0,,OP
62289:GTG-2,Dearborn Energy Center,MI,Wayne,staged_only,,15.0,,OP
62289:STG-1,Dearborn Energy Center,MI,Wayne,staged_only,,5.0,,OP
62290:1,Polaris Wind Park,MI,Gratiot,staged_only,,168.6,,OP
62291:PCWF,"Palmer's Creek Wind Farm, LLC",MN,Chippewa,staged_only,,44.6,,OP
62301:RNM02,Richmond NMCA,RI,Washington,staged_only,,4.0,,OP
62302:RFH01,Founders Homestead Farms Solar,RI,Newport,staged_only,,4.5,,OP
62303:MF01,Mattas Farms,NY,Montgomery,staged_only,,2.0,,OP
62304:PV1,Woodleaf Solar Facility,NC,Rowan,staged_only,,6.0,,OP
62305:STIP,Tipton Solar Park,IN,Tipton,staged_only,,5.3,,OP
62306:IFFUB,IFF Union Beach Project,NJ,Monmouth,staged_only,,5.5,,OP
62313:77,Stamey Solar,SC,Darlington,staged_only,,2.0,,OP
62315:79,Tedder Solar,SC,Darlington,staged_only,,2.0,,OP
62318:PAWCA,"North Stonington Solar Center, LLC",CT,New London,staged_only,,15.0,,OP
62319:1,Western Sugar Cooperative - Billings,MT,Yellowstone,staged_only,,1.5,,OP
62320:ANE1B,Antelope Expansion 1B,CA,Los Angeles,staged_only,,17.0,,OP
62321:1,Cedar Falls Solar Farm,IA,Black Hawk,staged_only,,1.5,,OP
62322:MG8,Mechanicville Hydroelectric Station,NY,Saratoga,staged_only,,2.0,,OP
62322:MG9,Mechanicville Hydroelectric Station,NY,Saratoga,staged_only,,2.0,,OP
62323:MMDJ,Macy's MD Joppa Solar Project,MD,Harford,staged_only,,1.8,,OP
62324:WAL01,Dynamic - Walpole,MA,Norfolk,staged_only,,2.0,,OP
62325:1,46 Meadowlands Parkway,NJ,Hudson,staged_only,,1.5,,OP
62326:1,77 Metro Way,NJ,Hudson,staged_only,,1.0,,OP
62327:SP,"Synergen Panorama, LLC CSG",MD,Prince Georges,staged_only,,5.0,,OP
62328:MLLPD,"Mill Pond Solar, LLC",NC,Martin,staged_only,,5.0,,OP
62329:JMVLR,"Jamesville Road Solar, LLC",NC,Martin,staged_only,,5.0,,OP
62330:CMDND,"Camden Dam Solar, LLC",NC,Camden,staged_only,,5.0,,OP
62331:SOLPH,Sol Phoenix,MD,Prince Georges,staged_only,,2.5,,OP
62332:BLUES,Blue Star,MD,Kent,staged_only,,7.5,,OP
62333:T-1,"Polk County Renewables, LLC",NE,Polk,staged_only,,2.5,,OP
62335:USCEN,USS Centerfield Solar CSG,MN,Rice,staged_only,,1.0,,OP
62336:USWEB,USS Webster Solar CSG,MN,Rice,staged_only,,1.0,,OP
62337:USLP,USS Lake Patterson Solar CSG,MN,Carver,staged_only,,1.0,,OP
62339:USSKT,USS Kost Trail Solar CSG,MN,Chisago,staged_only,,1.0,,OP
62340:HOLLO,"Aulander Holloman Solar, LLC",NC,Hertford,staged_only,,99.0,,OP
62342:87,Washington Solar (SC),SC,Marion,staged_only,,2.0,,OP
62344:88,Washington Solar II (SC),SC,Marion,staged_only,,2.0,,OP
62346:83,Trask East Solar,SC,Beaufort,staged_only,,12.0,,OP
62347:90,Weaver Solar,SC,Lee,staged_only,,2.0,,OP
62352:81,Thomas Solar,SC,Lee,staged_only,,2.0,,OP
62353:93,Yemassee Solar,SC,Beaufort,staged_only,,10.0,,OP
62355:569PV,IKEA Norfolk Rooftop PV System,VA,Norfolk City,staged_only,,0.9,,OP
62356:LOC,Lockett Windfarm,TX,Wilbarger,staged_only,,183.8,,OP
62357:08158,Gloversville Landfill Solar,NY,Fulton,staged_only,,5.0,,OP
62358:USK12,USS King 2 CSG,MN,Carver,staged_only,,1.0,,OP
62359:USEGG,USS Eggo Solar CSG,MN,Carver,staged_only,,1.0,,OP
62360:USDVL,USS DVL Solar CSG,MN,Carver,staged_only,,1.0,,OP
62363:BSPV,Barre Solar III LLC,MA,Worcester,staged_only,,1.0,,OP
62364:WT1,Nobles 2 Wind Project,MN,Nobles,staged_only,,250.0,,OP
62365:WK1,Wright Kirby 1-5 CSG,MN,Wright,staged_only,,1.0,,OP
62365:WK2,Wright Kirby 1-5 CSG,MN,Wright,staged_only,,1.0,,OP
62365:WK3,Wright Kirby 1-5 CSG,MN,Wright,staged_only,,1.0,,OP
62365:WK4,Wright Kirby 1-5 CSG,MN,Wright,staged_only,,1.0,,OP
62365:WK5,Wright Kirby 1-5 CSG,MN,Wright,staged_only,,1.0,,OP
62367:ARLII,SR Arlington II,GA,Early,staged_only,,102.5,,OP
62368:62591,BWC Origination 18,MA,Plymouth,staged_only,,4.8,,OP
62369:62595,BWC Gibbs Brook,MA,Plymouth,staged_only,,4.0,,OP
62370:62593,BWC Wareham River,MA,Plymouth,staged_only,,1.0,,OP
62371:62592,BWC Harlow Brook,MA,Plymouth,staged_only,,1.5,,OP
62372:62594,BWC Pocasset River,MA,Plymouth,staged_only,,1.5,,OP
62373:I25BA,I25 Battery Storage,CO,Weld,staged_only,,4.0,,OP
62374:PV1,JBAB - Washington DC,DC,District of Columbia,staged_only,,5.9,,OP
62375:PV1,"Dougherty County Solar, LLC",GA,Dougherty,staged_only,,120.0,,OP
62376:PV1,Grazing Yak Solar,CO,El Paso,staged_only,,35.0,,OP
62377:1,Moody Air Force Base Solar,GA,Lowndes,staged_only,,49.5,,OP
62377:2,Moody Air Force Base Solar,GA,Lowndes,staged_only,,49.5,,OP
62378:VSCFW,CFW Solar X LLC - Vaughn,CA,Los Angeles,staged_only,,1.6,,OP
62379:47301,Spanish Peaks Solar,CO,Las Animas,staged_only,,140.0,,OP
62380:ELLLC,"Emmons-Logan Wind, LLC",ND,Emmons,staged_only,,200.0,,OP
62381:GMPBM,GMP Solar/Storage-Milton Hybrid,VT,Chittenden,staged_only,,2.0,,OP
62381:GMPSM,GMP Solar/Storage-Milton Hybrid,VT,Chittenden,staged_only,,5.0,,OP
62382:GMPBF,GMP Solar/Storage-Ferrisburgh Hybrid,VT,Addison,staged_only,,2.0,,OP
62382:GMPSF,GMP Solar/Storage-Ferrisburgh Hybrid,VT,Addison,staged_only,,5.0,,OP
62383:GMPBE,GMP Solar/Storage-Essex Hybrid,VT,Chittenden,staged_only,,2.0,,OP
62383:GMPSE,GMP Solar/Storage-Essex Hybrid,VT,Chittenden,staged_only,,4.5,,OP
62389:PASTO,Pasto Solar,NY,Tioga,staged_only,,16.0,,OP
62392:1,Guyton Community Solar,GA,Effingham,staged_only,,3.6,,OP
62393:1,Atlanta Falcons Solar,GA,Fulton,staged_only,,0.3,,OP
62393:2,Atlanta Falcons Solar,GA,Fulton,staged_only,,0.2,,OP
62393:3,Atlanta Falcons Solar,GA,Fulton,staged_only,,0.5,,OP
62394:1,Sweetbay Solar Center,FL,Martin,staged_only,,74.5,,OP
62395:1,Bell Bay Solar Farm,SC,Horry,staged_only,,1.6,,OP
62396:1,Jamison Solar Farm,SC,Orangeburg,staged_only,,1.2,,OP
62397:1,Runway Solar Farm,SC,Horry,staged_only,,2.0,,OP
62399:77778,Sage Solar I-III,UT,Rich,staged_only,,57.6,,OP
62405:X0009,UMCES Ground Mount,MD,Dorchester,staged_only,,2.0,,OP
62406:X0022,City of Gallup Solar,NM,McKinley,staged_only,,8.0,,OP
62407:X0001,Anne Arundel County Public Schools,MD,Anne Arundel,staged_only,,1.0,,OP
62408:X0028,Fort Indiantown Gap,PA,Lebanon,staged_only,,3.0,,OP
62409:1,Waynesboro Community Solar,GA,Burke,staged_only,,2.4,,OP
62411:GTWND,Griffin Trail Wind,TX,Knox,staged_only,,225.6,,OP
62412:DAUM,Daum Solar,NY,Yates,staged_only,,4.0,,OP
62413:ELLIS,Ellis Solar,NY,Tompkins,staged_only,,18.0,,OP
62414:PV1,Lady Slipper Solar Array CSG,MN,Goodhue,staged_only,,4.5,,OP
62415:WOTP1,West of the Pecos Solar,TX,Reeves,staged_only,,100.0,,OP
62416:WT1,Cranell Wind Farm LLC,TX,Refugio,staged_only,,220.0,,OP
62417:WT1,Peyton Creek Wind Farm LLC,TX,Matagorda,staged_only,,151.2,,OP
62418:4,Verwey-Hanford Dairy Digester #2,CA,Kings,staged_only,,1.0,,OP
62419:4,Verwey-Hanford Dairy Digester #3,CA,Kings,staged_only,,1.0,,OP
62420:PSS01,Prairie State Solar Project,IL,Perry,staged_only,,99.0,,OP
62422:ASP01,Assembly Solar Project,MI,Shiawassee,staged_only,,50.0,,OP
62423:B17PV,Regeneron Pharmaceuticals Inc.,NY,Westchester,staged_only,,0.1,,OP
62423:P19PV,Regeneron Pharmaceuticals Inc.,NY,Westchester,staged_only,,0.8,,OP
62423:P9PV,Regeneron Pharmaceuticals Inc.,NY,Westchester,staged_only,,0.4,,OP
62431:1,Willow Creek Wind Power LLC,SD,Butte,staged_only,,105.0,,OP
62436:ARLI,SR Arlington I,GA,Early,staged_only,,20.0,,OP
62438:A,Heller 400M,NJ,Middlesex,staged_only,,0.8,,OP
62438:B,Heller 400M,NJ,Middlesex,staged_only,,0.2,,OP
62438:C,Heller 400M,NJ,Middlesex,staged_only,,0.2,,OP
62439:A,Owens Corning,NJ,Camden,staged_only,,2.8,,OP
62440:TECH5,Techren Solar V,NV,Clark,staged_only,,50.0,,OP
62441:U1,Kearny Mesa Storage LLC,CA,San Diego,staged_only,,1.0,,OP
62442:LRCH,"Lake Region Community Hybrid, LLC",MN,Otter Tail,staged_only,,2.0,,OP
62442:LRCHS,"Lake Region Community Hybrid, LLC",MN,Otter Tail,staged_only,,0.5,,OP
62443:A,Westminster,VT,Windham,staged_only,,1.8,,OP
62444:BMY,Meyersdale Battery,PA,Somerset,staged_only,,18.0,,OP
62445:WT,Busch Ranch II Wind Farm,CO,Huerfano,staged_only,,59.4,,OP
62448:LAP,Lapetus,TX,Andrews,staged_only,,100.0,,OP
62449:GT100,Kimberly Clark Mobile - CHP Plant,AL,Mobile,staged_only,,25.0,,OP
62449:GT200,Kimberly Clark Mobile - CHP Plant,AL,Mobile,staged_only,,25.0,,OP
62451:RANTL,Rantoul Solar,IL,Champaign,staged_only,,2.0,,OP
62454:1,Lakewood Cheddar School,NJ,Ocean,staged_only,,1.0,,OP
62456:RGP00,Regeneron Tarrytown,NY,Westchester,staged_only,,1.5,,OP
62458:RAT00,Ratkovich Alhambra,CA,Los Angeles,staged_only,,1.0,,OP
62459:SMC01,Micro Santa Clara,CA,Santa Clara,staged_only,,3.0,,OP
62460:DESI2,DESI-2 Battery Storage Facility,CA,Orange,staged_only,,1.4,,OP
62462:GEN01,Muscle Shoals,AL,Colbert,staged_only,,227.0,,OP
62463:GEN01,Little Bear 3,CA,Fresno,staged_only,,20.0,,OP
62464:GEN01,Little Bear 4,CA,Fresno,staged_only,,50.0,,OP
62465:GEN01,Little Bear 5,CA,Fresno,staged_only,,50.0,,OP
62467:VISTA,Vista Solar Energy Center,NM,Valencia,staged_only,,10.0,,OP
62468:MCS01,Music City Community Solar,TN,Davidson,staged_only,,1.6,,OP
62469:GEN01,Cove Mountain Solar,UT,Iron,staged_only,,58.0,,OP
62470:GEN01,Cove Mountain Solar 2,UT,Iron,staged_only,,122.0,,OP
62471:1034,Washington St Community Solar Farm #4,NY,Monroe,staged_only,,2.5,,OP
62472:617,Washington St Community Solar Farm #1,NY,Monroe,staged_only,,2.2,,OP
62473:1035,Washington St Community Solar Farm #3,NY,Monroe,staged_only,,2.5,,OP
62474:928,Gaskill Rd Community Solar Farm CSG,NY,Tioga,staged_only,,5.0,,OP
62475:KPW1,Kings Point Wind Energy Center,MO,Lawrence,staged_only,,149.4,,OP
62476:607,Big Tree Community Solar Farm,NY,Erie,staged_only,,2.0,,OP
62477:372,Dryden Rd #2 Community Solar Farm CSG,NY,Tompkins,staged_only,,1.3,,OP
62478:NFRW1,North Fork Ridge Wind Energy Center,MO,Barton,staged_only,,149.4,,OP
62479:175,Woodoak Drive Community Solar Farm CSG,NY,Sullivan,staged_only,,2.0,,OP
62480:635,Burritt Rd Community Solar Farm,NY,Monroe,staged_only,,2.0,,OP
62481:NRW1,Neosho Ridge Wind Energy Center,KS,Neosho,staged_only,,301.0,,OP
62482:GEN1,Beech Ridge II Wind Energy Center,WV,Greenbrier,staged_only,,56.2,,OP
62483:PV1,Taygete Energy Project LLC,TX,Pecos,staged_only,,255.0,,OP
62484:SCRA2,Crawfordsville 2 Solar Park,IN,Montgomery,staged_only,,7.9,,OP
62485:SCRA3,Crawfordsville 3 Solar Park,IN,Montgomery,staged_only,,4.8,,OP
62486:CMRSL,CMR Solar LLC,NY,Orange,staged_only,,2.0,,OP
62487:FLOW,Flowers Solar LLC,NC,Johnston,staged_only,,4.3,,OP
62488:WT,Prairie Queen Wind Farm,KS,Allen,staged_only,,199.3,,OP
62489:GEN1,Crossing Trails Wind Power Project LLC.,CO,Kit Carson,staged_only,,104.0,,OP
62490:1,Echo River Solar,FL,Suwannee,staged_only,,74.5,,OP
62490:2,Echo River Solar,FL,Suwannee,staged_only,,30.0,,OP
62491:1,Okeechobee Solar,FL,Okeechobee,staged_only,,74.5,,OP
62492:ACB-1,"DTE Atlantic, LLC",NJ,Atlantic,staged_only,,7.5,,OP
62493:1,Southfork Solar,FL,Manatee,staged_only,,74.5,,OP
62494:SCBAT,Skeleton Creek Energy Center Hybrid,OK,Garfield,staged_only,,252.0,,OP
62494:SCSOL,Skeleton Creek Energy Center Hybrid,OK,Garfield,staged_only,,250.0,,OP
62494:SKC,Skeleton Creek Energy Center Hybrid,OK,Garfield,staged_only,,250.0,,OP
62495:20181,Palmer Solar,CO,El Paso,staged_only,,60.0,,OP
62496:1268,Telegraph Rd #1 Community Solar Farm,NY,Wyoming,staged_only,,3.8,,OP
62498:1413,Telegraph Rd #2 Community Solar Farm,NY,Wyoming,staged_only,,2.0,,OP
62500:1258,Route 19 #1 Community Solar Farm,NY,Wyoming,staged_only,,2.0,,OP
62502:1415,Route 19 #2 Community Solar Farm,NY,Wyoming,staged_only,,5.0,,OP
62503:10237,Winchendon Landfill Solar,MA,Worcester,staged_only,,2.0,,OP
62504:1159,Frey Rd #1 Community Solar Farm,NY,Wayne,staged_only,,2.0,,OP
62505:1,G.S.E. One LLC,TX,Fannin,staged_only,,83.0,,OP
62507:1419,County Route 11 Community Solar Farm,NY,Clinton,staged_only,,4.1,,OP
62508:1420,Furnace Rd Community Solar Farm,NY,Wayne,staged_only,,3.0,,OP
62516:1,TB Flats,WY,Carbon,staged_only,,503.2,,OP
62517:1142,Yellow Mills Rd #1 Community Solar Farm,NY,Ontario,staged_only,,2.3,,OP
62518:1181,Yellow Mills Rd #2 Community Solar Farm,NY,Ontario,staged_only,,2.3,,OP
62519:1244,Yellow Mills Rd #3 Community Solar Farm,NY,Ontario,staged_only,,2.3,,OP
62520:1089,State Route 64N Community Solar Farm,NY,Ontario,staged_only,,1.2,,OP
62521:1442,Frey Rd #2 Community Solar Farm,NY,Wayne,staged_only,,1.4,,OP
62523:1093,Route 5 & 20 Community Solar Farm,NY,Ontario,staged_only,,2.3,,OP
62524:1444,Route 22 Community Solar Farm CSG,NY,Clinton,staged_only,,3.7,,OP
62525:40,Villa Roma Rd #1,NY,Sullivan,staged_only,,2.0,,OP
62526:41,Villa Roma Rd #2,NY,Sullivan,staged_only,,2.0,,OP
62527:390,Villa Roma Rd #3 CSG,NY,Sullivan,staged_only,,2.0,,OP
62528:391,Villa Roma Rd #4 CSG,NY,Sullivan,staged_only,,2.0,,OP
62529:HKBA,Hale Kuawehi Solar Hybrid,HI,Hawaii,staged_only,,30.0,,OP
62529:HKSOL,Hale Kuawehi Solar Hybrid,HI,Hawaii,staged_only,,44.0,,OP
62530:496,Boas Rd #1 Community Solar Farm,NY,Clinton,staged_only,,2.0,,OP
62531:1010,Boas Rd #2 Community Solar Farm,NY,Clinton,staged_only,,2.0,,OP
62532:1011,Boas Rd #3 Community Solar Farm,NY,Clinton,staged_only,,2.0,,OP
62533:1023,Boas Rd #4 Community Solar Farm,NY,Clinton,staged_only,,2.0,,OP
62535:52737,MSC-Scott01 LLC,MN,Scott,staged_only,,1.0,,OP
62536:52739,MSC-Chisago01 LLC CSG,MN,Chisago,staged_only,,1.0,,OP
62537:52738,MSC-Rice01 LLC CSG,MN,Rice,staged_only,,1.0,,OP
62538:52740,MSC-Chisago02 LLC,MN,Chisago,staged_only,,1.0,,OP
62539:PGR02,HCE Moore I,NC,Moore,staged_only,,2.0,,OP
6253:1,Germantown,WI,Washington,capacity_or_status_changed,61.2,71.2,OP,OP
6253:2,Germantown,WI,Washington,capacity_or_status_changed,61.2,71.2,OP,OP
6253:3,Germantown,WI,Washington,capacity_or_status_changed,61.2,71.2,OP,OP
6253:4,Germantown,WI,Washington,capacity_or_status_changed,61.2,71.2,OP,OP
6253:5,Germantown,WI,Washington,capacity_or_status_changed,90.9,105.9,OP,OP
62540:PGR01,Three Bridge,NC,Robeson,staged_only,,2.0,,OP
62541:ES1,Lake Placid Solar Power Plant,FL,Highlands,staged_only,,17.3,,OP
62541:PV1,Lake Placid Solar Power Plant,FL,Highlands,staged_only,,45.0,,OP
62542:PV1,Debary Solar Power Plant,FL,Volusia,staged_only,,74.5,,OP
62543:PV1,Trenton Solar Power Plant,FL,Gilchrist,staged_only,,74.9,,OP
62544:GEN1,Wilkinson Solar LLC,NC,Beaufort,staged_only,,80.6,,OP
62545:SACRA,Renew Solar ABC Sacramento LLC,CA,Sacramento,staged_only,,1.7,,OP
62546:ALMND,Almond,CA,Kings,staged_only,,19.9,,OP
62547:AQUAM,Aquamarine,CA,Kings,staged_only,,250.0,,OP
62548:SJ-1,SJRR (LIG),TX,Harris,staged_only,,50.0,,OP
62548:SJ-2,SJRR (LIG),TX,Harris,staged_only,,50.0,,OP
62549:JOHNN,Kearsarge Johnstown 1 CSG,NY,Fulton,staged_only,,1.5,,OP
62550:GB123,Kearsarge GB,MA,Berkshire,staged_only,,1.9,,OP
62551:SKSC1,Kearsarge SKSC1 LLC,RI,Washington,staged_only,,3.8,,OP
62552:UX680,Kearsarge Uxbridge,MA,Worcester,staged_only,,1.9,,OP
62556:JOHNS,Kearsarge Johnstown 2 CSG,NY,Fulton,staged_only,,2.0,,OP
62557:MONTA,Kearsarge Montague,MA,Franklin,staged_only,,4.0,,OP
62558:SKSC2,Kearsarge SKSC2 LLC,RI,Washington,staged_only,,3.1,,OP
62559:WILM1,Kearsarge Wilmington,MA,Middlesex,staged_only,,1.6,,OP
62560:APS,Airport Solar,OR,Lake,staged_only,,47.3,,OP
62561:BA,"Roadrunner, LLC Hybrid",TX,Upton,staged_only,,63.3,,OP
62561:RODR1,"Roadrunner, LLC Hybrid",TX,Upton,staged_only,,200.0,,OP
62561:RODR2,"Roadrunner, LLC Hybrid",TX,Upton,staged_only,,200.0,,OP
62562:BA,"High Lonesome Wind Power, LLC Hybrid",TX,Upton,staged_only,,63.3,,OP
62562:HILO,"High Lonesome Wind Power, LLC Hybrid",TX,Upton,staged_only,,449.5,,OP
62562:HILO2,"High Lonesome Wind Power, LLC Hybrid",TX,Upton,staged_only,,50.0,,OP
62563:HPWF,High Prairie Wind Farm,MO,Schuyler,staged_only,,400.0,,OP
62565:GEN1,"Hill Top Energy Center, LLC",PA,Greene,staged_only,,664.7,,OP
62566:BS3,Blue Summit III Wind,TX,Hardeman,staged_only,,200.2,,OP
62567:GDBUT,"GD Richmond Buttonwoods I, LLC",RI,Washington,staged_only,,1.3,,OP
62568:GDVIC,"GD West Greenwich Victory I, LLC",RI,Kent,staged_only,,1.8,,OP
62569:ES1,Knoxville Battery Energy Storage,IA,Marion,staged_only,,1.1,,OP
62570:32651,Jiminy Peak Wind QF,MA,Berkshire,staged_only,,1.5,,OP
62571:DSY01,Disney Prospect,CA,Los Angeles,staged_only,,1.0,,OP
62572:ATT49,ATT Jericho,NY,Suffolk,staged_only,,1.0,,OP
62573:ATT56,ATT Kelvin,CA,Orange,staged_only,,1.0,,OP
62574:ATT93,ATT Van Nyus,CA,Los Angeles,staged_only,,1.0,,OP
62575:FLX01,FLEX Gibraltar,CA,Santa Clara,staged_only,,1.5,,OP
62576:MER01,MER Queens,NY,Queens,staged_only,,1.2,,OP
62578:SLPV1,Preferred Freezer San Leandro,CA,Alameda,staged_only,,2.0,,OP
62579:2999,Plainfield Community Solar LLC,MA,Hampshire,staged_only,,2.0,,OP
62579:91710,Plainfield Community Solar LLC,MA,Hampshire,staged_only,,1.0,,OP
62580:6081,Route 14A CDG Solar North and South LLC,NY,Ontario,staged_only,,4.0,,OP
62581:3011,Tolland Solar NG LLC,MA,Hampden,staged_only,,3.5,,OP
62582:5216,Newfield Community Solar LLC,NY,Tompkins,staged_only,,6.0,,OP
62582:5465,Newfield Community Solar LLC,NY,Tompkins,staged_only,,2.0,,OP
62582:5466,Newfield Community Solar LLC,NY,Tompkins,staged_only,,2.0,,OP
62582:5467,Newfield Community Solar LLC,NY,Tompkins,staged_only,,2.0,,OP
62583:5823,Tanglewood Circle Solar 1 LLC,MA,Berkshire,staged_only,,5.0,,OP
62584:QUITM,Quitman Solar,GA,Brooks,staged_only,,150.0,,OP
62585:WAKFD,Beebe Substation Battery Storage,MA,Middlesex,staged_only,,3.0,,OP
62586:BASF,DG Florham Park Solar LLC,NJ,Morris,staged_only,,2.0,,OP
62587:MESQ,Mesquite Star,TX,Nolan,staged_only,,418.9,,OP
62588:MM45,Derby Fuel Cell,CT,New Haven,staged_only,,2.8,,OP
62588:MM46,Derby Fuel Cell,CT,New Haven,staged_only,,2.8,,OP
62588:MM47,Derby Fuel Cell,CT,New Haven,staged_only,,2.8,,OP
62588:MM48,Derby Fuel Cell,CT,New Haven,staged_only,,2.8,,OP
62588:MM49,Derby Fuel Cell,CT,New Haven,staged_only,,2.8,,OP
62590:WOLF,Wolf Creek Generator,KS,Coffey,staged_only,,1.0,,OP
62591:1,Ekola Flats,WY,Carbon,staged_only,,250.9,,OP
62592:HWII,Headwaters Wind Farm II LLC,IN,Randolph,staged_only,,200.0,,OP
62594:11625,Ruff Solar LLC,NC,Rutherford,staged_only,,22.0,,OP
62595:10424,Wendell Solar Farm LLC,NC,Johnston,staged_only,,5.0,,OP
62596:11999,Sabattus Solar LLC,NC,Nash,staged_only,,5.0,,OP
62597:RDO,Rio De Oro Solar Energy Center,NM,Valencia,staged_only,,10.0,,OP
62598:LOREA,Connell East LLC,NJ,Union,staged_only,,1.4,,OP
62600:COOKS,Cookstown,NC,Wayne,staged_only,,5.0,,OP
62601:CHANG,Changeup,NC,Randolph,staged_only,,2.0,,OP
62602:STARR,Starr,NC,Sampson,staged_only,,5.0,,OP
62603:BADGE,Badger,NC,Jones,staged_only,,5.0,,OP
62604:OCESS,Outer Cape Community Battery,MA,Barnstable,staged_only,,25.0,,OP
62606:WTHWP,Whitney Hill Wind Power LLC,IL,Logan,staged_only,,65.0,,OP
62607:PV,Bloomfield Municipal Utilities Solar,IA,Davis,staged_only,,1.6,,OP
62609:BA1,Commerce ESS,TX,Bexar,staged_only,,10.0,,OP
62610:PV1,Commerce Solar,TX,Bexar,staged_only,,5.0,,OP
62611:HELIX,PFMG Solar Grossmont Helix LLC,CA,San Diego,staged_only,,1.2,,OP
62612:USBC1,USAA Black Bear Energy,NJ,Middlesex,staged_only,,1.9,,OP
62613:CBPB1,CBP Solar,NY,Westchester,staged_only,,1.8,,OP
62614:KMFO1,Kinder Morgan Fordham,NY,Richmond,staged_only,,1.7,,OP
62615:ADC2,ALDI DC 2,CT,Hartford,staged_only,,1.2,,OP
62616:CCGWC,CCG Marketing,NJ,Essex,staged_only,,1.5,,OP
62617:SEABT,Searcy Solar Hybrid,AR,White,staged_only,,10.0,,OP
62617:SEARC,Searcy Solar Hybrid,AR,White,staged_only,,100.0,,OP
62618:WT,Hidalgo Wind Farm II,TX,Hidalgo,staged_only,,50.4,,OP
62620:SD,Sage Draw Wind,TX,Lynn,staged_only,,338.4,,OP
62621:ACHIL,Achilles Solar,NC,Montgomery,staged_only,,5.0,,OP
62622:CHPS4,Overlook Medical Center,NJ,Union,staged_only,,2.6,,OP
62623:ARBOR,Arborgate Solar,NC,Chatham,staged_only,,5.0,,OP
62624:WTCWF,"White Cloud Wind Project, LLC",MO,Nodaway,staged_only,,236.5,,OP
62625:G1,West Water Street,MA,Bristol,staged_only,,2.5,,OP
62625:G2,West Water Street,MA,Bristol,staged_only,,2.5,,OP
62625:G3,West Water Street,MA,Bristol,staged_only,,2.5,,OP
62625:G4,West Water Street,MA,Bristol,staged_only,,2.5,,OP
62627:WADE4,Wadesboro 4,NC,Anson,staged_only,,2.2,,OP
62628:10115,APG Old Bayside,MD,Harford,staged_only,,1.7,,OP
62629:10115,APG New Chesapeake,MD,Harford,staged_only,,2.3,,OP
62630:WTGS1,Jumbo Hill Wind Project,TX,Andrews,staged_only,,160.7,,OP
62631:1,Blue Heron Solar,FL,Hendry,staged_only,,74.5,,OP
62632:1,Cattle Ranch,FL,DeSoto,staged_only,,74.5,,OP
62633:1,Twin Lakes,FL,Putnam,staged_only,,74.5,,OP
62634:1,Babcock Preserve,FL,Charlotte,staged_only,,74.5,,OP
62637:MILFD,Milford Solar Farm (NJ) LLC,NJ,Hunterdon,staged_only,,7.5,,OP
62638:WASHG,McCullough Road Solar Farm,NJ,Warren,staged_only,,8.8,,OP
62639:10307,Manchester Community College East,CT,Hartford,staged_only,,1.0,,OP
62640:10308,Manchester Community College North,CT,Hartford,staged_only,,1.0,,OP
62641:M3516,Morehead Generating Facility,KY,Rowan,staged_only,,1.4,,OP
62642:GE-P2,GE-Lubbock,TX,Lubbock,staged_only,,2.5,,OP
62642:GE-P3,GE-Lubbock,TX,Lubbock,staged_only,,2.8,,OP
62642:GE-P4,GE-Lubbock,TX,Lubbock,staged_only,,3.4,,OP
62643:20794,AZ State University - Tempe Campus Solar,AZ,Maricopa,staged_only,,0.2,,OP
62643:20971,AZ State University - Tempe Campus Solar,AZ,Maricopa,staged_only,,0.2,,OP
62643:20974,AZ State University - Tempe Campus Solar,AZ,Maricopa,staged_only,,0.1,,OP
62643:20975,AZ State University - Tempe Campus Solar,AZ,Maricopa,staged_only,,0.1,,OP
62643:3384,AZ State University - Tempe Campus Solar,AZ,Maricopa,staged_only,,0.7,,OP
62643:3385,AZ State University - Tempe Campus Solar,AZ,Maricopa,staged_only,,0.6,,OP
62643:4202,AZ State University - Tempe Campus Solar,AZ,Maricopa,staged_only,,0.1,,OP
62643:91001,AZ State University - Tempe Campus Solar,AZ,Maricopa,staged_only,,0.1,,OP
62643:ISTB7,AZ State University - Tempe Campus Solar,AZ,Maricopa,staged_only,,0.1,,OP
62644:MMES,Minuteman Energy Storage,MA,Middlesex,staged_only,,5.0,,OP
62645:1,Northern Preserve Solar,FL,Baker,staged_only,,74.5,,OP
62646:WASHB,Washburn Road Solar,MA,Bristol,staged_only,,1.9,,OP
62647:MBS1,MBS Textbook Exchange,MO,Boone,staged_only,,1.0,,OP
62647:MBS2,MBS Textbook Exchange,MO,Boone,staged_only,,1.0,,OP
62649:SFDK,SFDK Solar,CA,Solano,staged_only,,6.3,,OP
62651:HAVEN,Haven Solar Project CSG,MN,Sherburne,staged_only,,3.0,,OP
62652:HHESS,Happy Hollow CSG Hybrid,MA,Worcester,staged_only,,3.3,,OP
62652:HHPV,Happy Hollow CSG Hybrid,MA,Worcester,staged_only,,5.0,,OP
62653:T1,Zephyr Wind Project - 2.0,OH,Hancock,staged_only,,1.5,,OP
62653:T2,Zephyr Wind Project - 2.0,OH,Hancock,staged_only,,1.5,,OP
62653:T3,Zephyr Wind Project - 2.0,OH,Hancock,staged_only,,1.5,,OP
62654:WTG1,Foundation Dole Fresh Vegetables,CA,Monterey,staged_only,,2.8,,OP
62654:WTG2,Foundation Dole Fresh Vegetables,CA,Monterey,staged_only,,2.8,,OP
62655:HLS,HL Solar (Lassen),CA,Lassen,staged_only,,7.6,,OP
62656:HUSOL,Hunter Solar LLC (UT),UT,Emery,staged_only,,100.0,,OP
62657:DWWS,DWW Solar ll,CT,Hartford,staged_only,,36.9,,OP
62658:CF2-1,Cuyahoga Falls 1,OH,Summit,staged_only,,1.8,,OP
62658:CF2-2,Cuyahoga Falls 1,OH,Summit,staged_only,,1.8,,OP
62658:CF2-3,Cuyahoga Falls 1,OH,Summit,staged_only,,1.8,,OP
62658:P001,Cuyahoga Falls 1,OH,Summit,staged_only,,1.5,,OP
62658:P002,Cuyahoga Falls 1,OH,Summit,staged_only,,1.5,,OP
62658:P003,Cuyahoga Falls 1,OH,Summit,staged_only,,1.5,,OP
62658:P004,Cuyahoga Falls 1,OH,Summit,staged_only,,1.5,,OP
62658:P005,Cuyahoga Falls 1,OH,Summit,staged_only,,1.5,,OP
62658:P006,Cuyahoga Falls 1,OH,Summit,staged_only,,1.5,,OP
62659:1081,"Pecan Grove Solar, LLC",NC,Craven,staged_only,,5.0,,OP
62660:1025,"1025 Traveller Solar, LLC",NC,Lee,staged_only,,5.0,,OP
62661:1047,"1047 Little Mountain Solar, LLC",NC,Yadkin,staged_only,,3.0,,OP
62662:22503,"Ennis Solar, LLC",NC,Harnett,staged_only,,5.0,,OP
62663:SO390,Gilcrest Solar,CO,Weld,staged_only,,1.5,,OP
62664:SO393,Quincy Solar (CO),CO,Arapahoe,staged_only,,1.5,,OP
62666:SGSOL,Sigurd Solar LLC,UT,Sevier,staged_only,,80.0,,OP
62667:LFHSL,Lafayette Horizon Solar CSG LLC,CO,Boulder,staged_only,,1.6,,OP
62668:PV1,Maiden Creek Solar Power Plant,NC,Catawba,staged_only,,69.3,,OP
62669:PV1,Gaston Solar Power Plant,NC,Gaston,staged_only,,25.0,,OP
62670:HIGHL,Hecate Energy Highland LLC,OH,Highland,staged_only,,300.0,,OP
62671:EQX1A,Equinix Caspian Dr. Fuel Cell,CA,Santa Clara,staged_only,,2.0,,OP
62671:EQX1B,Equinix Caspian Dr. Fuel Cell,CA,Santa Clara,staged_only,,2.8,,OP
62672:GI,Nautilus Goat Island Solar LLC (CSG),RI,Providence,staged_only,,2.5,,OP
62673:ANX3A,Antelope Expansion 3A,CA,Los Angeles,staged_only,,15.0,,OP
62674:ANX3B,Antelope Expansion 3B,CA,Los Angeles,staged_only,,5.0,,OP
62675:SKIPJ,Skipjack Solar Center,VA,Charles City,staged_only,,175.0,,OP
62676:PV,Epic Verona,WI,Dane,staged_only,,2.7,,OP
62677:26A,IKEA Canton Rooftop PV System,MI,Wayne,staged_only,,0.8,,OP
62677:26B,IKEA Canton Rooftop PV System,MI,Wayne,staged_only,,0.2,,OP
62678:299,Crooked Run,NC,Pender,staged_only,,70.1,,OP
62679:1405,Palmetto Plains,SC,Orangeburg,staged_only,,75.0,,OP
62680:GARFE,Garfield Solar,NJ,Bergen,staged_only,,0.4,,OP
62680:GARFN,Garfield Solar,NJ,Bergen,staged_only,,0.8,,OP
62680:GARFS,Garfield Solar,NJ,Bergen,staged_only,,1.4,,OP
62680:GARMS,Garfield Solar,NJ,Bergen,staged_only,,1.6,,OP
62681:CSIL,CED Champaign Solar LLC,IL,Champaign,staged_only,,1.6,,OP
62682:FAYE1,Noland Wastewater Treatment Plant Hybrid,AR,Washington,staged_only,,5.0,,OP
62682:FAYEB,Noland Wastewater Treatment Plant Hybrid,AR,Washington,staged_only,,6.0,,OP
62683:FAYW1,Westside Wastewater Treatment Plant Hybr,AR,Washington,staged_only,,5.0,,OP
62683:FAYWB,Westside Wastewater Treatment Plant Hybr,AR,Washington,staged_only,,6.0,,OP
62686:PABOE,"TPE Pennsylvania Solar 1, LLC",PA,Lancaster,staged_only,,3.6,,OP
62687:RPNPA,American Canyon Solar,CA,Napa,staged_only,,1.0,,OP
62687:RPNPB,American Canyon Solar,CA,Napa,staged_only,,1.0,,OP
62687:RPNPC,American Canyon Solar,CA,Napa,staged_only,,1.0,,OP
62688:MFARM,Malech Solar Farm,CA,Santa Clara,staged_only,,3.1,,OP
62689:HFARM,Hellyer Solar Farm,CA,Santa Clara,staged_only,,2.2,,OP
62690:GFARM,Guadalupe Solar Farm,CA,Santa Clara,staged_only,,1.7,,OP
62691:PGR05,Shiloh Hwy Solar,NC,Camden,staged_only,,5.0,,OP
62692:PGR04,Sandy Solar,NC,Camden,staged_only,,5.0,,OP
62693:PGR03,Chowan Jehu Solar,NC,Chowan,staged_only,,5.0,,OP
62695:NSES,CED Northampton Solar LLC Hybrid,MA,Hampshire,staged_only,,2.3,,OP
62695:NSMA,CED Northampton Solar LLC Hybrid,MA,Hampshire,staged_only,,4.3,,OP
62696:FS2,FastSun 2 CSG,MN,Dakota,staged_only,,1.0,,OP
62697:NTL3A,Mission College Blvd. Fuel Cell,CA,Santa Clara,staged_only,,2.4,,OP
62697:NTL3B,Mission College Blvd. Fuel Cell,CA,Santa Clara,staged_only,,2.6,,OP
62698:KR059,Kaiser East La Palma Ave. Fuel Cell,CA,Orange,staged_only,,2.2,,OP
62699:KSR24,Kaiser Deer Valley Rd. Fuel Cell,CA,Contra Costa,staged_only,,1.4,,OP
62700:KSR23,Kaiser Owens Dr. Fuel Cell,CA,Alameda,staged_only,,1.0,,OP
62701:KS18A,Kaiser Napa Valley Corporate Dr Fuel Cel,CA,Napa,staged_only,,2.5,,OP
62701:KS18B,Kaiser Napa Valley Corporate Dr Fuel Cel,CA,Napa,staged_only,,2.3,,OP
62702:EQ14A,Equinix Great Oaks Blvd. Fuel Cell,CA,Santa Clara,staged_only,,2.4,,OP
62702:EQ14B,Equinix Great Oaks Blvd. Fuel Cell,CA,Santa Clara,staged_only,,2.1,,OP
62703:EQ13A,Equinix Lundy Ave. Fuel Cell,CA,Santa Clara,staged_only,,1.8,,OP
62703:EQ13B,Equinix Lundy Ave. Fuel Cell,CA,Santa Clara,staged_only,,2.0,,OP
62703:EQX05,Equinix Lundy Ave. Fuel Cell,CA,Santa Clara,staged_only,,1.1,,OP
62704:EQX09,Equinix Douglas St. Fuel Cell,CA,Los Angeles,staged_only,,1.0,,OP
62704:EQX95,Equinix Douglas St. Fuel Cell,CA,Los Angeles,staged_only,,1.0,,OP
62705:EQX08,Equinix Maple Ave. Fuel Cell,CA,Los Angeles,staged_only,,2.0,,OP
62706:SC,Helen Solar CSG,MN,McLeod,staged_only,,4.0,,OP
62707:SC,Walcott Solar CSG,MN,Rice,staged_only,,4.0,,OP
62708:SC,Northfield Solar CSG,MN,Rice,staged_only,,5.0,,OP
62709:SC,Warsaw Solar CSG,MN,Rice,staged_only,,2.0,,OP
62710:SO435,Nationals,DC,District of Columbia,staged_only,,1.0,,OP
62711:PLUM,Plum Creek Wind Project (NE),NE,Wayne,staged_only,,230.0,,OP
62712:BCF,Burlington Coat Factory Solar,NJ,Burlington,staged_only,,2.6,,OP
62713:DSM,DSM Nutritional Products Solar,NJ,Warren,staged_only,,10.0,,OP
62714:BESS1,Eyak Service Center BESS,AK,Valdez Cordova,staged_only,,1.0,,OP
62715:WCCWF,Wildcat Creek Wind Farm LLC,TX,Cooke,staged_only,,175.3,,OP
62718:X0037,Mesa CSG 2 Massicotte,CO,Mesa,staged_only,,1.5,,OP
62719:X0038,Mesa CSG 1 Murdock,CO,Mesa,staged_only,,1.5,,OP
62720:5540,"Chester Woods Point Solar, LLC CSG",MD,Queen Annes,staged_only,,2.0,,OP
62721:SS29,Steel Sun 2: 2303-III-9 Hamburg Tpke,NY,Erie,staged_only,,2.0,,OP
62722:SS24,Steel Sun 2: 2303-III-4 Hamburg Tpke,NY,Erie,staged_only,,2.0,,OP
62723:SS22,Steel Sun 2: 2303-III-2 Hamburg Tpke,NY,Erie,staged_only,,2.0,,OP
62724:HSW,Homer Street West,NY,Cattaraugus,staged_only,,1.6,,OP
62725:HSE,Homer Street East,NY,Cattaraugus,staged_only,,1.6,,OP
62728:X0041,MHG Wallingford,VT,Rutland,staged_only,,2.2,,OP
62730:1,Desper Solar,VA,Louisa,staged_only,,88.2,,OP
62731:1,Middleton Airport Solar,WI,Dane,staged_only,,5.6,,OP
62732:SSPAI,"Solar Star Palo Alto I, LLC",CA,Santa Clara,staged_only,,1.3,,OP
62733:BEH,East Hampton Energy Storage Center,NY,Suffolk,staged_only,,5.0,,OP
62734:BME,Montauk Energy Storage Center,NY,Suffolk,staged_only,,5.0,,OP
62735:M1358,Phoenix Solar South Farms LLC Solar Farm,IL,Champaign,staged_only,,4.7,,OP
62737:WVW,West Valley West,NY,Cattaraugus,staged_only,,5.0,,OP
62738:WVE,West Valley East,NY,Cattaraugus,staged_only,,5.0,,OP
62739:ARDAH,KDC Solar ASGM,NJ,Cumberland,staged_only,,3.8,,OP
62740:52784,"MSC-Empire01, LLC",MN,Dakota,staged_only,,1.0,,OP
62741:CHP,Mount Joy Wire,PA,Lancaster,staged_only,,1.1,,OP
62744:A1,Arcadia Solar,WI,Trempealeau,staged_only,,5.0,,OP
62745:BTRY,Wheatridge Hybrid,OR,Morrow,staged_only,,30.0,,OP
62745:SOLAR,Wheatridge Hybrid,OR,Morrow,staged_only,,50.0,,OP
62745:WIND,Wheatridge Hybrid,OR,Morrow,staged_only,,200.0,,OP
62746:CSCP,KDC Solar CSCP LLC,NJ,Monmouth,staged_only,,3.4,,OP
62747:1,Matilda Hamilton Fee Hydroelectric Stati,KY,Estill,staged_only,,0.5,,OP
62747:2,Matilda Hamilton Fee Hydroelectric Stati,KY,Estill,staged_only,,0.5,,OP
62747:3,Matilda Hamilton Fee Hydroelectric Stati,KY,Estill,staged_only,,0.5,,OP
62747:4,Matilda Hamilton Fee Hydroelectric Stati,KY,Estill,staged_only,,0.5,,OP
62747:5,Matilda Hamilton Fee Hydroelectric Stati,KY,Estill,staged_only,,0.5,,OP
62750:GEN1,Little Manatee River Solar,FL,Hillsborough,staged_only,,74.5,,OP
62752:L1,LafargeHolcim - Paulding Wind Project,OH,Paulding,staged_only,,1.5,,OP
62752:L2,LafargeHolcim - Paulding Wind Project,OH,Paulding,staged_only,,1.5,,OP
62752:L3,LafargeHolcim - Paulding Wind Project,OH,Paulding,staged_only,,1.5,,OP
62753:BESS,Prospect Storage,TX,Brazoria,staged_only,,9.9,,OP
62754:BA,San Diego International Airport BESS,CA,San Diego,staged_only,,2.0,,OP
62755:PROSP,Prospero Solar,TX,Andrews,staged_only,,300.0,,OP
62756:AA001,RC Energy AA LLC Solar Facility,NM,Bernalillo,staged_only,,1.0,,OP
62757:CG1,Bridgewater Complex Co-Generation Plant,MA,Bristol,staged_only,,1.5,,OP
62758:MEHER,Meherrin Solar,VA,Greensville,staged_only,,59.6,,OP
62759:GV,Greenville CSG,NY,Orange,staged_only,,2.0,,OP
62760:WT,Hopkinton CSG,MA,Middlesex,staged_only,,2.0,,OP
62761:CH,Chester CSG,NY,Orange,staged_only,,2.0,,OP
62762:CTG-1,NASA Johnson Space Center CHP,TX,Harris,staged_only,,5.6,,OP
62762:CTG-2,NASA Johnson Space Center CHP,TX,Harris,staged_only,,5.6,,OP
62763:CR,Carver CSG,MA,Plymouth,staged_only,,2.0,,OP
62764:WT,Westtown CSG,NY,Orange,staged_only,,2.0,,OP
62765:CAMPO,El Campo Wind,TX,Knox,staged_only,,242.8,,OP
62766:SCCOT,Scottsburg Solar Park,IN,Scott,staged_only,,7.1,,OP
62767:SGASC,Gas City Solar Park,IN,Grant,staged_only,,2.5,,OP
62768:PCSOL,Piney Creek Solar,VA,Halifax,staged_only,,80.0,,OP
62769:SCOLU,Columbia City Solar Park,IN,Whitley,staged_only,,4.3,,OP
62770:SRIC3,Richmond Solar Park 3,IN,Wayne,staged_only,,6.5,,OP
62771:DBS1,Dry Bridge Solar (Brown University),RI,Washington,staged_only,,10.0,,OP
62771:DBS2,Dry Bridge Solar (Brown University),RI,Washington,staged_only,,10.0,,OP
62771:DBS3,Dry Bridge Solar (Brown University),RI,Washington,staged_only,,10.0,,OP
62771:DBS4,Dry Bridge Solar (Brown University),RI,Washington,staged_only,,10.0,,OP
62772:BTCON,Coniglio Solar,TX,Fannin,staged_only,,123.6,,OP
62773:BTCOO,"BT Cooke Solar, LLC",TX,Cooke,staged_only,,59.0,,OP
62774:BTKEL,Kellam Solar,TX,Van Zandt,staged_only,,59.0,,OP
62775:WILDB,Wildberry,TN,Fayette,staged_only,,15.0,,OP
62776:SCRA4,Crawfordsville Solar Park 4,IN,Montgomery,staged_only,,2.3,,OP
62777:ULSTE,Ulster County Solar,NY,Ulster,staged_only,,1.4,,OP
62778:HEJEA,Hecate Energy Blair Road LLC,FL,Duval,staged_only,,4.0,,OP
62779:MART,Novel Martin Solar One LLC (McLeod) CSG,MN,McLeod,staged_only,,1.0,,OP
62780:100,"Rappahannock Solar, LLC",VA,Lancaster,staged_only,,1.5,,OP
62781:02818,"10 Briggs Solar NG, LLC (East)",RI,Kent,staged_only,,5.0,,OP
62783:BLKJK,Blackjack Creek Wind Farm,TX,Bee,staged_only,,239.6,,OP
62784:FRANK,Franklin Solar Site,NY,Franklin,staged_only,,1.6,,OP
62785:MALON,Malone Solar Site,NY,Franklin,staged_only,,1.1,,OP
62786:12087,"Thanksgiving Fire Solar Farm, LLC",NC,Johnston,staged_only,,2.0,,OP
62788:X0040,Sugarhill Road - Solitude Solar CSG,NY,Saratoga,staged_only,,4.7,,OP
62790:STEL2,Tell City Solar Park,IN,Perry,staged_only,,3.2,,OP
62791:SRIC4,Richmond Solar Park 4,IN,Wayne,staged_only,,7.1,,OP
62792:AMPPM,DG AMP Solar Piqua Manier,OH,Miami,staged_only,,12.6,,OP
62793:SCRA5,Crawfordsville 5 Solar Park,IN,Montgomery,staged_only,,9.8,,OP
62794:SCENT,Centerville Solar Park,IN,Wayne,staged_only,,1.1,,OP
62795:1,Ida Grove II,IA,Ida,staged_only,,201.0,,OP
62797:BBIRD,Bluebird Solar LLC,KY,Harrison,staged_only,,100.0,,OP
62798:FERN,Fern Solar LLC,NC,Edgecombe,staged_only,,100.0,,OP
62799:WIN,Winona Solar,MN,Winona,staged_only,,1.0,,OP
62800:WAB,Wabasha Solar,MN,Wabasha,staged_only,,1.0,,OP
62801:ORN34,Vallecito,CA,Santa Barbara,staged_only,,10.0,,OP
62804:GREA1,Greasewood Solar,TX,Pecos,staged_only,,255.0,,OP
62805:BLOOM,Bloomington Solar I,UT,Washington,staged_only,,2.0,,OP
62806:SCC01,Shelter Creek Condominiums Solar,CA,San Mateo,staged_only,,1.9,,OP
62809:BMP,BMP Wind (TX),TX,Callahan,staged_only,,340.0,,OP
62810:13500,"RIT Henrietta Solar 1, LLC",NY,Monroe,staged_only,,1.6,,OP
62812:MS1,Milford Solar 1,UT,Beaver,staged_only,,99.0,,OP
62813:GRHS,Grasshopper Solar,VA,Mecklenburg,staged_only,,80.0,,OP
62814:SADL,Sadler Solar,VA,Greensville,staged_only,,100.0,,OP
62815:GNWF1,Fairbanks Wind Park,MI,Delta,staged_only,,72.8,,OP
62820:GEN1,"Stony Knoll Solar, LLC",NC,Surry,staged_only,,22.6,,OP
62821:GEN1,"Speedway Solar NC, LLC",NC,Cabarrus,staged_only,,22.6,,OP
62822:GEN1,"Broad River Solar, LLC",NC,Cleveland,staged_only,,50.0,,OP
62824:DEVEN,"GSPP Devens, LLC",MA,Middlesex,staged_only,,2.2,,OP
62825:WESTF,GSPP Terrawatt Westfield LLC CSG,MA,Hampden,staged_only,,3.6,,OP
62826:RAYN,"GSPP Raynham TMLP, LLC CSG",MA,Bristol,staged_only,,2.3,,OP
62827:AJAXS,"Ajax Solar, LLC (MA)",MA,Plymouth,staged_only,,3.8,,OP
62828:BOW,TWE Bowman Solar Project,SC,Orangeburg,staged_only,,75.0,,OP
62829:HELDM,GSPP Held LLC CSG,MN,Stearns,staged_only,,3.0,,OP
62830:IMHOL,GSPP Imholte CSG,MN,Stearns,staged_only,,1.0,,OP
62831:25,Hickory Grove #1,NY,Chemung,staged_only,,2.0,,OP
62831:309,Hickory Grove #1,NY,Chemung,staged_only,,1.7,,OP
62833:PV,Hastings Community Solar Farm,NE,Adams,staged_only,,1.5,,OP
62834:871,Podunk Road CSG,NY,Tompkins,staged_only,,2.2,,OP
62836:MNW,Maryneal Windpower,TX,Nolan,staged_only,,182.4,,OP
62837:FW2,Frontier Windpower II,OK,Kay,staged_only,,351.8,,OP
62839:ESS98,98th Street Battery Storage Station,NY,Queens,staged_only,,2.0,,OP
62840:MTBRZ,"Mountain Breeze Wind, LLC",CO,Weld,staged_only,,171.7,,OP
62842:1-003,Nextsun Energy Littleton,MA,Middlesex,staged_only,,3.8,,OP
62843:PV1,Garnet Solar (NY),NY,Warren,staged_only,,1.9,,OP
62844:NA,Cranberry Point Energy Storage,MA,Plymouth,staged_only,,150.0,,OP
62845:SP1,ENGIE Long Draw Solar LLC,TX,Borden,staged_only,,225.0,,OP
62847:FEN6,Fennimore Solar,WI,Grant,staged_only,,3.0,,OP
62848:NEW9,New Lisbon Solar,WI,Juneau,staged_only,,2.5,,OP
62849:CUM4,Cumberland Solar,WI,Barron,staged_only,,2.5,,OP
62853:MVRCK,Maverick Creek Wind,TX,Concho,staged_only,,491.6,,OP
62854:SJS,St. James Solar (LA),LA,St James,staged_only,,20.0,,OP
62855:WRAYM,West Raymond Wind Farm LLC,TX,Willacy,staged_only,,239.8,,OP
62857:WIND1,RoxWind,ME,Oxford,staged_only,,15.3,,OP
62858:CAS3,Cashton Solar,WI,Monroe,staged_only,,2.0,,OP
62859:COV-1,Coventry Clean Energy Corporation,VT,Orleans,staged_only,,1.6,,OP
62859:COV-2,Coventry Clean Energy Corporation,VT,Orleans,staged_only,,1.6,,OP
62859:COV-3,Coventry Clean Energy Corporation,VT,Orleans,staged_only,,1.6,,OP
62859:COV-4,Coventry Clean Energy Corporation,VT,Orleans,staged_only,,1.6,,OP
62859:COV-5,Coventry Clean Energy Corporation,VT,Orleans,staged_only,,1.6,,OP
62860:263,Chambers Road Solar,NY,Chemung,staged_only,,4.0,,OP
62861:FOR7,Forest City Solar,IA,Winnebago,staged_only,,3.0,,OP
62862:ES1,Nabb Battery Energy Storage System,IN,Clark,staged_only,,5.0,,OP
62868:ELR5,Elroy Solar,WI,Juneau,staged_only,,1.5,,OP
62869:STC10,St. Charles Solar,MN,Winona,staged_only,,2.0,,OP
62870:79711,Gardner - Otter River Road,MA,Worcester,staged_only,,2.5,,OP
62871:BGSPS,Boiling Springs Wind Farm,OK,Woodward,staged_only,,148.4,,OP
62873:7474,Carolina Poultry Power Farmville,NC,Pitt,staged_only,,0.8,,OP
62873:7475,Carolina Poultry Power Farmville,NC,Pitt,staged_only,,0.8,,OP
62873:7476,Carolina Poultry Power Farmville,NC,Pitt,staged_only,,0.1,,OP
62874:ACOR1,Acorn I Energy Storage LLC,CA,Ventura,staged_only,,2.0,,OP
62875:WILD1,Wildcat I Energy Storage LLC,CA,Riverside,staged_only,,3.0,,OP
62876:DCA1,Amazon Maryland DCA1,MD,Baltimore,staged_only,,1.3,,OP
62877:ADEN3,Amazon Denver DEN3,CO,Adams,staged_only,,4.6,,OP
62878:MCCOT,McCleskey Cotton,GA,Terrell,staged_only,,1.9,,OP
62879:COBRY,Columbia Bryson,GA,Columbia,staged_only,,1.4,,OP
62881:MUSPW,Muscogee Public Works,GA,Muscogee,staged_only,,1.5,,OP
62882:OLDRY,Oil Dri 2 Solar,GA,Thomas,staged_only,,1.4,,OP
62883:TELTO,Telfair Thompson,GA,Telfair,staged_only,,1.9,,OP
62884:RICHA,Richmond Hayes Solar,GA,Richmond,staged_only,,2.3,,OP
62885:TROUP,Troup RC50,GA,Harris,staged_only,,2.3,,OP
62886:WILKD,Wilkinson DeFore (Westbound),GA,Wilkinson,staged_only,,2.3,,OP
62887:FREAV,Freeman Avenue,GA,Sumter,staged_only,,1.4,,OP
62889:HEGJF,Hecate Energy Johanna Facility,CA,Orange,staged_only,,10.0,,OP
62889:HJFII,Hecate Energy Johanna Facility,CA,Orange,staged_only,,10.0,,OP
62890:BOXBR,GSPP Boxborough Littleton (MA),MA,Middlesex,staged_only,,4.0,,OP
62891:ROSEW,Rosewater Wind Farm,IN,White,staged_only,,102.0,,OP
62893:PWOLF,Prairie Wolf Solar LLC,IL,Coles,staged_only,,200.0,,OP
62897:HHCW1,Holiday Hill Community Wind,MA,Hampden,staged_only,,5.0,,OP
62898:X0042,Town of Burrillville Solar CSG,RI,Providence,staged_only,,3.3,,OP
62899:EASTL,East Line Solar,AZ,Pinal,staged_only,,100.0,,OP
62900:PV,Somerville Solar,TN,Fayette,staged_only,,2.3,,OP
62901:CCHP,Phoenix Contact - CCHP Plant,PA,Dauphin,staged_only,,1.0,,OP
62902:WUS15,Windsor Floating Solar,CA,Sonoma,staged_only,,1.5,,OP
62903:NPSP1,NorthPark Solar,NJ,Monmouth,staged_only,,6.1,,OP
62903:NPSP2,NorthPark Solar,NJ,Monmouth,staged_only,,4.5,,OP
62904:NPSMH,Milhurst Solar,NJ,Monmouth,staged_only,,1.3,,OP
62905:DAY04,Day Four Solar LLC,NJ,Burlington,staged_only,,4.5,,OP
62906:AUGSF,Augusta Solar Farm,NJ,Sussex,staged_only,,2.9,,OP
62907:VEC,Hinesburg,VT,Chittenden,staged_only,,1.9,,OP
62908:BA,Anoka BESS,MN,Anoka,staged_only,,6.0,,OP
62909:ERAYM,"Raymond Wind Farm, LLC",TX,Willacy,staged_only,,200.2,,OP
62910:X0008,MNCPPC Germantown Solar,MD,Montgomery,staged_only,,1.0,,OP
62911:GILL,Kearsarge Gill,MA,Franklin,staged_only,,2.0,,OP
62912:137,Solar Hagerstown,MD,Washington,staged_only,,10.0,,OP
62914:1,Nassau Solar Center,FL,Nassau,staged_only,,74.5,,OP
62915:1,Magnolia Springs Solar Center,FL,Clay,staged_only,,74.5,,OP
62916:1,Trailside Solar Center,FL,St Johns,staged_only,,74.5,,OP
62917:1,Rodeo Solar Center,FL,DeSoto,staged_only,,74.5,,OP
62918:HYD1,Notre Dame Hydro,IN,St Joseph,staged_only,,2.5,,OP
62919:1,Orange Blossom Solar Center,FL,Indian River,staged_only,,74.5,,OP
62921:1,Palm Bay Solar,FL,Brevard,staged_only,,74.5,,OP
62922:1,Lakeside Solar Center,FL,Okeechobee,staged_only,,74.5,,OP
62923:1,Union Springs Solar Center,FL,Union,staged_only,,74.5,,OP
62924:1,Pelican Solar Center,FL,St Lucie,staged_only,,74.5,,OP
62925:1,Egret Solar Center,FL,Baker,staged_only,,74.5,,OP
62926:01,"Jackson Generation, LLC",IL,Will,staged_only,,644.3,,OP
62926:02,"Jackson Generation, LLC",IL,Will,staged_only,,644.3,,OP
62931:PRATT,City of Pratt Solar,KS,Pratt,staged_only,,6.0,,OP
62932:OBR1B,Oberon IB,TX,Ector,staged_only,,30.0,,OP
62933:OBR1A,Oberon IA,TX,Ector,staged_only,,150.0,,OP
62935:OCHW,"Orchard Windfarm 1, LLC",OR,Morrow,staged_only,,10.0,,OP
62936:RAT,Rattlesnake Flat,WA,Adams,staged_only,,144.0,,OP
62937:BA,Athens BESS,MN,Isanti,staged_only,,6.0,,OP
62938:39001,Glen Ullin Energy Center,ND,Morton,staged_only,,106.7,,OP
62939:41001,South Peak Wind,MT,Judith Basin,staged_only,,80.0,,OP
62940:PV,Starratt Solar,FL,Duval,staged_only,,5.0,,OP
62941:AMPRR,DG AMP Rittman Rd,OH,Medina,staged_only,,2.6,,OP
62942:A1048,DG AMP 1048 Wadsworth,OH,Medina,staged_only,,6.3,,OP
62943:GEN1,Deuel Harvest Wind Energy LLC,SD,Deuel,staged_only,,300.0,,OP
62944:TRIV,Timber Road IV,OH,Paulding,staged_only,,125.1,,OP
62945:FJSOL,Fighting Jays Solar Project,TX,Fort Bend,staged_only,,227.5,,OP
62946:DICK,Dickinson Solar,PA,Cumberland,staged_only,,3.0,,OP
62948:CRPT5,NASA Wallops Flight Facility Solar,VA,Accomack,staged_only,,0.1,,OP
62948:CRPT6,NASA Wallops Flight Facility Solar,VA,Accomack,staged_only,,0.1,,OP
62948:CRPT7,NASA Wallops Flight Facility Solar,VA,Accomack,staged_only,,0.1,,OP
62948:TRCK1,NASA Wallops Flight Facility Solar,VA,Accomack,staged_only,,4.0,,OP
62949:GPS1,Guernsey Power Station,OH,Guernsey,staged_only,,685.0,,OP
62949:GPS2,Guernsey Power Station,OH,Guernsey,staged_only,,685.0,,OP
62949:GPS3,Guernsey Power Station,OH,Guernsey,staged_only,,685.0,,OP
62950:BLUE1,Bluestone Solar,VA,Mecklenburg,staged_only,,49.9,,OP
62951:HAWT1,Hawtree Solar,NC,Warren,staged_only,,65.0,,OP
62952:CRW01,Cheyenne Ridge Wind Farm,CO,Cheyenne,staged_only,,498.4,,OP
62953:1080,Griffin Solar,TX,McLennan,staged_only,,5.0,,OP
62955:GEN1,Badger Hollow I,WI,Iowa,staged_only,,150.0,,OP
62956:GEN1,Thunderhead Wind Energy LLC,NE,Antelope,staged_only,,300.0,,OP
62957:IRNMT,DG Iron Mountain,NJ,Middlesex,staged_only,,5.4,,OP
62958:INFNM,DG Infineum,NJ,Union,staged_only,,2.0,,OP
62959:WHIT1,Whitehorn Solar,VA,Pittsylvania,staged_only,,50.0,,OP
62960:KC,Kimberly-Clark Solar,GA,Troup,staged_only,,2.3,,OP
62961:BROOT,Novel Brooten Solar CSG,MN,Stearns,staged_only,,1.0,,OP
62962:REBER,Novel Reber Solar CSG,MN,Stearns,staged_only,,1.0,,OP
62963:HIST,Novel Historical Society Solar CSG,MN,Renville,staged_only,,1.0,,OP
62964:EL50M,El Sol BESS,AZ,Maricopa,staged_only,,50.0,,OP
62966:HERB,Novel Herber Solar CSG,MN,Winona,staged_only,,1.0,,OP
62967:HERIC,Novel Herickhoff Solar CSG,MN,Douglas,staged_only,,1.0,,OP
62968:SYTKB,Syncarpha Tewksbury Hybrid CSG,MA,Middlesex,staged_only,,2.0,,OP
62968:SYTKS,Syncarpha Tewksbury Hybrid CSG,MA,Middlesex,staged_only,,2.8,,OP
62969:SYP1B,Syncarpha Puddon I Hybrid CSG,MA,Worcester,staged_only,,4.0,,OP
62969:SYP1S,Syncarpha Puddon I Hybrid CSG,MA,Worcester,staged_only,,5.0,,OP
62970:SYP2B,Syncarpha Puddon II Hybrid CSG,MA,Worcester,staged_only,,4.0,,OP
62970:SYP2S,Syncarpha Puddon II Hybrid CSG,MA,Worcester,staged_only,,5.0,,OP
62971:SYWEB,Syncarpha Westminster Hybrid CSG,MA,Worcester,staged_only,,2.9,,OP
62971:SYWES,Syncarpha Westminster Hybrid CSG,MA,Worcester,staged_only,,4.7,,OP
62972:SYLEB,Syncarpha Leicester Hybrid CSG,MA,Worcester,staged_only,,2.0,,OP
62972:SYLES,Syncarpha Leicester Hybrid CSG,MA,Worcester,staged_only,,2.6,,OP
62973:SYHAB,Syncarpha Halifax Hybrid CSG,MA,Plymouth,staged_only,,1.6,,OP
62973:SYHAS,Syncarpha Halifax Hybrid CSG,MA,Plymouth,staged_only,,1.7,,OP
62974:SYMIB,Syncarpha Millbury Hybrid (CSG),MA,Worcester,staged_only,,3.8,,OP
62974:SYMIS,Syncarpha Millbury Hybrid (CSG),MA,Worcester,staged_only,,5.0,,OP
62975:SYBLB,Syncarpha Blandford Hybrid CSG,MA,Hampden,staged_only,,3.9,,OP
62975:SYBLS,Syncarpha Blandford Hybrid CSG,MA,Hampden,staged_only,,4.9,,OP
62976:SYNOB,Syncarpha Northampton Hybrid CSG,MA,Hampshire,staged_only,,2.0,,OP
62976:SYNOS,Syncarpha Northampton Hybrid CSG,MA,Hampshire,staged_only,,3.6,,OP
62977:SYN1B,Syncarpha Northbridge I Hybrid(CSG),MA,Worcester,staged_only,,4.0,,OP
62977:SYN1S,Syncarpha Northbridge I Hybrid(CSG),MA,Worcester,staged_only,,5.0,,OP
62978:SYN2B,Syncarpha Northbridge II Hybrid CSG,MA,Worcester,staged_only,,3.0,,OP
62978:SYN2S,Syncarpha Northbridge II Hybrid CSG,MA,Worcester,staged_only,,5.0,,OP
62979:DECO,Novel DeCook Solar CSG,MN,Olmsted,staged_only,,1.0,,OP
62980:PV,Turquoise Liberty Solar,NV,Washoe,staged_only,,10.0,,OP
62981:BESS,East Pulaski BESS,NY,Oswego,staged_only,,2.0,,OP
62982:SCHM,Novel Schmoll Farms Solar CSG,MN,Dodge,staged_only,,1.0,,OP
62983:PED,Novel Pederson Solar CSG,MN,Benton,staged_only,,1.0,,OP
62984:JEWI,Novel Jewison Solar CSG,MN,Waseca,staged_only,,1.0,,OP
62985:BYRN,Novel Byron Solar CSG,MN,Olmsted,staged_only,,1.0,,OP
62986:KANE,Novel Kanewischer Solar CSG,MN,Waseca,staged_only,,1.0,,OP
62987:GHSP,Grossmont HS Solar Project,CA,San Diego,staged_only,,1.4,,OP
62988:CAWF1,Wildflower Solar 1,CA,Sacramento,staged_only,,13.0,,OP
62989:PAWT1,Whitetail Solar 1,PA,Franklin,staged_only,,13.5,,OP
62990:PAWT2,Whitetail Solar 2,PA,Franklin,staged_only,,20.0,,OP
62991:PAWT3,Whitetail Solar 3,PA,Franklin,staged_only,,20.0,,OP
62992:GPNOR,Goose Pond Solar,MA,Hampden,staged_only,,2.0,,OP
62992:GPSOU,Goose Pond Solar,MA,Hampden,staged_only,,2.0,,OP
62993:KSJC1,Johnson Corner Solar 1,KS,Stanton,staged_only,,20.0,,OP
62994:NMBW1,Bluewater CDEC 1,NM,Cibola,staged_only,,2.4,,OP
62995:NMGR1,Grants CDEC 2,NM,Cibola,staged_only,,4.5,,OP
62996:PGR08,ESA Four Oaks 2 NC LLC,NC,Johnston,staged_only,,2.0,,OP
62997:PGR09,"Spring Hope Solar 3, LLC",NC,Nash,staged_only,,5.0,,OP
62998:ASHDO,"25 Ashdown Road Solar, LLC",NY,Saratoga,staged_only,,4.0,,OP
62999:BESS,"Finchville Solar, LLC Hybrid CSG",NY,Orange,staged_only,,3.0,,OP
62999:FINCH,"Finchville Solar, LLC Hybrid CSG",NY,Orange,staged_only,,5.0,,OP
63000:BESS,"RT 52 Walden Solar 1, LLC Hybrid",NY,Orange,staged_only,,4.0,,OP
63000:WALDN,"RT 52 Walden Solar 1, LLC Hybrid",NY,Orange,staged_only,,5.0,,OP
63001:OH1,Whitegrass No. 1,NV,Lyon,staged_only,,1.9,,OP
63001:OH2,Whitegrass No. 1,NV,Lyon,staged_only,,1.9,,OP
63001:OL1,Whitegrass No. 1,NV,Lyon,staged_only,,1.3,,OP
63001:OL2,Whitegrass No. 1,NV,Lyon,staged_only,,1.3,,OP
63003:1,Midland Wind,IL,Henry,staged_only,,105.5,,OP
63004:BART,Novel Bartel Solar CSG,MN,Olmsted,staged_only,,1.0,,OP
63005:HALY,Novel Haley Solar CSG,MN,Waseca,staged_only,,1.0,,OP
63007:MNDT,Novel MNDot Solar CSG,MN,Washington,staged_only,,1.0,,OP
63008:WINE,Novel Winegar Partnership Solar CSG,MN,Waseca,staged_only,,1.0,,OP
63009:PETR,Novel Peter Solar CSG,MN,Le Sueur,staged_only,,1.0,,OP
63010:BNDX,Novel Benedix Solar CSG,MN,Dodge,staged_only,,1.0,,OP
63011:BESS,"Cronin Road Solar 1, LLC CSG Hybrid",MA,Worcester,staged_only,,1.5,,OP
63011:CRONI,"Cronin Road Solar 1, LLC CSG Hybrid",MA,Worcester,staged_only,,1.5,,OP
63012:SWANN,"Ransomville Solar 1, LLC",NY,Niagara,staged_only,,5.0,,OP
63013:STATE,"Johnstown Solar 1, LLC",NY,Fulton,staged_only,,4.0,,OP
63015:1088,Plott Hound Solar,NC,Craven,staged_only,,5.0,,OP
63016:1096,Carolina Lily Solar,NC,Davie,staged_only,,5.0,,OP
63017:1090,Ray Wilson Solar,NC,Davie,staged_only,,5.0,,OP
63019:GRN1,Green Lake Solar,MI,Grand Traverse,staged_only,,1.0,,OP
63020:TCLP1,TCLP Solar Phase 1,MI,Leelanau,staged_only,,1.0,,OP
63021:232,SCCCD - Clovis Community College,CA,Fresno,staged_only,,1.2,,OP
63022:1,Fort Carson Battery Energy Storage Syste,CO,El Paso,staged_only,,4.2,,OP
63024:KEH,"Hertford Solar Power, LLC",NC,Hertford,staged_only,,10.0,,OP
63025:V110,Clear Creek Wind,MO,Nodaway,staged_only,,22.0,,OP
63025:V120,Clear Creek Wind,MO,Nodaway,staged_only,,220.0,,OP
63026:GEN1,Yum Yum Solar LLC,TN,Fayette,staged_only,,147.0,,OP
63027:20,Mars Solar,TX,Webb,staged_only,,10.0,,OP
63029:GEN1,Hardin Solar Energy LLC,OH,Hardin,staged_only,,150.0,,OP
63030:CBRKS,"Canadian Breaks, LLC",TX,Deaf Smith,staged_only,,210.1,,OP
63031:GLSO,Gloucester Solar,VA,Gloucester,staged_only,,19.9,,OP
63033:FS19,FastSun 19 CSG,MN,Dakota,staged_only,,1.0,,OP
63034:FS18,FastSun 18 CSG,MN,Winona,staged_only,,1.0,,OP
63035:FS13,FastSun 13 CSG,MN,Douglas,staged_only,,1.0,,OP
63036:FS14,FastSun 14 CSG,MN,Blue Earth,staged_only,,1.0,,OP
63037:FS11,FastSun 11 CSG,MN,Goodhue,staged_only,,1.0,,OP
63038:FS10,FastSun 10 CSG,MN,Goodhue,staged_only,,1.0,,OP
63039:FS8,FastSun 8 CSG,MN,Nicollet,staged_only,,1.0,,OP
63040:FS9,FastSun 9 CSG,MN,Goodhue,staged_only,,1.0,,OP
63041:HANRA,Lane Ave Solar LLC,MA,Worcester,staged_only,,1.5,,OP
63042:FS3,FastSun 3 CSG,MN,Stearns,staged_only,,1.0,,OP
63043:FS7,FastSun 7 CSG,MN,McLeod,staged_only,,1.0,,OP
63044:BESS,Ryan Road Solar LLC Hybrid(CSG),MA,Worcester,staged_only,,4.3,,OP
63044:ORCHA,Ryan Road Solar LLC Hybrid(CSG),MA,Worcester,staged_only,,4.3,,OP
63045:FS5,FastSun 5 CSG,MN,Winona,staged_only,,1.0,,OP
63046:FS1,FastSun 1 CSG,MN,Meeker,staged_only,,1.0,,OP
63047:HEYES,W. Orange Rd Solar LLC,MA,Franklin,staged_only,,5.0,,OP
63048:DESMO,Wilbur Woods Solar LLC,MA,Franklin,staged_only,,5.0,,OP
63049:GEN1,Prineville Solar Energy LLC,OR,Crook,staged_only,,40.0,,OP
6304:13WT,Kotzebue Hybrid,AK,NORTHWEST ARCTIC,existing_only,0.1,,OP,
6304:14wt,Kotzebue Hybrid,AK,NORTHWEST ARCTIC,existing_only,0.1,,OP,
6304:15WT,Kotzebue Hybrid,AK,NORTHWEST ARCTIC,existing_only,0.1,,OP,
6304:16WT,Kotzebue Hybrid,AK,NORTHWEST ARCTIC,existing_only,0.1,,OP,
6304:17WT,Kotzebue Hybrid,AK,NORTHWEST ARCTIC,existing_only,0.1,,OP,
6304:1WT,Kotzebue Hybrid,AK,NORTHWEST ARCTIC,existing_only,0.6,,OP,
6304:2WT,Kotzebue Hybrid,AK,NORTHWEST ARCTIC,existing_only,0.1,,OP,
6304:3WT,Kotzebue Hybrid,AK,NORTHWEST ARCTIC,existing_only,0.2,,OP,
63050:GEN1,Millican Solar Energy LLC,OR,Crook,staged_only,,70.0,,OP
63051:32,Hollygrove CSG,NY,Wayne,staged_only,,2.0,,OP
63052:106,Guildlerland CSG,NY,Albany,staged_only,,2.0,,OP
63053:PAWF,Palo Alto Wind Farm,IA,Palo Alto,staged_only,,250.0,,OP
63053:PAWF2,Palo Alto Wind Farm,IA,Palo Alto,staged_only,,90.0,,OP
63054:CALTR,CalCity Solar 1,CA,Kern,staged_only,,3.0,,OP
63055:26,Howland CSG,NY,Oswego,staged_only,,2.0,,OP
63056:131,Gifford CSG,NY,Schenectady,staged_only,,2.0,,OP
63057:114,Czub CSG,NY,Rensselaer,staged_only,,2.0,,OP
63058:199,Mereand CSG,NY,Jefferson,staged_only,,2.0,,OP
63059:19,Aegis CSG,NY,Ontario,staged_only,,2.0,,OP
63060:28,Pearl CSG,NY,Genesee,staged_only,,2.0,,OP
63060:29,Pearl CSG,NY,Genesee,staged_only,,2.0,,OP
63061:CLVR,Clover Creek Solar Community Solar,UT,Juab,staged_only,,80.0,,OP
63062:1,Fort Valley State University Solar,GA,Peach,staged_only,,10.8,,OP
63063:GT01,Duke Energy CHP at Clemson University,SC,Pickens,staged_only,,13.4,,OP
63064:ES1,Asheville-Rock Hill Battery,NC,Buncombe,staged_only,,8.8,,OP
63068:231,SCCCD - Fresno Community College,CA,Fresno,staged_only,,2.2,,OP
63069:1823,Harmony Road Solar,IL,McHenry,staged_only,,1.9,,OP
63070:1820,Square Barn Solar,IL,McHenry,staged_only,,1.5,,OP
63071:1822,Reed Road Solar,IL,McHenry,staged_only,,1.3,,OP
63072:18,BTC2 Solar (CSG),MD,Baltimore,staged_only,,2.0,,OP
63073:1817,Mooseheart School Solar,IL,Kane,staged_only,,2.0,,OP
63074:234,Reedley Community College Solar,CA,Fresno,staged_only,,2.6,,OP
63075:20,Upper Marlboro 1 CSG,MD,Prince Georges,staged_only,,2.0,,OP
63076:GUTN,Gutenberg Solar,NC,Northampton,staged_only,,79.9,,OP
63077:VATC,"Twittys Creek Solar, LLC",VA,Charlotte,staged_only,,13.8,,OP
63078:EGCRK,Eagle Creek,CA,Kern,staged_only,,3.0,,OP
63079:157,Bethlehem Solar,NY,Albany,staged_only,,1.7,,OP
63080:GEN1,Harry Allen Solar Energy LLC,NV,Clark,staged_only,,100.0,,OP
63081:SMI,San Miguel I Solar Energy Center,NM,San Miguel,staged_only,,10.0,,OP
63082:SMII,San Miguel II Solar Energy Center,NM,San Miguel,staged_only,,10.0,,OP
63083:ENX04,Caden Energix Pamplin LLC,VA,Appomattox,staged_only,,15.7,,OP
63084:ENX02,Caden Energix Hickory LLC,VA,Chesapeake City,staged_only,,20.0,,OP
63084:ENX03,Caden Energix Hickory LLC,VA,Chesapeake City,staged_only,,12.0,,OP
63085:15124,White CSG,MD,Baltimore,staged_only,,2.0,,OP
63086:1731,Frog Hollow CSG,NY,Ulster,staged_only,,2.0,,OP
63087:ENX01,Caden Energix Rives Road LLC,VA,Prince George,staged_only,,19.7,,OP
63089:15122,Gibbons CSG,MD,Worcester,staged_only,,2.0,,OP
63090:COOPR,Athens - Coopers Corner BESS,MN,Isanti,staged_only,,3.0,,OP
63092:RIVER,Riverview Solar,CO,Logan,staged_only,,1.5,,OP
63093:VW01,Vineyard Wind 1,MA,Dukes,staged_only,,800.0,,OP
63094:G100,Santa Barbara ReSource Center,CA,Santa Barbara,staged_only,,1.4,,OP
63094:G200,Santa Barbara ReSource Center,CA,Santa Barbara,staged_only,,1.4,,OP
63094:SBAD1,Santa Barbara ReSource Center,CA,Santa Barbara,staged_only,,1.1,,OP
63094:SBAD2,Santa Barbara ReSource Center,CA,Santa Barbara,staged_only,,1.1,,OP
63094:SOLAR,Santa Barbara ReSource Center,CA,Santa Barbara,staged_only,,0.8,,OP
63100:WTG,Prairie Hill Wind Project,TX,Limestone,staged_only,,300.0,,OP
63101:WTG,Las Lomas Wind Project,TX,Zapata,staged_only,,201.6,,OP
63102:WTG,Dakota Range III Wind Project,SD,Grant,staged_only,,153.6,,OP
63103:WTG,Triple H Wind Project,SD,Hyde,staged_only,,250.2,,OP
63104:WTG,King Plains Wind Project,OK,Garfield,staged_only,,248.2,,OP
63105:1,Two Creeks Solar,WI,Manitowoc,staged_only,,150.0,,OP
63106:21,Dover CSG,NY,Dutchess,staged_only,,2.0,,OP
63107:1725,Howell CSG,NY,Orange,staged_only,,2.0,,OP
63108:30,Strauss CSG,NY,Seneca,staged_only,,2.0,,OP
63109:1,Discovery Solar Center,FL,Brevard,staged_only,,74.5,,OP
63110:1,Sabal Palm Solar Center,FL,Palm Beach,staged_only,,74.5,,OP
63112:22,Ellsworth I CSG,NY,Saratoga,staged_only,,2.0,,OP
63114:MCWF,Mohave County Wind Farm,AZ,Mohave,staged_only,,350.0,,OP
63116:52838,Dakota Community Solar One LLC CSG,MN,Dakota,staged_only,,1.0,,OP
63117:52834,Douglas Todd Community Solar One LLC CSG,MN,Douglas,staged_only,,1.0,,OP
63118:52824,Meeker Community Solar One LLC CSG,MN,Meeker,staged_only,,1.0,,OP
63119:52832,McLeod Community Solar One LLC CSG,MN,McLeod,staged_only,,1.0,,OP
63120:52828,Nicollet Community Solar One LLC,MN,Nicollet,staged_only,,1.0,,OP
63121:52825,Stearns Community Solar One LLC CSG,MN,Stearns,staged_only,,1.0,,OP
63122:52814,Sherburne Community Solar One LLC CSG,MN,Sherburne,staged_only,,1.0,,OP
63123:SYNTA,Syncarpha Taos,NM,Taos,staged_only,,3.1,,OP
63124:SYNEL,Syncarpha El Rito,NM,Rio Arriba,staged_only,,1.6,,OP
63125:SYNQU,Syncarpha Questa,NM,Taos,staged_only,,1.6,,OP
63127:DS,Drew Solar LLC,CA,Imperial,staged_only,,100.0,,OP
63128:ISLLC,Iris Solar LLC,LA,Washington,staged_only,,50.0,,OP
63129:ALLIS,Allis Medina Solar LLC CSG,NY,Orleans,staged_only,,5.0,,OP
63130:BEALS,Beals Medina Solar LLC CSG,NY,Orleans,staged_only,,3.5,,OP
63131:GRDNR,West Street Solar 1 LLC,MA,Worcester,staged_only,,5.0,,OP
63132:WEAVR,Weaver Wind,ME,Hancock,staged_only,,72.6,,OP
63133:82059,Roundhouse Wind Energy Project,WY,Laramie,staged_only,,124.0,,OP
63133:82060,Roundhouse Wind Energy Project,WY,Laramie,staged_only,,79.0,,OP
63133:82061,Roundhouse Wind Energy Project,WY,Laramie,staged_only,,23.0,,OP
63136:HH1,Hopkins Hill CSG,RI,Kent,staged_only,,3.3,,OP
63136:HH2,Hopkins Hill CSG,RI,Kent,staged_only,,3.3,,OP
63137:PV1,Tippecanoe Solar Power Plant,IN,Tippecanoe,staged_only,,1.6,,OP
63138:USHAV,USS Haven Solar LLC CSG,MN,Sherburne,staged_only,,1.0,,OP
63139:USSWC,USS White Cloud LLC CSG,MN,Sherburne,staged_only,,1.0,,OP
63140:USSWS,USS Westeros Solar LLC CSG,MN,Carver,staged_only,,1.0,,OP
63141:SNRSE,USS Sunrise Solar LLC CSG,MN,Chisago,staged_only,,1.0,,OP
63142:MLKWD,USS Milkweed Solar LLC CSG,MN,Stearns,staged_only,,1.0,,OP
63143:GRHSE,USS Greenhouse Solar LLC CSG,MN,Goodhue,staged_only,,1.0,,OP
63144:MAYHW,USS Mayhew Solar LLC CSG,MN,Benton,staged_only,,1.0,,OP
63145:CHYNE,USS Cheyenne Solar LLC CSG,MN,Chisago,staged_only,,1.0,,OP
63146:MDTWN,USS Midtown Solar LLC CSG,MN,Stearns,staged_only,,1.0,,OP
63147:MNRCH,USS Monarch Solar LLC CSG,MN,Pope,staged_only,,1.0,,OP
63148:TURKY,USS Turkey Solar LLC CSG,MN,Meeker,staged_only,,1.0,,OP
63149:FRANK,Franklin Solar (NJ),NJ,Warren,staged_only,,8.8,,OP
63150:POHAT,Pohatcong Solar Farm,NJ,Warren,staged_only,,8.0,,OP
63151:SOURC,USS Solar Sources LLC CSG,MN,Washington,staged_only,,1.0,,OP
63152:CHRST,USS Christoffer Solar LLC CSG,MN,Chippewa,staged_only,,1.0,,OP
63153:BUCKR,USS Buckaroo Solar LLC CSG,MN,Clay,staged_only,,1.0,,OP
63154:HORNN,USS Horne North Solar LLC CSG,MN,Clay,staged_only,,1.0,,OP
63155:HORNS,USS Horne South Solar LLC CSG,MN,Clay,staged_only,,1.0,,OP
63156:JJCLY,USS JJ Clay Solar LLC CSG,MN,Clay,staged_only,,1.0,,OP
63157:VERDE,USS Verde Solar LLC CSG,MN,Redwood,staged_only,,1.0,,OP
63158:COUGR,USS Cougar Solar LLC CSG,MN,Redwood,staged_only,,1.0,,OP
63159:FLOWR,USS Flower Solar LLC CSG,MN,Nicollet,staged_only,,1.0,,OP
63160:ALLIN,USS All In Solar LLC CSG,MN,Freeborn,staged_only,,1.0,,OP
63161:TNWDA,AES Tonawanda Solar LLC,NY,Erie,staged_only,,2.0,,OP
63163:SIFRS,Tom Sifers Solar,CO,Grand,staged_only,,1.0,,OP
63164:WHSKY,Whiskey Hill Solar,CO,Jackson,staged_only,,1.0,,OP
63165:RENDR,USS Reindeer Solar LLC CSG,MN,Benton,staged_only,,1.0,,OP
63166:BUSH,USS Bush Solar LLC CSG,MN,Steele,staged_only,,1.0,,OP
63167:HNCCK,USS Hancock Solar LLC CSG,MN,Carver,staged_only,,1.0,,OP
63168:PHSNT,USS Pheasant Solar LLC CSG,MN,Chippewa,staged_only,,1.0,,OP
63169:KVPV,USS KVPV Solar LLC CSG,MN,Clay,staged_only,,1.0,,OP
63170:KASS,USS Kass Solar LLC,MN,Lyon,staged_only,,1.0,,OP
63171:CHROT,USS Chariot Solar LLC,MN,Renville,staged_only,,1.0,,OP
63172:ARESS,Arroyo Solar Energy Storage Hybrid,NM,McKinley,staged_only,,150.0,,OP
63172:ARSOL,Arroyo Solar Energy Storage Hybrid,NM,McKinley,staged_only,,300.0,,OP
63173:1,Orange Street G1,VA,Bedford,staged_only,,1.8,,OP
63173:P1,Orange Street G1,VA,Bedford,staged_only,,0.6,,OP
63173:P2,Orange Street G1,VA,Bedford,staged_only,,0.6,,OP
63173:P3,Orange Street G1,VA,Bedford,staged_only,,0.6,,OP
63173:P4,Orange Street G1,VA,Bedford,staged_only,,0.6,,OP
63173:P5,Orange Street G1,VA,Bedford,staged_only,,0.6,,OP
63174:TC3,Hartmann Project CSG,MN,Sherburne,staged_only,,1.0,,OP
63175:TC3,E. Goenner Project CSG,MN,Sherburne,staged_only,,1.0,,OP
63176:TC3,Prawer Project CSG,MN,Sherburne,staged_only,,1.0,,OP
63177:TC3,Schwinghamer Project CSG,MN,Stearns,staged_only,,1.0,,OP
63178:TC3,STAG St. Paul Project CSG,MN,Dakota,staged_only,,1.0,,OP
63179:KANE1,Linden 01 CSG,MN,Scott,staged_only,,1.0,,OP
63180:TXWHT,"TPE Whitney Solar, LLC",TX,Bosque,staged_only,,9.9,,OP
63181:MNVL,Monroeville Solar,OH,Huron,staged_only,,3.2,,OP
63182:LIND2,Linden 02 CSG,MN,Scott,staged_only,,1.0,,OP
63183:LIND3,Linden 03 CSG,MN,Scott,staged_only,,1.0,,OP
63184:RIRA,Rio Rancho Solar Energy Center,NM,Bernalillo,staged_only,,10.0,,OP
63185:SAYRE,Sayreville Solar Project,NJ,Middlesex,staged_only,,3.1,,OP
63186:IMESO,Imeson Solar,FL,Duval,staged_only,,5.0,,OP
63186:IMESS,Imeson Solar,FL,Duval,staged_only,,5.0,,OP
63187:FL4,"FL Solar 4, LLC",FL,Leon,staged_only,,42.0,,OP
63189:BIORD,Bio-Rad,CA,Contra Costa,staged_only,,2.3,,OP
63191:HTP2,Hopkinton Phase 2,RI,Washington,staged_only,,2.5,,OP
63194:GEN1,Delilah Solar Energy LLC,TX,Red River,staged_only,,300.0,,OP
63195:ACP3,Aero Haven Solar,NJ,Burlington,staged_only,,2.6,,OP
63198:ACCP1,ACCP NJ 1,NJ,Sussex,staged_only,,1.2,,OP
63200:SA1,"Bergenmand Solar Partners, LLC Mahwah",NJ,Bergen,staged_only,,0.5,,OP
63200:SA2,"Bergenmand Solar Partners, LLC Mahwah",NJ,Bergen,staged_only,,0.5,,OP
63203:12510,VPPSA Project 10,VT,Franklin,staged_only,,23.6,,OP
63203:12511,VPPSA Project 10,VT,Franklin,staged_only,,23.6,,OP
63204:HLS,Corcoran Irrigation District,CA,Kings,staged_only,,2.0,,OP
63205:1,Skookumchuck Wind Facility,WA,Thurston,staged_only,,136.0,,OP
63206:RSPV1,Rafael Solar,OR,Marion,staged_only,,2.2,,OP
63207:CCPV1,Case Creek Solar,OR,Marion,staged_only,,2.2,,OP
63208:KPPV1,Kale Patch Solar,OR,Marion,staged_only,,2.2,,OP
63209:AVTOR,Aviator Wind,TX,Coke,staged_only,,525.0,,OP
63211:GEN1,Samson Solar Energy,TX,Franklin,staged_only,,250.0,,OP
63212:BC1,Battle Creek Solar,VT,Bennington,staged_only,,2.2,,OP
63213:418ES,Sheridan School Corporation Solar,IN,Hamilton,staged_only,,0.6,,OP
63213:418HS,Sheridan School Corporation Solar,IN,Hamilton,staged_only,,0.9,,OP
63214:MDB02,Middleton Solar Park,MA,Essex,staged_only,,3.0,,OP
63214:MDL01,Middleton Solar Park,MA,Essex,staged_only,,5.0,,OP
63215:DOTCM,USS Dot Com Solar LLC CSG,MN,Redwood,staged_only,,1.4,,OP
63216:BB,USS B&B Solar LLC CSG,MN,Redwood,staged_only,,1.0,,OP
63218:WTRTN,USS Water Town Solar LLC CSG,MN,Le Sueur,staged_only,,1.0,,OP
63219:WTRFL,USS Water Fowl Solar LLC CSG,MN,McLeod,staged_only,,1.0,,OP
63220:WTRCY,USS Water City Solar LLC CSG,MN,Le Sueur,staged_only,,1.0,,OP
63221:STMBT,USS Steamboat Solar LLC CSG,MN,Redwood,staged_only,,1.0,,OP
63222:TXIM1,Impact Solar 1,TX,Lamar,staged_only,,198.5,,OP
63223:UNIT1,Brightside,TX,Bee,staged_only,,50.7,,OP
63224:X0140,NY 26 Carthage CSG,NY,Jefferson,staged_only,,5.0,,OP
63225:PV1,AGA TAG Solar IV LLC,NC,Brunswick,staged_only,,4.9,,OP
63229:NJSGR,Manheim New Jersey,NJ,Burlington,staged_only,,0.8,,OP
63229:NJSRO,Manheim New Jersey,NJ,Burlington,staged_only,,1.4,,OP
63230:KNAGG,Knaggs Brothers Farm,NY,Albany,staged_only,,4.5,,OP
63231:PV,Woodbury Solar,MN,Washington,staged_only,,3.0,,OP
63232:BROOK,Brookfield Wire Company,MA,Worcester,staged_only,,1.4,,OP
63233:UNIT1,Emerald Grove,TX,Pecos,staged_only,,108.0,,OP
63235:OCPV1,O'Neill Creek Solar,OR,Washington,staged_only,,2.2,,OP
63236:DG2,Kings Plaza Total Energy Plant (TEP),NY,Kings,staged_only,,3.2,,OP
63236:DG3,Kings Plaza Total Energy Plant (TEP),NY,Kings,staged_only,,3.2,,OP
63236:DG4,Kings Plaza Total Energy Plant (TEP),NY,Kings,staged_only,,3.2,,OP
63236:DG5,Kings Plaza Total Energy Plant (TEP),NY,Kings,staged_only,,3.2,,OP
63237:OLDCT,Old Court Rd Solar,MD,Howard,staged_only,,2.0,,OP
63239:SHRM,Sherman Solar,CT,New London,staged_only,,1.0,,OP
63240:JACK,Jackson Solar (CT),CT,New London,staged_only,,1.0,,OP
63241:SCLL,Limelight Solar II LLC,SC,Spartanburg,staged_only,,2.0,,OP
63242:SCAT,ATOOD Solar III LLC,SC,Spartanburg,staged_only,,2.0,,OP
63243:SCAG,AGA TAG Solar III LLC,SC,Spartanburg,staged_only,,2.0,,OP
63244:SYDN,Sydney Solar,CT,Windham,staged_only,,2.0,,OP
63245:DCKN,Dickinson Solar (CT),CT,Windham,staged_only,,2.0,,OP
63246:NEW2,New River Clean Energy,WV,Raleigh,staged_only,,1.6,,OP
63246:NEWR1,New River Clean Energy,WV,Raleigh,staged_only,,1.6,,OP
63247:DEBRA,Novel Debra Solar LLC CSG,MN,Dodge,staged_only,,1.0,,OP
63249:WAYNE,Novel Wayne Solar LLC CSG,MN,Dodge,staged_only,,1.0,,OP
63251:LTW,"Lone Tree Wind, LLC",IL,Bureau,staged_only,,79.0,,OP
63252:CGS,Cannon Garden Solar,MN,Rice,staged_only,,1.0,,OP
63253:FSK,Francis Scott Key Mall,MD,Frederick,staged_only,,1.6,,OP
63254:ALT,Altamonte Mall,FL,Seminole,staged_only,,1.5,,OP
63255:2WPBA,2W Permian Solar Project Hybrid,TX,Andrews,staged_only,,40.0,,OP
63255:2WPSO,2W Permian Solar Project Hybrid,TX,Andrews,staged_only,,420.0,,OP
63256:PLM,Pembroke Lakes Mall,FL,Broward,staged_only,,1.1,,OP
63257:SHM,Short Hills Mall,NJ,Essex,staged_only,,2.7,,OP
63258:AURWP,Aurora Wind Project,ND,Williams,staged_only,,298.8,,OP
63259:DEPC2,Delta Energy Park,MI,Eaton,staged_only,,58.0,,OP
63259:DEPC3,Delta Energy Park,MI,Eaton,staged_only,,58.0,,OP
63259:DEPS1,Delta Energy Park,MI,Eaton,staged_only,,58.0,,OP
63259:DEPST,Delta Energy Park,MI,Eaton,staged_only,,89.2,,OP
63260:ACP,AC Power,NJ,Burlington,staged_only,,1.3,,OP
63262:PH1GR,Becton Dickinson Ground & Roof Top,CT,Litchfield,staged_only,,1.5,,OP
63262:PH1RF,Becton Dickinson Ground & Roof Top,CT,Litchfield,staged_only,,0.5,,OP
63262:PH2RF,Becton Dickinson Ground & Roof Top,CT,Litchfield,staged_only,,0.5,,OP
63263:PLFD2,Plainfield Solar 2,CT,Windham,staged_only,,1.0,,OP
63264:BATT,Partridge Hill Solar Hybrid,MA,Worcester,staged_only,,1.3,,OP
63264:PART3,Partridge Hill Solar Hybrid,MA,Worcester,staged_only,,2.0,,OP
63266:NCPHL,Penny Hill Solar,NC,Pitt,staged_only,,2.0,,OP
63267:NCMKS,"Meeks Solar, LLC",NC,Martin,staged_only,,2.0,,OP
63269:CRW2,Crowned Ridge Wind II Energy Center,SD,Codington,staged_only,,200.6,,OP
63270:NCSTR,"Strider Solar, LLC",NC,Randolph,staged_only,,5.0,,OP
63271:1295,Huntley,SC,Orangeburg,staged_only,,75.0,,OP
63272:NCWOO,"Woodsdale Farm, LLC",NC,Person,staged_only,,2.0,,OP
63273:1215,Wagyu,TX,Brazoria,staged_only,,120.0,,OP
63276:X0133,Mtn. Solar 1,CO,Adams,staged_only,,1.5,,OP
63277:X0133,Mtn. Solar 2,CO,Adams,staged_only,,1.5,,OP
63278:X0056,CO LI CSG 1 - Kamerra,CO,Adams,staged_only,,1.5,,OP
63279:PV1,Barneveld Solar,NY,Oneida,staged_only,,1.0,,OP
63280:BESS,"AES Kekaha Solar, LLC Hybrid",HI,Kauai,staged_only,,14.0,,OP
63280:KEKAH,"AES Kekaha Solar, LLC Hybrid",HI,Kauai,staged_only,,14.0,,OP
63285:79G1,Valero Wilmington Cogeneration Plant,CA,Los Angeles,staged_only,,33.5,,OP
63286:ACY1,DG Amaze ACY1,NJ,Gloucester,staged_only,,3.8,,OP
63287:CGWF,Cerro Gordo Wind Farm,IA,Cerro Gordo,staged_only,,42.0,,OP
63288:BMC,Brass Mill Center,CT,New Haven,staged_only,,3.4,,OP
63289:WMM,White Marsh Mall,MD,Baltimore,staged_only,,1.1,,OP
63290:NM,Natick Mall,MA,Middlesex,staged_only,,2.7,,OP
63291:GPS,Grand Prix Solar,NY,Westchester,staged_only,,1.6,,OP
63292:BHD,100 Brook Hill Drive Solar,NY,Rockland,staged_only,,2.0,,OP
63293:NCCWD,"Cottonwood Solar, LLC",NC,Northampton,staged_only,,3.0,,OP
63294:EUPV,Parking Lot Array,OH,Hamilton,staged_only,,2.3,,OP
63294:LOTPV,Parking Lot Array,OH,Hamilton,staged_only,,1.4,,OP
63295:CHICO,Chicot Solar,AR,Chicot,staged_only,,100.0,,OP
63296:NCLFT,"232 Long Branch 29 Solar I, LLC",NC,Cleveland,staged_only,,2.0,,OP
63297:GATES,Hobart & William Smith College Gates Rd.,NY,Ontario,staged_only,,2.4,,OP
63298:BARRE,"Barrette Outdoor Living, Inc.",NJ,Atlantic,staged_only,,1.9,,OP
63299:NCBVL,"Harvest Beulaville, LLC",NC,Duplin,staged_only,,2.0,,OP
6329:1,Mountain Village,AK,Bethel,existing_only,0.3,,OP,
6329:4A,Mountain Village,AK,Bethel,existing_only,0.8,,OP,
63300:IPAT1,Athos Solar Project,CA,Riverside,staged_only,,250.0,,OP
63301:1888,Garrett Solar,OR,Lake,staged_only,,10.0,,OP
63302:SWFC5,South Windsor Fuel Cell,CT,Hartford,staged_only,,5.0,,OP
63303:AISP,Alticor Inc - Solar Project,CA,Orange,staged_only,,1.2,,OP
63304:ALIUM,"Allium Community Solar Garden, LLC",MN,Stearns,staged_only,,1.0,,OP
63305:ASTER,"Aster Community Solar Garden, LLC",MN,Kandiyohi,staged_only,,1.0,,OP
63307:WESTP,"Westport Community Solar, LLC",MN,Kandiyohi,staged_only,,1.0,,OP
63308:MGOLD,"Marigold Community Solar Garden, LLC",MN,Le Sueur,staged_only,,1.0,,OP
63309:HONEY,"Honeysuckle Solar, LLC",MN,McLeod,staged_only,,1.0,,OP
63311:LANTA,"Lantana Solar, LLC",MN,Redwood,staged_only,,1.0,,OP
63312:HYCIN,"Hyacinth Solar, LLC",MN,Dakota,staged_only,,1.0,,OP
63313:CORAL,"Coral Bells Solar, LLC",MN,Chisago,staged_only,,1.0,,OP
63314:PROSE,"Primrose Solar, LLC",MN,Blue Earth,staged_only,,1.0,,OP
63315:KERIA,"Kerria Solar, LLC",MN,Renville,staged_only,,1.0,,OP
63317:GERNM,"Geranium Solar, LLC",MN,Kandiyohi,staged_only,,1.0,,OP
63318:BELLF,"Bellflower Solar, LLC",MN,Stearns,staged_only,,1.0,,OP
63319:IRIS,"Iris Solar, LLC (MN)",MN,Nicollet,staged_only,,1.0,,OP
63320:IPTTN,Titan Solar Project,TX,Culberson,staged_only,,260.0,,OP
63321:BINGH,"Bingham Solar, LLC",MI,Clinton,staged_only,,20.0,,OP
63322:TEMPR,"Temperance Solar, LLC",MI,Monroe,staged_only,,20.0,,OP
63323:SIMBA,Bluefin Origination 1,MD,Prince Georges,staged_only,,2.0,,OP
63324:ES1,Camp Atterbury Microgrid Hybrid,IN,Johnson,staged_only,,5.0,,OP
63324:PV1,Camp Atterbury Microgrid Hybrid,IN,Johnson,staged_only,,2.0,,OP
63325:YORK1,Yorktown Battery Energy Storage Facility,CA,Los Angeles,staged_only,,3.5,,OP
63326:CAD1,Cadillac Battery Energy Storage Facility,CA,Los Angeles,staged_only,,3.5,,OP
63327:46001,"Diamond Spring, LLC",OK,Johnston,staged_only,,303.5,,OP
63328:IPJNO,Juno Solar Project,TX,Borden,staged_only,,143.5,,OP
63328:JUNO1,Juno Solar Project,TX,Borden,staged_only,,162.1,,OP
63329:IPAGN,Aragorn Solar Project,TX,Culberson,staged_only,,187.2,,OP
63330:ORDUS,"Duus Solar, LLC",OR,Clackamas,staged_only,,10.0,,OP
63331:ORFWD,"Firwood Solar, LLC",OR,Clackamas,staged_only,,10.0,,OP
63332:NCAUL,"Aulander Hwy 42 Solar, LLC",NC,Hertford,staged_only,,5.0,,OP
63334:CAMPS,Campus Drive Solar,NJ,Burlington,staged_only,,3.7,,OP
63335:CTG-1,HO Clarke Generating,TX,Harris,staged_only,,60.5,,OP
63335:CTG-2,HO Clarke Generating,TX,Harris,staged_only,,60.5,,OP
63335:CTG-3,HO Clarke Generating,TX,Harris,staged_only,,60.5,,OP
63335:CTG-4,HO Clarke Generating,TX,Harris,staged_only,,60.5,,OP
63335:CTG-5,HO Clarke Generating,TX,Harris,staged_only,,60.5,,OP
63335:CTG-6,HO Clarke Generating,TX,Harris,staged_only,,60.5,,OP
63335:CTG-7,HO Clarke Generating,TX,Harris,staged_only,,60.5,,OP
63335:CTG-8,HO Clarke Generating,TX,Harris,staged_only,,60.5,,OP
63336:6004,"Sutton Solar 2, LLC CSG",MA,Worcester,staged_only,,1.0,,OP
63337:14320,"Lansing Renewables, LLC",NY,Tompkins,staged_only,,3.0,,OP
63337:6004,"Lansing Renewables, LLC",NY,Tompkins,staged_only,,5.0,,OP
63338:4787,"Granby Solar, LLC CSG",MA,Hampshire,staged_only,,3.0,,OP
63338:4788,"Granby Solar, LLC CSG",MA,Hampshire,staged_only,,2.0,,OP
63339:09751,"Hales Mills Solar, LLC",NY,Fulton,staged_only,,3.0,,OP
63339:6609,"Hales Mills Solar, LLC",NY,Fulton,staged_only,,5.0,,OP
63340:20660,"Owlville Creek Solar 2, LLC",NY,Madison,staged_only,,3.0,,OP
63340:6609,"Owlville Creek Solar 2, LLC",NY,Madison,staged_only,,5.0,,OP
63341:20660,"Owlville Creek Solar, LLC",NY,Madison,staged_only,,3.0,,OP
63341:6608,"Owlville Creek Solar, LLC",NY,Madison,staged_only,,5.0,,OP
63343:GS2SF,Galloway 2 Solar Farm,TX,Concho,staged_only,,110.0,,OP
63344:STAR,Starvation,OR,Harney,staged_only,,9.9,,OP
63345:PGR07,"Scotch Bonnet Solar, LLC",NC,Pender,staged_only,,4.5,,OP
63346:PGR06,"Cubera Solar, LLC",NC,Harnett,staged_only,,2.0,,OP
63347:CTG1,"AOC, Capitol Power Plant",DC,District of Columbia,staged_only,,7.5,,OP
63349:AZ1,OE_AZ1,AZ,La Paz,staged_only,,32.5,,OP
63350:GA3,OE_GA3,GA,Mitchell,staged_only,,57.5,,OP
63351:BBS2,Bluebell Solar II,TX,Sterling,staged_only,,115.0,,OP
63352:ARBE1,Gemini Solar Hybrid,NV,Clark,staged_only,,690.0,,OP
63352:ARPV1,Gemini Solar Hybrid,NV,Clark,staged_only,,380.0,,OP
63353:ABE,Allied Beverages Elizabeth,NJ,Union,staged_only,,3.2,,OP
63354:TNSW,Ticket Network South Windsor,CT,Hartford,staged_only,,1.0,,OP
63355:CPR,Chanel Piscataway Rooftop,NJ,Middlesex,staged_only,,1.4,,OP
63356:CPAC,Colonial Pipeline Allentown Chesterfield,NJ,Burlington,staged_only,,1.9,,OP
63357:CPWWD,Colonial Pipeline Woodbury West Deptford,NJ,Gloucester,staged_only,,3.7,,OP
63358:CRP3B,Corbin Russwin Phase 3 Berlin,CT,Hartford,staged_only,,1.0,,OP
63361:MIP2T,Medline Ind. Phase 2 Tracy,CA,San Joaquin,staged_only,,1.0,,OP
63363:NBS,Niagara Bottling Stockton,CA,San Joaquin,staged_only,,1.0,,OP
63365:SL3,Soda Lake 3,NV,Churchill,staged_only,,26.0,,OP
63366:1,435A Bergen Avenue,NJ,Hudson,staged_only,,1.4,,OP
63367:CGS,Strandness Garden,MN,Pope,staged_only,,1.0,,OP
63368:GILMA,"GSPP Gilman, LLC",VT,Essex,staged_only,,2.1,,OP
63369:RILE1,Riley Road LLC,NY,Orange,staged_only,,2.0,,OP
63369:RILE2,Riley Road LLC,NY,Orange,staged_only,,2.0,,OP
63370:SCHN1,GSSP Schneider LLC,MN,Stearns,staged_only,,1.0,,OP
63370:SCHN2,GSSP Schneider LLC,MN,Stearns,staged_only,,1.0,,OP
63370:SCHN3,GSSP Schneider LLC,MN,Stearns,staged_only,,1.0,,OP
63370:SCHN4,GSSP Schneider LLC,MN,Stearns,staged_only,,1.0,,OP
63370:SCHN5,GSSP Schneider LLC,MN,Stearns,staged_only,,1.0,,OP
63371:BRUNS,Hope Solar Farm LLC,NY,Rensselaer,staged_only,,2.0,,OP
63372:CATLI,Catlin Solar 1 LLC,NY,Schuyler,staged_only,,4.0,,OP
63373:SARAT,Saratoga Solar LLC,NY,Saratoga,staged_only,,5.0,,OP
63374:CPMI1,CP Middletown Solar I LLC,CT,Middlesex,staged_only,,1.0,,OP
63375:CPMI2,CP Middletown Solar II LLC,CT,Middlesex,staged_only,,1.0,,OP
63376:PPHS,Phelan Pinon Hills CSD Solar,CA,San Bernardino,staged_only,,1.2,,OP
63377:PGR10,"ESA Hamlet NC , LLC",NC,Richmond,staged_only,,5.0,,OP
63378:WAPLO,Wapello Solar LLC,IA,Louisa,staged_only,,100.0,,OP
63379:X0134,Mtn. Solar 3 CSG,CO,Morgan,staged_only,,1.5,,OP
63380:52829,Goodhue Community Solar One LLC CSG,MN,Goodhue,staged_only,,1.0,,OP
63381:NCRAL,"Railroad Solar Farm, LLC",NC,Robeson,staged_only,,4.1,,OP
63383:NCATD,"ATOOD Solar IV, LLC",NC,Brunswick,staged_only,,5.0,,OP
63384:BENN,Bennington Wind,IL,Marshall,staged_only,,93.0,,OP
63385:CA135,SCV Water - Gladbach Water Treatment Plant Phases I and II,CA,Los Angeles,staged_only,,4.5,,OP
63387:RSS2,"Rancho Seco Solar II, LLC",CA,Sacramento,staged_only,,160.0,,OP
63388:SOLAR,Oxy Renewable Energy - Goldsmith,TX,Ector,staged_only,,16.8,,OP
63389:JCW,"Jordan Creek Wind Farm, LLC",IN,Warren,staged_only,,398.6,,OP
63390:SHBOH,Shelby Solar Array,OH,Richland,staged_only,,1.9,,OP
63391:CORR,City of Rio Rancho WWTP,NM,Sandoval,staged_only,,1.2,,OP
63392:DECII,DEC Phase II at Georgetown,DE,Sussex,staged_only,,3.0,,OP
63393:T-1,"Cuming County Renewables, LLC",NE,Cuming,staged_only,,2.5,,OP
63394:CGS,Falls Creek Garden,MN,Rice,staged_only,,1.0,,OP
63395:CGS,Star Garden,MN,Pope,staged_only,,1.0,,OP
63396:CGS,Buffalo Garden,MN,Waseca,staged_only,,1.0,,OP
63397:CGS,Loon Garden,MN,Waseca,staged_only,,1.0,,OP
63398:AMBAT,Kearsarge Amesbury Hybrid,MA,Essex,staged_only,,1.6,,OP
63398:AMES,Kearsarge Amesbury Hybrid,MA,Essex,staged_only,,3.3,,OP
63399:GWA01,Galesburg Solar Array,IL,Henderson,staged_only,,1.4,,OP
63400:STE,Stearns Solar I,MN,Stearns,staged_only,,1.0,,OP
63401:OLI,Olinda Trail Solar,MN,Chisago,staged_only,,1.0,,OP
63402:MUN,New Munich Solar,MN,Stearns,staged_only,,1.0,,OP
63403:CCS,Clara City Solar,MN,Chippewa,staged_only,,1.0,,OP
63404:1,Thermo Fisher,NJ,Somerset,staged_only,,1.5,,OP
63405:29,Pearl II,NY,Genesee,staged_only,,2.0,,OP
63406:PV1,Vermillion River_MN_GRE DEA-GM,MN,Dakota,staged_only,,3.0,,OP
63407:101,Macedon,NY,Wayne,staged_only,,2.0,,OP
63408:300,Whittier,NY,Monroe,staged_only,,2.0,,OP
63409:100,Williamson,NY,Wayne,staged_only,,2.0,,OP
63410:304,Bennett,NY,Ontario,staged_only,,1.4,,OP
63411:RTE40,"Greenwich Solar 1, LLC CSG",NY,Washington,staged_only,,5.0,,OP
63413:1,LTMUA,NJ,Cape May,staged_only,,1.0,,OP
63414:IOSII,IOS II-LAX9,CA,San Bernardino,staged_only,,4.0,,OP
63415:BATT,"Middletown Solar 1, LLC Hybrid CSG",NY,Orange,staged_only,,1.6,,OP
63415:CENTR,"Middletown Solar 1, LLC Hybrid CSG",NY,Orange,staged_only,,1.6,,OP
63416:GEN1,Sierra Pacific Industries (2042-RD),CA,Tehama,staged_only,,8.4,,OP
63417:52831,Goodhue Community Solar Three LLC CSG,MN,Goodhue,staged_only,,1.0,,OP
63418:1122,DGS Wasco State Prison,CA,Kern,staged_only,,2.3,,OP
63419:1122,DGS Central California Womens Facility,CA,Madera,staged_only,,2.0,,OP
63420:903,Fresno Bullard High School Hybrid,CA,Fresno,staged_only,,1.2,,OP
63420:BA903,Fresno Bullard High School Hybrid,CA,Fresno,staged_only,,0.4,,OP
63421:291,Fresno Hoover High School Hybrid,CA,Fresno,staged_only,,1.2,,OP
63421:BA291,Fresno Hoover High School Hybrid,CA,Fresno,staged_only,,0.2,,OP
63422:1122,Fresno Sunnyside High School Hybrid,CA,Fresno,staged_only,,1.5,,OP
63422:BA112,Fresno Sunnyside High School Hybrid,CA,Fresno,staged_only,,0.3,,OP
63423:GEN1,BYU Central Heating Plant,UT,Utah,staged_only,,16.5,,OP
63424:CGS,Straight Garden Solar,MN,Rice,staged_only,,1.0,,OP
63425:CGS,Leven Garden Solar,MN,Pope,staged_only,,1.0,,OP
63426:CGS,Zumbro Solar Garden,MN,Dodge,staged_only,,1.0,,OP
63427:CGS,Mud Garden Solar,MN,Sibley,staged_only,,1.0,,OP
63428:254,"IGS CC, LLC",DC,District of Columbia,staged_only,,1.5,,OP
63429:CSG,Erin Garden Solar,MN,Sibley,staged_only,,1.0,,OP
63430:CGS,Chub Garden Solar,MN,Dakota,staged_only,,1.0,,OP
63431:32001,Cisco,MN,Jackson,staged_only,,8.4,,OP
63432:32002,Lincoln Heights I,MN,Lincoln,staged_only,,5.2,,OP
63433:32003,Lincoln Heights II,MN,Lincoln,staged_only,,3.9,,OP
63434:CGS,Maston Garden Solar,MN,Dodge,staged_only,,1.0,,OP
63436:WTG,Corriedale Wind Energy,WY,Laramie,staged_only,,52.5,,OP
63438:UBFC1,UB Fuel Cell,CT,Fairfield,staged_only,,1.4,,OP
63439:CCFC1,"Central CA Fuel Cell 1, LLC",CA,Tulare,staged_only,,2.8,,OP
63440:GEN01,Sun Streams 2,AZ,Maricopa,staged_only,,150.0,,OP
63441:S1,Montague Solar,OR,Gilliam,staged_only,,162.0,,OP
63442:W9317,Tickle Creek Solar,OR,Clackamas,staged_only,,1.9,,OP
63443:W9318,Thomas Creek Solar,OR,Clackamas,staged_only,,2.2,,OP
63444:1001,1001 Ebenezer Church Solar,NC,Surry,staged_only,,5.0,,OP
63445:1009,1009 Yadkin Solar,NC,Yadkin,staged_only,,4.9,,OP
63446:1073,1073 Onslow Solar,NC,Onslow,staged_only,,4.7,,OP
63447:1008,1008 Matthews Solar,NC,Surry,staged_only,,4.9,,OP
63448:1045,1045 Tomlin Mill Solar,NC,Iredell,staged_only,,4.9,,OP
63449:PV1,Lang Solar Farm,NC,Lenoir,staged_only,,5.0,,OP
63450:PV1,Chenango Solar,NY,Broome,staged_only,,4.9,,OP
63451:MONR1,"Monroe Solar Farm, LLC",NJ,Middlesex,staged_only,,13.1,,OP
63452:SSP,Solvay Solar,NJ,Gloucester,staged_only,,6.5,,OP
63453:CGS,Malmedal Solar Garden,MN,Pope,staged_only,,1.0,,OP
63454:CGS,Wollan Garden Solar,MN,Pope,staged_only,,1.0,,OP
63455:INV1,RE-VFO LLC,CA,Tulare,staged_only,,0.5,,OP
63455:INV2,RE-VFO LLC,CA,Tulare,staged_only,,0.5,,OP
63456:W9319,St Louis Solar,OR,Marion,staged_only,,2.2,,OP
63457:PSG1,Progress Drive Generation Station,OH,Richland,staged_only,,1.8,,OP
63457:PSG2,Progress Drive Generation Station,OH,Richland,staged_only,,1.8,,OP
63458:RUSHE,Rush Springs Energy Storage (BA),OK,Grady,staged_only,,10.0,,OP
63459:9853,Selective Insurance,NJ,Sussex,staged_only,,2.2,,OP
63459:9854,Selective Insurance,NJ,Sussex,staged_only,,0.6,,OP
63460:RCWF,"Rock County Wind Fuel, LLC",MN,Rock,staged_only,,5.0,,OP
63461:PGR15,Bonefish Solar,SC,Clarendon,staged_only,,2.0,,OP
63462:PGR17,Pika Solar,OR,Marion,staged_only,,2.2,,OP
63463:PGR14,"Mohea Solar Energy Center, LLC",SC,Cherokee,staged_only,,5.0,,OP
63464:PGR19,Brush Creek Solar,OR,Marion,staged_only,,2.2,,OP
63465:PGR20,Minke Solar,OR,Clackamas,staged_only,,2.2,,OP
63466:PGR18,Drift Creek Solar,OR,Marion,staged_only,,2.2,,OP
63467:PGR16,Bighorn Solar,OR,Marion,staged_only,,2.2,,OP
63468:BATT,Hurteau Solar Project Hybrid,MA,Worcester,staged_only,,1.3,,OP
63468:HURTU,Hurteau Solar Project Hybrid,MA,Worcester,staged_only,,2.0,,OP
63469:ALICA,Alicea Solar Project Hybrid CSG,MA,Worcester,staged_only,,2.0,,OP
63469:BATT,Alicea Solar Project Hybrid CSG,MA,Worcester,staged_only,,1.5,,OP
63470:BATT,McDougle-Mitchell Solar Project Hybrid C,MA,Worcester,staged_only,,2.9,,OP
63470:MCDMT,McDougle-Mitchell Solar Project Hybrid C,MA,Worcester,staged_only,,4.5,,OP
63472:BATT,Cycz Solar Project CSG Hybrid,MA,Worcester,staged_only,,1.3,,OP
63472:CYCZ,Cycz Solar Project CSG Hybrid,MA,Worcester,staged_only,,2.0,,OP
63473:BATT,West A&B Solar Project Hybrid CSG,MA,Worcester,staged_only,,1.8,,OP
63473:WEST,West A&B Solar Project Hybrid CSG,MA,Worcester,staged_only,,2.5,,OP
63474:ANNES,Annese Solar Project Hybrid CSG,MA,Worcester,staged_only,,4.3,,OP
63474:BATT,Annese Solar Project Hybrid CSG,MA,Worcester,staged_only,,3.5,,OP
63475:BATT,Randall Solar Project Hybrid,MA,Worcester,staged_only,,3.3,,OP
63475:RAND,Randall Solar Project Hybrid,MA,Worcester,staged_only,,5.0,,OP
63476:SAINT,Saint Solar,AZ,Pinal,staged_only,,100.0,,OP
63477:SOLAR,Alcalde Solar Array,NM,Rio Arriba,staged_only,,2.4,,OP
63478:CT-1,Ross Hall Central Utility Plant,DC,District of Columbia,staged_only,,4.6,,OP
63479:GEN1,"Traverse Wind Project, LLC",OK,Custer,staged_only,,999.0,,OP
63480:RPRG,Roberds Garden CSG,MN,Rice,staged_only,,1.0,,OP
63481:RPCG,Clear Garden CSG,MN,Waseca,staged_only,,1.0,,OP
63482:PW1,Point Wind,CA,Kern,staged_only,,64.5,,OP
63483:T60-1,ACM - Midtown Thermal,NJ,Atlantic,staged_only,,5.5,,OP
63484:GOHMN,Gohman Community Solar (CSG),MN,Sherburne,staged_only,,1.1,,OP
63485:1,ECP Uptown Campus,PA,Allegheny,staged_only,,5.6,,OP
63486:DA04,D'Arrigo Brothers - Phase 4,CA,Monterey,staged_only,,1.7,,OP
63486:DA04B,D'Arrigo Brothers - Phase 4,CA,Monterey,staged_only,,0.5,,OP
63487:WSOL,Wister Solar,CA,Imperial,staged_only,,20.0,,OP
63489:GEN1,"Sundance Wind Project, LLC",OK,Woods,staged_only,,199.0,,OP
63490:OEC1,CD4,CA,Mono,staged_only,,44.4,,OP
63491:NVSOL,North Valley,NV,Washoe,staged_only,,5.5,,OP
63491:OEC1,North Valley,NV,Washoe,staged_only,,31.5,,OP
63492:CTG-1,DCO Burlington,NJ,Burlington,staged_only,,3.5,,OP
63493:SIAD,PSREC/SIAD Solar,CA,Lassen,staged_only,,2.5,,OP
63494:GEN1,"Maverick Wind Project, LLC",OK,Major,staged_only,,288.0,,OP
63495:1,Durrance,FL,Polk,staged_only,,60.0,,OP
63496:PV1,Frederick County - Landfill,MD,Frederick,staged_only,,2.0,,OP
63497:NORTH,Calabro Airport North Solar Project,NY,Suffolk,staged_only,,1.3,,OP
63498:SOUTH,Calabro Airport South Solar Project,NY,Suffolk,staged_only,,1.2,,OP
63499:CVS1,Choctaw Nation Solar Farm,OK,Bryan,staged_only,,5.0,,OP
63500:CVS1,Chickasaw Nation Solar Farm,OK,Murray,staged_only,,5.0,,OP
63501:CTG-1,Montclair State University Cogen,NJ,Passaic,staged_only,,6.4,,OP
63501:ENG-1,Montclair State University Cogen,NJ,Passaic,staged_only,,2.7,,OP
63501:ENG-2,Montclair State University Cogen,NJ,Passaic,staged_only,,2.7,,OP
63502:OGW24,Oso Grande Wind Farm,NM,Lea,staged_only,,33.8,,OP
63502:OGW45,Oso Grande Wind Farm,NM,Lea,staged_only,,216.0,,OP
63503:LAKHS,Lakehurst Solar,NJ,Ocean,staged_only,,9.6,,OP
63504:CM5-1,"Copper Mountain Solar 5, LLC",NV,Clark,staged_only,,252.0,,OP
63505:CB,Cherry Blossom Solar LLC,SC,Williamsburg,staged_only,,10.0,,OP
63507:BOS1,Bakeoven Solar,OR,Wasco,staged_only,,60.0,,OP
63508:CSPV1,Camino Solar Hybrid,CA,Kern,staged_only,,44.0,,OP
63509:LHS1,Lund Hill Solar,WA,Klickitat,staged_only,,150.0,,OP
63510:PV1,Walnut Unified School District Walnut HS,CA,Los Angeles,staged_only,,1.8,,OP
63510:ST1,Walnut Unified School District Walnut HS,CA,Los Angeles,staged_only,,0.5,,OP
63511:PV1,Mohonasen Central School District,NY,Schenectady,staged_only,,1.1,,OP
63512:PV1,Wor-Wic Community College - Offsite,MD,Wicomico,staged_only,,2.0,,OP
63514:MLO2,Moonlight Packing - Phase 2,CA,Fresno,staged_only,,1.4,,OP
63516:CACTY,California City,CA,Kern,staged_only,,1.9,,OP
63517:PV1,Santa Fe Solar Power Plant,FL,Columbia,staged_only,,74.9,,OP
63518:PV1,Twin Rivers Solar Power Plant,FL,Hamilton,staged_only,,74.9,,OP
63519:CRN1,Crane Solar Project,TX,Crane,staged_only,,150.0,,OP
63520:PASP2,PA Solar Park II,PA,Carbon,staged_only,,10.0,,OP
63521:MCW1,CED Mason City Wind,IA,Cerro Gordo,staged_only,,7.5,,OP
63522:HPBAT,Hickory Park Solar Hybrid,GA,Mitchell,staged_only,,40.0,,OP
63522:HPRK,Hickory Park Solar Hybrid,GA,Mitchell,staged_only,,195.5,,OP
63523:GEN1,Spruce - WCMD - Rubble II,MD,Washington,staged_only,,2.0,,OP
63524:GEN1,Spruce - WCMD - Rubble I,MD,Washington,staged_only,,2.0,,OP
63525:GEN1,Spruce - WCMD - Creek,MD,Washington,staged_only,,2.0,,OP
63526:GEN1,Spruce - WCMD - Resh I,MD,Washington,staged_only,,2.0,,OP
63527:GEN1,Lafayette 2 - Internal Services Dept,CA,Los Angeles,staged_only,,1.9,,OP
63530:10331,Jersey City DWP,NJ,Hudson,staged_only,,1.0,,OP
63531:10327,Pima Community College NW,AZ,Pima,staged_only,,1.3,,OP
63532:52837,Winona Community Solar One LLC,MN,Winona,staged_only,,1.0,,OP
63533:52830,Goodhue Community Solar Two LLC,MN,Goodhue,staged_only,,1.0,,OP
63534:52827,Houston/Winona Community Solar One LLC,MN,Houston,staged_only,,1.0,,OP
63535:NG,Solar BESS Hybrid,GA,Cobb,staged_only,,1.0,,OP
63535:SOLAR,Solar BESS Hybrid,GA,Cobb,staged_only,,1.5,,OP
63535:TEST,Solar BESS Hybrid,GA,Cobb,staged_only,,1.0,,OP
63536:BLD3,Amazon DEN2 Solar Project,CO,Adams,staged_only,,1.2,,OP
63537:BLD3,Amazon BDL3 Solar Project,CT,New Haven,staged_only,,1.0,,OP
63538:AS2,Assembly Solar II LLC,MI,Shiawassee,staged_only,,110.0,,OP
63540:EG1,Essex County Correctional Facility Cogen,NJ,Essex,staged_only,,3.1,,OP
63540:EG2,Essex County Correctional Facility Cogen,NJ,Essex,staged_only,,3.1,,OP
63542:ENTER,Enter Solar,MN,Waseca,staged_only,,1.0,,OP
63543:LNGE,Lange Solar,MN,Olmsted,staged_only,,1.0,,OP
63545:GEN1,Chevron - Lost Hills Hybrid,CA,Kern,staged_only,,30.0,,OP
63548:1,Lily Solar,SC,Allendale,staged_only,,70.0,,OP
63549:WSS,Water Strider Solar,VA,Halifax,staged_only,,80.0,,OP
63551:PGR21,Samoset Solar,ME,Knox,staged_only,,2.0,,OP
63552:PGR21,Woodfields Solar,SC,Greenwood,staged_only,,2.0,,OP
63554:MSSB1,Mohave Electric Cooperative at Joy Lane,AZ,Mohave,staged_only,,15.0,,OP
63554:PV2,Mohave Electric Cooperative at Joy Lane,AZ,Mohave,staged_only,,10.9,,OP
63555:STJOE,"St. Joseph's Solar, LLC CSG",MA,Worcester,staged_only,,1.0,,OP
63556:BOUTI,"Boutillier Solar, LLC CSG",MA,Worcester,staged_only,,2.9,,OP
63557:BLAWV,"Blair Wire Village Solar, LLC CSG",MA,Worcester,staged_only,,1.0,,OP
63558:BARAC,"Barton Acres Solar, LLC CSG",MA,Worcester,staged_only,,1.0,,OP
63559:GT1,MMWEC Simple Cycle Gas Turbine,MA,Essex,staged_only,,65.0,,OP
63561:CHERV,"Cherry Valley Solar, LLC CSG",MA,Worcester,staged_only,,1.0,,OP
63562:DIGHT,"ISM Solar Dighton 2, LLC CSG",MA,Bristol,staged_only,,2.0,,OP
63563:INCOM,"Incom Solar, LLC CSG",MA,Worcester,staged_only,,2.0,,OP
63564:JHSOL,"JH Solar, LLC CSG",MA,Worcester,staged_only,,1.0,,OP
63565:WOODC,"Woodchuck Solar, LLC CSG",MA,Worcester,staged_only,,1.0,,OP
63566:HW158,HWY 158 PV,NC,Hertford,staged_only,,9.0,,OP
63569:DUD3,"Dudley River 3 Solar, LLC CSG",MA,Worcester,staged_only,,1.0,,OP
63570:DUD2,"Dudley River 2 Solar, LLC CSG",MA,Worcester,staged_only,,1.0,,OP
63571:DUD1,"Dudley River Solar, LLC CSG",MA,Worcester,staged_only,,1.0,,OP
63572:LEDEA,"Ledeaux Solar, LLC CSG",MA,Worcester,staged_only,,1.0,,OP
63573:COHAS,"Cohasse Solar, LLC CSG",MA,Worcester,staged_only,,1.0,,OP
63574:GEN1,Atchison County Wind,MO,Atchison,staged_only,,299.0,,OP
63575:TBRID,Thunderbird Generator (Tbird),KS,Lyon,staged_only,,1.0,,OP
63576:FS4,FastSun 4 CSG,MN,Washington,staged_only,,1.0,,OP
63577:FS21,FastSun 21 CSG,MN,Sherburne,staged_only,,1.0,,OP
63578:SWF01,Sagamore Wind,NM,Roosevelt,staged_only,,522.0,,OP
63579:BSEC,Britton Solar Energy Center,NM,Torrance,staged_only,,50.0,,OP
63582:HFS,Harmony Solar (FL),FL,Osceola,staged_only,,74.5,,OP
63583:TCS,Taylor Creek Solar,FL,Orange,staged_only,,74.5,,OP
63585:NY3,NY3 Battery,NY,Rockland,staged_only,,3.0,,OP
63586:KERII,SR Kersey II,CO,Weld,staged_only,,1.0,,OP
63587:SKYC,SR Skylark C,CO,Weld,staged_only,,1.1,,OP
63588:PALOA,"Palombo Solar, LLC CSG",MA,Worcester,staged_only,,2.0,,OP
63589:PALOB,"Palombo B Solar, LLC CSG",MA,Worcester,staged_only,,1.0,,OP
63590:PONDE,Ponderosa Wind Energy Center,OK,Beaver,staged_only,,200.0,,OP
63592:NUTMG,Nutmeg Solar,CT,Hartford,staged_only,,19.6,,OP
63593:SC,"Brooten CSG1, LLC",MN,Pope,staged_only,,1.0,,OP
63594:SC,"Buffalo Lake CSG1, LLC",MN,Renville,staged_only,,1.0,,OP
63595:SC,"Lowry CSG2, LLC",MN,Pope,staged_only,,1.0,,OP
63596:SC,"Paynesville CSG1, LLC",MN,Stearns,staged_only,,1.0,,OP
63597:SC,"Plato CSG1, LLC",MN,McLeod,staged_only,,1.0,,OP
63598:SC,"Sacred Heart CSG1, LLC",MN,Renville,staged_only,,1.0,,OP
63599:SC,"Stewart CSG1, LLC",MN,McLeod,staged_only,,1.0,,OP
63601:1,Isabella Wind Park,MI,Isabella,staged_only,,383.5,,OP
63603:ILM01,Illumina Way SD,CA,San Diego,staged_only,,3.5,,OP
63605:ATT35,ATT North Watney,CA,Solano,staged_only,,2.0,,OP
63606:ATT27,ATT Ventura Blvd,CA,Los Angeles,staged_only,,1.0,,OP
63609:ALRGN,Allergan,CA,Orange,staged_only,,1.5,,OP
63610:BAKER,Baker,CA,Orange,staged_only,,1.2,,OP
63611:CSULB,CSU Long Beach,CA,Los Angeles,staged_only,,2.5,,OP
63612:DATS0,DATS,CA,Orange,staged_only,,1.0,,OP
63613:DOWNY,Downey,CA,Los Angeles,staged_only,,2.0,,OP
63614:LAWRP,LAWRP,CA,Orange,staged_only,,1.0,,OP
63615:LBCON,Long Beach Convention Center,CA,Los Angeles,staged_only,,1.5,,OP
63616:OCSD1,OCSD,CA,Orange,staged_only,,4.9,,OP
63617:SOCCD,SOCCD,CA,Orange,staged_only,,1.3,,OP
63618:USBRK,USS Solar Brick,IL,Macoupin,staged_only,,2.0,,OP
63620:USGCH,USS Goodrich Solar,IL,Kankakee,staged_only,,2.0,,OP
63621:USSYC,USS Sycamore Solar (CSG),IL,DeKalb,staged_only,,2.0,,OP
63623:GEN1,Lafayette 2 - MLK Jr. Hospital (MLK),CA,Los Angeles,staged_only,,1.7,,OP
63624:LC,"La Chalupa, LLC",TX,Cameron,staged_only,,198.5,,OP
63626:229,"IGS FE Trenton, LLC",NJ,Mercer,staged_only,,1.5,,OP
63627:252,"Scenic Hill Solar IV, LLC",AR,Johnson,staged_only,,2.2,,OP
63628:1,Tinker,OK,Oklahoma,staged_only,,48.1,,OP
63628:2,Tinker,OK,Oklahoma,staged_only,,48.1,,OP
63629:HYDRA,"Hydra Community Solar Garden, LLC (CSG)",MN,Rice,staged_only,,1.0,,OP
63632:Y9111,Primient Loudon Plant,TN,Loudon,staged_only,,30.7,,OP
63632:Y9121,Primient Loudon Plant,TN,Loudon,staged_only,,30.7,,OP
63635:CROWN,Crown,SC,Lancaster,staged_only,,3.0,,OP
63636:FR1,Fort Rock I,OR,Lake,staged_only,,9.9,,OP
63637:TKG00,One Patriot,MA,Norfolk,staged_only,,2.0,,OP
63638:CTC13,Tracy 210,CA,San Joaquin,staged_only,,2.6,,OP
63639:COWF,Contrail Wind Farm,IA,Taylor,staged_only,,112.4,,OP
63640:SHWF,Southern Hills Wind Farm,IA,Union,staged_only,,254.1,,OP
63641:DTWF,Diamond Trail Wind Farm,IA,Iowa,staged_only,,252.5,,OP
63642:W9736,Dunn Road Solar,OR,Clackamas,staged_only,,1.8,,OP
63647:SDM00,SDM000 Clarkson Fuel Cell,NY,Kings,staged_only,,1.8,,OP
63648:NHH03,NHH003 Clarkson Fuel Cell,NY,Kings,staged_only,,1.1,,OP
63649:NHH04,NHH004 Winthrop Fuel Cell,NY,Kings,staged_only,,1.0,,OP
63650:TC3,Flodquist Community Solar LLC CSG,MN,Chisago,staged_only,,1.0,,OP
63651:5812,North Kern State Prison Phase II,CA,Kern,staged_only,,4.0,,OP
63654:SHRFF,Sheriff Road,MD,Prince Georges,staged_only,,1.1,,OP
63655:COY,Coyote Wind LLC,TX,Scurry,staged_only,,242.5,,OP
63656:PS1,CED Peoria Solar,IL,Peoria,staged_only,,2.0,,OP
63657:TC3,Siems Solar Project CSG,MN,Goodhue,staged_only,,1.0,,OP
63658:TC3,Schueler Community Solar,MN,Wright,staged_only,,1.0,,OP
63659:BOWDN,Bowden Solar LLC,MA,Hampden,staged_only,,2.0,,OP
63660:M72W,M72 West Solar,MI,Leelanau,staged_only,,1.8,,OP
63661:SWM-1,SWM Fuel Cell,NY,Suffolk,staged_only,,2.8,,OP
63661:SWM-2,SWM Fuel Cell,NY,Suffolk,staged_only,,2.8,,OP
63661:SWM-3,SWM Fuel Cell,NY,Suffolk,staged_only,,2.8,,OP
63663:W0053,Mt Hope Solar,OR,Clackamas,staged_only,,2.5,,OP
63664:W0055,Williams Acres Solar,OR,Marion,staged_only,,2.5,,OP
63665:W0054,River Valley Solar,OR,Marion,staged_only,,1.9,,OP
63666:BIT,"Bitter Ridge Wind Farm, LLC",IN,Jay,staged_only,,146.6,,OP
63667:SAS,Sanford Solar,ME,York,staged_only,,49.4,,OP
63668:URI,"University Solar, LLC",RI,Kent,staged_only,,24.0,,OP
63672:LV,Lakeville Solar,MA,Plymouth,staged_only,,2.7,,OP
63674:DEDEA,Dedeaux,CA,Los Angeles,staged_only,,0.9,,OP
63675:TROYL,MSAP 13,NY,Rensselaer,staged_only,,2.0,,OP
63676:SPENC,Spencer Solar CSG,MA,Worcester,staged_only,,2.3,,OP
63678:PAUL,Paulson Community (CSG),MN,Le Sueur,staged_only,,1.0,,OP
63679:LAUR,Laurel Village (CSG),MN,Wright,staged_only,,1.0,,OP
63680:HERTZ,Hertzberg Community (CSG),MN,Stearns,staged_only,,1.0,,OP
63681:13,Oak Leaf Solar XXXIII LLC (Lantz),CO,Chaffee,staged_only,,1.5,,OP
63681:14,Oak Leaf Solar XXXIII LLC (Lantz),CO,Chaffee,staged_only,,1.5,,OP
63682:BLCS,Brenda Luhman - CSG,MN,Goodhue,staged_only,,1.0,,OP
63683:CRLSN,Carlson Community (CSG),MN,Chisago,staged_only,,1.0,,OP
63684:HAMR,Hammer Community (CSG),MN,Sherburne,staged_only,,1.0,,OP
63685:LUNA,Luna Storage,CA,Los Angeles,staged_only,,100.0,,OP
63686:GFWP,Crescent Wind Park,MI,Hillsdale,staged_only,,150.0,,OP
63687:CWP,Gratiot Farms Wind Project,MI,Montcalm,staged_only,,150.0,,OP
63688:CTG-1,Topaz Generating,TX,Galveston,staged_only,,60.5,,OP
63688:CTG-2,Topaz Generating,TX,Galveston,staged_only,,60.5,,OP
63688:CTG-3,Topaz Generating,TX,Galveston,staged_only,,60.5,,OP
63688:CTG-4,Topaz Generating,TX,Galveston,staged_only,,60.5,,OP
63688:CTG-5,Topaz Generating,TX,Galveston,staged_only,,60.5,,OP
63688:CTG-6,Topaz Generating,TX,Galveston,staged_only,,60.5,,OP
63688:CTG-7,Topaz Generating,TX,Galveston,staged_only,,60.5,,OP
63688:CTG-8,Topaz Generating,TX,Galveston,staged_only,,60.5,,OP
63688:CTG-9,Topaz Generating,TX,Galveston,staged_only,,60.5,,OP
63688:CTG10,Topaz Generating,TX,Galveston,staged_only,,60.5,,OP
63689:RLFS,Red Lake Falls Community Hybrid,MN,Red Lake,staged_only,,1.0,,OP
63689:RLFW,Red Lake Falls Community Hybrid,MN,Red Lake,staged_only,,4.6,,OP
63690:PV1,Oak Street Solar,MA,Hampden,staged_only,,3.5,,OP
63691:13502,"Hunker Solar River, LLC",PA,Westmoreland,staged_only,,3.3,,OP
63692:13504,"PG Solar, LLC",NC,Duplin,staged_only,,2.0,,OP
63693:13503,"Freight Line Solar, LLC",NC,Duplin,staged_only,,2.0,,OP
63694:13501,"Butler Solar, LLC",OR,Yamhill,staged_only,,4.0,,OP
63695:13502,"Holly Swamp Solar, LLC",NC,Robeson,staged_only,,2.0,,OP
63696:WEST,Westmoreland County Solar Project,VA,Westmoreland,staged_only,,19.9,,OP
63697:13440,Cranberry Solar,MA,Plymouth,staged_only,,1.0,,OP
63698:GALLO,Galloway Landfill,NJ,Monmouth,staged_only,,2.3,,OP
63699:AGT0A,AGT000 Stevens Creek Fuel Cell,CA,Santa Clara,staged_only,,1.2,,OP
63699:AGT0B,AGT000 Stevens Creek Fuel Cell,CA,Santa Clara,staged_only,,1.0,,OP
63700:AGT01,AGT001 Centerville Fuel Cell,DE,New Castle,staged_only,,1.3,,OP
63701:CST1A,CST001 McCarthy Fuel Cell,CA,Santa Clara,staged_only,,0.9,,OP
63701:CST1B,CST001 McCarthy Fuel Cell,CA,Santa Clara,staged_only,,0.3,,OP
63702:EQX02,EQX002 Secaucus Rd Fuel Cell,NJ,Hudson,staged_only,,1.5,,OP
63703:EQX03,EQX003 Secaucus Rd Fuel Cell,NJ,Hudson,staged_only,,2.0,,OP
63704:EQ10A,EQX010 Great Oaks Fuel Cell,CA,Santa Clara,staged_only,,1.2,,OP
63704:EQ10B,EQX010 Great Oaks Fuel Cell,CA,Santa Clara,staged_only,,1.2,,OP
63705:EQ11A,EQX011 Duane Fuel Cell,CA,Santa Clara,staged_only,,2.0,,OP
63705:EQ11B,EQX011 Duane Fuel Cell,CA,Santa Clara,staged_only,,1.4,,OP
63705:EQ11C,EQX011 Duane Fuel Cell,CA,Santa Clara,staged_only,,1.8,,OP
63706:EQX12,EQX012 Harz Fuel Cell,NJ,Hudson,staged_only,,2.5,,OP
63708:EQ15A,EQX015 Great Oaks Fuel Cell,CA,Santa Clara,staged_only,,2.0,,OP
63708:EQ15B,EQX015 Great Oaks Fuel Cell,CA,Santa Clara,staged_only,,2.0,,OP
63710:GH1,Golden Hill Wind,OR,Sherman,staged_only,,201.3,,OP
63711:JSR00,JSR000 N Mathilda Fuel Cell,CA,Santa Clara,staged_only,,1.1,,OP
63712:KSR28,KSR028 Merced Fuel Cell,CA,Alameda,staged_only,,2.0,,OP
63713:IIV0A,IIV000 Mt Bethel Fuel Cell,NJ,Somerset,staged_only,,1.3,,OP
63713:IIV0B,IIV000 Mt Bethel Fuel Cell,NJ,Somerset,staged_only,,1.3,,OP
63714:GEN05,GEN005 Antibody Fuel Cell,CA,San Diego,staged_only,,2.5,,OP
63715:SCU00,SCU000 El Camino Real Fuel Cell,CA,Santa Clara,staged_only,,1.5,,OP
63716:KSR53,KSR053 Cantara Fuel Cell,CA,Los Angeles,staged_only,,1.6,,OP
63717:TLR0A,TLR000 Hansen Fuel Cell,CA,Monterey,staged_only,,1.0,,OP
63717:TLR0B,TLR000 Hansen Fuel Cell,CA,Monterey,staged_only,,1.5,,OP
63717:TLR0C,TLR000 Hansen Fuel Cell,CA,Monterey,staged_only,,0.5,,OP
63718:CR,ISM Solar Cranston CSG,RI,Providence,staged_only,,3.1,,OP
63719:ELO,Elora Solar,TN,Lincoln,staged_only,,150.0,,OP
63720:PGR23,Augusta Solar,SC,Greenwood,staged_only,,2.0,,OP
63721:COOLS,Cool Springs Solar (Hybrid),GA,Decatur,staged_only,,213.0,,OP
63721:CSBAT,Cool Springs Solar (Hybrid),GA,Decatur,staged_only,,40.0,,OP
63722:BA1,Rawhide Prairie Solar Hybrid,CO,Larimer,staged_only,,1.0,,OP
63722:PV1,Rawhide Prairie Solar Hybrid,CO,Larimer,staged_only,,22.0,,OP
63723:H0001,Ho'Ohana Solar 1,HI,Honolulu,staged_only,,65.3,,OP
63723:HESS1,Ho'Ohana Solar 1,HI,Honolulu,staged_only,,52.0,,OP
63724:HAYF1,Hayfield Solar I LLC CSG,MN,Dodge,staged_only,,1.0,,OP
63725:HAYF3,Hayfield Solar III LLC CSG,MN,Dodge,staged_only,,1.0,,OP
63726:PSCTY,Pipestone City Solar LLC CSG,MN,Pipestone,staged_only,,1.0,,OP
63727:SL3EC,Slate Hybrid,CA,Kings,staged_only,,67.5,,OP
63727:SLATE,Slate Hybrid,CA,Kings,staged_only,,50.5,,OP
63727:SLB3C,Slate Hybrid,CA,Kings,staged_only,,33.8,,OP
63727:SLBES,Slate Hybrid,CA,Kings,staged_only,,50.0,,OP
63727:SLBPW,Slate Hybrid,CA,Kings,staged_only,,10.0,,OP
63727:SLBSV,Slate Hybrid,CA,Kings,staged_only,,46.5,,OP
63727:SLPWR,Slate Hybrid,CA,Kings,staged_only,,26.0,,OP
63727:SLSTN,Slate Hybrid,CA,Kings,staged_only,,63.0,,OP
63727:SLSVC,Slate Hybrid,CA,Kings,staged_only,,93.0,,OP
63728:BESS,Taos Mesa Energy Facility Hybrid,NM,Taos,staged_only,,12.5,,OP
63728:TMEF1,Taos Mesa Energy Facility Hybrid,NM,Taos,staged_only,,15.0,,OP
63729:MT1,CES Marbletown Solar,NY,Ulster,staged_only,,3.0,,OP
63731:NT125,Neptune Energy Center Hybrid,CO,Pueblo,staged_only,,125.0,,OP
63731:NT325,Neptune Energy Center Hybrid,CO,Pueblo,staged_only,,325.0,,OP
63732:11630,"ESA Buies Creek, LLC",NC,Harnett,staged_only,,2.8,,OP
63733:11631,"Eros Solar, LLC",NC,Duplin,staged_only,,5.0,,OP
63734:11632,"Ventura Solar, LLC",NC,Alexander,staged_only,,5.0,,OP
63738:HEL,Helena Wind,TX,Bee,staged_only,,268.2,,OP
63739:LMAJ,Las Majadas Wind Farm,TX,Willacy,staged_only,,272.6,,OP
63741:USBCS,USS Bluff Country Solar CSG,MN,Winona,staged_only,,1.0,,OP
63742:USVIC,USS Viceroy Solar LLC CSG,MN,Pope,staged_only,,1.0,,OP
63743:SOLWY,USS Solar Way LLC CSG,MN,Freeborn,staged_only,,1.0,,OP
63744:HUBER,USS Hubers Solar LLC CSG,MN,Rice,staged_only,,1.0,,OP
63745:GVSO,"Greensville County Solar Project, LLC",VA,Greensville,staged_only,,80.0,,OP
63746:MYSO,"TWE Myrtle Solar Farm, LLC",VA,Suffolk City,staged_only,,15.0,,OP
63747:GRA,Fogarty CSG,NY,Orange,staged_only,,2.0,,OP
63748:MHW,Mount Hope West,NY,Orange,staged_only,,1.9,,OP
63749:MHE,Mount Hope East,NY,Orange,staged_only,,1.9,,OP
63750:BLU,Bluestone,NY,Ulster,staged_only,,2.0,,OP
63751:UND,Underhill,NY,Dutchess,staged_only,,2.0,,OP
63752:GRA,Grabinski,NY,Orange,staged_only,,2.0,,OP
63753:218,"Platteville Solar CSG, LLC",CO,Weld,staged_only,,1.3,,OP
63754:SBI01,Gulf Power Blue Indigo Energy,FL,Jackson,staged_only,,74.5,,OP
63755:E1,Milner Butte LFGE,ID,Cassia,staged_only,,1.3,,OP
63755:E2,Milner Butte LFGE,ID,Cassia,staged_only,,1.3,,OP
63755:E3,Milner Butte LFGE,ID,Cassia,staged_only,,1.3,,OP
63756:DGSC1,Omtanke Solar,SC,Berkeley,staged_only,,6.0,,OP
63757:MAD01,Madero Grid,TX,Hidalgo,staged_only,,100.0,,OP
63758:KROLH,Kroger La Habra,CA,Orange,staged_only,,1.2,,OP
63759:BALGR,Ballenger Road Solar A,SC,Spartanburg,staged_only,,2.0,,OP
63760:WHRSA,White Horse Solar A,SC,Greenville,staged_only,,2.0,,OP
63761:SSCLC,Soscol Ferry Solar,CA,Napa,staged_only,,1.0,,OP
63761:SSCLD,Soscol Ferry Solar,CA,Napa,staged_only,,1.0,,OP
63762:SILVA,Silveira Ranch Road Solar,CA,Marin,staged_only,,1.0,,OP
63762:SILVB,Silveira Ranch Road Solar,CA,Marin,staged_only,,1.0,,OP
63762:SILVC,Silveira Ranch Road Solar,CA,Marin,staged_only,,1.0,,OP
63763:ATES,CES Agawam Tuckahoe Solar Hybrid,MA,Hampden,staged_only,,2.6,,OP
63763:ATPV,CES Agawam Tuckahoe Solar Hybrid,MA,Hampden,staged_only,,3.6,,OP
63764:TXEB1,Elm Branch Solar 1,TX,Ellis,staged_only,,134.7,,OP
63765:ALBB1,Black Bear Solar 1,AL,Montgomery,staged_only,,100.0,,OP
63766:ARHA1,Happy Solar 1,AR,White,staged_only,,95.0,,OP
63768:PAEH2,Elk Hill Solar 2,PA,Franklin,staged_only,,15.0,,OP
63769:TXBC1,Briar Creek Solar 1,TX,Navarro,staged_only,,127.0,,OP
63770:COBH1,Bighorn Solar 1,CO,Pueblo,staged_only,,240.0,,OP
63772:1394,Adirondack Solar,NY,Clinton,staged_only,,1.1,,OP
63773:PAEH1,Elk Hill Solar 1,PA,Franklin,staged_only,,20.0,,OP
63774:KISCB,Mount Kisco Landfill Solar & Storage CSG,NY,Westchester,staged_only,,0.7,,OP
63774:KRS,Mount Kisco Landfill Solar & Storage CSG,NY,Westchester,staged_only,,1.0,,OP
63775:BESS1,Tech Square Microgrid,GA,Fulton,staged_only,,0.2,,OP
63775:DG1,Tech Square Microgrid,GA,Fulton,staged_only,,0.6,,OP
63775:FC1,Tech Square Microgrid,GA,Fulton,staged_only,,0.2,,OP
63775:NGE1,Tech Square Microgrid,GA,Fulton,staged_only,,0.2,,OP
63775:NGE2,Tech Square Microgrid,GA,Fulton,staged_only,,0.2,,OP
63776:TW100,Thunder Wolf Energy Center Hybrid,CO,Pueblo,staged_only,,100.0,,OP
63776:TW300,Thunder Wolf Energy Center Hybrid,CO,Pueblo,staged_only,,248.0,,OP
63777:1310,Pinson Solar Farm,SC,Spartanburg,staged_only,,20.0,,OP
63778:3,"Suntex Solar, LLC",OR,Harney,staged_only,,10.0,,OP
63779:4,"Rock Garden Solar, LLC",OR,Lake,staged_only,,10.0,,OP
63780:JOHN2,NY- CSG- Johnstown 2,NY,Fulton,staged_only,,2.0,,OP
63781:LIV4,NY- CSG- Livingston 4,NY,Livingston,staged_only,,2.0,,OP
63786:BMSF,Ben Moreell Solar Farm,NJ,Monmouth,staged_only,,20.0,,OP
63787:PHILL,Pleasant Hill PV1,NC,Northampton,staged_only,,20.0,,OP
63789:ENSH2,East Nash PV2,NC,Nash,staged_only,,23.4,,OP
63790:FULT,Illinois PV Fulton 1 CSG,IL,Fulton,staged_only,,2.0,,OP
63791:SOB01,Sobania Community Solar LLC,MN,Sherburne,staged_only,,1.0,,OP
63792:SVH01,Svihel Community Solar LLC CSG,MN,Benton,staged_only,,1.0,,OP
63793:STU01,Studenski Community Solar LLC CSG,MN,Benton,staged_only,,1.0,,OP
63794:ST001,Stevens Community Solar LLC,MN,Benton,staged_only,,1.0,,OP
63795:2,"Alkali Solar, LLC",OR,Lake,staged_only,,10.0,,OP
63796:1,"West Hines Solar I, LLC",OR,Harney,staged_only,,10.0,,OP
63797:GER01,Ellis Solar LLC,TX,Ellis,staged_only,,80.0,,OP
63800:23,NY - CSG - Ellsworth II,NY,Saratoga,staged_only,,2.0,,OP
63801:1,St. Joseph Solar,IN,St Joseph,staged_only,,20.0,,OP
63803:WBOPL,"Bronco Plains Wind, LLC",CO,Kit Carson,staged_only,,300.0,,OP
63804:PAR,Partridgeville Hybrid CSG,MA,Worcester,staged_only,,3.3,,OP
63804:PBESS,Partridgeville Hybrid CSG,MA,Worcester,staged_only,,2.0,,OP
63805:WBESS,Williamsville Hybrid CSG,MA,Worcester,staged_only,,3.3,,OP
63805:WIL,Williamsville Hybrid CSG,MA,Worcester,staged_only,,5.0,,OP
63807:PGR29,"Sugar Solar, LLC",NC,Yadkin,staged_only,,60.0,,OP
63808:PGR30,"Allora Solar, LLC",SC,Lexington,staged_only,,75.0,,OP
63810:PGR24,"Centerfield Cooper Solar, LLC",SC,Chesterfield,staged_only,,75.0,,OP
63811:PGR27,"Lick Creek Solar, LLC",NC,Stokes,staged_only,,50.0,,OP
63812:PGR31,"Highest Power Solar, LLC",NC,Franklin,staged_only,,48.7,,OP
63813:PGR26,"Gunsight Solar, LLC",SC,Lexington,staged_only,,75.0,,OP
63814:ODOM,SR Odom,GA,Colquitt,staged_only,,20.0,,OP
63816:RJC01,"RJC CSG, LLC",MN,Steele,staged_only,,1.0,,OP
63817:HIN01,"Hinterland CSG, LLC",MN,Sherburne,staged_only,,1.0,,OP
63819:BET01,"Betcher CSG 1, LLC",MN,Goodhue,staged_only,,1.0,,OP
63820:HUN01,"Huneke CSG 1, LLC",MN,Goodhue,staged_only,,1.0,,OP
63821:HUN02,"Huneke CSG 2, LLC",MN,Goodhue,staged_only,,1.0,,OP
63823:BS1,CED Beecher Sun Solar,IL,Will,staged_only,,2.0,,OP
63824:HS1,CED Hilltop Solar,IL,Winnebago,staged_only,,2.0,,OP
63825:LLCHI,Lineage Logistics Solar,IL,Will,staged_only,,1.6,,OP
63826:1,POET Biorefining - Jewell,IA,Hamilton,staged_only,,5.0,,OP
63827:95,Partin Solar,NC,Surry,staged_only,,50.0,,OP
63828:GEN1,Hardin Solar Energy II LLC,OH,Hardin,staged_only,,150.0,,OP
63829:1,"POET Biorefining - Marion, LLC",OH,Marion,staged_only,,3.9,,OP
63829:2,"POET Biorefining - Marion, LLC",OH,Marion,staged_only,,3.9,,OP
63830:CFS,Conagra Foods at St. Elmo,IL,Fayette,staged_only,,1.8,,OP
63831:1,"POET Biorefining Caro, LLC",MI,Tuscola,staged_only,,3.8,,OP
63832:1,"POET Biorefining-Hanlontown, LLC",IA,Worth,staged_only,,4.0,,OP
63833:BB,Bluebird Solar SC LLC,SC,Anderson,staged_only,,3.0,,OP
63834:GTWAY,Gateway Energy Storage System,CA,San Diego,staged_only,,250.0,,OP
63835:PV1,"Pilot Mountain Solar, LLC",NC,Stokes,staged_only,,4.9,,OP
63836:PV1,"Benson Solar, LLC",NC,Johnston,staged_only,,4.9,,OP
63837:PV1,"Lane II Solar, LLC",NC,Wayne,staged_only,,4.9,,OP
63838:HPS,High Point Solar LLC,IL,Stephenson,staged_only,,100.0,,OP
63839:1113,Midlands,SC,Calhoun,staged_only,,72.1,,OP
63840:1111,Sparta Solar,TX,Bee,staged_only,,250.0,,OP
63842:PGR25,"Trent River Solar, LLC",NC,Jones,staged_only,,78.7,,OP
63843:SAP2,"Johanna Energy Center, LLC",CA,Orange,staged_only,,20.0,,OP
63843:SASP1,"Johanna Energy Center, LLC",CA,Orange,staged_only,,20.0,,OP
63843:SASP3,"Johanna Energy Center, LLC",CA,Orange,staged_only,,40.0,,OP
63844:FTCAL,Fort Calhoun Community Solar,NE,Washington,staged_only,,5.0,,OP
63845:DEPUE,"DePue Holdings, LLC",IL,Bureau,staged_only,,20.0,,OP
63848:BESS1,Solar Blue,CA,Kings,staged_only,,225.0,,OP
63848:SBLUE,Solar Blue,CA,Kings,staged_only,,250.0,,OP
63849:BESS1,Chestnut,CA,Kings,staged_only,,135.0,,OP
63849:CHNUT,Chestnut,CA,Kings,staged_only,,150.6,,OP
63850:BESS1,Cherry,CA,Kings,staged_only,,40.0,,OP
63852:K745,"POET Biorefining - North Manchester, LLC",IN,Wabash,staged_only,,3.9,,OP
63853:1,POET Biorefining - Chancellor,SD,Turner,staged_only,,5.4,,OP
63854:8175C,Medusa NY 1,NY,Albany,staged_only,,2.0,,OP
63855:8175E,Walden NY 1,NY,Orange,staged_only,,2.0,,OP
63856:8175D,Westtown NY 2,NY,Orange,staged_only,,2.0,,OP
63857:8175B,Middletown NY 1,NY,Orange,staged_only,,2.0,,OP
63858:8175A,Westerlo NY 1,NY,Albany,staged_only,,2.0,,OP
63859:RCBA,"Golden Field Solar III, LLC",CA,Kern,staged_only,,147.0,,OP
63859:RCTR,"Golden Field Solar III, LLC",CA,Kern,staged_only,,192.0,,OP
63860:ESEC,Encino Solar Energy Center,NM,Sandoval,staged_only,,55.0,,OP
63861:INLP,Logansport Solar,IN,Cass,staged_only,,16.0,,OP
63869:DGIBM,IBM Solar,CO,Boulder,staged_only,,8.1,,OP
63870:CPSLO,Camp San Luis Obispo,CA,San Luis Obispo,staged_only,,1.2,,OP
63875:KRNVL,Kern Valley SP,CA,Kern,staged_only,,3.0,,OP
63877:WBS,"Willowbrook Solar I, LLC",OH,Highland,staged_only,,150.0,,OP
63882:GEN1,Samson Solar Energy II LLC,TX,Lamar,staged_only,,200.0,,OP
63883:GEN1,Samson Solar Energy III LLC,TX,Lamar,staged_only,,250.0,,OP
63884:GEN1,Delilah Solar Energy II LLC,TX,Red River,staged_only,,310.0,,OP
63887:EBMSS,East Brookfield Main Street Solar LLC CS,MA,Worcester,staged_only,,1.0,,OP
63888:PF3CH,"ESIL-PFCHICAGO 3, LLC",IL,Cook,staged_only,,1.4,,OP
63889:PF2CH,"ESIL-PFCHICAGO 2, LLC",IL,Cook,staged_only,,1.0,,OP
63891:SATCY,Saticoy,CA,Ventura,staged_only,,100.0,,OP
63892:LILY,Lily Solar Hybrid,TX,Kaufman,staged_only,,146.7,,OP
63892:LILYB,Lily Solar Hybrid,TX,Kaufman,staged_only,,55.2,,OP
63893:MAIN1,"GD Hopkinton Main I, LLC",RI,Washington,staged_only,,2.6,,OP
63893:MAIN2,"GD Hopkinton Main I, LLC",RI,Washington,staged_only,,3.9,,OP
63893:MAIN3,"GD Hopkinton Main I, LLC",RI,Washington,staged_only,,4.1,,OP
63894:MILPV,Milo PV - BD Solar 1 LLC,ME,Piscataquis,staged_only,,20.0,,OP
63895:AUGPV,Augusta PV - BD Solar Augusta LLC,ME,Kennebec,staged_only,,7.2,,OP
63896:FAIPV,Fairfield PV - BD Solar Fairfield LLC,ME,Somerset,staged_only,,5.0,,OP
63897:OXFPV,Oxford PV - BD Solar Oxford LLC,ME,Oxford,staged_only,,9.2,,OP
63899:CORN,Cornillie 2 Community (CSG),MN,Chisago,staged_only,,1.4,,OP
63900:KLOAB,AES Waikoloa Solar Hybrid,HI,Hawaii,staged_only,,30.0,,OP
63900:YKLOA,AES Waikoloa Solar Hybrid,HI,Hawaii,staged_only,,30.0,,OP
63903:PINE1,Pinesburg Solar LLC,MD,Washington,staged_only,,4.3,,OP
63904:FAIR1,Timonium Fairgrounds,MD,Baltimore,staged_only,,1.9,,OP
63905:ASKYB,Azure Sky Solar,TX,Haskell,staged_only,,91.2,,OP
63905:ASKYS,Azure Sky Solar,TX,Haskell,staged_only,,225.0,,OP
63906:142,"Turquoise Nevada, LLC",NV,Washoe,staged_only,,60.0,,OP
63907:WTGE,Panther Creek Wind Project,IL,Pike,staged_only,,54.4,,OP
63908:SS17,SulusSolar17,OR,Clackamas,staged_only,,3.1,,OP
63909:OTTER,Otter Creek Solar,VA,Mecklenburg,staged_only,,60.0,,OP
63910:BGS,Bluegrass Solar,MD,Queen Annes,staged_only,,39.6,,OP
63913:DODGB,Dodge Flat,NV,Washoe,staged_only,,50.0,,OP
63913:DODGE,Dodge Flat,NV,Washoe,staged_only,,200.0,,OP
63914:82633,Cedar Springs I,WY,Converse,staged_only,,200.0,,OP
63915:82634,Cedar Springs II,WY,Converse,staged_only,,200.0,,OP
63916:82635,Cedar Springs III,WY,Converse,staged_only,,133.0,,OP
63917:8030A,DC Water Solar,DC,District of Columbia,staged_only,,3.5,,OP
63918:1,POET Biorefining - Hudson,SD,Lincoln,staged_only,,3.6,,OP
63919:1,POET Biorefining LLC - Corning,IA,Adams,staged_only,,5.0,,OP
63920:1,POET Biorefining - Fostoria,OH,Seneca,staged_only,,3.5,,OP
63921:1,POET Biorefining - Shelbyville,IN,Shelby,staged_only,,6.1,,OP
63922:G-745,POET Biorefining - Portland,IN,Jay,staged_only,,3.5,,OP
63923:1,POET Biorefining - Gowrie,IA,Webster,staged_only,,5.0,,OP
63924:1,"POET Biorefining- Alexandria, LLC",IN,Madison,staged_only,,3.6,,OP
63925:RILEY,Riley,OR,Harney,staged_only,,10.0,,OP
63926:FRIV,Fort Rock IV,OR,Lake,staged_only,,10.0,,OP
63927:1,"POET Biorefining - Leipsic, LLC",OH,Putnam,staged_only,,3.5,,OP
63928:6701,Vacaville Hospital,CA,Solano,staged_only,,1.5,,OP
63929:TROY1,Troy Solar,IN,Spencer,staged_only,,50.4,,OP
63930:CF60,Cal Flats BESS,CA,Monterey,staged_only,,60.0,,OP
63931:GEN1,CPV Three Rivers Energy Center,IL,Grundy,staged_only,,650.0,,OP
63931:GEN2,CPV Three Rivers Energy Center,IL,Grundy,staged_only,,650.0,,OP
63932:TITN1,Titan Solar 1 (CA),CA,Imperial,staged_only,,70.0,,OP
63933:DLES1,Dry Lake Solar Energy Center,NV,Clark,staged_only,,100.0,,OP
63933:DLPV1,Dry Lake Solar Energy Center,NV,Clark,staged_only,,150.0,,OP
63934:CGS,Severson Garden,MN,Waseca,staged_only,,1.0,,OP
63935:CGS,Marion Garden,MN,Rice,staged_only,,1.0,,OP
63936:CGS,Silver Lake Garden,MN,Waseca,staged_only,,1.0,,OP
63937:CGS,Lyman Garden,MN,Dakota,staged_only,,1.0,,OP
63938:CGS,Nicollet Garden,MN,Nicollet,staged_only,,1.0,,OP
63939:CGS,Union Garden,MN,Rice,staged_only,,1.0,,OP
63940:CEN40,Central 40,CA,Stanislaus,staged_only,,40.0,,OP
63941:OA1,Oasis Alta,CA,Kern,staged_only,,14.4,,OP
63942:SUNBI,Sunpin Blandford,MA,Hampden,staged_only,,4.7,,OP
63943:61730,Coso Battery Storage,CA,Inyo,staged_only,,60.0,,OP
63944:BHF,"Blackhorse Farm Solar, LLC CSG",RI,Bristol,staged_only,,3.8,,OP
63945:CLIN,Clinton Solar 4 LLC CSG,IL,Clinton,staged_only,,2.0,,OP
63946:VERM,"Vermilion Solar 1, LLC CSG",IL,Vermilion,staged_only,,2.0,,OP
63947:579,DGS Valley State Prison,CA,Madera,staged_only,,2.3,,OP
63948:CS1,CED Spring Creek Solar,IL,Kankakee,staged_only,,2.0,,OP
63949:CORT2,Cortland,IL,Dekalb,staged_only,,2.0,,OP
63950:ERVIN,Erving CSG,MA,Franklin,staged_only,,1.0,,OP
63951:LENA,Lena,IL,Stephenson,staged_only,,2.0,,OP
63952:RIDGE,Ridge Farm,IL,Vermilion,staged_only,,2.0,,OP
63953:EASTP,Easthampton CSG,MA,Hampshire,staged_only,,2.5,,OP
63954:MENDS,Mendota,IL,LaSalle,staged_only,,2.0,,OP
63956:223,"Palmer Creek Solar, LLC",OR,Yamhill,staged_only,,2.3,,OP
63957:221,"Day Hill Solar, LLC",OR,Clackamas,staged_only,,2.3,,OP
63958:1,"SSD Marion 3, LLC",OR,Marion,staged_only,,2.0,,OP
63959:1,"SSD Marion 5, LLC",OR,Marion,staged_only,,2.0,,OP
63960:1,"SSD Marion 6, LLC",OR,Marion,staged_only,,2.0,,OP
63961:1,"SSD Clackamas 1, LLC",OR,Clackamas,staged_only,,4.0,,OP
63962:1,"SSD Clackamas 4, LLC",OR,Clackamas,staged_only,,2.0,,OP
63963:1,"SSD Clackamas 7, LLC",OR,Clackamas,staged_only,,2.0,,OP
63964:1,"SSD Marion 1, LLC",OR,Marion,staged_only,,2.0,,OP
63965:1,"Danville Farm, LLC",VA,Pittsylvania,staged_only,,12.0,,OP
63966:FS12,FastSun12 CSG,MN,Rice,staged_only,,1.0,,OP
63967:CDB1,Charter Durabar at Woodstock,IL,McHenry,staged_only,,1.0,,OP
63967:CDB2,Charter Durabar at Woodstock,IL,McHenry,staged_only,,1.0,,OP
63968:GSI,The GSI Group LLC at Assumption,IL,Christian,staged_only,,1.5,,OP
63969:SS35,SulusSolar35,OR,Clackamas,staged_only,,3.0,,OP
63970:10020,7185 13th Pl. NW,DC,District of Columbia,staged_only,,0.9,,OP
63971:CCUA,CCUA Solar,NJ,Cumberland,staged_only,,1.5,,OP
63973:CARD,Cardinal Solar LLC,SC,Marion,staged_only,,7.0,,OP
63974:HAYES,"Hayes Solar, LLC",NC,Surry,staged_only,,3.0,,OP
63975:HARS,"Harrison Solar, LLC",NC,Sampson,staged_only,,5.0,,OP
63976:959,Bay Tree,NC,Bladen,staged_only,,70.1,,OP
63977:1,Central Generating,MI,Montcalm,staged_only,,1.6,,OP
63977:2,Central Generating,MI,Montcalm,staged_only,,0.8,,OP
63977:3,Central Generating,MI,Montcalm,staged_only,,1.6,,OP
63978:PV1,Duette Solar Power Plant,FL,Manatee,staged_only,,74.5,,OP
63979:VINSN,315 Vinson Road,NC,Johnston,staged_only,,2.0,,OP
63981:1,Red Cloud Wind LLC,NM,Lincoln,staged_only,,350.0,,OP
63982:PV1,Charlie Creek Solar Power Plant,FL,Hardee,staged_only,,74.9,,OP
63983:RS,"Rocket Solar, LLC",UT,Box Elder,staged_only,,80.0,,OP
63984:HSS,"Horseshoe Solar, LLC",UT,Tooele,staged_only,,75.0,,OP
63985:FBS,Fort Bend Solar LLC,TX,Fort Bend,staged_only,,240.0,,OP
63986:10136,Rialto - High School,CA,San Bernardino,staged_only,,0.9,,OP
63987:MRTNS,Novel Martens Solar LLC(CSG),MN,Nicollet,staged_only,,1.0,,OP
63988:GEN1,Blooming Grove Wind Energy Center,IL,Livingston,staged_only,,250.0,,OP
63989:PETE,Peterman II,IL,Kankakee,staged_only,,2.0,,OP
63990:KISH,Kish CSG,IL,Boone,staged_only,,2.0,,OP
63991:NOS,Nostrand,IL,Kankakee,staged_only,,2.0,,OP
63992:VUL,Vulcan,IL,Kankakee,staged_only,,2.0,,OP
63993:FTF02,FTF-PackingShed,CA,Tulare,staged_only,,1.0,,OP
63994:MWF01,Firebaugh-CCS-PV-1,CA,Fresno,staged_only,,1.0,,OP
63995:ES1,Trenton,FL,Gilchrist,staged_only,,11.0,,OP
63996:ES1,Cape San Blas,FL,Gulf,staged_only,,5.5,,OP
63997:PHS01,Pine Hill,RI,Providence,staged_only,,5.0,,OP
63998:ES1,Jennings Energy Storage Facility,FL,Hamilton,staged_only,,5.5,,OP
63999:ES1,Micanopy Energy Storage Facility,FL,Alachua,staged_only,,8.3,,OP
64000:BESS,Amaterasu LLC,MA,Worcester,staged_only,,3.2,,OP
64000:DRC,Amaterasu LLC,MA,Worcester,staged_only,,4.6,,OP
64001:CAMEL,"Camellia Solar, LLC",MN,Pope,staged_only,,1.0,,OP
64002:11629,"Buttercup Solar, LLC",NC,Duplin,staged_only,,5.0,,OP
64003:WTG1,Iron Star Wind Project,KS,Ford,staged_only,,297.6,,OP
64005:MMR-1,Toyota Long Beach Trigen,CA,Los Angeles,staged_only,,2.8,,OP
64006:SS33,SulusSolar33,OR,Yamhill,staged_only,,3.0,,OP
64007:SS28,SulusSolar28,OR,Yamhill,staged_only,,3.0,,OP
64008:MS,MilfordSolar OR,OR,Washington,staged_only,,3.0,,OP
64009:BS,BristolSolar,OR,Marion,staged_only,,3.0,,OP
6400:2,Canyon Ferry,MT,Lewis and Clark,capacity_or_status_changed,16.6,19.2,OP,OP
64010:ENX06,"Energix Hollyfield, LLC",VA,King William,staged_only,,13.0,,OP
64011:6359,Bainbridge Solar,GA,Decatur,staged_only,,1.0,,OP
64012:ENX07,"Energix Nokesville, LLC",VA,Prince William,staged_only,,20.0,,OP
64013:6344,Somonauk Road Solar 1,IL,DeKalb,staged_only,,2.0,,OP
64014:7405,28 Livermore Hill Road Solar,MA,Worcester,staged_only,,5.0,,OP
64015:ENX05,"Energix Buckingham, LLC",VA,Buckingham,staged_only,,20.0,,OP
64016:6777,Edwardsville Solar II,IL,Madison,staged_only,,2.0,,OP
64017:7405,Brick Church Solar,NY,Rensselaer,staged_only,,4.0,,OP
64018:7724,Route 76 Boone Solar 1,IL,Boone,staged_only,,2.0,,OP
64019:ATLA,Altavista Solar,VA,Campbell,staged_only,,80.0,,OP
64020:CTG3,West Riverside Energy Center,WI,Rock,staged_only,,232.9,,OP
64020:CTG4,West Riverside Energy Center,WI,Rock,staged_only,,232.9,,OP
64020:PV1,West Riverside Energy Center,WI,Rock,staged_only,,4.4,,OP
64020:STG2,West Riverside Energy Center,WI,Rock,staged_only,,257.4,,OP
64021:225,Alden Solar CSG LLC,CO,Weld,staged_only,,1.6,,OP
64022:SS22,SulusSolar22,OR,Marion,staged_only,,3.0,,OP
64023:246,"10 Finderne Avenue Solar, LLC",NJ,Somerset,staged_only,,2.3,,OP
64024:262,"Monte Vista Solar 2 CSG, LLC",CO,Rio Grande,staged_only,,1.6,,OP
64025:297,"101 Carnegie Center Solar, LLC",NJ,Mercer,staged_only,,1.2,,OP
64026:SF1,"ANSON Solar Center, LLC",TX,Jones,staged_only,,200.0,,OP
64027:MB19,SB Water Reclamation Fuel Cell,CA,San Bernardino,staged_only,,1.4,,OP
64028:EMDF,San Diego - EMDF at San Diego,CA,San Diego,staged_only,,2.9,,OP
64029:TC3,Bauer Solar CSG,MN,Stearns,staged_only,,0.9,,OP
64030:GEN1,Kenmare - Sullivan Community College,NY,Sullivan,staged_only,,2.0,,OP
64031:228,"Fremont CO 1, LLC",CO,Fremont,staged_only,,1.8,,OP
64032:MTSUN,MTSUN,MT,Yellowstone,staged_only,,80.0,,OP
64033:GS,GreenparkSolar,OR,Marion,staged_only,,1.3,,OP
64034:SS25,SulusSolar25,OR,Marion,staged_only,,2.2,,OP
64035:POWTN,Powatan Road Solar,NC,Johnston,staged_only,,2.0,,OP
64040:1,Apple Canyon Lake Solar,IL,Jo Daviess,staged_only,,1.2,,OP
64041:4683,Wappinger 9D Solar,NY,Dutchess,staged_only,,2.0,,OP
64042:3958,Montague Road Solar,MA,Hampshire,staged_only,,3.6,,OP
64042:39581,Montague Road Solar,MA,Hampshire,staged_only,,2.0,,OP
64043:6778,Olney Solar II CSG,IL,Richland,staged_only,,2.0,,OP
64044:7141,Off Airport Road - West,NY,Ulster,staged_only,,4.0,,OP
64045:4648,Fitchburg Renewables,MA,Worcester,staged_only,,4.0,,OP
64046:7140,6140 Route 209 - North,NY,Ulster,staged_only,,4.0,,OP
64047:46002,Caddo Wind,OK,Caddo,staged_only,,303.2,,OP
64048:SS29,SulusSolar29,OR,Clackamas,staged_only,,2.6,,OP
64049:NCRC,San Diego - NCRC at Vista,CA,San Diego,staged_only,,1.8,,OP
64050:CMABS,Fort Bragg - Camp Mackall PV BESS System,NC,Richmond,staged_only,,2.0,,OP
64050:CMAPV,Fort Bragg - Camp Mackall PV BESS System,NC,Richmond,staged_only,,1.0,,OP
64051:OCHW2,"Orchard Windfarm 2, LLC",OR,Morrow,staged_only,,10.0,,OP
64052:OCHW3,"Orchard Windfarm 3, LLC",OR,Morrow,staged_only,,10.0,,OP
64053:OCHW4,"Orchard Windfarm 4, LLC",OR,Morrow,staged_only,,10.0,,OP
64054:1,Clines Corners Wind Farm LLC,NM,Torrance,staged_only,,325.0,,OP
64055:WOC,Wonderful Orchards - New Columbia,CA,Madera,staged_only,,5.0,,OP
64056:TLU01,T Luhman CSG,MN,Goodhue,staged_only,,1.0,,OP
64057:WND,Wheatridge 1,OR,Morrow,staged_only,,100.0,,OP
64058:FREE,2662 Freeport Solar 1 CSG,IL,Stephenson,staged_only,,2.0,,OP
64059:WSIDE,Whiteside Solar 1 CSG,IL,Whiteside,staged_only,,2.0,,OP
64060:SELCO,SELCO Community Solar,MA,Worcester,staged_only,,3.0,,OP
64061:HEWNB,"Hecate Energy West Newberry, LLC",SC,Newberry,staged_only,,3.3,,OP
64062:PALPV,Palmyra PV - BD Solar Palmyra LLC,ME,Somerset,staged_only,,5.0,,OP
64065:1,Duran Mesa LLC,NM,Lincoln,staged_only,,105.0,,OP
64066:1,Tecolote Wind LLC,NM,Lincoln,staged_only,,272.0,,OP
64068:HANPV,BD Solar Hancock LLC,ME,Hancock,staged_only,,7.0,,OP
64069:WINPV,Winslow PV - BD Solar 2 LLC,ME,Kennebec,staged_only,,7.0,,OP
64070:ELLPV,BD Solar Ellsworth LLC,ME,Hancock,staged_only,,7.0,,OP
64072:CR1,Camp Ripley Solar,MN,Morrison,staged_only,,10.9,,OP
64074:3,Cimarron Bend III,KS,Clark,staged_only,,198.8,,OP
64075:TAYG2,Taygete II Energy Project,TX,Pecos,staged_only,,203.8,,OP
64076:RTE66,"Route 66 Energy Center, LLC",NM,Cibola,staged_only,,49.5,,OP
64077:ALBNY,Hecate Energy Albany County 1,NY,Albany,staged_only,,20.0,,OP
64078:PSLLC,Pittsfield Solar LLC,ME,Somerset,staged_only,,9.9,,OP
64079:CS,CatanSolar,TX,Karnes,staged_only,,10.0,,OP
64080:1,Dane County Airport Solar,WI,Dane,staged_only,,10.8,,OP
64081:SUNFL,Sunflower County,MS,Sunflower,staged_only,,100.0,,OP
64084:BR1CS,Blanchard Road 1 Community Solar,NY,Jefferson,staged_only,,5.0,,OP
64084:BR1S,Blanchard Road 1 Community Solar,NY,Jefferson,staged_only,,5.0,,OP
64085:CPRI2,North Providence,RI,Providence,staged_only,,2.0,,OP
64086:NORG,Norge Solar Farm,VA,James City,staged_only,,20.0,,OP
64087:BR2CS,Blanchard Road 2 Community Solar,NY,Jefferson,staged_only,,5.0,,OP
64087:BR2S,Blanchard Road 2 Community Solar,NY,Jefferson,staged_only,,5.0,,OP
64088:WT2,"Alta Farms II Wind Project, LLC",IL,DeWitt,staged_only,,200.5,,OP
64089:IGN01,Ignacio Grid Energy Storage System,TX,Hidalgo,staged_only,,100.0,,OP
64090:NR12S,NYS Rte 12 Community Solar,NY,Jefferson,staged_only,,5.0,,OP
64090:NYR12,NYS Rte 12 Community Solar,NY,Jefferson,staged_only,,5.0,,OP
64091:MROCS,Moore Road Community Solar,NY,Niagara,staged_only,,5.0,,OP
64092:GLSCS,Great Lakes Seaway Community Solar,NY,Jefferson,staged_only,,5.0,,OP
64092:GLSS,Great Lakes Seaway Community Solar,NY,Jefferson,staged_only,,5.0,,OP
64093:MOSO,Montross Solar,VA,Westmoreland,staged_only,,20.0,,OP
64096:248,Samuel Mickle School,NJ,Gloucester,staged_only,,1.1,,OP
64097:232,Electric City Solar,MI,St Joseph,staged_only,,15.0,,OP
64098:1,Tesla Reno GigaFactory,NV,Storey,staged_only,,0.4,,OP
64098:2,Tesla Reno GigaFactory,NV,Storey,staged_only,,0.5,,OP
64098:5,Tesla Reno GigaFactory,NV,Storey,staged_only,,0.9,,OP
64098:RA,Tesla Reno GigaFactory,NV,Storey,staged_only,,1.1,,OP
64098:RB,Tesla Reno GigaFactory,NV,Storey,staged_only,,1.8,,OP
64098:RC,Tesla Reno GigaFactory,NV,Storey,staged_only,,2.0,,OP
64099:TWEIT,Tweite Community Solar LLC,MN,Olmsted,staged_only,,1.0,,OP
64100:MORG,"Morgan Solar 4, LLC CSG",IL,Morgan,staged_only,,2.0,,OP
64101:259,"Mid-River PA, LLC (ABE4)",PA,Northampton,staged_only,,3.0,,OP
64102:GE19H,GE 19th Hole,NY,Fulton,staged_only,,7.7,,OP
64103:DH002,Desert Harvest II LLC,CA,Riverside,staged_only,,70.0,,OP
64103:DH003,Desert Harvest II LLC,CA,Riverside,staged_only,,35.0,,OP
64104:MAV02,"Maverick Solar 4, LLC",CA,Riverside,staged_only,,100.0,,OP
64105:MAV03,"Maverick Solar 6, LLC",CA,Riverside,staged_only,,100.0,,OP
64105:MAV04,"Maverick Solar 6, LLC",CA,Riverside,staged_only,,50.0,,OP
64106:MAV05,"Maverick Solar 7, LLC",CA,Riverside,staged_only,,132.0,,OP
64107:CPMA1,Canton,MA,Norfolk,staged_only,,5.0,,OP
64108:CPRI7,Gold Meadow Farms,RI,Kent,staged_only,,16.2,,OP
64109:CPMA2,Ravenbrook,MA,Plymouth,staged_only,,5.0,,OP
64110:CPMA6,Hudson,MA,Middlesex,staged_only,,5.0,,OP
64111:CPRI5,A Street 2,RI,Providence,staged_only,,1.6,,OP
64112:CPMA3,Berkley,MA,Bristol,staged_only,,3.0,,OP
64113:CPRI1,Kilvert,RI,Kent,staged_only,,4.7,,OP
64114:CPRI4,A Street 1,RI,Providence,staged_only,,1.2,,OP
64115:CPMA4,Carver,MA,Plymouth,staged_only,,1.5,,OP
64116:CPRI6,Plainfield Pike,RI,Providence,staged_only,,2.0,,OP
64117:MLS01,Meadowlark Solar,NC,Harnett,staged_only,,4.9,,OP
64118:N97S2,Nash 97 Solar 2,NC,Nash,staged_only,,4.9,,OP
64119:NS2,Nickelson Solar 2,NC,Duplin,staged_only,,4.9,,OP
64120:CPMA5,Chicopee,MA,Hampden,staged_only,,2.0,,OP
64121:SCS2,Siler City Solar 2,NC,Chatham,staged_only,,4.9,,OP
64122:MARL,"Marlow Solar, LLC CSG",IL,Jefferson,staged_only,,2.0,,OP
64123:GEN35,James W. Broderick Hydropower Plant,CO,Pueblo,staged_only,,3.5,,OP
64123:GEN40,James W. Broderick Hydropower Plant,CO,Pueblo,staged_only,,4.0,,OP
64124:BREW,IGS Stockton DG CSG,IL,Jo Daviess,staged_only,,1.9,,OP
64124:BREW2,IGS Stockton DG CSG,IL,Jo Daviess,staged_only,,1.9,,OP
64125:TWNSD,Podunque Road CSG,NY,Allegany,staged_only,,5.0,,OP
64126:ORNGE,County Road 16,NY,Schuyler,staged_only,,2.0,,OP
64127:PODNQ,Townsend Road(CSG),NY,Schuyler,staged_only,,3.7,,OP
64128:WPRB,Ware Palmer Road Solar LLC CSG,MA,Hampshire,staged_only,,2.0,,OP
64128:WPRS,Ware Palmer Road Solar LLC CSG,MA,Hampshire,staged_only,,3.0,,OP
64129:EBARB,East Brookfield Adams Road Solar LLC CSG,MA,Worcester,staged_only,,3.1,,OP
64129:EBARS,East Brookfield Adams Road Solar LLC CSG,MA,Worcester,staged_only,,5.0,,OP
64130:RJGW,"REG Juhl Glenville Wind, LLC",MN,Freeborn,staged_only,,2.5,,OP
64132:PV1,Oak Hill - Dry Creek,TX,Rusk,staged_only,,200.0,,OP
64133:2222,"Old 300 Solar Center, LLC",TX,Fort Bend,staged_only,,430.0,,OP
64135:GFSO,Grassfield Solar,VA,Chesapeake City,staged_only,,20.0,,OP
64136:SYSO,Sycamore Solar,VA,Pittsylvania,staged_only,,42.0,,OP
64137:GEN1,Kenmare - Mansfield Branch Street,MA,Bristol,staged_only,,1.5,,OP
64138:ICW1,Irish Creek Wind,KS,Marshall,staged_only,,300.6,,OP
64139:4444,"Haystack Wind Project, LLC",NE,Wayne,staged_only,,298.0,,OP
64140:BESS,"BWC Stony Brook, LLC Hybrid",MA,Middlesex,staged_only,,0.7,,OP
64140:BSBPV,"BWC Stony Brook, LLC Hybrid",MA,Middlesex,staged_only,,1.6,,OP
64141:4,Still Water Power,CA,Kings,staged_only,,1.0,,OP
64142:LCG,LabCorp Engine,NJ,Somerset,staged_only,,3.2,,OP
64143:BLA,Bloom-Altice Fuel Cell,NY,Nassau,staged_only,,2.0,,OP
64144:HMS01,"Harts Mill Solar, LLC",NC,Edgecombe,staged_only,,80.0,,OP
64145:PV1,Bay Trail Solar Power Plant,FL,Citrus,staged_only,,74.9,,OP
64146:PV1,Sandy Creek Solar Power Plant,FL,Bay,staged_only,,74.9,,OP
64147:DRAES,ZPD-PT Solar Project 2017-038 Hybrid LLC,MA,Worcester,staged_only,,3.5,,OP
64147:DRAPV,ZPD-PT Solar Project 2017-038 Hybrid LLC,MA,Worcester,staged_only,,5.0,,OP
64148:FISH,Fish Springs,NV,Washoe,staged_only,,100.0,,OP
64148:FISHB,Fish Springs,NV,Washoe,staged_only,,25.0,,OP
64149:WTW,"Western Trail Wind, LLC",TX,Wilbarger,staged_only,,366.6,,OP
64150:LANCR,Lancaster Solar GA,GA,Randolph,staged_only,,80.0,,OP
64151:PERRY,SR Perry,GA,Houston,staged_only,,68.0,,OP
64152:SNAKE,SR Rattlesnake,CO,Weld,staged_only,,6.0,,OP
64153:NOVAK,Novel Novak Solar LLC CSG,MN,Benton,staged_only,,1.0,,OP
64154:SHLLY,Novel Shelly Solar LLC (CSG),MN,Lyon,staged_only,,1.0,,OP
64155:2001,Bryant Road Solar,SC,Spartanburg,staged_only,,2.0,,OP
64157:CPG,Clyde Peaking Engine,OH,Sandusky,staged_only,,10.0,,OP
64158:MECH,Mechanicsville Solar,VA,Hanover,staged_only,,25.0,,OP
64159:MRG2,"Morgan Solar 2, LLC CSG",IL,Morgan,staged_only,,2.0,,OP
64160:STONE,SR North Stonington,CT,New London,staged_only,,12.0,,OP
64161:LITCH,SR Litchfield,CT,Litchfield,staged_only,,19.8,,OP
64162:7759A,Newton Rumford Landfill,MA,Middlesex,staged_only,,1.7,,OP
64164:ASWBE,"Azure Sky Wind Project, LLC Hybrid",TX,Throckmorton,staged_only,,120.0,,OP
64164:ASWWT,"Azure Sky Wind Project, LLC Hybrid",TX,Throckmorton,staged_only,,350.2,,OP
64165:WTG1,Priddy Wind Project,TX,Mills,staged_only,,302.4,,OP
64169:BEACH,Albemarle Beach Solar,NC,Washington,staged_only,,130.2,,OP
64170:MBES,"BWC Muddy Brook, LLC Hybrid",MA,Worcester,staged_only,,0.9,,OP
64170:MBPV,"BWC Muddy Brook, LLC Hybrid",MA,Worcester,staged_only,,1.0,,OP
64172:RHWWT,"Rockhaven Wind Project, LLC",OK,Murray,staged_only,,140.0,,OP
64173:1305,Lotus,NC,Guilford,staged_only,,4.0,,OP
64174:1303,Big Boy,NC,Guilford,staged_only,,3.0,,OP
64175:1302,Beth,NC,Guilford,staged_only,,5.0,,OP
64176:1304,Charlie,NC,Guilford,staged_only,,4.0,,OP
64177:MANW,CED Manchester Wind,IA,Delaware,staged_only,,7.9,,OP
64178:CENTW,CED Centerville Wind,IA,Appanoose,staged_only,,7.9,,OP
64179:17000,IA - City of Ames - Airport Road,IA,Story,staged_only,,2.0,,OP
64180:19002,MD - CS - Potomac Edison Co - GA29 TPE,MD,Garrett,staged_only,,2.0,,OP
64182:DRAES,"BWC Lake Lashaway, LLC Hybrid",MA,Worcester,staged_only,,3.7,,OP
64182:DRAPV,"BWC Lake Lashaway, LLC Hybrid",MA,Worcester,staged_only,,4.2,,OP
64183:IWE,Independence Wind Farm,IA,Delaware,staged_only,,55.4,,OP
64184:DRAPV,ZPD-PT Solar Project 2017-044 LLC CSG,MA,Worcester,staged_only,,1.0,,OP
64185:DRAES,ZPD-PT Solar Project 2017-023 LLC Hybrid,MA,Worcester,staged_only,,1.9,,OP
64185:DRAPV,ZPD-PT Solar Project 2017-023 LLC Hybrid,MA,Worcester,staged_only,,2.8,,OP
64186:394,Graphite Solar I,UT,Carbon,staged_only,,80.0,,OP
64187:DRAES,ZPD-PT Solar Project 2017-021 LLC Hybrid,MA,Hampden,staged_only,,0.7,,OP
64187:DRAPV,ZPD-PT Solar Project 2017-021 LLC Hybrid,MA,Hampden,staged_only,,1.0,,OP
64189:RSNAK,Apex Solar,MT,Beaverhead,staged_only,,80.0,,OP
64190:82803,Waipio Peninsula,HI,Honolulu,staged_only,,11.0,,OP
64191:LUMP,SR Lumpkin,GA,Stewart,staged_only,,100.0,,OP
64192:BB08,Bo Biggs Solar,NC,Robeson,staged_only,,4.9,,OP
64193:MR01,Moore Solar,NC,Rockingham,staged_only,,5.0,,OP
64194:313,510 Carnegie Center,NJ,Mercer,staged_only,,1.4,,OP
64195:313,701 Carnegie Center,NJ,Mercer,staged_only,,1.1,,OP
64196:AS3,Assembly Solar III,MI,Shiawassee,staged_only,,79.0,,OP
64197:FTHSB,"Fifth Standard Solar PV, LLC (Hybrid)",CA,Fresno,staged_only,,137.0,,OP
64197:FTHSS,"Fifth Standard Solar PV, LLC (Hybrid)",CA,Fresno,staged_only,,150.0,,OP
64198:HRBE,"Horn Rapids Solar, Storage and Training",WA,Benton,staged_only,,1.0,,OP
64198:HRPV,"Horn Rapids Solar, Storage and Training",WA,Benton,staged_only,,3.2,,OP
64200:JSG,Jack's Solar Garden,CO,Boulder,staged_only,,1.0,,OP
64201:MC1B,"McDonough Solar 1, LLC CSG",IL,McDonough,staged_only,,2.0,,OP
64201:MCDH,"McDonough Solar 1, LLC CSG",IL,McDonough,staged_only,,2.0,,OP
64202:BGSTS,"Big Star Solar, LLC (Hybrid)",TX,Bastrop,staged_only,,200.0,,OP
64204:ELARA,Elara Solar,TX,Frio,staged_only,,132.4,,OP
64207:ES1,Crane Battery Energy Storage System,IN,Martin,staged_only,,5.0,,OP
64210:50LWA,Bellefield Solar and Energy Storage Farm,CA,Kern,staged_only,,500.0,,OP
64210:50LWB,Bellefield Solar and Energy Storage Farm,CA,Kern,staged_only,,500.0,,OP
64211:BAXLY,Baxley,GA,Appling,staged_only,,25.0,,OP
64212:CO465,Pike Solar Hybrid,CO,El Paso,staged_only,,175.0,,OP
64213:AUB,Auburn Solar Project,MA,Worcester,staged_only,,4.9,,OP
64213:BEAUB,Auburn Solar Project,MA,Worcester,staged_only,,3.8,,OP
64217:BLAIR,Blair Solar,CT,Tolland,staged_only,,1.0,,OP
64218:MADIS,Madison Solar (CT),CT,Tolland,staged_only,,1.0,,OP
64219:FEW,Few Solar,CT,Tolland,staged_only,,1.0,,OP
64220:WOC,Wonderful Orchards - Westside,CA,Kern,staged_only,,5.0,,OP
64221:WOC,Wonderful Orchards - Belridge,CA,Kern,staged_only,,5.0,,OP
64222:1,Burt County Solar Hybrid,NE,Burt,staged_only,,0.7,,OP
64222:2,Burt County Solar Hybrid,NE,Burt,staged_only,,0.7,,OP
64223:1,Dodge County Solar Hybrid,NE,Dodge,staged_only,,0.7,,OP
64223:2,Dodge County Solar Hybrid,NE,Dodge,staged_only,,0.7,,OP
64224:DPS,"Dressor Plains Solar, LLC",IL,Fayette,staged_only,,99.0,,OP
64225:PROS1,Prosperity Solar Farm CSG,MO,Jasper,staged_only,,2.3,,OP
64226:CURRY,Curry Solar,GA,Tattnall,staged_only,,1.1,,OP
64227:12001,"Alexis Solar, LLC",TX,Brooks,staged_only,,10.0,,OP
64228:BLGS,Blue Goose Solar CSG,IL,Whiteside,staged_only,,2.0,,OP
64229:IROQ,Iroquois Solar 1B LLC CSG,IL,Iroquois,staged_only,,2.0,,OP
64230:GEN01,Indiana Crossroads Wind Farm LLC,IN,White,staged_only,,302.4,,OP
64231:09170,Hadley 3 Solar (North),MA,Hampshire,staged_only,,1.0,,OP
64231:3093,Hadley 3 Solar (North),MA,Hampshire,staged_only,,3.9,,OP
64232:30930,Hadley 3 Solar (South),MA,Hampshire,staged_only,,1.0,,OP
64232:6554,Hadley 3 Solar (South),MA,Hampshire,staged_only,,2.0,,OP
64233:80995,Hecate Energy Frye Solar LLC,TX,Swisher,staged_only,,500.0,,OP
64237:002,"Solar Lee, LLC",NC,Wayne,staged_only,,4.9,,OP
64238:018,"Acme Solar, LLC",NC,Columbus,staged_only,,4.9,,OP
64239:7V1,7V Solar Ranch,TX,Fayette,staged_only,,240.0,,OP
64241:CHP1,Maryland Bioenergy Center (Jessup),MD,Howard,staged_only,,1.1,,OP
64242:GEN#1,St. Cloud Hydro,MN,Stearns,staged_only,,4.3,,OP
64242:GEN#2,St. Cloud Hydro,MN,Stearns,staged_only,,4.3,,OP
64243:SULL,Sullivan B Community Solar LLC,IL,McDonough,staged_only,,2.0,,OP
64244:SAND3,Anderson 3,IN,Madison,staged_only,,8.7,,OP
64245:SAND5,Anderson 5,IN,Madison,staged_only,,3.0,,OP
64246:PERU2,Peru 2,IN,Miami,staged_only,,9.5,,OP
64247:RICH5,Richmond 5,IN,Wayne,staged_only,,9.0,,OP
64248:SAND4,Anderson 4,IN,Madison,staged_only,,7.8,,OP
64249:SAND6,Anderson 6,IN,Madison,staged_only,,6.8,,OP
64250:PERU3,Peru 3,IN,Miami,staged_only,,2.9,,OP
64251:PICK1,Pickford Solar,MI,Chippewa,staged_only,,6.9,,OP
64252:RICH6,Richmond 6,IN,Wayne,staged_only,,5.3,,OP
64254:KENT,Kent School Road Solar 1,IL,Stephenson,staged_only,,2.0,,OP
64256:KLNIB,AES Maui Kuihelani Solar Hybrid,HI,Maui,staged_only,,60.0,,OP
64256:KULNI,AES Maui Kuihelani Solar Hybrid,HI,Maui,staged_only,,60.0,,OP
64257:SCHU,Schulte 2 Community Solar,IL,Marshall,staged_only,,2.0,,OP
64258:OCISR,AP Sunray LLC,TX,Uvalde,staged_only,,203.5,,OP
64259:OCICR,BPL Crown Solar LLC,TX,Falls,staged_only,,100.0,,OP
64260:OCISO,BPL Sol Solar LLC,TX,Falls,staged_only,,100.0,,OP
64261:361,Forrest City- Prison Site,AR,St Francis,staged_only,,1.0,,OP
64262:453,Forrest City- Eldridge Road,AR,St Francis,staged_only,,1.0,,OP
64263:364,Hot Springs 2020,AR,Garland,staged_only,,1.0,,OP
64264:298,Las Virgenes,CA,Los Angeles,staged_only,,3.0,,OP
64265:263,Rock Creek 2 CSG,CO,Alamosa,staged_only,,1.6,,OP
64266:264,Alamosa Solar South CSG,CO,Alamosa,staged_only,,1.6,,OP
64267:265,Valencia 2,CA,Imperial,staged_only,,3.0,,OP
64268:280,Lawrence Brook,VT,Lamoille,staged_only,,2.2,,OP
64269:KANK,Kankakee Solar 4 LLC,IL,Kankakee,staged_only,,2.0,,OP
64270:COLT1,"ESCA-LL-COLTON, LLC",CA,San Bernardino,staged_only,,2.6,,OP
64271:018,"1051 Lucky Solar, LLC",NC,Yadkin,staged_only,,3.0,,OP
64273:018,"Sweet Tea Solar, LLC",NC,Craven,staged_only,,4.5,,OP
64275:BNF,Bulloch Neville Farms,GA,Bulloch,staged_only,,2.7,,OP
64276:FM,Franklin Milliken,GA,Franklin,staged_only,,3.0,,OP
64277:GD,Greene Durham,GA,Greene,staged_only,,3.0,,OP
64278:LIDA,Lowndes IDA,GA,Lowndes,staged_only,,1.5,,OP
64279:LTF,Lowndes Tycor Farms,GA,Lowndes,staged_only,,2.3,,OP
64280:MJ,Meriwether Jackson,GA,Meriwether,staged_only,,3.0,,OP
64281:MTF,Murray Treadwell Farms,GA,Murray,staged_only,,3.0,,OP
64282:PE,Putnam Erickson,GA,Putnam,staged_only,,2.7,,OP
64283:TRS,Terrell Riles Stovall,GA,Terrell,staged_only,,1.7,,OP
64284:TRC50,Troup RC50 II,GA,Troup,staged_only,,1.5,,OP
64285:WA1,Ware Avra I,GA,Ware,staged_only,,3.0,,OP
64286:WA2,Ware Avra II,GA,Ware,staged_only,,1.9,,OP
64288:RECBJ,Renewable Energy Center at BJH,MO,St Louis City,staged_only,,1.6,,OP
64290:IPAT2,"SE Athos II, LLC",CA,Riverside,staged_only,,200.0,,OP
64291:A1,Lincoln Medical and Mental Health Center,NY,Bronx,staged_only,,2.0,,OP
64291:A2,Lincoln Medical and Mental Health Center,NY,Bronx,staged_only,,1.0,,OP
64291:A3,Lincoln Medical and Mental Health Center,NY,Bronx,staged_only,,1.0,,OP
64291:B3,Lincoln Medical and Mental Health Center,NY,Bronx,staged_only,,1.4,,OP
64293:ALVIN,Alvin,TX,Brazoria,staged_only,,9.9,,OP
64294:ODSA,Odessa,TX,Ector,staged_only,,9.9,,OP
64295:ANGLE,Angleton,TX,Brazoria,staged_only,,9.9,,OP
64296:BRAZ,Brazoria,TX,Brazoria,staged_only,,9.9,,OP
64297:H8S,Heights,TX,Galveston,staged_only,,9.9,,OP
64298:MANGO,Magnolia TX,TX,Galveston,staged_only,,9.9,,OP
64299:MEL,Roger Williams - Melville at Portsmouth,RI,Newport,staged_only,,3.0,,OP
64300:FORTD,Fort Drum Energy Center,FL,Okeechobee,staged_only,,74.5,,OP
64301:WILLO,Willow Solar Energy Center,FL,Manatee,staged_only,,74.5,,OP
64302:GEN1,Lafayette 2 - McHenry Franks 1,IL,McHenry,staged_only,,2.0,,OP
64303:GEN1,Lafayette 2 - McHenry Franks 2,IL,McHenry,staged_only,,2.0,,OP
64304:GEN1,Lafayette 2 - Kankakee Yonke,IL,Kankakee,staged_only,,2.0,,OP
64305:TCL1,TCI France,LA,Orleans,staged_only,,1.5,,OP
64306:TCI2,TCI Alvar,LA,Orleans,staged_only,,1.9,,OP
64307:NOSS,New Orleans Solar Station,LA,Orleans,staged_only,,20.0,,OP
64308:HLDBG,"Dissigno Healdsburg FPV, LLC",CA,Sonoma,staged_only,,3.0,,OP
64309:SCWKS,Soldier Creek Wind,KS,Nemaha,staged_only,,300.0,,OP
64310:CORN,Corning Riverview (CSG),NY,Erie,staged_only,,5.0,,OP
64311:SFS08,"Sun Farm VIII, LLC",NC,Nash,staged_only,,4.0,,OP
64312:BC,Bat Cave,TX,Mason,staged_only,,100.0,,OP
64314:DIKN,Dickinson,TX,Galveston,staged_only,,9.9,,OP
64315:LOOP,Loop 463,TX,Victoria,staged_only,,9.9,,OP
64316:LOPE,Lopeno,TX,Zapata,staged_only,,9.9,,OP
64317:NF,North Fork TX,TX,Williamson,staged_only,,100.0,,OP
64318:PBL1,Pueblo BA,TX,Maverick,staged_only,,9.9,,OP
64318:PBL2,Pueblo BA,TX,Maverick,staged_only,,9.9,,OP
64319:RANCH,Ranchtown,TX,Bexar,staged_only,,9.9,,OP
64321:SWNY,Sweeny,TX,Brazoria,staged_only,,9.9,,OP
64322:ZPT1,Zapata,TX,Zapata,staged_only,,9.9,,OP
64322:ZPT2,Zapata,TX,Zapata,staged_only,,9.9,,OP
64323:CHW,Coachella Hills Wind,CA,Riverside,staged_only,,61.2,,OP
64325:PROSP,Prospero Solar II,TX,Andrews,staged_only,,250.0,,OP
64326:DYER,Summit Winds,CA,Alameda,staged_only,,47.5,,OP
64326:FRICK,Summit Winds,CA,Alameda,staged_only,,10.0,,OP
64327:GEN1,EDF Ph1 Toms River,NJ,Ocean,staged_only,,21.3,,OP
64328:GRIG,"AES Griggs Solar, LLC",IL,Kankakee,staged_only,,2.0,,OP
64329:EAST,"IGS East Central, LLC",IL,Will,staged_only,,2.0,,OP
64330:LILY,SV CSG Lily Lake 2 LLC,IL,Kane,staged_only,,2.0,,OP
64331:LENA,Cedarville Road,IL,Stephenson,staged_only,,2.0,,OP
64332:CHL2,Two Dot Wind Broadview East LLC,MT,Yellowstone,staged_only,,1.8,,OP
64333:WED7,"WED Coventry Seven, LLC",RI,Kent,staged_only,,3.0,,OP
64334:GDWH,"GD Glocester White Oak I, LLC",RI,Providence,staged_only,,1.8,,OP
64335:QUIT2,Quitman II Solar,GA,Brooks,staged_only,,150.0,,OP
64336:WFW,"Little Blue Wind Project, LLC",NE,Webster,staged_only,,250.7,,OP
64337:FNS,Farmington Solar,ME,Franklin,staged_only,,77.0,,OP
64339:HHILL,Horizon Hill Wind Project,OK,Logan,staged_only,,201.5,,OP
64340:WRW,White Rock West Wind Project,OK,Caddo,staged_only,,99.5,,OP
64341:WRE,White Rock East Wind Project,OK,Caddo,staged_only,,201.5,,OP
64342:5555,"Badger Wind, LLC",ND,McIntosh,staged_only,,250.0,,OP
64343:SBAR,6685 Santa Barbara Ct,MD,Howard,staged_only,,1.0,,OP
64347:7777,Mockingbird Solar Center,TX,Lamar,staged_only,,471.0,,OP
64350:OBFC,Orbit Bloom Fuel Cell,NY,Suffolk,staged_only,,6.0,,OP
64351:JFK8,Amazon JFK8 Solar Project,NY,Richmond,staged_only,,4.9,,OP
64352:SC,Mtn Solar 6 LLC (CSG),CO,Logan,staged_only,,2.0,,OP
64353:SC,NSE Camber Solar PS11 LLC (CSG),CO,Logan,staged_only,,2.0,,OP
64355:SC,"NSE Camber BH CSG 2, LLC",CO,Crowley,staged_only,,2.0,,OP
64356:SC,NSE Camber Solar PS13 LLC (CSG),CO,Logan,staged_only,,2.0,,OP
64357:SC,NSE Camber Solar PS6 LLC CSG,CO,Weld,staged_only,,2.0,,OP
64358:SC,NSE Camber Solar PS5 LLC (CSG),CO,Weld,staged_only,,2.0,,OP
64360:30001,"American Goldfinch SCS ACY2 NJ, LLC",NJ,Burlington,staged_only,,3.9,,OP
64362:30004,"SCS American Bottoms 009885 Sauget, LLC",IL,St Clair,staged_only,,1.8,,OP
64363:30008,"ESA Boston Solar, LLC",NC,Person,staged_only,,5.0,,OP
64364:30005,"SCS Beltway 011754 Rock Falls, LLC",IL,Whiteside,staged_only,,1.0,,OP
64365:30003,"Western Meadowlark Solar SCS NE 1, LLC",NE,Scotts Bluff,staged_only,,4.4,,OP
64366:30007,"Trojan Solar, LLC",NC,Columbus,staged_only,,5.0,,OP
64367:30006,"Zuma Solar, LLC",NC,Caswell,staged_only,,3.0,,OP
64370:PLFD1,Plainfield Solar 1,CT,Windham,staged_only,,1.0,,OP
64371:CORT1,Cortlandville I Solar CSG,NY,Cortland,staged_only,,5.0,,OP
64372:SNGFD,Sangerfield Solar CSG,NY,Oneida,staged_only,,5.0,,OP
64373:CLAY1,Clay Solar CSG,NY,Onondaga,staged_only,,5.0,,OP
64374:NRWCB,Norwich Solar and Energy Storage CSG,NY,Chenango,staged_only,,5.0,,OP
64374:NRWCH,Norwich Solar and Energy Storage CSG,NY,Chenango,staged_only,,5.0,,OP
64375:BESS1,Decorah Battery,IA,Winneshiek,staged_only,,2.5,,OP
64376:TRANQ,Tranquillity ID,CA,Fresno,staged_only,,1.3,,OP
64377:SG275,Milligan 1 Wind Farm,NE,Saline,staged_only,,99.0,,OP
64377:SG4.5,Milligan 1 Wind Farm,NE,Saline,staged_only,,135.0,,OP
64377:V110,Milligan 1 Wind Farm,NE,Saline,staged_only,,66.0,,OP
64378:EG1,Signature Breads Chelsea,MA,Suffolk,staged_only,,1.5,,OP
64379:467,Ridgecrest,DC,District of Columbia,staged_only,,1.7,,OP
64380:464,Cascades,NJ,Middlesex,staged_only,,2.0,,OP
64381:GS001,"Glacier Sands Wind Power, LLC",IL,Mason,staged_only,,185.0,,OP
64382:EG1,IXYS - Beverly,MA,Essex,staged_only,,0.6,,OP
64382:NG1,IXYS - Beverly,MA,Essex,staged_only,,0.7,,OP
64382:NG2,IXYS - Beverly,MA,Essex,staged_only,,0.7,,OP
64382:NG3,IXYS - Beverly,MA,Essex,staged_only,,0.7,,OP
64383:CTG-1,Braes Bayou Plant,TX,Fort Bend,staged_only,,60.5,,OP
64383:CTG-2,Braes Bayou Plant,TX,Fort Bend,staged_only,,60.5,,OP
64383:CTG-3,Braes Bayou Plant,TX,Fort Bend,staged_only,,60.5,,OP
64383:CTG-4,Braes Bayou Plant,TX,Fort Bend,staged_only,,60.5,,OP
64383:CTG-5,Braes Bayou Plant,TX,Fort Bend,staged_only,,60.5,,OP
64383:CTG-6,Braes Bayou Plant,TX,Fort Bend,staged_only,,60.5,,OP
64383:CTG-7,Braes Bayou Plant,TX,Fort Bend,staged_only,,60.5,,OP
64383:CTG-8,Braes Bayou Plant,TX,Fort Bend,staged_only,,60.5,,OP
64384:ATUS2,Amazon TUS2,AZ,Pima,staged_only,,2.6,,OP
64385:304,Gliden (Op Zone),NC,Chowan,staged_only,,5.0,,OP
64386:GLCRV,Gilcrest V CSG,CO,Weld,staged_only,,4.8,,OP
64387:QBS,Quinebaug Solar,CT,Windham,staged_only,,49.4,,OP
64388:TRUCO,TruStile Doors - Denver,CO,Adams,staged_only,,1.2,,OP
64389:NIAGS,Niagara Bottling - Seguin,TX,Guadalupe,staged_only,,4.9,,OP
64391:FWBP1,Firestone Walker Brewery - Phase 1,CA,San Luis Obispo,staged_only,,1.6,,OP
64392:CVS1,Branch Solar Farm,AR,Franklin,staged_only,,5.0,,OP
64393:GEN2,Badger Hollow II,WI,Iowa,staged_only,,150.0,,OP
64395:DRAES,ZPD-PT Solar Project 2017-006 LLC Hybrid,MA,Worcester,staged_only,,2.5,,OP
64395:DRAPV,ZPD-PT Solar Project 2017-006 LLC Hybrid,MA,Worcester,staged_only,,4.0,,OP
64396:EMSJN,EMWD - Perris Valley RWRF,CA,Riverside,staged_only,,3.4,,OP
64397:EMSJN,EMWD - San Jacinto RWRF NEM,CA,Riverside,staged_only,,1.3,,OP
64398:EMSUN,EMWD - Sun City RWRF,CA,Riverside,staged_only,,1.6,,OP
64399:EMRES,EMWD - San Jacinto RES BCT,CA,Riverside,staged_only,,4.2,,OP
64400:BYESS,BYU - Hawaii,HI,Honolulu,staged_only,,1.9,,OP
64400:BYUHI,BYU - Hawaii,HI,Honolulu,staged_only,,3.1,,OP
64401:CSUSJ,CSU San Jose State University,CA,Santa Clara,staged_only,,1.7,,OP
64402:ELDCO,El Dorado County,CA,El Dorado,staged_only,,1.5,,OP
64403:CSUCI,California State Univ at Channel Islands,CA,Ventura,staged_only,,3.7,,OP
64404:CPTPV,Mesa Carport PV,AZ,Maricopa,staged_only,,3.6,,OP
64404:GFTPV,Mesa Carport PV,AZ,Maricopa,staged_only,,1.0,,OP
64406:EMMOR,EMWD - Moreno Valley RWRF,CA,Riverside,staged_only,,2.4,,OP
64407:FRW3,Flat Ridge 3,KS,Kingman,staged_only,,128.0,,OP
64408:WEG,Georges River Energy,ME,Waldo,staged_only,,10.0,,OP
64409:ANDER,Anderson (SC),SC,Anderson,staged_only,,2.0,,OP
64410:BRIAR,Briarwood,SC,Greenwood,staged_only,,2.0,,OP
64411:DELAN,Delanco,NJ,Burlington,staged_only,,2.4,,OP
64412:GMINE,Gold Mine,SC,Greenwood,staged_only,,1.5,,OP
64413:SCHUL,Schull CSG,MN,Blue Earth,staged_only,,1.0,,OP
64414:PONTC,Pontiac,IL,Livingston,staged_only,,2.0,,OP
64415:ROCKF,Rockford CSG,IL,Winnebago,staged_only,,2.0,,OP
64416:SANDL,Sandoval,IL,Clinton,staged_only,,2.0,,OP
64417:WILBR,Wilbraham,MA,Hampden,staged_only,,4.0,,OP
64418:BB000,Big Bear,CA,Los Angeles,staged_only,,5.5,,OP
64419:ELM,Elm Street,MA,Bristol,staged_only,,2.8,,OP
64420:1,Scribner Diesel Generation Facility,NE,Dodge,staged_only,,2.0,,OP
64420:2,Scribner Diesel Generation Facility,NE,Dodge,staged_only,,2.0,,OP
64421:DEWIT,Sunvestment Energy Group NY 63 LLC,NY,Onondaga,staged_only,,2.0,,OP
64422:NBOE1,GSPP Onyx New Brunswick LLC,NJ,Middlesex,staged_only,,0.3,,OP
64422:NBOE2,GSPP Onyx New Brunswick LLC,NJ,Middlesex,staged_only,,0.4,,OP
64422:NBOE3,GSPP Onyx New Brunswick LLC,NJ,Middlesex,staged_only,,0.3,,OP
64422:NBOE4,GSPP Onyx New Brunswick LLC,NJ,Middlesex,staged_only,,0.1,,OP
64423:TX7,TX7 Flat Top,TX,Reeves,staged_only,,9.9,,OP
64424:TX8,TX8 Worsham,TX,Pecos,staged_only,,9.9,,OP
64425:TX2,TX2 Port Lavaca,TX,Calhoun,staged_only,,9.9,,OP
64426:WIL,Wilmot Energy Center LLC,AZ,Pima,staged_only,,130.0,,OP
64426:WILBA,Wilmot Energy Center LLC,AZ,Pima,staged_only,,30.0,,OP
64427:CSP1,Copperton Solar Plant No. 1,UT,Salt Lake,staged_only,,5.0,,OP
64427:CSP2,Copperton Solar Plant No. 1,UT,Salt Lake,staged_only,,25.0,,OP
64429:19001,Amazon - Stockton - Roof (SCK1) - (CA),CA,San Joaquin,staged_only,,2.6,,OP
64430:KOV4A,American Beech Solar LLC,NC,Halifax,staged_only,,140.0,,OP
64431:PBS,Point Beach Solar,WI,Manitowoc,staged_only,,100.0,,OP
64432:BBA,Breckenridge Solar,MA,Hampden,staged_only,,2.2,,OP
64432:BKS,Breckenridge Solar,MA,Hampden,staged_only,,5.0,,OP
64433:BRW,Black Rock Wind,WV,Mineral,staged_only,,115.0,,OP
64434:ROU,Rounseville Solar,MA,Plymouth,staged_only,,2.7,,OP
64435:TOW,Town of Ware - Canadian Tree(CSG),MA,Hampshire,staged_only,,1.4,,OP
64436:WIL,Wilmarth Solar,MA,Norfolk,staged_only,,5.0,,OP
64436:WILB,Wilmarth Solar,MA,Norfolk,staged_only,,2.3,,OP
64437:DRH,Dresser Hill CSG,MA,Worcester,staged_only,,3.7,,OP
64438:VALLE,Vallecitos Water District,CA,San Diego,staged_only,,1.4,,OP
64439:PINE,"Pine Road Solar, LLC CSG",IL,DeKalb,staged_only,,2.0,,OP
64441:266,Valencia 3,CA,Imperial,staged_only,,3.0,,OP
64442:MPES,Mt Pleasant Community Center,NY,Westchester,staged_only,,0.7,,OP
64442:MPPV,Mt Pleasant Community Center,NY,Westchester,staged_only,,0.5,,OP
64443:GOLD,Golden Solar,VT,Caledonia,staged_only,,2.2,,OP
64444:PARIS,City of Paris Solar,AR,Logan,staged_only,,1.5,,OP
64445:PV1,"County of Dutchess, NY (Airport)",NY,Dutchess,staged_only,,1.8,,OP
64446:AMGB,Arlington Microgrid,WA,Snohomish,staged_only,,1.0,,OP
64446:AMGPV,Arlington Microgrid,WA,Snohomish,staged_only,,0.5,,OP
64447:GEN1,Brazoria West,TX,Brazoria,staged_only,,200.0,,OP
64448:GEN1,Wythe County Solar,VA,Wythe,staged_only,,75.0,,OP
64450:GSF01,"Grissom Solar, LLC",NC,Halifax,staged_only,,5.0,,OP
64450:GSF02,"Grissom Solar, LLC",NC,Halifax,staged_only,,10.0,,OP
64451:1583,Rosemond Solar Community Solar,NY,Sullivan,staged_only,,2.0,,OP
64452:GEN1,Calhoun County Solar Project,MI,Calhoun,staged_only,,125.0,,OP
64453:VOLES,Volney II,NY,Oswego,staged_only,,3.0,,OP
64453:VOLNE,Volney II,NY,Oswego,staged_only,,1.5,,OP
64454:PV1,"Merrimack Solar Farm, LLC",NH,Hillsborough,staged_only,,2.4,,OP
64456:FAC13,"13 Mile Solar, LLC",MI,Calhoun,staged_only,,2.0,,OP
64457:FACCA,"Captain Solar, LLC",MI,Genesee,staged_only,,2.0,,OP
64458:FAACW,"Coldwater Solar, LLC",MI,Genesee,staged_only,,2.0,,OP
64459:FACG1,"Geddes 1 Solar, LLC",MI,Saginaw,staged_only,,2.0,,OP
64460:FACJF,"Jack Francis Solar, LLC",MI,Genesee,staged_only,,2.0,,OP
64461:FACMS,"May Shannon Solar, LLC",MI,Genesee,staged_only,,2.0,,OP
64462:FACSH,"Stoneheart Solar, LLC",MI,Saginaw,staged_only,,2.0,,OP
64463:FACWR,"Workman Road Solar Farm, LLC",MI,Missaukee,staged_only,,2.0,,OP
64464:CLEN,"Clendenin A Community Solar, LLC CSG",IL,Williamson,staged_only,,2.0,,OP
64465:KERN,"Kern A Community Solar, LLC CSG",IL,Franklin,staged_only,,2.0,,OP
64466:LUKC,Lukuc B Community Solar LLC CSG,IL,Williamson,staged_only,,2.0,,OP
64467:MTMO,"CSG Mt. Morris 2, LLC",IL,Ogle,staged_only,,2.0,,OP
64468:BOIG,"Tower Road Solar, LLC CSG",IL,Dekalb,staged_only,,2.0,,OP
64469:OEALD,Wing,AL,Covington,staged_only,,80.0,,OP
64470:FACIC,"Interchange Solar, LLC",MI,Genesee,staged_only,,2.0,,OP
64471:BYHWY,Byron Highway Solar,CA,Contra Costa,staged_only,,5.0,,OP
64472:BERRY,Berry Road Solar,SC,Greenville,staged_only,,2.0,,OP
64473:NORMN,Norman Solar,OK,Cleveland,staged_only,,2.0,,OP
64476:1102,"Swansboro Solar, LLC",NC,Onslow,staged_only,,4.9,,OP
64477:1,"Suncaster, LLC",NC,Wayne,staged_only,,2.4,,OP
64478:1034,"1034 Catherine Lake Solar, LLC",NC,Onslow,staged_only,,4.9,,OP
64479:HNDLD,Novel Handeland Solar LLC (CSG),MN,Yellow Medicine,staged_only,,1.0,,OP
64480:TC3,Rice Two Solar CSG,MN,Rice,staged_only,,0.8,,OP
64481:AEC1,Arlington Energy Center II,CA,Riverside,staged_only,,100.0,,OP
64481:AEC2,Arlington Energy Center II,CA,Riverside,staged_only,,133.0,,OP
64481:AEC2B,Arlington Energy Center II,CA,Riverside,staged_only,,132.0,,OP
64482:STAVM,Novel Stavem Solar LLC CSG,MN,Pope,staged_only,,1.0,,OP
64483:SNYFD,Novel Sunnyfield Farms Solar LLC CSG,MN,Wabasha,staged_only,,1.0,,OP
64484:SCRDR,Novel Schroeder Solar LLC CSG,MN,Renville,staged_only,,1.0,,OP
64485:CRLNE,"Novel Caroline Solar, LLC CSG",MN,Chisago,staged_only,,1.0,,OP
64486:DAVID,Novel David Solar LLC CSG,MN,Waseca,staged_only,,1.0,,OP
64487:HNKE,Novel Huneke Solar LLC CSG,MN,Goodhue,staged_only,,1.0,,OP
64488:DNZR,Novel Denzer Solar LLC CSG,MN,Winona,staged_only,,1.0,,OP
64489:GEN1,Resurgence Solar,CA,San Bernardino,staged_only,,90.0,,OP
64489:GEN2,Resurgence Solar,CA,San Bernardino,staged_only,,75.0,,OP
64496:FACHE,"Hendershot Solar, LLC",MI,Lenawee,staged_only,,2.0,,OP
64497:FACHA,"Hazel Solar, LLC",MI,Montcalm,staged_only,,2.0,,OP
64498:FACG2,"Geddes 2 Solar, LLC",MI,Saginaw,staged_only,,2.0,,OP
64499:FACBH,"Bullhead Solar, LLC",MI,Hillsdale,staged_only,,2.0,,OP
64500:FACAN,"Angola Solar, LLC",MI,Branch,staged_only,,2.0,,OP
64502:1,7448 Candlewood Road,MD,Anne Arundel,staged_only,,1.5,,OP
64503:PALM,Palmer Community Solar LLC CSG,MN,Chisago,staged_only,,1.0,,OP
64504:MED2,Medin 2 Community Solar LLC CSG,MN,Chisago,staged_only,,1.0,,OP
64505:LFGE1,Flathead Landfill to Gas Energy Facility,MT,Flathead,staged_only,,1.6,,OP
64505:LFGE2,Flathead Landfill to Gas Energy Facility,MT,Flathead,staged_only,,1.6,,OP
64506:COK,Cokato CSG,MN,Wright,staged_only,,4.0,,OP
64507:OETN1,OETN1,TN,Obion,staged_only,,100.0,,OP
64508:BAT1,Hall Solar Energy Storage,NC,Duplin,staged_only,,2.5,,OP
64508:SOL1,Hall Solar Energy Storage,NC,Duplin,staged_only,,2.0,,OP
64509:BAT1,South River H4 Solar Energy Storage,NC,Sampson,staged_only,,0.6,,OP
64509:SOL1,South River H4 Solar Energy Storage,NC,Sampson,staged_only,,0.5,,OP
64510:BAT1,Arba Solar Energy Storage,NC,Greene,staged_only,,5.1,,OP
64510:SOL1,Arba Solar Energy Storage,NC,Greene,staged_only,,5.0,,OP
64511:BAT1,Rose Acre Solar Energy Storage,NC,Hyde,staged_only,,2.5,,OP
64511:SOL1,Rose Acre Solar Energy Storage,NC,Hyde,staged_only,,2.0,,OP
64512:BAT1,Hamlet Solar Energy Storage,NC,Richmond,staged_only,,0.5,,OP
64512:SOL1,Hamlet Solar Energy Storage,NC,Richmond,staged_only,,0.5,,OP
64513:BAT1,Wake RJ3 Solar Energy Storage,NC,Wake,staged_only,,0.6,,OP
64513:SOL1,Wake RJ3 Solar Energy Storage,NC,Wake,staged_only,,0.5,,OP
64514:BAT1,Ludie Brown Solar Energy Storage,NC,Duplin,staged_only,,2.5,,OP
64514:SOL1,Ludie Brown Solar Energy Storage,NC,Duplin,staged_only,,2.0,,OP
64515:1,Stamford Health,CT,Fairfield,staged_only,,0.4,,OP
64515:13,Stamford Health,CT,Fairfield,staged_only,,0.5,,OP
64515:14,Stamford Health,CT,Fairfield,staged_only,,0.4,,OP
64515:15,Stamford Health,CT,Fairfield,staged_only,,2.5,,OP
64515:16,Stamford Health,CT,Fairfield,staged_only,,2.5,,OP
64515:4,Stamford Health,CT,Fairfield,staged_only,,0.8,,OP
64515:5,Stamford Health,CT,Fairfield,staged_only,,0.8,,OP
64515:7,Stamford Health,CT,Fairfield,staged_only,,0.5,,OP
64515:FC,Stamford Health,CT,Fairfield,staged_only,,2.0,,OP
64516:BAT1,Lowe Solar Energy Storage,NC,Randolph,staged_only,,2.5,,OP
64516:SOL1,Lowe Solar Energy Storage,NC,Randolph,staged_only,,2.0,,OP
64517:DOJ,Department of Justice,CA,Sacramento,staged_only,,2.4,,OP
64518:CIW,CA Institute for Women,CA,San Bernardino,staged_only,,1.0,,OP
64519:CENSP,Centinela State Prison,CA,Imperial,staged_only,,6.0,,OP
64520:BAT1,Spencer Meadow Solar Energy Storage,NC,Randolph,staged_only,,2.5,,OP
64520:SOL1,Spencer Meadow Solar Energy Storage,NC,Randolph,staged_only,,2.0,,OP
64521:CALSP,Calipatria State Prison,CA,Imperial,staged_only,,6.0,,OP
64522:BAT1,Old Cedar Solar Energy Storage,NC,Randolph,staged_only,,1.3,,OP
64522:SOL1,Old Cedar Solar Energy Storage,NC,Randolph,staged_only,,1.0,,OP
64523:ATASC,Atascadero State Hospital,CA,San Luis Obispo,staged_only,,1.1,,OP
64524:79100,SoCore Clovis 1,NM,Curry,staged_only,,2.0,,OP
64525:TB1,Troupsburg,NY,Steuben,staged_only,,7.0,,OP
64526:RABTH,Raboth - Marion Drive,MA,Plymouth,staged_only,,3.5,,OP
64527:16507,Flatwood Farm,NC,Chatham,staged_only,,5.0,,OP
64528:1,Gambit Energy Storage - Angleton Storage,TX,Brazoria,staged_only,,100.0,,OP
64529:MS5_S,Golden Triangle,MS,Lowndes,staged_only,,50.0,,OP
64529:OEMS5,Golden Triangle,MS,Lowndes,staged_only,,200.0,,OP
64530:1,Woodville Solar (CSG),RI,Washington,staged_only,,4.5,,OP
64532:NORTN,Norton,MA,Bristol,staged_only,,1.4,,OP
64533:PV1,Fort Green Solar Power Plant,FL,Hardee,staged_only,,74.9,,OP
64534:1,Darien Solar,WI,Rock,staged_only,,250.0,,OP
64535:KOV4A,Camden Solar LLC,NC,Camden,staged_only,,20.0,,OP
64536:KOV4A,Prairie Solar LLC,IL,Champaign,staged_only,,135.0,,OP
64538:KOV4A,Corazon Energy LLC,TX,Webb,staged_only,,200.0,,OP
64542:1,Coxsackie Solar,NY,Greene,staged_only,,5.0,,OP
64544:WT2,Ranchland Wind Project II,TX,Callahan,staged_only,,148.0,,OP
64545:BA,Ranchland Wind Storage,TX,Callahan,staged_only,,73.0,,OP
64546:1,Wynwood Energy Storage,FL,Miami Dade,staged_only,,10.0,,OP
64547:1,Turtle Creek,NE,Sarpy,staged_only,,264.0,,OP
64547:2,Turtle Creek,NE,Sarpy,staged_only,,264.0,,OP
64548:1,Standing Bear Lake,NE,Douglas,staged_only,,18.1,,OP
64548:2,Standing Bear Lake,NE,Douglas,staged_only,,18.1,,OP
64548:3,Standing Bear Lake,NE,Douglas,staged_only,,18.1,,OP
64548:4,Standing Bear Lake,NE,Douglas,staged_only,,18.1,,OP
64548:5,Standing Bear Lake,NE,Douglas,staged_only,,18.1,,OP
64548:6,Standing Bear Lake,NE,Douglas,staged_only,,18.1,,OP
64548:7,Standing Bear Lake,NE,Douglas,staged_only,,18.1,,OP
64548:8,Standing Bear Lake,NE,Douglas,staged_only,,18.1,,OP
64548:9,Standing Bear Lake,NE,Douglas,staged_only,,18.1,,OP
64549:PV1,"Smithfield Solar Farm, LLC",RI,Providence,staged_only,,2.4,,OP
64551:WT2,Ranchland Wind Project I,TX,Callahan,staged_only,,114.9,,OP
64552:1,Downtown Generation Plant,IA,Adair,staged_only,,2.5,,OP
64552:2,Downtown Generation Plant,IA,Adair,staged_only,,2.5,,OP
64553:GEN01,Riverstart Solar Park LLC,IN,Randolph,staged_only,,200.0,,OP
64554:BF,Bright Field Solar LLC(CSG),NY,Allegany,staged_only,,4.0,,OP
64555:BO,Bright Oak Solar LLC(CSG),NY,Genesee,staged_only,,4.0,,OP
64556:BH,Bright Hill Solar LLC(CSG),NY,Livingston,staged_only,,5.0,,OP
64557:RV,River Valley LLC (NY) (CSG),NY,Cattaraugus,staged_only,,5.0,,OP
64559:WS,Wallingford Solar,CT,New Haven,staged_only,,16.1,,OP
64560:TSS,Tioga Solar South(CSG),NY,Tioga,staged_only,,5.0,,OP
64561:TSN,Tioga Solar North(CSG),NY,Tioga,staged_only,,5.0,,OP
64562:WAS,Washingtonville(CSG),NY,Orange,staged_only,,2.0,,OP
64563:STEIN,Novel Stein Solar LLC CSG,MN,Chisago,staged_only,,1.0,,OP
64564:AEC3,Arlington Energy Center III,CA,Riverside,staged_only,,131.0,,OP
64564:AEC3B,Arlington Energy Center III,CA,Riverside,staged_only,,110.0,,OP
64565:GPAPA,Apalachicola,GA,Richmond,staged_only,,2.5,,OP
64566:CNTRL,"Central Line Solar, LLC",AZ,Pinal,staged_only,,100.0,,OP
64567:CMCTY,"Cement City Solar, LLC",MI,Lenawee,staged_only,,20.0,,OP
64568:LETTS,"Letts Creek Solar, LLC",MI,Jackson,staged_only,,15.0,,OP
64569:GPACO,Arnold Cochran,GA,Bleckley,staged_only,,1.7,,OP
64570:GPCOL,Columbia Substation,GA,Columbia,staged_only,,2.0,,OP
64571:GPCOD,Coody Cochran,GA,Bleckley,staged_only,,2.6,,OP
64572:1,Dudley,MA,Worcester,staged_only,,3.0,,OP
64573:1,Joe Jenny,MA,Worcester,staged_only,,1.0,,OP
64574:1,Westport Community Solar Garden,MA,Bristol,staged_only,,2.0,,OP
64575:1,Mendon,MA,Worcester,staged_only,,2.6,,OP
64577:MIN,Minisink CSG,NY,Orange,staged_only,,1.0,,OP
64578:SLT,Slate Hill(CSG),NY,Orange,staged_only,,2.0,,OP
64579:GEN1,Broadway 2 - UC Riverside,CA,Riverside,staged_only,,3.0,,OP
64580:GEN,Broadway 2 - Tucson Phase II,AZ,Pima,staged_only,,3.0,,OP
64581:PULMN,"Pullman Solar, LLC",MI,Allegan,staged_only,,20.0,,OP
64582:GPSHA,Shawnee - GA,GA,Burke,staged_only,,2.0,,OP
64583:GPWJE,Westberry Jesup,GA,Wayne,staged_only,,2.6,,OP
64584:GPFTF,Fountain Folkston,GA,Charlton,staged_only,,2.1,,OP
64585:GPHAR,Harris Shiloh,GA,Harris,staged_only,,2.1,,OP
64586:GPPOL,Polk Cedartown,GA,Polk,staged_only,,2.2,,OP
64587:1,Dover (MA),MA,Norfolk,staged_only,,1.0,,OP
64588:1,Adirondack A+B Community Solar Garden,MA,Bristol,staged_only,,5.0,,OP
64589:1,Westport B Community Solar Garden,MA,Bristol,staged_only,,4.5,,OP
64590:OBSFN,O'Brien Solar Fields,WI,Dane,staged_only,,8.3,,OP
64590:OBSFS,O'Brien Solar Fields,WI,Dane,staged_only,,8.3,,OP
64590:OBSFW,O'Brien Solar Fields,WI,Dane,staged_only,,5.5,,OP
64591:EEA,"El Algodon Alto Wind Farm, LLC",TX,San Patricio,staged_only,,200.2,,OP
64593:B1,Bellisario Solar 1,NY,Cortland,staged_only,,5.0,,OP
64594:B1,Bellisario Solar 2,NY,Cortland,staged_only,,5.0,,OP
64595:B1,Bellisario Solar 3,NY,Cortland,staged_only,,5.0,,OP
64600:PLDPL,Prologis L.P,CA,San Joaquin,staged_only,,3.0,,OP
64601:ESS,County of San Diego COC Hybrid,CA,San Diego,staged_only,,0.4,,OP
64601:PV,County of San Diego COC Hybrid,CA,San Diego,staged_only,,1.7,,OP
64602:KBR,"Kirby Road Solar, LLC",MD,Prince Georges,staged_only,,1.3,,OP
64603:KING1,"TPE King Solar Holdings1, LLC (CSG)",RI,Providence,staged_only,,12.7,,OP
64604:X0009,MNCPPC Randall Farm,MD,Prince Georges,staged_only,,1.4,,OP
64606:64606,Burns Solar One LLC,MD,Baltimore,staged_only,,2.0,,OP
64607:GEN1,MC6 Hydro Facility,ID,Ada,staged_only,,2.3,,OP
64608:64608,"Hostetter Solar One, LLC",MD,Washington,staged_only,,2.0,,OP
64610:MDW6,Amazon MDW6 Solar Project,IL,Will,staged_only,,1.9,,OP
64611:1,SEPV Sierra,CA,Los Angeles,staged_only,,8.3,,OP
64611:2,SEPV Sierra,CA,Los Angeles,staged_only,,3.0,,OP
64612:KNES,Kearny North Energy Storage,CA,San Diego,staged_only,,10.0,,OP
64614:KSES,Kearny South Energy Storage,CA,San Diego,staged_only,,10.0,,OP
64617:BWBAT,Kearsarge William Way,MA,Norfolk,staged_only,,2.6,,OP
64617:BWW,Kearsarge William Way,MA,Norfolk,staged_only,,4.4,,OP
64618:HABAT,Kearsarge Haverhill,MA,Essex,staged_only,,2.0,,OP
64618:HAV,Kearsarge Haverhill,MA,Essex,staged_only,,2.8,,OP
64619:FUU,Kearsarge Upper Union,MA,Norfolk,staged_only,,1.0,,OP
64619:UUBAT,Kearsarge Upper Union,MA,Norfolk,staged_only,,0.8,,OP
64620:MBBAT,Kearsarge Montague BD(CSG),MA,Franklin,staged_only,,1.3,,OP
64620:MBD,Kearsarge Montague BD(CSG),MA,Franklin,staged_only,,2.5,,OP
64622:GEN1,Diamond H Dairy Power,CA,Madera,staged_only,,1.0,,OP
64622:GEN2,Diamond H Dairy Power,CA,Madera,staged_only,,1.0,,OP
64623:FBW01,Freeborn Wind Farm,MN,Freeborn,staged_only,,218.0,,OP
64624:BESS1,Hudson - High Desert Hybrid,CA,San Bernardino,staged_only,,50.0,,OP
64624:GEN1,Hudson - High Desert Hybrid,CA,San Bernardino,staged_only,,100.0,,OP
64627:BLD,Blodgett Solar CSG,MA,Middlesex,staged_only,,5.0,,OP
64627:BLO,Blodgett Solar CSG,MA,Middlesex,staged_only,,5.0,,OP
64628:SLIDE,Slidematic at Rockford,IL,Winnebago,staged_only,,1.8,,OP
64629:JMH,JM Huber at Quincy,IL,Adams,staged_only,,1.5,,OP
64630:GEN01,"Rabbitbrush Solar, LLC",CA,Kern,staged_only,,100.0,,OP
64630:RBBAT,"Rabbitbrush Solar, LLC",CA,Kern,staged_only,,20.0,,OP
64631:1,Jamison Solar (FL),FL,Polk,staged_only,,74.5,,OP
64633:20SD8,Rexford Solar Farm,CA,Tulare,staged_only,,300.0,,OP
64633:20SDB,Rexford Solar Farm,CA,Tulare,staged_only,,240.0,,OP
64635:GEN01,"Big Plain Solar, LLC",OH,Madison,staged_only,,196.0,,OP
64636:92JTB,Big Rock Solar Farm,CA,Imperial,staged_only,,200.0,,OP
64637:BRS,Big River Solar,IL,White,staged_only,,149.0,,OP
64638:WBB,"Borderlands Wind, LLC",NM,Catron,staged_only,,100.0,,OP
64639:ESCA,TG East,TX,Knox,staged_only,,336.0,,OP
64640:ES1,Hot Springs Energy Storage & Microgrid,NC,Madison,staged_only,,4.4,,OP
64640:PV1,Hot Springs Energy Storage & Microgrid,NC,Madison,staged_only,,1.9,,OP
64641:2,Big Bend II Solar,FL,Hillsborough,staged_only,,45.8,,OP
64642:HCSG,P52ES 1755 Henryton Rd Phase 1 LLC CSG,MD,Howard,staged_only,,1.9,,OP
64643:HVNM,P52ES 1755 Henryton Rd Phase 2 LLC,MD,Howard,staged_only,,1.9,,OP
64644:WM,White Marsh Solar,MD,Baltimore,staged_only,,1.5,,OP
64645:MAS,Mason Solar One LLC,MD,Cecil,staged_only,,1.0,,OP
64646:PITT,Pittman Solar One LLC,MD,Washington,staged_only,,2.0,,OP
64647:QAB,"Bulldog Solar One, LLC",MD,Prince Georges,staged_only,,2.0,,OP
64648:SC,Pivot Solar 4 LLC (CSG),CO,Weld,staged_only,,2.0,,OP
64650:SC,Pivot Solar 14 LLC (CSG),CO,Morgan,staged_only,,2.0,,OP
64651:SC,Pivot Solar 2 LLC (CSG),CO,Morgan,staged_only,,2.0,,OP
64653:SC,Pivot Solar 7 LLC (CSG),CO,Garfield,staged_only,,2.0,,OP
64654:SC,Pivot Solar 3 LLC (CSG),CO,Garfield,staged_only,,2.0,,OP
64655:SC,Pivot Solar 8 LLC (CSG),CO,Weld,staged_only,,2.0,,OP
64656:UHBES,AES West Oahu Solar Hybrid,HI,Honolulu,staged_only,,12.5,,OP
64656:UHWO,AES West Oahu Solar Hybrid,HI,Honolulu,staged_only,,12.5,,OP
64657:1,Magnolia Solar,FL,Polk,staged_only,,74.5,,OP
64660:AUS,"AEUG Union Solar, LLC",OH,Union,staged_only,,325.0,,OP
64661:HDII,Heartland Divide II,IA,Audubon,staged_only,,200.0,,OP
64662:SAC,"Sac County Wind, LLC",IA,Sac,staged_only,,80.0,,OP
64664:10604,"Clark Road Solar 1, LLC",MA,Worcester,staged_only,,5.0,,OP
64664:10605,"Clark Road Solar 1, LLC",MA,Worcester,staged_only,,3.3,,OP
64665:GR01,Great Prairie Wind,TX,Hansford,staged_only,,1027.0,,OP
64672:BLUEJ,"Blue Jay Solar I, LLC",TX,Grimes,staged_only,,51.6,,OP
64673:ACT,Acton,ME,York,staged_only,,3.5,,OP
64674:VAN,Van Buren,NC,Sampson,staged_only,,2.0,,OP
64675:NAP,Naples,ME,Cumberland,staged_only,,2.0,,OP
64676:359,Lake Herman,CA,Solano,staged_only,,5.0,,OP
64677:RYLND,Ryland Road Solar,NC,Chowan,staged_only,,5.0,,OP
64678:WDH17,Windsor Hwy 17 Solar,NC,Bertie,staged_only,,5.0,,OP
64679:HS1,"Hamlin Solar 1, LLC",NY,Monroe,staged_only,,5.0,,OP
64680:CP1,"Clifton Park Solar 1, LLC",NY,Saratoga,staged_only,,5.0,,OP
64681:CP2,"Clifton Park Solar 2, LLC",NY,Saratoga,staged_only,,2.0,,OP
64682:ADA,Adams,SC,Anderson,staged_only,,2.0,,OP
64683:GEN01,"Oak Trail Solar, LLC",NC,Currituck,staged_only,,100.0,,OP
64686:65002,Orangeville Storage,NY,Wyoming,staged_only,,24.7,,OP
64687:VDH,Van der Hoek Solar Array/ Dairy,CA,Fresno,staged_only,,2.4,,OP
64688:65003,Plymouth Wind,IA,Plymouth,staged_only,,202.7,,OP
64689:90029,MD - PR97 (CSG),MD,Prince Georges,staged_only,,2.0,,OP
64690:65004,Todd Solar,MD,Dorchester,staged_only,,20.0,,OP
64692:533,Fredonia Solar LLC,NY,Chautauqua,staged_only,,1.1,,OP
64695:BESS,Angel Fire Energy Facility,NM,Colfax,staged_only,,3.7,,OP
64695:TMEF1,Angel Fire Energy Facility,NM,Colfax,staged_only,,7.5,,OP
64696:DUBLN,"Dunstable Solar 1, LLC",MA,Middlesex,staged_only,,4.5,,OP
64696:DUNST,"Dunstable Solar 1, LLC",MA,Middlesex,staged_only,,4.5,,OP
64697:CGS,Swan Garden,MN,Pope,staged_only,,1.0,,OP
64698:508,"Blue Prairie Solar, LLC",WI,Jackson,staged_only,,2.5,,OP
64700:390,"El Dorado Solar, LLC",CA,El Dorado,staged_only,,1.5,,OP
64701:LCES,LeConte Energy Storage,CA,Imperial,staged_only,,125.0,,OP
64702:PGR32,"Stanly Solar, LLC",NC,Stanly,staged_only,,50.0,,OP
64704:LIN1,Lincoln ME 1,ME,Penobscot,staged_only,,4.9,,OP
64705:FHAF,Fairhaven MA 2,MA,Bristol,staged_only,,2.9,,OP
64706:ACNT1,Acushnet MA 1,MA,Bristol,staged_only,,1.0,,OP
64707:ACNT2,Acushnet MA 2 (CSG),MA,Bristol,staged_only,,1.0,,OP
64708:C1BDN,"Santee Solar Partners, LLC",MN,Isanti,staged_only,,3.3,,OP
64709:GSF01,CL-Viaduct LLC,PA,Clearfield,staged_only,,20.0,,OP
64710:WM001,White Mesa Wind,TX,Crockett,staged_only,,500.6,,OP
64711:GSF01,UN-School House LLC,PA,Clearfield,staged_only,,20.0,,OP
64712:ESSB1,Sanborn BESS 1,CA,Kern,staged_only,,100.0,,OP
64713:ESSB2,Sanborn BESS 2,CA,Kern,staged_only,,100.0,,OP
64714:RLK01,Rice Lake Solar Array,WI,Barron,staged_only,,3.8,,OP
64715:DSNBR,Dusenberry,NY,Rensselaer,staged_only,,5.0,,OP
64716:KNPPE,Knapp East (CSG),NY,Genesee,staged_only,,5.0,,OP
64717:MAINR,Main Rd Community Solar,NY,Erie,staged_only,,5.0,,OP
64718:RDMNN,Redman North Community Solar,NY,Monroe,staged_only,,1.5,,OP
64719:BESS,Glenmere Lake,NY,Orange,staged_only,,2.0,,OP
64719:GLNMR,Glenmere Lake,NY,Orange,staged_only,,2.0,,OP
64720:KNPPW,Knapp West(CSG),NY,Genesee,staged_only,,5.0,,OP
64721:RWEAV,Rowe (CSG),NY,Cattaraugus,staged_only,,5.0,,OP
64722:RDMNS,Redman South Community Solar,NY,Monroe,staged_only,,5.0,,OP
64723:50835,Alton Road Solar,RI,Washington,staged_only,,13.9,,OP
64724:TWNLN,Townline Community Solar,NY,Genesee,staged_only,,5.0,,OP
64725:WLMRD,Williams Rd,NY,Niagara,staged_only,,4.0,,OP
64726:BESS,West Haydenville PJ Community Solar,MA,Hampshire,staged_only,,3.6,,OP
64726:WHAYD,West Haydenville PJ Community Solar,MA,Hampshire,staged_only,,5.0,,OP
64727:BESS,Brookwood Drive Community Solar,MA,Bristol,staged_only,,3.0,,OP
64727:BRKWD,Brookwood Drive Community Solar,MA,Bristol,staged_only,,5.0,,OP
64728:FROLE,Novel Froehle Solar LLC,MN,Stearns,staged_only,,1.0,,OP
64729:MLBRT,Novel Milbradt Solar LLC,MN,Redwood,staged_only,,1.0,,OP
64730:BCK17,IL17021 Brush Creek I CSG,IL,Stephenson,staged_only,,2.0,,OP
64731:M2,Maple(CSG),MA,Norfolk,staged_only,,2.3,,OP
64731:MAPLE,Maple(CSG),MA,Norfolk,staged_only,,4.0,,OP
64732:SEGU2,Segunda II (CSG),IL,LaSalle,staged_only,,2.0,,OP
64733:WOOD2,Woodlawn II (CSG),IL,Will,staged_only,,2.0,,OP
64734:DOODS,Dodds (CSG),IL,Stephenson,staged_only,,2.0,,OP
64735:OLMS2,Olmstead II CSG,IL,Stephenson,staged_only,,2.0,,OP
64736:WOLFC,Wolfcastle,IL,DeKalb,staged_only,,2.0,,OP
64738:HCS,Holliday Creek Solar,IA,Webster,staged_only,,100.0,,OP
64739:ELKS,"Elektron Solar, LLC",UT,Tooele,staged_only,,80.0,,OP
64740:CS,"Castle Solar, LLC",UT,Emery,staged_only,,40.0,,OP
64741:MORG1,Morgan Solar 1 CSG,IL,Morgan,staged_only,,2.0,,OP
64742:MOR1B,Morgan Solar 1b CSG,IL,Morgan,staged_only,,2.0,,OP
64743:TB1,Tierra Buena Energy Storage,CA,Sutter,staged_only,,2.5,,OP
64743:TB2,Tierra Buena Energy Storage,CA,Sutter,staged_only,,2.5,,OP
64745:BHS01,Black Hollow Sun,CO,Weld,staged_only,,150.0,,OP
64746:GSCS,Goldman Sachs Carports Solar,NY,Albany,staged_only,,1.0,,OP
64747:C3245,Fuel Cell 3245 Yates Avenue,NY,Bronx,staged_only,,5.0,,OP
64748:CR18A,Fuel Cell 18A Sneden Avenue,NY,Richmond,staged_only,,3.6,,OP
64749:CR18B,Fuel Cell 18B Sneden Avenue,NY,Richmond,staged_only,,4.2,,OP
64750:1,Glass Sands Wind Facility,OK,Murray,staged_only,,117.0,,OP
64751:267,Amazon PSP1,CA,Riverside,staged_only,,3.8,,OP
64752:ES1,John Hopkins Middle School Microgrid,FL,Pinellas,staged_only,,2.5,,OP
64752:PV1,John Hopkins Middle School Microgrid,FL,Pinellas,staged_only,,0.8,,OP
64753:FDX10,FDX010.0 FedEx Fuel Cell,CT,Middlesex,staged_only,,1.0,,OP
64755:AHS,Arbor Hill Solar,IA,Adair,staged_only,,25.0,,OP
64757:1,Blue Springs,FL,Jackson,staged_only,,74.5,,OP
64759:OLD,Old Middleboro Road Solar,MA,Plymouth,staged_only,,5.0,,OP
64759:OLDBA,Old Middleboro Road Solar,MA,Plymouth,staged_only,,4.5,,OP
64760:MESS,Ocean State BTM,RI,Providence,staged_only,,3.0,,OP
64761:PAT,Patchogue ESS,NY,Suffolk,staged_only,,2.0,,OP
64763:RUM,Rumford ESS,ME,Oxford,staged_only,,4.9,,OP
64764:MBTM,Madison BTM,ME,Somerset,staged_only,,1.5,,OP
64765:MESS,Madison ESS,ME,Somerset,staged_only,,4.9,,OP
64766:RCAM1,Redwood Coast Airport Microgrid,CA,Humboldt,staged_only,,2.2,,OP
64766:RCAM2,Redwood Coast Airport Microgrid,CA,Humboldt,staged_only,,2.2,,OP
64769:GEN1,WAL194,TX,Harris,staged_only,,0.4,,OP
64769:GEN2,WAL194,TX,Harris,staged_only,,0.4,,OP
64769:GEN3,WAL194,TX,Harris,staged_only,,0.4,,OP
64770:GEN1,WAL202,TX,Collin,staged_only,,1.3,,OP
64771:GEN1,WAL266,TX,Tarrant,staged_only,,0.4,,OP
64771:GEN2,WAL266,TX,Tarrant,staged_only,,0.4,,OP
64771:GEN3,WAL266,TX,Tarrant,staged_only,,0.4,,OP
64772:GEN1,WAL284,TX,Tarrant,staged_only,,0.4,,OP
64772:GEN2,WAL284,TX,Tarrant,staged_only,,0.4,,OP
64772:GEN3,WAL284,TX,Tarrant,staged_only,,0.4,,OP
64773:GEN1,WAL407,TX,Bell,staged_only,,0.4,,OP
64773:GEN2,WAL407,TX,Bell,staged_only,,0.4,,OP
64773:GEN3,WAL407,TX,Bell,staged_only,,0.4,,OP
64774:GEN1,WAL414,TX,Wichita,staged_only,,0.4,,OP
64774:GEN2,WAL414,TX,Wichita,staged_only,,0.4,,OP
64774:GEN3,WAL414,TX,Wichita,staged_only,,0.4,,OP
64775:GEN1,WAL447,TX,Val Verde,staged_only,,0.4,,OP
64775:GEN2,WAL447,TX,Val Verde,staged_only,,0.4,,OP
64775:GEN3,WAL447,TX,Val Verde,staged_only,,0.4,,OP
64776:GEN1,WAL452,TX,Hidalgo,staged_only,,0.4,,OP
64776:GEN2,WAL452,TX,Hidalgo,staged_only,,0.4,,OP
64776:GEN3,WAL452,TX,Hidalgo,staged_only,,0.4,,OP
64777:GEN1,WAL456,TX,Cameron,staged_only,,0.4,,OP
64777:GEN2,WAL456,TX,Cameron,staged_only,,0.4,,OP
64777:GEN3,WAL456,TX,Cameron,staged_only,,0.4,,OP
64778:GEN1,WAL461,TX,Maverick,staged_only,,0.4,,OP
64778:GEN2,WAL461,TX,Maverick,staged_only,,0.4,,OP
64778:GEN3,WAL461,TX,Maverick,staged_only,,0.4,,OP
64779:FRAN2,IGS Frankfort 2 CSG,IL,Cook,staged_only,,2.0,,OP
64780:1,Hermsdorf Solar,WI,Dane,staged_only,,8.0,,OP
64781:WES,Kearsarge Westerly,RI,Washington,staged_only,,4.0,,OP
64782:TIV,Kearsarge Fogland,RI,Newport,staged_only,,2.4,,OP
64783:EPRO,Kearsarge East Providence,RI,Providence,staged_only,,2.0,,OP
64784:LJOHN,Long John CSG,IL,DeKalb,staged_only,,2.0,,OP
64785:WOOD,Woodlawn CSG,IL,Will,staged_only,,2.0,,OP
64786:HRCRK,Hurricane Creek CSG,IL,Williamson,staged_only,,2.0,,OP
64787:VIKNG,Viking Solar CSG,IL,Macoupin,staged_only,,2.0,,OP
64788:FRHOL,Freehold(CSG),NY,Greene,staged_only,,2.0,,OP
64789:MORAI,Moraine CSG,IL,McLean,staged_only,,2.0,,OP
64790:CHECK,OER Checkerspot,MD,Anne Arundel,staged_only,,1.5,,OP
64791:GEN1,WAL462,TX,Brazoria,staged_only,,1.3,,OP
64792:GEN1,WAL504,TX,Galveston,staged_only,,0.4,,OP
64792:GEN2,WAL504,TX,Galveston,staged_only,,0.4,,OP
64792:GEN3,WAL504,TX,Galveston,staged_only,,0.4,,OP
64793:GEN1,WAL522,TX,Harris,staged_only,,0.4,,OP
64793:GEN2,WAL522,TX,Harris,staged_only,,0.4,,OP
64793:GEN3,WAL522,TX,Harris,staged_only,,0.4,,OP
64794:GEN1,WAL529,TX,Galveston,staged_only,,1.3,,OP
64795:GEN1,WAL536,TX,Jones,staged_only,,0.4,,OP
64795:GEN2,WAL536,TX,Jones,staged_only,,0.4,,OP
64795:GEN3,WAL536,TX,Jones,staged_only,,0.4,,OP
64796:GEN1,WAL537,TX,Ector,staged_only,,0.4,,OP
64796:GEN2,WAL537,TX,Ector,staged_only,,0.4,,OP
64796:GEN3,WAL537,TX,Ector,staged_only,,0.4,,OP
64797:GEN1,WAL546,TX,Fort Bend,staged_only,,0.4,,OP
64797:GEN2,WAL546,TX,Fort Bend,staged_only,,0.4,,OP
64797:GEN3,WAL546,TX,Fort Bend,staged_only,,0.4,,OP
64798:GEN1,WAL565,TX,Navarro,staged_only,,0.4,,OP
64798:GEN2,WAL565,TX,Navarro,staged_only,,0.4,,OP
64798:GEN3,WAL565,TX,Navarro,staged_only,,0.4,,OP
64799:GEN1,WAL602,TX,Montgomery,staged_only,,0.4,,OP
64799:GEN2,WAL602,TX,Montgomery,staged_only,,0.4,,OP
64799:GEN3,WAL602,TX,Montgomery,staged_only,,0.4,,OP
64800:GEN1,WAL744,TX,Harris,staged_only,,0.4,,OP
64800:GEN2,WAL744,TX,Harris,staged_only,,0.4,,OP
64800:GEN3,WAL744,TX,Harris,staged_only,,0.4,,OP
64801:GEN1,WAL752,TX,Harris,staged_only,,0.4,,OP
64801:GEN2,WAL752,TX,Harris,staged_only,,0.4,,OP
64801:GEN3,WAL752,TX,Harris,staged_only,,0.4,,OP
64802:GEN1,WAL768,TX,Harris,staged_only,,0.4,,OP
64802:GEN2,WAL768,TX,Harris,staged_only,,0.4,,OP
64802:GEN3,WAL768,TX,Harris,staged_only,,0.4,,OP
64803:GEN1,WAL772,TX,Harris,staged_only,,0.4,,OP
64803:GEN2,WAL772,TX,Harris,staged_only,,0.4,,OP
64803:GEN3,WAL772,TX,Harris,staged_only,,0.4,,OP
64804:GEN1,WAL791,TX,Jim Wells,staged_only,,0.4,,OP
64804:GEN2,WAL791,TX,Jim Wells,staged_only,,0.4,,OP
64804:GEN3,WAL791,TX,Jim Wells,staged_only,,0.4,,OP
64805:GEN1,WAL849,TX,Harris,staged_only,,0.4,,OP
64805:GEN2,WAL849,TX,Harris,staged_only,,0.4,,OP
64805:GEN3,WAL849,TX,Harris,staged_only,,0.4,,OP
64806:GEN1,WAL872,TX,Brazoria,staged_only,,0.4,,OP
64806:GEN2,WAL872,TX,Brazoria,staged_only,,0.4,,OP
64806:GEN3,WAL872,TX,Brazoria,staged_only,,0.4,,OP
64807:GEN1,WAL896,TX,Dallas,staged_only,,0.4,,OP
64807:GEN2,WAL896,TX,Dallas,staged_only,,0.4,,OP
64807:GEN3,WAL896,TX,Dallas,staged_only,,0.4,,OP
64808:GEN1,WAL897,TX,Pecos,staged_only,,1.3,,OP
64809:GEN1,WAL940,TX,Tarrant,staged_only,,0.4,,OP
64809:GEN2,WAL940,TX,Tarrant,staged_only,,0.4,,OP
64809:GEN3,WAL940,TX,Tarrant,staged_only,,0.4,,OP
64810:GEN1,WAL947,TX,Grayson,staged_only,,0.4,,OP
64810:GEN2,WAL947,TX,Grayson,staged_only,,0.4,,OP
64810:GEN3,WAL947,TX,Grayson,staged_only,,0.4,,OP
64811:UPT1,Upton County BESS,TX,Upton,staged_only,,24.8,,OP
64812:GEN1,WAL972,TX,Tarrant,staged_only,,0.4,,OP
64812:GEN2,WAL972,TX,Tarrant,staged_only,,0.4,,OP
64812:GEN3,WAL972,TX,Tarrant,staged_only,,0.4,,OP
64813:GEN1,WAL1040,TX,Harris,staged_only,,0.4,,OP
64813:GEN2,WAL1040,TX,Harris,staged_only,,0.4,,OP
64813:GEN3,WAL1040,TX,Harris,staged_only,,0.4,,OP
64814:GEN1,WAL1062,TX,Harris,staged_only,,0.4,,OP
64814:GEN2,WAL1062,TX,Harris,staged_only,,0.4,,OP
64814:GEN3,WAL1062,TX,Harris,staged_only,,0.4,,OP
64815:GEN1,WAL1103,TX,Harris,staged_only,,0.4,,OP
64815:GEN2,WAL1103,TX,Harris,staged_only,,0.4,,OP
64815:GEN3,WAL1103,TX,Harris,staged_only,,0.4,,OP
64816:GEN1,WAL1232,TX,Bell,staged_only,,0.4,,OP
64816:GEN2,WAL1232,TX,Bell,staged_only,,0.4,,OP
64816:GEN3,WAL1232,TX,Bell,staged_only,,0.4,,OP
64817:ENX10,"Energix Leatherwood, LLC",VA,Henry,staged_only,,20.0,,OP
64818:C1STF,Connexus Solar Stanford 1STF,MN,Anoka,staged_only,,7.3,,OP
64820:OS,"Broadway Road Solar, LLC",NC,Lee,staged_only,,2.0,,OP
64821:FLPS1,FELPS 1 - Calaveras,TX,Wilson,staged_only,,1.0,,OP
64822:OS,"Wyse Fork Solar Farm, LLC",NC,Jones,staged_only,,2.0,,OP
64823:FLPS2,FELPS 2 - Calaveras,TX,Wilson,staged_only,,1.0,,OP
64824:FLPS3,FELPS 3 - Floresville South,TX,Wilson,staged_only,,1.0,,OP
64825:FLPS4,FELPS 4 - Floresville South,TX,Wilson,staged_only,,1.0,,OP
64826:FLPS5,FELPS 5- Floresville South,TX,Wilson,staged_only,,1.0,,OP
64827:FLPS6,FELPS 6- Floresville West,TX,Wilson,staged_only,,1.0,,OP
64828:FLPS7,FELPS 7- Floresville West,TX,Wilson,staged_only,,1.0,,OP
64829:GEN1,WAL1272,TX,Scurry,staged_only,,0.4,,OP
64829:GEN2,WAL1272,TX,Scurry,staged_only,,0.4,,OP
64829:GEN3,WAL1272,TX,Scurry,staged_only,,0.4,,OP
64830:OS,"Brightwood Solar, LLC",OR,Clackamas,staged_only,,10.0,,OP
64831:DIA7,Oak Leaf Solar XVIII LLC,CO,Adams,staged_only,,9.0,,OP
64832:YELLO,"Yellowbud Solar, LLC",OH,Ross,staged_only,,274.0,,OP
64836:CATAL,Catalina Express,CA,Los Angeles,staged_only,,1.0,,OP
64837:MARIN,Marina South,CA,Los Angeles,staged_only,,1.0,,OP
64838:CLAY,"SR Clay, LLC",GA,Clay,staged_only,,106.0,,OP
64840:SRCS,"SR Cedar Springs, LLC",GA,Early,staged_only,,70.0,,OP
64841:SOTOI,"SR DeSoto I, LLC",GA,Lee,staged_only,,165.0,,OP
64842:SRTC,"SR Turkey Creek, LLC",KY,Garrard,staged_only,,50.0,,OP
64843:SRWA1,"SR Washington I, LLC",TN,Washington,staged_only,,9.0,,OP
64844:TRB,Three Rivers Solar LLC,MA,Hampden,staged_only,,1.4,,OP
64844:TRS,Three Rivers Solar LLC,MA,Hampden,staged_only,,4.0,,OP
64846:PR000,Prairie,CA,Los Angeles,staged_only,,1.8,,OP
64851:DAGGB,Daggett 2,CA,San Bernardino,staged_only,,131.0,,OP
64851:DAGGP,Daggett 2,CA,San Bernardino,staged_only,,182.0,,OP
64852:DAGGB,Daggett 3,CA,San Bernardino,staged_only,,149.0,,OP
64852:DAGGP,Daggett 3,CA,San Bernardino,staged_only,,300.0,,OP
64853:NMS1,New Market Solar,OH,Highland,staged_only,,35.0,,OP
64853:NMS2,New Market Solar,OH,Highland,staged_only,,65.0,,OP
64854:GTG01,Primient,IN,Tippecanoe,staged_only,,30.9,,OP
64854:GTG02,Primient,IN,Tippecanoe,staged_only,,30.9,,OP
64856:65009,Calhoun Solar,MI,Calhoun,staged_only,,200.0,,OP
64858:C0497,Dolores Canyon Solar,CO,Dolores,staged_only,,110.0,,OP
64859:IPRAD,"IP Radian, LLC",TX,Brown,staged_only,,320.0,,OP
64859:RADBA,"IP Radian, LLC",TX,Brown,staged_only,,160.0,,OP
64860:286,Billings Road,VT,Caledonia,staged_only,,1.7,,OP
64861:392,Deer Creek 2,CA,El Dorado,staged_only,,1.3,,OP
64862:515,Strobus,WI,Jackson,staged_only,,1.5,,OP
64863:284,ER Salvage Yard,VT,Lamoille,staged_only,,2.1,,OP
64864:CHAPB,Chaparral Springs,CA,Kern,staged_only,,52.0,,OP
64864:CHAPS,Chaparral Springs,CA,Kern,staged_only,,102.0,,OP
64864:GEN01,Chaparral Springs,CA,Kern,staged_only,,72.0,,OP
64864:WS3BA,Chaparral Springs,CA,Kern,staged_only,,36.0,,OP
64866:USSWC,USS Wildcat Solar LLC,MN,Goodhue,staged_only,,1.0,,OP
64867:SLYTA,Slayton Settlement Road Solar CSG,NY,Niagara,staged_only,,5.0,,OP
64867:SLYTB,Slayton Settlement Road Solar CSG,NY,Niagara,staged_only,,2.0,,OP
64868:KEEV,Keeversville Solar CSG,IL,Will,staged_only,,2.0,,OP
64869:HLCSG,Helen CSG 1 LLC,MN,McLeod,staged_only,,1.0,,OP
64870:USSQL,USS Quail Solar LLC,MN,Wright,staged_only,,1.0,,OP
64871:USSDA,USS Danube Solar LLC,MN,Renville,staged_only,,1.0,,OP
64872:PANWD,"Panorama Wind, LLC",CO,Weld,staged_only,,145.0,,OP
64873:GEN1,Pittsburgh Airport Gas Plant,PA,Allegheny,staged_only,,4.4,,OP
64873:GEN2,Pittsburgh Airport Gas Plant,PA,Allegheny,staged_only,,4.4,,OP
64873:GEN3,Pittsburgh Airport Gas Plant,PA,Allegheny,staged_only,,4.4,,OP
64873:GEN4,Pittsburgh Airport Gas Plant,PA,Allegheny,staged_only,,4.4,,OP
64873:GEN5,Pittsburgh Airport Gas Plant,PA,Allegheny,staged_only,,4.4,,OP
64874:SGEN1,PG Solar 1,PA,Allegheny,staged_only,,3.0,,OP
64875:276FB,276 Federal Rd(CSG),MA,Plymouth,staged_only,,3.3,,OP
64875:276FP,276 Federal Rd(CSG),MA,Plymouth,staged_only,,5.0,,OP
64876:0HAMP,0 Hammond St CSG,MA,Plymouth,staged_only,,4.8,,OP
64876:OHAMB,0 Hammond St CSG,MA,Plymouth,staged_only,,5.0,,OP
64877:BESS,Edwards Sanborn E3,CA,Kern,staged_only,,11.0,,OP
64877:PV,Edwards Sanborn E3,CA,Kern,staged_only,,27.1,,OP
64878:BESS,Edwards Sanborn E1A,CA,Kern,staged_only,,144.0,,OP
64878:PV,Edwards Sanborn E1A,CA,Kern,staged_only,,149.3,,OP
64879:BESS,Edwards Sanborn E2,CA,Kern,staged_only,,120.0,,OP
64879:PV,Edwards Sanborn E2,CA,Kern,staged_only,,137.8,,OP
64880:75020,Venture 1 - 1A CSG,CO,Adams,staged_only,,1.5,,OP
64881:NMSUB,NMSU Solar and Storage,NM,Dona Ana,staged_only,,1.0,,OP
64881:NMSUF,NMSU Solar and Storage,NM,Dona Ana,staged_only,,3.0,,OP
64882:PV1,Woodfin Solar,NC,Buncombe,staged_only,,5.0,,OP
64883:GEN1,WAL1455,TX,Tarrant,staged_only,,0.4,,OP
64883:GEN2,WAL1455,TX,Tarrant,staged_only,,0.4,,OP
64883:GEN3,WAL1455,TX,Tarrant,staged_only,,0.4,,OP
64884:GEN1,WAL1801,TX,Tarrant,staged_only,,0.4,,OP
64884:GEN2,WAL1801,TX,Tarrant,staged_only,,0.4,,OP
64884:GEN3,WAL1801,TX,Tarrant,staged_only,,0.4,,OP
64885:GEN1,WAL2257,TX,Harris,staged_only,,0.4,,OP
64885:GEN2,WAL2257,TX,Harris,staged_only,,0.4,,OP
64885:GEN3,WAL2257,TX,Harris,staged_only,,0.4,,OP
64886:GEN1,WAL2439,TX,Chambers,staged_only,,0.4,,OP
64886:GEN2,WAL2439,TX,Chambers,staged_only,,0.4,,OP
64886:GEN3,WAL2439,TX,Chambers,staged_only,,0.4,,OP
64887:GEN1,WAL2667,TX,Dallas,staged_only,,0.4,,OP
64887:GEN2,WAL2667,TX,Dallas,staged_only,,0.4,,OP
64887:GEN3,WAL2667,TX,Dallas,staged_only,,0.4,,OP
64888:GEN1,WAL2724,TX,Harris,staged_only,,0.4,,OP
64888:GEN2,WAL2724,TX,Harris,staged_only,,0.4,,OP
64888:GEN3,WAL2724,TX,Harris,staged_only,,0.4,,OP
64889:GEN1,WAL2883,TX,Collin,staged_only,,0.4,,OP
64889:GEN2,WAL2883,TX,Collin,staged_only,,0.4,,OP
64889:GEN3,WAL2883,TX,Collin,staged_only,,0.4,,OP
64890:GEN1,WAL2980,TX,Tarrant,staged_only,,0.4,,OP
64890:GEN2,WAL2980,TX,Tarrant,staged_only,,0.4,,OP
64890:GEN3,WAL2980,TX,Tarrant,staged_only,,0.4,,OP
64891:GEN1,WAL2993,TX,Fort Bend,staged_only,,0.4,,OP
64891:GEN2,WAL2993,TX,Fort Bend,staged_only,,0.4,,OP
64891:GEN3,WAL2993,TX,Fort Bend,staged_only,,0.4,,OP
64892:ERATH,"TPE Erath Solar, LLC",TX,Erath,staged_only,,9.9,,OP
64893:GEN1,WAL3224,TX,Dallas,staged_only,,0.4,,OP
64893:GEN2,WAL3224,TX,Dallas,staged_only,,0.4,,OP
64893:GEN3,WAL3224,TX,Dallas,staged_only,,0.4,,OP
64895:GEN1,WAL3226,TX,Fort Bend,staged_only,,0.4,,OP
64895:GEN2,WAL3226,TX,Fort Bend,staged_only,,0.4,,OP
64895:GEN3,WAL3226,TX,Fort Bend,staged_only,,0.4,,OP
64896:GEN1,WAL3284,TX,Tarrant,staged_only,,0.4,,OP
64896:GEN2,WAL3284,TX,Tarrant,staged_only,,0.4,,OP
64896:GEN3,WAL3284,TX,Tarrant,staged_only,,0.4,,OP
64897:GEN1,WAL3285,TX,Dallas,staged_only,,0.4,,OP
64897:GEN2,WAL3285,TX,Dallas,staged_only,,0.4,,OP
64897:GEN3,WAL3285,TX,Dallas,staged_only,,0.4,,OP
64898:GEN1,WAL3297,TX,Harris,staged_only,,0.4,,OP
64898:GEN2,WAL3297,TX,Harris,staged_only,,0.4,,OP
64898:GEN3,WAL3297,TX,Harris,staged_only,,0.4,,OP
64899:GEN1,WAL3298,TX,Galveston,staged_only,,0.4,,OP
64899:GEN2,WAL3298,TX,Galveston,staged_only,,0.4,,OP
64899:GEN3,WAL3298,TX,Galveston,staged_only,,0.4,,OP
64900:GEN1,WAL3302,TX,Harris,staged_only,,0.4,,OP
64900:GEN2,WAL3302,TX,Harris,staged_only,,0.4,,OP
64900:GEN3,WAL3302,TX,Harris,staged_only,,0.4,,OP
64901:GEN1,WAL3320,TX,Hidalgo,staged_only,,0.4,,OP
64901:GEN2,WAL3320,TX,Hidalgo,staged_only,,0.4,,OP
64901:GEN3,WAL3320,TX,Hidalgo,staged_only,,0.4,,OP
64902:GEN1,WAL3390,TX,Montgomery,staged_only,,0.4,,OP
64902:GEN2,WAL3390,TX,Montgomery,staged_only,,0.4,,OP
64902:GEN3,WAL3390,TX,Montgomery,staged_only,,0.4,,OP
64903:SOLAR,"Cuba 2.5ac, LLC",NM,Sandoval,staged_only,,2.5,,OP
64905:MTMIL,Mt. Morris Solar CSG,IL,Ogle,staged_only,,2.0,,OP
64906:512,Hazel,MN,Fillmore,staged_only,,3.0,,OP
64907:511,Fountain,MN,Fillmore,staged_only,,3.0,,OP
64908:GEN01,Scarlet Solar (CA),CA,Fresno,staged_only,,200.0,,OP
64908:GEN02,Scarlet Solar (CA),CA,Fresno,staged_only,,40.0,,OP
64909:TSC,Luciana,CA,Tulare,staged_only,,55.8,,OP
64910:BFSNC,Brighter Future Solar,NC,Caldwell,staged_only,,11.0,,OP
64914:71466,Trona Solar III,CA,Inyo,staged_only,,2.0,,OP
64915:FLRV1,Flower Valley I,TX,Reeves,staged_only,,9.9,,OP
64916:SWOO1,Swoose I,TX,Ward,staged_only,,9.9,,OP
64917:TRBT1,Triple Butte I,TX,Pecos,staged_only,,7.5,,OP
64918:NGCIL,"NorthropGrummanSolar(Rolling Meadows,IL)",IL,Cook,staged_only,,1.1,,OP
64919:FDXIL,FedEx Chicago Solar Facility,IL,Cook,staged_only,,1.5,,OP
64920:GEHIL,"GE-Hitachi Solar - Morris, IL",IL,Grundy,staged_only,,0.9,,OP
64922:GEN1,WAL3406,TX,Dallas,staged_only,,0.4,,OP
64922:GEN2,WAL3406,TX,Dallas,staged_only,,0.4,,OP
64922:GEN3,WAL3406,TX,Dallas,staged_only,,0.4,,OP
64923:GEN1,WAL3425,TX,Harris,staged_only,,0.4,,OP
64923:GEN2,WAL3425,TX,Harris,staged_only,,0.4,,OP
64923:GEN3,WAL3425,TX,Harris,staged_only,,0.4,,OP
64924:GEN1,WAL3432,TX,Dallas,staged_only,,0.4,,OP
64924:GEN2,WAL3432,TX,Dallas,staged_only,,0.4,,OP
64924:GEN3,WAL3432,TX,Dallas,staged_only,,0.4,,OP
64925:GEN1,WAL3500,TX,Harris,staged_only,,0.4,,OP
64925:GEN2,WAL3500,TX,Harris,staged_only,,0.4,,OP
64925:GEN3,WAL3500,TX,Harris,staged_only,,0.4,,OP
64926:GEN1,WAL3510,TX,Brazoria,staged_only,,1.3,,OP
64927:AKS01,Aktina Solar,TX,Wharton,staged_only,,500.0,,OP
64928:BESS,Edwards Sanborn S3,CA,Kern,staged_only,,33.0,,OP
64928:PV,Edwards Sanborn S3,CA,Kern,staged_only,,37.7,,OP
64929:BESS,Edwards Sanborn S1,CA,Kern,staged_only,,40.0,,OP
64929:PV,Edwards Sanborn S1,CA,Kern,staged_only,,44.6,,OP
64930:514,Stockton (MN),MN,Winona,staged_only,,2.0,,OP
64931:531,Capital Hill Solar LLC,NY,Albany,staged_only,,1.5,,OP
64932:513,Rushford Village,MN,Fillmore,staged_only,,1.0,,OP
64933:GEN1,WAL3518,TX,Webb,staged_only,,0.4,,OP
64933:GEN2,WAL3518,TX,Webb,staged_only,,0.4,,OP
64933:GEN3,WAL3518,TX,Webb,staged_only,,0.4,,OP
64934:GEN1,WAL3572,TX,Brazoria,staged_only,,1.3,,OP
64935:GEN1,WAL3584,TX,Harris,staged_only,,0.4,,OP
64935:GEN2,WAL3584,TX,Harris,staged_only,,0.4,,OP
64935:GEN3,WAL3584,TX,Harris,staged_only,,0.4,,OP
64936:GEN1,WAL3631,TX,Tarrant,staged_only,,0.4,,OP
64936:GEN2,WAL3631,TX,Tarrant,staged_only,,0.4,,OP
64936:GEN3,WAL3631,TX,Tarrant,staged_only,,0.4,,OP
64937:GEN1,WAL3773,TX,Tarrant,staged_only,,0.4,,OP
64937:GEN2,WAL3773,TX,Tarrant,staged_only,,0.4,,OP
64937:GEN3,WAL3773,TX,Tarrant,staged_only,,0.4,,OP
64938:GEN1,WAL3777,TX,Denton,staged_only,,1.3,,OP
64939:GEN1,WAL3827,TX,Fort Bend,staged_only,,0.4,,OP
64939:GEN2,WAL3827,TX,Fort Bend,staged_only,,0.4,,OP
64939:GEN3,WAL3827,TX,Fort Bend,staged_only,,0.4,,OP
64940:GEN1,WAL3886,TX,Hidalgo,staged_only,,0.4,,OP
64940:GEN2,WAL3886,TX,Hidalgo,staged_only,,0.4,,OP
64940:GEN3,WAL3886,TX,Hidalgo,staged_only,,0.4,,OP
64942:GEN1,WAL4298,TX,Harris,staged_only,,0.4,,OP
64942:GEN2,WAL4298,TX,Harris,staged_only,,0.4,,OP
64942:GEN3,WAL4298,TX,Harris,staged_only,,0.4,,OP
64943:GEN1,WAL4509,TX,Tarrant,staged_only,,0.4,,OP
64943:GEN2,WAL4509,TX,Tarrant,staged_only,,0.4,,OP
64943:GEN3,WAL4509,TX,Tarrant,staged_only,,0.4,,OP
64944:GEN1,WAL4512,TX,Harris,staged_only,,0.4,,OP
64944:GEN2,WAL4512,TX,Harris,staged_only,,0.4,,OP
64944:GEN3,WAL4512,TX,Harris,staged_only,,0.4,,OP
64945:GEN1,WAL4526,TX,Harris,staged_only,,0.4,,OP
64945:GEN2,WAL4526,TX,Harris,staged_only,,0.4,,OP
64945:GEN3,WAL4526,TX,Harris,staged_only,,0.4,,OP
64946:GEN1,WAL4538,TX,Harris,staged_only,,0.4,,OP
64946:GEN2,WAL4538,TX,Harris,staged_only,,0.4,,OP
64946:GEN3,WAL4538,TX,Harris,staged_only,,0.4,,OP
64947:GEN1,WAL5045,TX,Harris,staged_only,,0.4,,OP
64947:GEN2,WAL5045,TX,Harris,staged_only,,0.4,,OP
64947:GEN3,WAL5045,TX,Harris,staged_only,,0.4,,OP
64948:GEN1,WAL5080,TX,Tarrant,staged_only,,0.4,,OP
64948:GEN2,WAL5080,TX,Tarrant,staged_only,,0.4,,OP
64948:GEN3,WAL5080,TX,Tarrant,staged_only,,0.4,,OP
64949:GEN1,WAL5091,TX,Harris,staged_only,,0.4,,OP
64949:GEN2,WAL5091,TX,Harris,staged_only,,0.4,,OP
64949:GEN3,WAL5091,TX,Harris,staged_only,,0.4,,OP
64950:GEN1,WAL5116,TX,Harris,staged_only,,0.4,,OP
64950:GEN2,WAL5116,TX,Harris,staged_only,,0.4,,OP
64950:GEN3,WAL5116,TX,Harris,staged_only,,0.4,,OP
64951:GEN1,WAL5165,TX,Hidalgo,staged_only,,0.4,,OP
64951:GEN2,WAL5165,TX,Hidalgo,staged_only,,0.4,,OP
64951:GEN3,WAL5165,TX,Hidalgo,staged_only,,0.4,,OP
64952:GEN1,WAL5211,TX,Collin,staged_only,,1.3,,OP
64953:GE N3,WAL5287,TX,Harris,staged_only,,0.4,,OP
64953:GEN1,WAL5287,TX,Harris,staged_only,,0.4,,OP
64953:GEN2,WAL5287,TX,Harris,staged_only,,0.4,,OP
64954:GEN1,WAL5311,TX,Collin,staged_only,,1.3,,OP
64955:GEN1,WAL5312,TX,Tarrant,staged_only,,0.4,,OP
64955:GEN2,WAL5312,TX,Tarrant,staged_only,,0.4,,OP
64955:GEN3,WAL5312,TX,Tarrant,staged_only,,0.4,,OP
64956:GEN1,WAL5316,TX,Tarrant,staged_only,,0.4,,OP
64956:GEN2,WAL5316,TX,Tarrant,staged_only,,0.4,,OP
64956:GEN3,WAL5316,TX,Tarrant,staged_only,,0.4,,OP
64957:GEN1,WAL5388,TX,Galveston,staged_only,,1.3,,OP
64958:GEN1,WAL5479,TX,Travis,staged_only,,0.4,,OP
64958:GEN2,WAL5479,TX,Travis,staged_only,,0.4,,OP
64958:GEN3,WAL5479,TX,Travis,staged_only,,0.4,,OP
64959:GEN1,WAL5480,TX,Williamson,staged_only,,0.4,,OP
64959:GEN2,WAL5480,TX,Williamson,staged_only,,0.4,,OP
64959:GEN3,WAL5480,TX,Williamson,staged_only,,0.4,,OP
64960:GEN1,WAL5612,TX,Harris,staged_only,,0.4,,OP
64960:GEN2,WAL5612,TX,Harris,staged_only,,0.4,,OP
64960:GEN3,WAL5612,TX,Harris,staged_only,,0.4,,OP
64961:GEN1,WAL5713,TX,Webb,staged_only,,0.4,,OP
64961:GEN2,WAL5713,TX,Webb,staged_only,,0.4,,OP
64961:GEN3,WAL5713,TX,Webb,staged_only,,0.4,,OP
64962:GEN1,WAL5764,TX,Tarrant,staged_only,,0.4,,OP
64962:GEN2,WAL5764,TX,Tarrant,staged_only,,0.4,,OP
64962:GEN3,WAL5764,TX,Tarrant,staged_only,,0.4,,OP
64963:GEN1,WAL6929,TX,Bell,staged_only,,0.4,,OP
64963:GEN2,WAL6929,TX,Bell,staged_only,,0.4,,OP
64963:GEN3,WAL6929,TX,Bell,staged_only,,0.4,,OP
64964:ROCKI,Rock Island Road Solar Community Solar,NY,St Lawrence,staged_only,,3.5,,OP
64965:BULLS,Bullis Road Solar (CSG),NY,Erie,staged_only,,4.5,,OP
64967:LUTZ,SV Gardner 1 (Lutz) CSG,IL,Grundy,staged_only,,2.0,,OP
64968:452,"Fall River Solar, LLC",SD,Fall River,staged_only,,80.0,,OP
64969:BAR01,Barron Solar Array,WI,Barron,staged_only,,3.0,,OP
64970:59FBA,59 Federal Rd(CSG),MA,Plymouth,staged_only,,5.0,,OP
64970:59FPV,59 Federal Rd(CSG),MA,Plymouth,staged_only,,5.0,,OP
64971:PRETZ,Pretzel CSG,IL,Stephenson,staged_only,,2.0,,OP
64972:PROPH,Prophet CSG,IL,Whiteside,staged_only,,2.0,,OP
64973:GALA,Gala (CSG),IL,Stephenson,staged_only,,2.0,,OP
64974:DBS1,Daybreak Solar,OR,Wasco,staged_only,,151.7,,OP
64975:628,Park St,VT,Rutland,staged_only,,1.8,,OP
64976:SPN01,Spooner Solar Array,WI,Washburn,staged_only,,2.0,,OP
64977:TORS1,"Torrington Solar One, LLC",CT,Litchfield,staged_only,,2.0,,OP
64978:BRIS1,"Bristol Solar One, LLC",CT,Hartford,staged_only,,3.0,,OP
64979:WTRS1,"Watertown Solar One, LLC",CT,Litchfield,staged_only,,2.0,,OP
64980:020G,UMass Boston,MA,Suffolk,staged_only,,0.4,,OP
64980:030G,UMass Boston,MA,Suffolk,staged_only,,0.5,,OP
64980:050G,UMass Boston,MA,Suffolk,staged_only,,0.8,,OP
64980:060G,UMass Boston,MA,Suffolk,staged_only,,1.6,,OP
64980:080D1,UMass Boston,MA,Suffolk,staged_only,,0.3,,OP
64980:080D2,UMass Boston,MA,Suffolk,staged_only,,0.5,,OP
64980:080G,UMass Boston,MA,Suffolk,staged_only,,0.4,,OP
64980:090G,UMass Boston,MA,Suffolk,staged_only,,0.6,,OP
64980:110G,UMass Boston,MA,Suffolk,staged_only,,0.2,,OP
64980:120G,UMass Boston,MA,Suffolk,staged_only,,0.2,,OP
64980:160G,UMass Boston,MA,Suffolk,staged_only,,0.1,,OP
64980:200G,UMass Boston,MA,Suffolk,staged_only,,0.1,,OP
64980:BATT1,UMass Boston,MA,Suffolk,staged_only,,0.5,,OP
64980:RHG,UMass Boston,MA,Suffolk,staged_only,,0.5,,OP
64980:SOL1,UMass Boston,MA,Suffolk,staged_only,,0.2,,OP
64980:SOL2,UMass Boston,MA,Suffolk,staged_only,,0.5,,OP
64980:WG,UMass Boston,MA,Suffolk,staged_only,,0.4,,OP
64982:WPS1,West Plains Solar I,MO,Howell,staged_only,,8.0,,OP
64984:WATS,Waterloo Solar (IA),IA,Black Hawk,staged_only,,3.0,,OP
64985:JCHS,Johnson County Hills Solar,IA,Johnson,staged_only,,3.0,,OP
64986:FCS,Franklin County Solar,IA,Franklin,staged_only,,7.0,,OP
64987:USSFS,USS Foley Solar LLC,MN,Benton,staged_only,,1.0,,OP
64988:USPKS,USS Prokosch Solar LLC	,MN,Renville,staged_only,,1.0,,OP
64989:USRBS,USS Rosebud Solar LLC,MN,Redwood,staged_only,,1.0,,OP
64990:MED1,Medin CSG,MN,Chisago,staged_only,,1.0,,OP
64991:JOHN,Johnson CSG 1,MN,Chisago,staged_only,,1.0,,OP
64992:CORN1,Cornillie Solar CSG,MN,Chisago,staged_only,,1.0,,OP
64993:BB1BA,"BigBeau Solar, LLC",CA,Kern,staged_only,,22.0,,OP
64993:BB1PV,"BigBeau Solar, LLC",CA,Kern,staged_only,,70.0,,OP
64993:BB2BA,"BigBeau Solar, LLC",CA,Kern,staged_only,,18.0,,OP
64993:BB2PV,"BigBeau Solar, LLC",CA,Kern,staged_only,,58.0,,OP
64994:6115,Sacramento Point West Medical Offices,CA,Sacramento,staged_only,,1.3,,OP
64995:PV1,Cassville Solar,WI,Grant,staged_only,,50.0,,OP
64996:PV1,Springfield Solar (WI),WI,Dodge,staged_only,,100.0,,OP
64997:PV1,Albany Solar (WI),WI,Rock,staged_only,,50.0,,OP
64998:PV1,Paddock Solar,WI,Rock,staged_only,,65.0,,OP
65000:PV1,Wautoma Solar,WI,Waushara,staged_only,,99.0,,OP
65001:PV1,Beaver Dam Solar,WI,Dodge,staged_only,,50.0,,OP
65002:WERL,SSI West Riverside Landfill LLC,CA,Riverside,staged_only,,2.5,,OP
65003:WOLFE,MN CSG 2019-16 LLC,MN,Blue Earth,staged_only,,1.0,,OP
65005:PV1,Albertsons at Melrose Park,IL,Cook,staged_only,,1.9,,OP
65006:BOHU1,Novel Bo Hu 1 Solar (CSG),MN,Rice,staged_only,,1.0,,OP
65007:BESS1,Grant County,WI,Grant,staged_only,,100.0,,OP
65007:PV1,Grant County,WI,Grant,staged_only,,200.0,,OP
65008:PV1,Onion River,WI,Sheboygan,staged_only,,150.0,,OP
65009:PV1,Bear Creek (WI),WI,Richland,staged_only,,50.0,,OP
65010:PV1,North Rock,WI,Rock,staged_only,,50.0,,OP
65011:BESS1,Wood County,WI,Wood,staged_only,,75.0,,OP
65011:PV1,Wood County,WI,Wood,staged_only,,150.0,,OP
65012:PV1,Crawfish River,WI,Jefferson,staged_only,,75.0,,OP
65013:MARIL,Marengo Solar,IL,McHenry,staged_only,,2.0,,OP
65014:COT1,ASD Cotuit MA Solar LLC,MA,Barnstable,staged_only,,3.1,,OP
65014:COT1B,ASD Cotuit MA Solar LLC,MA,Barnstable,staged_only,,2.5,,OP
65015:WAL1,ASD Wallum MA Solar LLC(CSG),MA,Worcester,staged_only,,5.0,,OP
65015:WAL1B,ASD Wallum MA Solar LLC(CSG),MA,Worcester,staged_only,,3.8,,OP
65016:GMS,Gardy's Mill Solar,VA,Westmoreland,staged_only,,14.0,,OP
65018:BESS,Mossy Branch Battery Facility,GA,Talbot,staged_only,,65.0,,OP
65019:BCW1,Beaver Creek Wind Facility,MT,Stillwater,staged_only,,62.0,,OP
65019:BCW2,Beaver Creek Wind Facility,MT,Stillwater,staged_only,,62.0,,OP
65019:BCW3,Beaver Creek Wind Facility,MT,Stillwater,staged_only,,62.0,,OP
65019:BCW4,Beaver Creek Wind Facility,MT,Stillwater,staged_only,,62.0,,OP
65022:BMS,Briel Solar Farm,VA,Henrico,staged_only,,20.0,,OP
65024:BROCK,Novel Brock Solar LLC CSG,MN,Yellow Medicine,staged_only,,1.0,,OP
65025:SWNSN,Novel Swenson Solar LLC CSG,MN,Chisago,staged_only,,1.0,,OP
65026:H2921,HEB00292,TX,Matagorda,staged_only,,0.4,,OP
65026:H2922,HEB00292,TX,Matagorda,staged_only,,0.4,,OP
65026:H2923,HEB00292,TX,Matagorda,staged_only,,0.4,,OP
65027:PV1,Aero Solar Facility,KY,Boone,staged_only,,2.0,,OP
65028:ROSEB,"Roseland Solar Project, LLC",TX,Falls,staged_only,,51.8,,OP
65029:BISBP,Bissell Solar and Battery Generator,MI,Kent,staged_only,,0.3,,OP
65029:BISSP,Bissell Solar and Battery Generator,MI,Kent,staged_only,,0.8,,OP
65030:LAVE1,Oxbow Solar 1,LA,Pointe Coupee,staged_only,,300.0,,OP
65031:INBF1,Bellflower Solar 1,IN,Henry,staged_only,,152.5,,OP
65032:COSM1,Sun Mountain Solar 1,CO,Pueblo,staged_only,,200.0,,OP
65034:CSBS1,Bernard Creek Solar,TX,Wharton,staged_only,,230.0,,OP
65035:ESSFH,Fox Hills Battery Station,NY,Richmond,staged_only,,7.5,,OP
65036:1,Cotton Creek Solar Energy Center,FL,Escambia,staged_only,,74.5,,OP
65037:1,Sawgrass Solar Energy Center,FL,Hendry,staged_only,,74.5,,OP
65038:1,Ghost Orchid Solar Energy Center,FL,Hendry,staged_only,,74.5,,OP
65039:1,Sundew,FL,St Lucie,staged_only,,74.5,,OP
65040:1,Immokalee,FL,Collier,staged_only,,74.5,,OP
65041:1,Elder Branch,FL,Manatee,staged_only,,74.5,,OP
65042:1,Grove,FL,Indian River,staged_only,,74.5,,OP
65044:DBES,Dry Bridge Storage,VA,Chesterfield,staged_only,,20.0,,OP
65046:VCP15,FedEx Middletown,CT,Middlesex,staged_only,,1.5,,OP
65047:VCP07,Enfield Solar One,CT,Hartford,staged_only,,4.0,,OP
65048:HW001,Hubbard Wind,TX,Limestone,staged_only,,300.0,,OP
65053:BMSES,Blythe Mesa Solar II,CA,Riverside,staged_only,,112.0,,OP
65053:IPBMS,Blythe Mesa Solar II,CA,Riverside,staged_only,,223.6,,OP
65054:71CBA,71 Charlotte Furnace Rd Hybrid(CSG),MA,Plymouth,staged_only,,1.0,,OP
65054:71CPV,71 Charlotte Furnace Rd Hybrid(CSG),MA,Plymouth,staged_only,,1.0,,OP
65055:77FBA,77 Farm to Market Rd Hybrid(CSG),MA,Plymouth,staged_only,,2.2,,OP
65055:77FPV,77 Farm to Market Rd Hybrid(CSG),MA,Plymouth,staged_only,,5.0,,OP
65056:160BA,160 Tihonet Rd Hybrid(CSG),MA,Plymouth,staged_only,,3.3,,OP
65056:160PV,160 Tihonet Rd Hybrid(CSG),MA,Plymouth,staged_only,,5.0,,OP
65057:299BA,299 Farm to Market Rd Hybrid(CSG),MA,Plymouth,staged_only,,2.3,,OP
65057:299PV,299 Farm to Market Rd Hybrid(CSG),MA,Plymouth,staged_only,,3.0,,OP
65058:WAIBA,Waiawa Solar Power Hybrid,HI,Honolulu,staged_only,,36.0,,OP
65058:WAIPV,Waiawa Solar Power Hybrid,HI,Honolulu,staged_only,,36.0,,OP
65059:WNIYO,"Niyol Wind, LLC",CO,Logan,staged_only,,205.6,,OP
65066:1,Hoot Lake Solar,MN,Otter Tail,staged_only,,49.9,,OP
65067:DEK3,ASA DeKalb NY Solar III LLC,NY,St Lawrence,staged_only,,3.3,,OP
65068:WALK,Walkerton,IN,St Joseph,staged_only,,1.1,,OP
65069:LINT,Linton,IN,Greene,staged_only,,5.4,,OP
65070:B05,Austin TX GigaFactory,TX,Travis,staged_only,,1.2,,OP
65070:B07,Austin TX GigaFactory,TX,Travis,staged_only,,1.1,,OP
65070:C01,Austin TX GigaFactory,TX,Travis,staged_only,,1.2,,OP
65070:C02,Austin TX GigaFactory,TX,Travis,staged_only,,1.9,,OP
65071:PV1,Buffalo NY GigaFactory,NY,Erie,staged_only,,2.0,,OP
65072:RF67,Fremont CA AutoFactory,CA,Alameda,staged_only,,0.3,,OP
65075:CGS,Everson Garden,MN,Waseca,staged_only,,1.0,,OP
65076:PACT1,Cottontail Solar 1,PA,York,staged_only,,20.0,,OP
65077:PACT2,Cottontail Solar 2,PA,York,staged_only,,20.0,,OP
65079:PACT4,Cottontail Solar 4,PA,Northumberland,staged_only,,20.0,,OP
65080:PACT5,Cottontail Solar 5,PA,Juniata,staged_only,,20.0,,OP
65081:PACT6,Cottontail Solar 6,PA,Snyder,staged_only,,20.0,,OP
65082:PACT8,Cottontail Solar 8,PA,York,staged_only,,20.0,,OP
65083:PV1,Halifax Solar,MA,Plymouth,staged_only,,2.5,,OP
65084:PTKN,Pitkin County Solar,CO,Pitkin,staged_only,,5.0,,OP
65085:PV1,580 River Solar,MA,Worcester,staged_only,,3.1,,OP
65086:BREM,Bremen,IN,Marshall,staged_only,,6.8,,OP
65087:554,Shamrock Solar LLC,WI,Jackson,staged_only,,3.0,,OP
65088:510,Stromland Solar,WI,Buffalo,staged_only,,3.0,,OP
65089:05452,Foothill Sanitary Landfill - Solar Array,CA,San Joaquin,staged_only,,3.6,,OP
65090:CORT3,Cortlandville III Solar CSG,NY,Cortland,staged_only,,5.0,,OP
65091:293,IGS KSBD,CA,San Bernardino,staged_only,,4.3,,OP
65092:634,115 G Fisher,MA,Plymouth,staged_only,,1.0,,OP
65093:633,154 D Fisher,MA,Plymouth,staged_only,,1.0,,OP
65094:314,Jackson Legler Solar 1 LLC,NJ,Ocean,staged_only,,2.9,,OP
65095:196,Mt Arlington Solar 1 LLC,NJ,Morris,staged_only,,1.6,,OP
65098:SSCES,South Sioux City Energy Storage,NE,Dakota,staged_only,,1.5,,OP
65103:JICS2,Jicarilla Solar 2,NM,Rio Arriba,staged_only,,50.0,,OP
65104:15111,CA - DGS RFP - RJ Donovan State Prison,CA,San Bernardino,staged_only,,2.0,,OP
65105:15111,CA-DGS-California Correctional Inst,CA,Kern,staged_only,,4.0,,OP
65106:PGR33,"Phobos Solar, LLC",NC,Nash,staged_only,,78.8,,OP
65107:PGR34,"Cabin Creek Solar, LLC",NC,Montgomery,staged_only,,70.2,,OP
65109:VCP11,North Haven Solar One,CT,New Haven,staged_only,,1.6,,OP
65110:RID,Ridgeback,NC,Randolph,staged_only,,2.0,,OP
65111:THU,Thunderhead,NC,Randolph,staged_only,,2.6,,OP
65112:RIV,River Road,ME,Somerset,staged_only,,5.0,,OP
65114:196BA,196 Tremont St(CSG),MA,Plymouth,staged_only,,1.5,,OP
65114:196PV,196 Tremont St(CSG),MA,Plymouth,staged_only,,1.5,,OP
65121:GEN1,NY8 - Grissom Solar,NY,Montgomery,staged_only,,20.0,,OP
65122:GEN1,NY8 - Branscomb Solar,NY,Rensselaer,staged_only,,20.0,,OP
65123:GEN1,NY8 - Janis Solar,NY,Cortland,staged_only,,20.0,,OP
65124:GEN1,NY8 - Regan Solar,NY,Montgomery,staged_only,,20.0,,OP
65125:GEN1,NY8 - Puckett Solar,NY,Broome,staged_only,,20.0,,OP
65127:BELL,AES Belleville Solar LLC,IL,St Clair,staged_only,,9.9,,OP
65129:65010,Jayhawk Wind Energy Center,KS,Crawford,staged_only,,197.4,,OP
65130:PV1,City of Bowie,MD,Prince Georges,staged_only,,2.0,,OP
65131:PV1,Fremont - Kato Rd,CA,Alameda,staged_only,,0.5,,OP
65131:PV2,Fremont - Kato Rd,CA,Alameda,staged_only,,0.9,,OP
65132:BA1,University of the Pacific,CA,San Joaquin,staged_only,,1.0,,OP
65132:PV1,University of the Pacific,CA,San Joaquin,staged_only,,4.5,,OP
65133:BENRD,Benning Road,DC,District of Columbia,staged_only,,0.8,,OP
65135:288,"ER Bone Hill Solar, LLC",VT,Washington,staged_only,,1.2,,OP
65139:VCP19,Woodstock Solar One,CT,Windham,staged_only,,3.0,,OP
65140:SWSH1,Crimson,CA,Riverside,staged_only,,200.0,,OP
65140:SWSH2,Crimson,CA,Riverside,staged_only,,150.0,,OP
65142:BL1,Bristol Landfill Solar,RI,Bristol,staged_only,,5.0,,OP
65143:BTWF2,Big Turtle Wind Farm 2,MI,Huron,staged_only,,29.4,,OP
65149:VCP05,East Windsor Solar Two,CT,Hartford,staged_only,,4.0,,OP
65151:ENX13,"Energix Aditya, LLC",VA,Louisa,staged_only,,11.5,,OP
65152:CLINT,Clinton Solar,CT,New London,staged_only,,1.0,,OP
65153:U49PV,UMass PV Lot 49,MA,Hampshire,staged_only,,0.8,,OP
65154:U22ES,UMass PV Lot 22,MA,Hampshire,staged_only,,2.0,,OP
65154:U22PV,UMass PV Lot 22,MA,Hampshire,staged_only,,2.1,,OP
65155:DEK2,ASA DeKalb NY Solar II LLC,NY,St Lawrence,staged_only,,3.0,,OP
65156:DEK1,ASA DeKalb NY Solar I LLC,NY,St Lawrence,staged_only,,5.0,,OP
65157:GOV1,ASA Gouverneur NY Solar I LLC,NY,St Lawrence,staged_only,,1.5,,OP
65158:GOV2,ASA Gouverneur NY Solar II LLC,NY,St Lawrence,staged_only,,4.0,,OP
65159:VOL1,ASA Volney NY Solar I LLC,NY,Oswego,staged_only,,5.0,,OP
65160:CSG,Lily Garden,MN,Waseca,staged_only,,1.0,,OP
65161:CLA1,ASA Clayton NY Solar I LLC,NY,Jefferson,staged_only,,1.3,,OP
65162:LCW1,Lacy Creek Wind Energy Center,TX,Sterling,staged_only,,301.3,,OP
65163:ORIOL,Orioles Community Solar,NY,Greene,staged_only,,5.6,,OP
65164:GRIN,Grinnell College,IA,Poweshiek,staged_only,,3.9,,OP
65165:ONSUN,Ontario Sun,NY,Oswego,staged_only,,2.4,,OP
65166:287,"ER Center Road Solar, LLC",VT,Caledonia,staged_only,,2.1,,OP
65167:470,Hudson County Solar,NJ,Hudson,staged_only,,1.2,,OP
65168:FHF,Five H Farms Solar Array,CA,Merced,staged_only,,1.0,,OP
65169:VDK,Van der Kooi Dairy Solar Array,CA,Fresno,staged_only,,1.0,,OP
65170:PV1,Hildreth Solar Power Plant,FL,Suwannee,staged_only,,74.9,,OP
65171:PV1,Bay Ranch Solar Power Plant,FL,Bay,staged_only,,74.9,,OP
65172:PV1,High Springs Solar Power Plant,FL,Alachua,staged_only,,74.9,,OP
65173:PV1,Hardeetown Solar Power Plant,FL,Levy,staged_only,,74.9,,OP
65174:BA1,Cranberry Highway Solar LLC,MA,Plymouth,staged_only,,2.0,,OP
65174:PV1,Cranberry Highway Solar LLC,MA,Plymouth,staged_only,,2.2,,OP
65175:PV1,"ENGIE 2019 ProjectCo-MA1, LLC",MA,Hampden,staged_only,,4.5,,OP
65176:654,"WW-DC Solar 1, LLC",DC,District of Columbia,staged_only,,1.2,,OP
65177:DSPV1,Donaghy-Stockton,CA,San Joaquin,staged_only,,1.1,,OP
65178:MTNS4,Mtn. Solar 4 (CSG),CO,Jefferson,staged_only,,1.5,,OP
65182:CSLPA,CSP Los Angeles,CA,Los Angeles,staged_only,,2.3,,OP
65183:671,Norton LLC,MA,Bristol,staged_only,,3.3,,OP
65184:674,Holliston LLC,MA,Middlesex,staged_only,,1.5,,OP
65185:GEN1,Broadway 3 - Tucson Phase I,AZ,Pima,staged_only,,1.0,,OP
65186:GEN1,Broadway 3 - UC Merced 1,CA,Merced,staged_only,,1.0,,OP
65187:GEN1,Broadway 3 - UCSB Lot 38,CA,Santa Barbara,staged_only,,1.8,,OP
65188:GEN1,Broadway 4 - Target Shafter,CA,Kern,staged_only,,1.6,,OP
65189:WVSA1,West Village Solar - Array 1Community So,CA,Yolo,staged_only,,1.2,,OP
65190:WVSA2,West Village Solar - Array 2 Community S,CA,Yolo,staged_only,,1.3,,OP
65191:USD00,University of San Diego,CA,San Diego,staged_only,,1.0,,OP
65193:CLT05,CalTech - Pasadena (PPA),CA,Los Angeles,staged_only,,1.0,,OP
65194:ATT39,AT&T Middletown,NJ,Monmouth,staged_only,,2.0,,OP
65196:SCC02,SCC - San Jose,CA,Santa Clara,staged_only,,1.0,,OP
65197:MDC04,Medtronic - New Haven 2,CT,New Haven,staged_only,,2.2,,OP
65198:MDC02,Medtronic - New Haven,CT,New Haven,staged_only,,2.3,,OP
65199:KST00,Keysight - Santa Rosa,CA,Sonoma,staged_only,,4.5,,OP
65200:DTV02,DirecTV - Los Angeles,CA,Los Angeles,staged_only,,1.0,,OP
65201:CTS0A,Certain Solar - Staten Island,NY,Richmond,staged_only,,2.0,,OP
65201:CTS0B,Certain Solar - Staten Island,NY,Richmond,staged_only,,1.5,,OP
65201:CTS0C,Certain Solar - Staten Island,NY,Richmond,staged_only,,2.0,,OP
65201:CTS0D,Certain Solar - Staten Island,NY,Richmond,staged_only,,2.0,,OP
65204:ATT95,AT&T - Redwood City,CA,San Mateo,staged_only,,1.0,,OP
65205:ATT26,AT&T - Gardena,CA,Los Angeles,staged_only,,1.0,,OP
65206:ATT58,AT&T - Hawthorne,CA,Los Angeles,staged_only,,1.0,,OP
65208:ATA17,AT&T - Hayward,CA,Alameda,staged_only,,1.0,,OP
65209:EQX53,Equinix - Billerica,MA,Middlesex,staged_only,,1.9,,OP
65210:ENL00,Enloe Medical - Chico,CA,Butte,staged_only,,1.7,,OP
65211:CMC04,Comcast - Universal City,CA,Los Angeles,staged_only,,1.0,,OP
65212:ATC04,Altice - Hicksville,NY,Nassau,staged_only,,2.0,,OP
65213:ATC03,Altice - Parsippany,NJ,Morris,staged_only,,2.0,,OP
65214:GCHOS,Gaucho Solar,PA,Beaver,staged_only,,20.0,,OP
65215:NSTLW,Nestlewood Solar,OH,Clermont,staged_only,,80.0,,OP
65216:673,Woburn,MA,Middlesex,staged_only,,1.3,,OP
65217:BESS,South Goshen Community Solar,NY,Orange,staged_only,,4.5,,OP
65217:SGOSH,South Goshen Community Solar,NY,Orange,staged_only,,5.0,,OP
65219:ENX16,"Caden Energix Endless Caverns, LLC",VA,Rockingham,staged_only,,31.4,,OP
65220:PHSPV,Pleasant Hill Solar,VA,Suffolk City,staged_only,,20.0,,OP
65221:WSPV,Watlington Solar,VA,Halifax,staged_only,,20.0,,OP
65222:AFTON,County Road 17 (CSG),NY,Chenango,staged_only,,3.3,,OP
65223:CGS,Phare Garden,MN,Renville,staged_only,,0.9,,OP
65224:ENX15,"Apple Grove Solar, LLC",VA,Louisa,staged_only,,18.6,,OP
65225:ENX17,"Waverly Solar, LLC",VA,Sussex,staged_only,,118.0,,OP
65227:401,"Ameresco Danville Solar, LLC",IL,Vermilion,staged_only,,2.0,,OP
65228:RP21,Red Prairie Solar,OR,Yamhill,staged_only,,2.2,,OP
65229:OKPVC,OK Produce Fresno Carport,CA,Fresno,staged_only,,2.0,,OP
65230:TMS,Truman Solar,MO,Boone,staged_only,,10.0,,OP
65231:HCO,"Hunter Solar, LLC (CO)",CO,Arapahoe,staged_only,,75.0,,OP
65232:GEN1,Chambers 3 - Lewis County,NY,Lewis,staged_only,,2.0,,OP
65233:GEN1,Chambers 3 - Erie County Alden,NY,Erie,staged_only,,2.0,,OP
65235:75024,Venture 2 - 1B,CO,Adams,staged_only,,1.5,,OP
65236:75021,Venture 3 - 1C,CO,Adams,staged_only,,1.5,,OP
65237:75023,Venture 4 - 1D,CO,Adams,staged_only,,1.5,,OP
65238:GEN1,Chambers 4 - Eastvale LGB3,CA,Riverside,staged_only,,2.4,,OP
65239:NWS,"AE-ESS NWS 1, LLC",NY,Queens,staged_only,,5.0,,OP
65240:BAT1,Maysville BESS,NC,Jones,staged_only,,5.0,,OP
65241:BAT1,McKinney BESS,NC,Richmond,staged_only,,5.0,,OP
65242:CMS,Charlemont A,MA,Franklin,staged_only,,2.5,,OP
65242:CMSB,Charlemont A,MA,Franklin,staged_only,,2.5,,OP
65243:BAT1,New Rosewood BESS,NC,Wayne,staged_only,,2.5,,OP
65244:BAT1,Queens Creek BESS,NC,Onslow,staged_only,,2.5,,OP
65245:BAT1,Rocky Point BESS,NC,Pender,staged_only,,5.0,,OP
65246:BAT1,Walkers Crossroads BESS,NC,Wake,staged_only,,5.0,,OP
65247:BAT1,Zion Hill BESS,NC,Brunswick,staged_only,,5.0,,OP
65248:BAT1,Collier BESS,NC,Cumberland,staged_only,,2.5,,OP
65249:BAT1,Docs Road BESS,NC,Harnett,staged_only,,5.0,,OP
65250:BAT1,Five Points BESS,NC,Randolph,staged_only,,5.0,,OP
65251:GEN1,Chambers 4 - Redland LGB4,CA,San Bernardino,staged_only,,1.9,,OP
65252:GEN1,Chambers 4 - Riverside LGB6	,CA,Riverside,staged_only,,2.4,,OP
65253:GEN1,Chambers 4 - Rialto LGB8,CA,San Bernardino,staged_only,,2.2,,OP
65254:GEN1,Chambers 4 - Sacramento SMF1,CA,Sacramento,staged_only,,2.7,,OP
65255:GEN1,Chambers 4 - Eastvale DCA2,CA,Riverside,staged_only,,1.5,,OP
65256:GEN1,Chambers 4 - San Bernardino SNA7,CA,San Bernardino,staged_only,,2.0,,OP
65257:LMS01,Lineage MS,MS,Rankin,staged_only,,1.2,,OP
65258:WKP01,Wapakoneta-Pratt,OH,Auglaize,staged_only,,13.5,,OP
65259:P1,Byrd Ranch Storage,TX,Brazoria,staged_only,,50.0,,OP
65261:H0201,HEB00020,TX,Harris,staged_only,,0.4,,OP
65261:H0202,HEB00020,TX,Harris,staged_only,,0.4,,OP
65261:H0203,HEB00020,TX,Harris,staged_only,,0.4,,OP
65262:H0281,HEB00028,TX,Galveston,staged_only,,0.4,,OP
65262:H0282,HEB00028,TX,Galveston,staged_only,,0.4,,OP
65262:H0283,HEB00028,TX,Galveston,staged_only,,0.4,,OP
65263:H0381,HEB00038,TX,Hidalgo,staged_only,,0.4,,OP
65263:H0382,HEB00038,TX,Hidalgo,staged_only,,0.4,,OP
65263:H0383,HEB00038,TX,Hidalgo,staged_only,,0.4,,OP
65264:H0541,HEB00054,TX,Harris,staged_only,,0.4,,OP
65264:H0542,HEB00054,TX,Harris,staged_only,,0.4,,OP
65264:H0543,HEB00054,TX,Harris,staged_only,,0.4,,OP
65265:H0571,HEB00057,TX,Nueces,staged_only,,0.4,,OP
65265:H0572,HEB00057,TX,Nueces,staged_only,,0.4,,OP
65265:H0573,HEB00057,TX,Nueces,staged_only,,0.4,,OP
65266:H0701,HEB00070,TX,Taylor,staged_only,,0.4,,OP
65266:H0702,HEB00070,TX,Taylor,staged_only,,0.4,,OP
65266:H0703,HEB00070,TX,Taylor,staged_only,,0.4,,OP
65267:H0991,HEB00099,TX,Harris,staged_only,,0.4,,OP
65267:H0992,HEB00099,TX,Harris,staged_only,,0.4,,OP
65267:H0993,HEB00099,TX,Harris,staged_only,,0.4,,OP
65268:H1091,HEB00109,TX,Harris,staged_only,,0.4,,OP
65268:H1092,HEB00109,TX,Harris,staged_only,,0.4,,OP
65268:H1093,HEB00109,TX,Harris,staged_only,,0.4,,OP
65269:H1101,HEB00110,TX,Fort Bend,staged_only,,0.4,,OP
65269:H1102,HEB00110,TX,Fort Bend,staged_only,,0.4,,OP
65269:H1103,HEB00110,TX,Fort Bend,staged_only,,0.4,,OP
65271:NBSLR,Noble Solar,TX,Denton,staged_only,,275.0,,OP
65271:NBSTG,Noble Solar,TX,Denton,staged_only,,125.0,,OP
65274:H1821,HEB00182,TX,Bell,staged_only,,0.4,,OP
65274:H1822,HEB00182,TX,Bell,staged_only,,0.4,,OP
65274:H1823,HEB00182,TX,Bell,staged_only,,0.4,,OP
65276:USSPS,USS Peach Solar LLC,MN,Blue Earth,staged_only,,1.0,,OP
65277:WHS01,Wonderful Huller & Shelling,CA,Kern,staged_only,,1.5,,OP
65278:WLH01,Wonderful Lost Hills,CA,Kern,staged_only,,17.1,,OP
65279:FHS,Fairhaven E,MA,Franklin,staged_only,,2.0,,OP
65280:1,601 Doremus CDG,NJ,Essex,staged_only,,1.5,,OP
65281:BOMB,Bomber CSG,MD,Carroll,staged_only,,6.0,,OP
65282:WT,Red Barn Energy,WI,Grant,staged_only,,91.6,,OP
65287:BARRO,Barrow Solar,CT,Tolland,staged_only,,2.0,,OP
65289:1,5601 Westside CDG,NJ,Hudson,staged_only,,1.5,,OP
65291:MS6_S,Golden Triangle II,MS,Lowndes,staged_only,,50.0,,OP
65291:OEMS6,Golden Triangle II,MS,Lowndes,staged_only,,150.0,,OP
65292:OE_FL,Rice Creek,FL,Putnam,staged_only,,74.9,,OP
65294:1,Indian River Hydro,MA,Hampden,staged_only,,0.7,,OP
65294:2,Indian River Hydro,MA,Hampden,staged_only,,0.7,,OP
65295:HG1,Bob Glanzer Generating Station,SD,Beadle,staged_only,,11.5,,OP
65295:HG2,Bob Glanzer Generating Station,SD,Beadle,staged_only,,11.5,,OP
65295:HG3,Bob Glanzer Generating Station,SD,Beadle,staged_only,,11.5,,OP
65295:HG4,Bob Glanzer Generating Station,SD,Beadle,staged_only,,11.5,,OP
65295:HG5,Bob Glanzer Generating Station,SD,Beadle,staged_only,,11.5,,OP
65295:HG6,Bob Glanzer Generating Station,SD,Beadle,staged_only,,11.5,,OP
65296:HAW10,Hawthorn Solar I,MO,Jackson,staged_only,,10.0,,OP
65297:81722,DOCCS Midstate,NY,Oneida,staged_only,,3.8,,OP
65298:81724,DOCCS Eastern,NY,Ulster,staged_only,,5.0,,OP
65299:81721,DOCCS Wende,NY,Erie,staged_only,,5.0,,OP
65300:81723,DOCCS Greenhaven,NY,Dutchess,staged_only,,3.7,,OP
65302:SOLAR,Salt City Solar Project - Hybrid,OH,Ross,staged_only,,49.9,,OP
65303:SUNS,Sun Valley Solar Project,TX,Hill,staged_only,,250.0,,OP
65304:SOLAR,ENGIE Solidago Solar Project - Hybrid,DE,New Castle,staged_only,,50.0,,OP
65305:SOLAR,Powells Creek Solar - Hybrid,VA,Halifax,staged_only,,70.0,,OP
65306:LIMEW,Limestone Wind Project,TX,Navarro,staged_only,,299.2,,OP
65307:SUNS,Sunnybrook Solar Project - Hybrid,VA,Halifax,staged_only,,51.0,,OP
65308:HRZNS,Horizon Solar,TX,Frio,staged_only,,200.0,,OP
65309:532,Millersport GM 1,NY,Erie,staged_only,,5.0,,OP
65311:CDCRK,"Cedar Creek Wind, LLC",ID,Bingham,staged_only,,160.0,,OP
65314:ENX19,Caden Energix Wytheville LLC,VA,Wythe,staged_only,,20.0,,OP
65315:GASC2,Gas City 2,IN,Grant,staged_only,,1.8,,OP
65316:65011,Sapphire Sky Wind Energy LLC,IL,DeWitt,staged_only,,259.8,,OP
65317:SPRG,Springfield Solar,VA,Westmoreland,staged_only,,2.0,,OP
65318:POWI,Quillwort Solar,VA,Powhatan,staged_only,,18.0,,OP
65319:MAPL,Maplewood Solar,VA,Pittsylvania,staged_only,,120.0,,OP
65320:SEBE,Sebera Solar,VA,Prince George,staged_only,,18.0,,OP
65321:RBSO,Rochambeau Solar,VA,James City,staged_only,,19.9,,OP
65322:FTPW,Fort Powhatan Solar,VA,Prince George,staged_only,,150.0,,OP
65323:BEDF,Bedford Solar (Dominion),VA,Chesapeake City,staged_only,,70.0,,OP
65324:HOLL,Hollins Ferry CSG,MD,Baltimore City,staged_only,,1.5,,OP
65328:1,Meridian Wind Park,MI,Gratiot,staged_only,,225.0,,OP
65329:LAURL,Mount Laurel Solar,NJ,Burlington,staged_only,,2.5,,OP
65330:BALB1,"8500 Balboa PV, LLC",CA,Los Angeles,staged_only,,2.4,,OP
65330:VSPRC,"8500 Balboa PV, LLC",CA,Los Angeles,staged_only,,0.8,,OP
65331:NORMA,"20333 Normandie PV, LLC",CA,Los Angeles,staged_only,,2.6,,OP
65332:MH1,CPV Maple Hill Solar,PA,Cambria,staged_only,,100.0,,OP
65333:785,Shakes Solar,TX,Dimmit,staged_only,,200.0,,OP
65334:PLTVW,Platteview Solar LLC,NE,Saunders,staged_only,,81.0,,OP
65335:WAPPA,Appaloosa Run Wind,TX,Upton,staged_only,,171.8,,OP
65337:MAYBK,"Maybrook Solar, LLC (CSG)",NY,Orange,staged_only,,5.0,,OP
65339:19002,MD - CS - Potomac Edison Co - GA25 TPE (,MD,Garrett,staged_only,,2.0,,OP
65340:19003,MD - CS - BGE - PR24 TPE,MD,Prince Georges,staged_only,,2.0,,OP
65342:GS1,Gorham Solar 1 (CSG),ME,Cumberland,staged_only,,5.0,,OP
65343:ROSS,"Ross County Solar, LLC",OH,Ross,staged_only,,120.0,,OP
65346:MCB20,Macbeth Solar,MI,Muskegon,staged_only,,20.0,,OP
65347:LYON1,Lyons Road,MI,Shiawassee,staged_only,,20.0,,OP
65348:OLIVE,Mount Olive Solar Farm,NJ,Morris,staged_only,,19.8,,OP
65349:MLGAN,"Mulligan Solar, LLC",IL,Logan,staged_only,,70.0,,OP
65350:FORDC,Ford County Wind Farm LLC,IL,Ford,staged_only,,121.3,,OP
65351:GD,General Dynamics,AR,Ouachita,staged_only,,2.0,,OP
65351:GDBA1,General Dynamics,AR,Ouachita,staged_only,,2.5,,OP
65351:GDBA2,General Dynamics,AR,Ouachita,staged_only,,2.5,,OP
65352:MACKN,MacKinnon Solar,VT,Rutland,staged_only,,2.2,,OP
65353:MCHEN,McHenry Solar,CT,Windham,staged_only,,1.0,,OP
65357:OERMN,OER Monarch CSG,MD,Prince Georges,staged_only,,2.0,,OP
65358:PATUX,OER Patuxent CSG,MD,Anne Arundel,staged_only,,2.0,,OP
65359:SHEPM,Shepherds Mill CSG,MD,Carroll,staged_only,,2.0,,OP
65360:ATA02,AT&T - San Diego Trade Street,CA,San Diego,staged_only,,1.0,,OP
65361:CLT30,CalTech - Pasadena Wilson Ave,CA,Los Angeles,staged_only,,2.2,,OP
65362:UXBRD,MA CS Uxbridge Community Solar,MA,Worcester,staged_only,,4.0,,OP
65364:12585,Danell Bros Inc,CA,Kings,staged_only,,2.6,,OP
65365:17024,CA - Ventura Co CCD - Moorpark College,CA,Ventura,staged_only,,2.6,,OP
65367:1,POET Bioprocessing- Mitchell,SD,Davison,staged_only,,3.9,,OP
65368:LINDN,Linden Hawk Rise Solar CSG,NJ,Union,staged_only,,4.0,,OP
65370:RCKPT,BWC Maces Pond LLC,ME,Knox,staged_only,,3.5,,OP
65372:CTG-1,Mark One Power Station,TX,Brazoria,staged_only,,60.5,,OP
65372:CTG-2,Mark One Power Station,TX,Brazoria,staged_only,,60.5,,OP
65372:CTG-3,Mark One Power Station,TX,Brazoria,staged_only,,60.5,,OP
65372:CTG-4,Mark One Power Station,TX,Brazoria,staged_only,,60.5,,OP
65372:CTG-5,Mark One Power Station,TX,Brazoria,staged_only,,60.5,,OP
65372:CTG-6,Mark One Power Station,TX,Brazoria,staged_only,,60.5,,OP
65372:CTG-7,Mark One Power Station,TX,Brazoria,staged_only,,60.5,,OP
65372:CTG-8,Mark One Power Station,TX,Brazoria,staged_only,,60.5,,OP
65373:CTG-1,Brotman Power Station,TX,Brazoria,staged_only,,60.5,,OP
65373:CTG-2,Brotman Power Station,TX,Brazoria,staged_only,,60.5,,OP
65373:CTG-3,Brotman Power Station,TX,Brazoria,staged_only,,60.5,,OP
65373:CTG-4,Brotman Power Station,TX,Brazoria,staged_only,,60.5,,OP
65373:CTG-5,Brotman Power Station,TX,Brazoria,staged_only,,60.5,,OP
65373:CTG-6,Brotman Power Station,TX,Brazoria,staged_only,,60.5,,OP
65373:CTG-7,Brotman Power Station,TX,Brazoria,staged_only,,60.5,,OP
65373:CTG-8,Brotman Power Station,TX,Brazoria,staged_only,,60.5,,OP
65374:GEN1,Fredonia (KS),KS,Wilson,staged_only,,1.5,,OP
65374:GEN2,Fredonia (KS),KS,Wilson,staged_only,,1.5,,OP
65376:SNIP2,SR Snipesville II,GA,Jeff Davis,staged_only,,107.0,,OP
65378:NY002,OYA Robinson Road,NY,Jefferson,staged_only,,5.0,,OP
65379:NY001,OYA State Route 122,NY,Franklin,staged_only,,4.5,,OP
65380:3,Solomon Generating Facility,UT,Washington,staged_only,,14.9,,OP
65381:PAPE,Allie L.L.C. (CSG),MN,Renville,staged_only,,1.0,,OP
65382:ESS,Lincoln WWTF Hybrid,CA,Placer,staged_only,,1.0,,OP
65382:PV,Lincoln WWTF Hybrid,CA,Placer,staged_only,,3.0,,OP
65383:003-A,Bodega Avenue Solar LLC,CA,Sonoma,staged_only,,1.0,,OP
65383:003-B,Bodega Avenue Solar LLC,CA,Sonoma,staged_only,,1.0,,OP
65384:7101,Rancho Cordova Medical Offices,CA,Sacramento,staged_only,,1.1,,OP
65385:AIRPT,Airport Road Solar (CSG),NY,Orange,staged_only,,3.4,,OP
65386:HOWRD,Howard Lane Solar,RI,Providence,staged_only,,3.0,,OP
65387:HOLND,Holland Solar Farm,NJ,Hunterdon,staged_only,,6.7,,OP
65389:MIDGS,Midway Green Solar,SC,Union,staged_only,,12.8,,OP
65390:LDYRD,"Ledyard Windpower, LLC",IA,Kossuth,staged_only,,207.0,,OP
65391:BS1,Beloit Solar LLC,KS,Mitchell,staged_only,,2.0,,OP
65393:NECS,Neal Energy Center Solar,IA,Woodbury,staged_only,,4.0,,OP
65395:HUMB1,Hummingbird Energy Storage LLC,CA,Santa Clara,staged_only,,75.0,,OP
65396:BW1,Black Walnut Energy Storage LLC,CA,Ventura,staged_only,,15.0,,OP
65397:SP1,Santa Paula Energy Storage LLC,CA,Ventura,staged_only,,30.0,,OP
65399:U1,Mill Pond Hydro,NY,Greene,staged_only,,0.5,,OP
65399:U2,Mill Pond Hydro,NY,Greene,staged_only,,0.5,,OP
65400:PUCHP,Purdue CHP,IN,Tippecanoe,staged_only,,13.3,,OP
65401:BA,Newton Solar BESS LLC,IL,Jasper,staged_only,,2.0,,OP
65401:PV,Newton Solar BESS LLC,IL,Jasper,staged_only,,51.8,,OP
65402:ARCHE,"Arche Energy Project, LLC",OH,Fulton,staged_only,,107.0,,OP
65403:BOSWW,Boswell Wind,WY,Albany,staged_only,,329.8,,OP
65405:CTG,"Flint Hills Resources Pine Bend, LLC",MN,Dakota,staged_only,,60.5,,OP
65405:SOLAR,"Flint Hills Resources Pine Bend, LLC",MN,Dakota,staged_only,,45.0,,OP
65405:STG,"Flint Hills Resources Pine Bend, LLC",MN,Dakota,staged_only,,12.9,,OP
65406:SSP,LGE-KU Solar Share Facility Simpsonville,KY,Shelby,staged_only,,2.1,,OP
65408:GOSSB,Gilead Oceanside Solar Project,CA,San Diego,staged_only,,0.7,,OP
65408:GOSSP,Gilead Oceanside Solar Project,CA,San Diego,staged_only,,1.5,,OP
65409:GFCS1,Gilead Foster City Solar Project,CA,San Mateo,staged_only,,0.9,,OP
65409:GFCS2,Gilead Foster City Solar Project,CA,San Mateo,staged_only,,0.2,,OP
65409:GFCSB,Gilead Foster City Solar Project,CA,San Mateo,staged_only,,0.5,,OP
65410:SPUT,Cunningham Storage,TX,Hunt,staged_only,,190.0,,OP
65411:20215,"Airport 009239 SCS Lexington, LLC",NE,Dawson,staged_only,,1.0,,OP
65412:20213,"Northern Cardinal Solar SCS IL 1, LLC",IL,Champaign,staged_only,,10.0,,OP
65413:20217,"SCS West Fairchild 011958 Danville, LLC",IL,Vermilion,staged_only,,1.6,,OP
65414:20212,"SCS Plainfield 011755 Naperville, LLC",IL,DuPage,staged_only,,1.0,,OP
65415:20218,"SCS Galena 012589 Peoria, LLC",IL,Peoria,staged_only,,2.0,,OP
65416:20214,"Monroe 009452 SCS Cozad, LLC",NE,Dawson,staged_only,,2.0,,OP
65417:20216,"SCS COUNTY 012631 Champaign, LLC",IL,Champaign,staged_only,,2.0,,OP
65418:20211,"SCS Randolph 012175 Somerset, LLC",NJ,Somerset,staged_only,,2.3,,OP
65420:1,Bluefield Preserve Solar,FL,St Lucie,staged_only,,74.5,,OP
65421:1,Chautauqua Solar Energy Center,FL,Walton,staged_only,,74.5,,OP
65422:1,FPL Chipola River Solar Energy Center,FL,Calhoun,staged_only,,74.5,,OP
65422:2,FPL Chipola River Solar Energy Center,FL,Calhoun,staged_only,,74.5,,OP
65423:1,Everglades Solar Energy Center,FL,Miami Dade,staged_only,,74.5,,OP
65424:1,First City Solar Energy Center,FL,Escambia,staged_only,,74.5,,OP
65426:GEN1,"Perendale Holdings, LLC",NC,Davie,staged_only,,7.5,,OP
65427:1,FPL Flowers Creek Solar Energy Center,FL,Calhoun,staged_only,,74.5,,OP
65428:1,Pink Trial Solar Energy Center,FL,St Lucie,staged_only,,74.5,,OP
65429:1,FPL Shirer Branch Solar Energy Center,FL,Calhoun,staged_only,,74.5,,OP
65429:2,FPL Shirer Branch Solar Energy Center,FL,Calhoun,staged_only,,74.5,,OP
65430:1,Wild Azalea Solar Energy Center,FL,Gadsden,staged_only,,74.5,,OP
65431:1,Anhinga Solar Energy Center,FL,Clay,staged_only,,74.5,,OP
65432:1,Apalachee,FL,Jackson,staged_only,,74.5,,OP
65433:1,Blackwater River Solar Energy Center,FL,Santa Rosa,staged_only,,74.5,,OP
65433:2,Blackwater River Solar Energy Center,FL,Santa Rosa,staged_only,,74.5,,OP
65434:NY003,OYA Wayside Drive,NY,Jefferson,staged_only,,5.0,,OP
65435:NY004,OYA Pulaski,NY,Oswego,staged_only,,3.5,,OP
65436:NY006,OYA Main Street,NY,Livingston,staged_only,,5.0,,OP
65438:1,FPL Cavendish Solar Energy Center,FL,Okeechobee,staged_only,,74.5,,OP
65439:USSFS,USS Franklin Solar LLC,MN,Renville,staged_only,,1.0,,OP
65440:USSCF,USS Catfish Solar LLC,MN,Renville,staged_only,,1.0,,OP
65441:ITCBT,USS Itasca Clean Energy Solar LLC,MN,Itasca,staged_only,,1.0,,OP
65441:USSTC,USS Itasca Clean Energy Solar LLC,MN,Itasca,staged_only,,2.0,,OP
65442:USSMS,USS Mesa Solar LLC,MN,Renville,staged_only,,1.0,,OP
65443:USSWC,USS Wells Creek Solar LLC,MN,Goodhue,staged_only,,1.0,,OP
65444:USSVS,USS Verbena Solar LLC,MN,McLeod,staged_only,,1.0,,OP
65445:RIGPV,Ridgely Energy Farm,TN,Lake,staged_only,,177.0,,OP
65447:19032,CA-Ventura Co CCD-Oxnard College Canopy,CA,Ventura,staged_only,,1.5,,OP
65448:SC 10,SolarClub 10 LLC,MN,Wright,staged_only,,1.0,,OP
65449:SC 15,SolarClub 15 LLC,MN,Sherburne,staged_only,,1.0,,OP
65450:18002,NY - PANYNJ - LaGuardia - Rooftop,NY,Queens,staged_only,,1.0,,OP
65451:SC 20,SolarClub 20 LLC,MN,Wabasha,staged_only,,1.0,,OP
65452:SC 23,SolarClub 23 LLC,MN,Houston,staged_only,,1.0,,OP
65453:SC 28,SolarClub 28 LLC,MN,Sibley,staged_only,,1.0,,OP
65455:SC 35,SolarClub 35 LLC,MN,Blue Earth,staged_only,,1.0,,OP
65456:SEPAR,Separator (Etiwanda) BESS,CA,San Bernardino,staged_only,,112.5,,OP
65457:CATH1,Cathode (Hinson) BESS,CA,Los Angeles,staged_only,,100.0,,OP
65457:CATH2,Cathode (Hinson) BESS,CA,Los Angeles,staged_only,,100.0,,OP
65459:NY005,OYA Church Road,NY,Onondaga,staged_only,,5.0,,OP
65460:HART1,Hartland Solar,ME,Somerset,staged_only,,4.0,,OP
65461:UNITY,Unity Solar,ME,Waldo,staged_only,,5.0,,OP
65463:HRNET,Hornet Solar (TX),TX,Swisher,staged_only,,600.0,,OP
65464:LDF2,"Lerdo Detention Facility - Solar 2, 3",CA,Kern,staged_only,,3.1,,OP
65464:LDF3,"Lerdo Detention Facility - Solar 2, 3",CA,Kern,staged_only,,2.1,,OP
65465:CINN,Cinnaminson Landfill Solar,NJ,Burlington,staged_only,,10.0,,OP
65466:KINS2,Kinsley II Landfill Solar System,NJ,Gloucester,staged_only,,3.8,,OP
65467:PENN,Pennsauken Brownfield Solar,NJ,Camden,staged_only,,12.0,,OP
65468:HIGH,Highland Park Borough Solar,NJ,Middlesex,staged_only,,0.5,,OP
65468:HPBA,Highland Park Borough Solar,NJ,Middlesex,staged_only,,0.6,,OP
65469:SAMBA,Sealed Air Madera Solar Project,CA,Madera,staged_only,,0.8,,OP
65469:SAMSP,Sealed Air Madera Solar Project,CA,Madera,staged_only,,3.0,,OP
65470:CWPVA,Cummins Whitakers PV Arrays,NC,Nash,staged_only,,3.3,,OP
65472:CHUK1,Chukar Battery Energy Storage System,NV,Storey,staged_only,,10.0,,OP
65473:GDJSI,"GD Johnson Scituate I, LLC",RI,Providence,staged_only,,4.3,,OP
65474:GDIM1,"GDIM 1, LLC",RI,Providence,staged_only,,9.6,,OP
65475:GDIM2,"GDIM 2, LLC",RI,Providence,staged_only,,9.6,,OP
65476:GDIM3,"GDIM 3, LLC",RI,Providence,staged_only,,9.6,,OP
65477:GDIM4,"GDIM 4, LLC",RI,Providence,staged_only,,9.6,,OP
65478:GPWI,"Green Providence Wind I, LLC",RI,Providence,staged_only,,1.5,,OP
65479:GPWII,"Green Providence Wind II, LLC",RI,Providence,staged_only,,3.0,,OP
65480:CO505,Axial Basin Solar,CO,Moffat,staged_only,,145.0,,OP
65481:WD,Wilkinson DeFore (Safari Energy),GA,Wilkinson,staged_only,,3.0,,OP
65482:WMEM1,West Memphis Solar Station,AR,Crittenden,staged_only,,180.0,,OP
65483:BIGC1,"Big Cypress Solar, LLC",AR,Crittenden,staged_only,,180.0,,OP
65484:WPW1,Western Plains Wind,KS,Gove,staged_only,,2.7,,OP
65485:GRWQ,Graniterock Quarry,CA,San Benito,staged_only,,4.4,,OP
65486:LOVLN,Love Lane Solar,NJ,Cumberland,staged_only,,1.8,,OP
65487:WASH,"Washington Avenue Solar, LLC",NY,Schenectady,staged_only,,4.6,,OP
65489:DIKNS,Dickens,TX,Dickens,staged_only,,200.0,,OP
65490:HYDRA,Hydra,TX,Pecos,staged_only,,200.0,,OP
65491:PALEO,Paleo,TX,Hale,staged_only,,200.0,,OP
65492:PAVO,Pavo,TX,Pecos,staged_only,,175.0,,OP
65493:TORTO,Tortolas,TX,Brazoria,staged_only,,50.0,,OP
65495:BALLH,"Ball Hill Wind Energy, LLC",NY,Chautauqua,staged_only,,107.5,,OP
65496:BLUES,"Bluestone Wind, LLC",NY,Broome,staged_only,,111.8,,OP
65497:GRDS1,Garden 1 Solar Park,MI,Delta,staged_only,,0.9,,OP
65498:GRDS2,Garden 2 Solar Park,MI,Delta,staged_only,,1.4,,OP
65499:90909,Danville BESS 1,VA,Danville City,staged_only,,10.5,,OP
65501:PV1,Mule Creek Renewable Energy Center,FL,Bay,staged_only,,74.9,,OP
65502:BEAKR,Beaker,NC,Pitt,staged_only,,5.0,,OP
65503:BELAF,Belafonte,NC,Duplin,staged_only,,3.4,,OP
65505:GILEA,Gilead,NC,Montgomery,staged_only,,3.5,,OP
65506:GLADS,Gladstone Farm,NC,Moore,staged_only,,5.0,,OP
65507:VCGSP,Verizon Comms Garage Top Solar Project,CA,Santa Clara,staged_only,,2.3,,OP
65508:MEND,Mendota Rich Dev CSG,IL,LaSalle,staged_only,,2.0,,OP
65510:GEN 1,Sierra Pacific Chinese Camp,CA,Tuolumne,staged_only,,3.6,,OP
65511:44444,25 Mile Creek,OK,Ellis,staged_only,,250.0,,OP
65512:KSET,"Kansas Ethanol, LLC",KS,Rice,staged_only,,13.5,,OP
65513:BRNW2,Baron Winds II,NY,Steuben,staged_only,,113.2,,OP
65514:13260,Bear Grove Solar,MN,Olmsted,staged_only,,1.0,,OP
65515:11049,Dodge Renewables 1,MN,Dodge,staged_only,,1.0,,OP
65516:11083,Dodge Renewables 2,MN,Dodge,staged_only,,1.0,,OP
65517:BMORC,Abel Road Bioenergy,CA,Colusa,staged_only,,4.0,,OP
65519:BRS,Bell Ridge Solar,FL,Gilchrist,staged_only,,74.5,,OP
65520:VASQV,Vasquez V CSG,CO,Weld,staged_only,,4.0,,OP
65521:LBSOL,"Longbow Solar, LLC",TX,Brazoria,staged_only,,78.1,,OP
65522:65013,Number Three Wind Project,NY,Lewis,staged_only,,106.0,,OP
65523:14057,CA-DGS-California Men's Colony,CA,San Luis Obispo,staged_only,,2.2,,OP
65524:14069,CA-DGS- RFP-Correctional Training Fac,CA,Monterey,staged_only,,1.6,,OP
65525:14068,CA-DGS RFP-Salinas Valley State Prison,CA,Monterey,staged_only,,3.3,,OP
65526:15112,CA-DGS RFP-Pleasant Valley State Prison,CA,Fresno,staged_only,,2.0,,OP
65527:17024,CA-Ventura County CCD-Ventura College,CA,Ventura,staged_only,,2.5,,OP
65528:17031,CA - Fresno County - Juvenile Hall,CA,Fresno,staged_only,,2.8,,OP
65530:BESS1,Portage Industrial Battery,WI,Columbia,staged_only,,5.0,,OP
65531:BESS1,Deer Run Battery,IA,Linn,staged_only,,5.0,,OP
65532:BALD,Baldwin (ME),ME,Cumberland,staged_only,,5.0,,OP
65533:AUGU,Augusta,ME,Kennebec,staged_only,,2.5,,OP
65534:MON,Monmouth,ME,Kennebec,staged_only,,5.0,,OP
65535:BAK1,Bakke,TX,Andrews,staged_only,,0.6,,OP
65535:BAK10,Bakke,TX,Andrews,staged_only,,0.6,,OP
65535:BAK11,Bakke,TX,Andrews,staged_only,,0.6,,OP
65535:BAK12,Bakke,TX,Andrews,staged_only,,0.6,,OP
65535:BAK13,Bakke,TX,Andrews,staged_only,,0.6,,OP
65535:BAK14,Bakke,TX,Andrews,staged_only,,0.6,,OP
65535:BAK15,Bakke,TX,Andrews,staged_only,,0.6,,OP
65535:BAK2,Bakke,TX,Andrews,staged_only,,0.6,,OP
65535:BAK3,Bakke,TX,Andrews,staged_only,,0.6,,OP
65535:BAK4,Bakke,TX,Andrews,staged_only,,0.6,,OP
65535:BAK5,Bakke,TX,Andrews,staged_only,,0.6,,OP
65535:BAK6,Bakke,TX,Andrews,staged_only,,0.6,,OP
65535:BAK7,Bakke,TX,Andrews,staged_only,,0.6,,OP
65535:BAK8,Bakke,TX,Andrews,staged_only,,0.6,,OP
65535:BAK9,Bakke,TX,Andrews,staged_only,,0.6,,OP
65536:CC1,Citrus City,TX,Hidalgo,staged_only,,0.6,,OP
65536:CC10,Citrus City,TX,Hidalgo,staged_only,,0.6,,OP
65536:CC11,Citrus City,TX,Hidalgo,staged_only,,0.6,,OP
65536:CC12,Citrus City,TX,Hidalgo,staged_only,,0.6,,OP
65536:CC13,Citrus City,TX,Hidalgo,staged_only,,0.6,,OP
65536:CC14,Citrus City,TX,Hidalgo,staged_only,,0.6,,OP
65536:CC15,Citrus City,TX,Hidalgo,staged_only,,0.6,,OP
65536:CC2,Citrus City,TX,Hidalgo,staged_only,,0.6,,OP
65536:CC3,Citrus City,TX,Hidalgo,staged_only,,0.6,,OP
65536:CC4,Citrus City,TX,Hidalgo,staged_only,,0.6,,OP
65536:CC5,Citrus City,TX,Hidalgo,staged_only,,0.6,,OP
65536:CC6,Citrus City,TX,Hidalgo,staged_only,,0.6,,OP
65536:CC7,Citrus City,TX,Hidalgo,staged_only,,0.6,,OP
65536:CC8,Citrus City,TX,Hidalgo,staged_only,,0.6,,OP
65536:CC9,Citrus City,TX,Hidalgo,staged_only,,0.6,,OP
65537:CLA1,Clara,TX,Harris,staged_only,,0.6,,OP
65537:CLA10,Clara,TX,Harris,staged_only,,0.6,,OP
65537:CLA11,Clara,TX,Harris,staged_only,,0.6,,OP
65537:CLA12,Clara,TX,Harris,staged_only,,0.6,,OP
65537:CLA13,Clara,TX,Harris,staged_only,,0.6,,OP
65537:CLA14,Clara,TX,Harris,staged_only,,0.6,,OP
65537:CLA15,Clara,TX,Harris,staged_only,,0.6,,OP
65537:CLA2,Clara,TX,Harris,staged_only,,0.6,,OP
65537:CLA3,Clara,TX,Harris,staged_only,,0.6,,OP
65537:CLA4,Clara,TX,Harris,staged_only,,0.6,,OP
65537:CLA5,Clara,TX,Harris,staged_only,,0.6,,OP
65537:CLA6,Clara,TX,Harris,staged_only,,0.6,,OP
65537:CLA7,Clara,TX,Harris,staged_only,,0.6,,OP
65537:CLA8,Clara,TX,Harris,staged_only,,0.6,,OP
65537:CLA9,Clara,TX,Harris,staged_only,,0.6,,OP
65538:CUT1,Cutten,TX,Harris,staged_only,,0.6,,OP
65538:CUT10,Cutten,TX,Harris,staged_only,,0.6,,OP
65538:CUT11,Cutten,TX,Harris,staged_only,,0.6,,OP
65538:CUT12,Cutten,TX,Harris,staged_only,,0.6,,OP
65538:CUT13,Cutten,TX,Harris,staged_only,,0.6,,OP
65538:CUT14,Cutten,TX,Harris,staged_only,,0.6,,OP
65538:CUT15,Cutten,TX,Harris,staged_only,,0.6,,OP
65538:CUT2,Cutten,TX,Harris,staged_only,,0.6,,OP
65538:CUT3,Cutten,TX,Harris,staged_only,,0.6,,OP
65538:CUT4,Cutten,TX,Harris,staged_only,,0.6,,OP
65538:CUT5,Cutten,TX,Harris,staged_only,,0.6,,OP
65538:CUT6,Cutten,TX,Harris,staged_only,,0.6,,OP
65538:CUT7,Cutten,TX,Harris,staged_only,,0.6,,OP
65538:CUT8,Cutten,TX,Harris,staged_only,,0.6,,OP
65538:CUT9,Cutten,TX,Harris,staged_only,,0.6,,OP
65539:EPC1,E. Porte Ct.,TX,Cameron,staged_only,,0.6,,OP
65539:EPC10,E. Porte Ct.,TX,Cameron,staged_only,,0.6,,OP
65539:EPC11,E. Porte Ct.,TX,Cameron,staged_only,,0.6,,OP
65539:EPC12,E. Porte Ct.,TX,Cameron,staged_only,,0.6,,OP
65539:EPC13,E. Porte Ct.,TX,Cameron,staged_only,,0.6,,OP
65539:EPC14,E. Porte Ct.,TX,Cameron,staged_only,,0.6,,OP
65539:EPC15,E. Porte Ct.,TX,Cameron,staged_only,,0.6,,OP
65539:EPC2,E. Porte Ct.,TX,Cameron,staged_only,,0.6,,OP
65539:EPC3,E. Porte Ct.,TX,Cameron,staged_only,,0.6,,OP
65539:EPC4,E. Porte Ct.,TX,Cameron,staged_only,,0.6,,OP
65539:EPC5,E. Porte Ct.,TX,Cameron,staged_only,,0.6,,OP
65539:EPC6,E. Porte Ct.,TX,Cameron,staged_only,,0.6,,OP
65539:EPC7,E. Porte Ct.,TX,Cameron,staged_only,,0.6,,OP
65539:EPC8,E. Porte Ct.,TX,Cameron,staged_only,,0.6,,OP
65539:EPC9,E. Porte Ct.,TX,Cameron,staged_only,,0.6,,OP
65540:FRA1,Frankel,TX,Andrews,staged_only,,0.6,,OP
65540:FRA10,Frankel,TX,Andrews,staged_only,,0.6,,OP
65540:FRA11,Frankel,TX,Andrews,staged_only,,0.6,,OP
65540:FRA12,Frankel,TX,Andrews,staged_only,,0.6,,OP
65540:FRA13,Frankel,TX,Andrews,staged_only,,0.6,,OP
65540:FRA14,Frankel,TX,Andrews,staged_only,,0.6,,OP
65540:FRA15,Frankel,TX,Andrews,staged_only,,0.6,,OP
65540:FRA2,Frankel,TX,Andrews,staged_only,,0.6,,OP
65540:FRA3,Frankel,TX,Andrews,staged_only,,0.6,,OP
65540:FRA4,Frankel,TX,Andrews,staged_only,,0.6,,OP
65540:FRA5,Frankel,TX,Andrews,staged_only,,0.6,,OP
65540:FRA6,Frankel,TX,Andrews,staged_only,,0.6,,OP
65540:FRA7,Frankel,TX,Andrews,staged_only,,0.6,,OP
65540:FRA8,Frankel,TX,Andrews,staged_only,,0.6,,OP
65540:FRA9,Frankel,TX,Andrews,staged_only,,0.6,,OP
65541:IPS1,GCWA,TX,Galveston,staged_only,,0.6,,OP
65541:IPS2,GCWA,TX,Galveston,staged_only,,0.6,,OP
65541:IPS3,GCWA,TX,Galveston,staged_only,,0.6,,OP
65541:IPS4,GCWA,TX,Galveston,staged_only,,0.6,,OP
65541:IPS5,GCWA,TX,Galveston,staged_only,,0.6,,OP
65541:IPS6,GCWA,TX,Galveston,staged_only,,0.6,,OP
65541:IPS7,GCWA,TX,Galveston,staged_only,,0.6,,OP
65541:IPS8,GCWA,TX,Galveston,staged_only,,0.6,,OP
65541:MUN1,GCWA,TX,Galveston,staged_only,,0.6,,OP
65541:MUN2,GCWA,TX,Galveston,staged_only,,0.6,,OP
65541:MUN3,GCWA,TX,Galveston,staged_only,,0.6,,OP
65541:MUN4,GCWA,TX,Galveston,staged_only,,0.6,,OP
65542:GS1,Goldsmith,TX,Ector,staged_only,,0.6,,OP
65542:GS10,Goldsmith,TX,Ector,staged_only,,0.6,,OP
65542:GS11,Goldsmith,TX,Ector,staged_only,,0.6,,OP
65542:GS12,Goldsmith,TX,Ector,staged_only,,0.6,,OP
65542:GS13,Goldsmith,TX,Ector,staged_only,,0.6,,OP
65542:GS14,Goldsmith,TX,Ector,staged_only,,0.6,,OP
65542:GS15,Goldsmith,TX,Ector,staged_only,,0.6,,OP
65542:GS2,Goldsmith,TX,Ector,staged_only,,0.6,,OP
65542:GS3,Goldsmith,TX,Ector,staged_only,,0.6,,OP
65542:GS4,Goldsmith,TX,Ector,staged_only,,0.6,,OP
65542:GS5,Goldsmith,TX,Ector,staged_only,,0.6,,OP
65542:GS6,Goldsmith,TX,Ector,staged_only,,0.6,,OP
65542:GS7,Goldsmith,TX,Ector,staged_only,,0.6,,OP
65542:GS8,Goldsmith,TX,Ector,staged_only,,0.6,,OP
65542:GS9,Goldsmith,TX,Ector,staged_only,,0.6,,OP
65543:MK1,Mckeever,TX,Fort Bend,staged_only,,0.6,,OP
65543:MK10,Mckeever,TX,Fort Bend,staged_only,,0.6,,OP
65543:MK11,Mckeever,TX,Fort Bend,staged_only,,0.6,,OP
65543:MK12,Mckeever,TX,Fort Bend,staged_only,,0.6,,OP
65543:MK13,Mckeever,TX,Fort Bend,staged_only,,0.6,,OP
65543:MK14,Mckeever,TX,Fort Bend,staged_only,,0.6,,OP
65543:MK15,Mckeever,TX,Fort Bend,staged_only,,0.6,,OP
65543:MK2,Mckeever,TX,Fort Bend,staged_only,,0.6,,OP
65543:MK3,Mckeever,TX,Fort Bend,staged_only,,0.6,,OP
65543:MK4,Mckeever,TX,Fort Bend,staged_only,,0.6,,OP
65543:MK5,Mckeever,TX,Fort Bend,staged_only,,0.6,,OP
65543:MK6,Mckeever,TX,Fort Bend,staged_only,,0.6,,OP
65543:MK7,Mckeever,TX,Fort Bend,staged_only,,0.6,,OP
65543:MK8,Mckeever,TX,Fort Bend,staged_only,,0.6,,OP
65543:MK9,Mckeever,TX,Fort Bend,staged_only,,0.6,,OP
65544:NMF1,N. Mary Francis,TX,Ector,staged_only,,0.6,,OP
65544:NMF10,N. Mary Francis,TX,Ector,staged_only,,0.6,,OP
65544:NMF11,N. Mary Francis,TX,Ector,staged_only,,0.6,,OP
65544:NMF12,N. Mary Francis,TX,Ector,staged_only,,0.6,,OP
65544:NMF13,N. Mary Francis,TX,Ector,staged_only,,0.6,,OP
65544:NMF14,N. Mary Francis,TX,Ector,staged_only,,0.6,,OP
65544:NMF15,N. Mary Francis,TX,Ector,staged_only,,0.6,,OP
65544:NMF2,N. Mary Francis,TX,Ector,staged_only,,0.6,,OP
65544:NMF3,N. Mary Francis,TX,Ector,staged_only,,0.6,,OP
65544:NMF4,N. Mary Francis,TX,Ector,staged_only,,0.6,,OP
65544:NMF5,N. Mary Francis,TX,Ector,staged_only,,0.6,,OP
65544:NMF6,N. Mary Francis,TX,Ector,staged_only,,0.6,,OP
65544:NMF7,N. Mary Francis,TX,Ector,staged_only,,0.6,,OP
65544:NMF8,N. Mary Francis,TX,Ector,staged_only,,0.6,,OP
65544:NMF9,N. Mary Francis,TX,Ector,staged_only,,0.6,,OP
65546:WINER,Inertia Wind Project,TX,Haskell,staged_only,,301.0,,OP
65547:WEDGE,Wedge,NC,Wayne,staged_only,,5.0,,OP
65548:TRUMN,Truman (NC),NC,Johnston,staged_only,,5.0,,OP
65549:TRENT,Trent River Farm,NC,Jones,staged_only,,5.0,,OP
65550:TINKR,Tinker (NC),NC,Chatham,staged_only,,4.8,,OP
65551:SNEAD,Sneads Grove,NC,Scotland,staged_only,,5.0,,OP
65552:HENRY,Henry Farm,NC,Randolph,staged_only,,5.0,,OP
65553:KALIS,Kalish Farm Solar,NC,Montgomery,staged_only,,5.0,,OP
65554:KENDL,Kendall Farm,NC,Randolph,staged_only,,5.0,,OP
65555:PEAKE,Peake Road,NC,Granville,staged_only,,5.0,,OP
65556:SEAGR,Seagrove,NC,Randolph,staged_only,,4.5,,OP
65559:NOLAN,Nolan,MA,Berkshire,staged_only,,1.0,,OP
65560:TRUCK,Truck Stop,MA,Berkshire,staged_only,,2.0,,OP
65561:SFWND,South Fork Wind,NY,Suffolk,staged_only,,130.0,,OP
65562:ABFSP,Amazon Bakersfield 1 Solar Project,CA,Kern,staged_only,,4.3,,OP
65562:ABSBA,Amazon Bakersfield 1 Solar Project,CA,Kern,staged_only,,1.6,,OP
65563:136,Robin NJ,NJ,Mercer,staged_only,,2.2,,OP
65564:BAKER,Calibrant Bakersfield LLC,CA,Kern,staged_only,,1.3,,OP
65566:BRADF,Bradford Solar,MA,Essex,staged_only,,5.0,,OP
65567:SMITH,Smith Solar Farm,NC,Scotland,staged_only,,5.0,,OP
65568:GMSP1,Google Moffett Park Solar Project,CA,Santa Clara,staged_only,,0.9,,OP
65568:GMSP2,Google Moffett Park Solar Project,CA,Santa Clara,staged_only,,0.7,,OP
65568:GMSPB,Google Moffett Park Solar Project,CA,Santa Clara,staged_only,,0.6,,OP
65569:GSRBA,Gilead Sciences La Verne Rooftop Solar,CA,Los Angeles,staged_only,,1.1,,OP
65569:GSRSP,Gilead Sciences La Verne Rooftop Solar,CA,Los Angeles,staged_only,,1.7,,OP
65570:WVMBA,West Valley Mission CCD Solar Project,CA,Santa Clara,staged_only,,0.9,,OP
65570:WVMSP,West Valley Mission CCD Solar Project,CA,Santa Clara,staged_only,,2.7,,OP
65571:VH600,Verizon Hidden Ridge Solar Project,TX,Dallas,staged_only,,1.0,,OP
65571:VH700,Verizon Hidden Ridge Solar Project,TX,Dallas,staged_only,,1.1,,OP
65571:VH750,Verizon Hidden Ridge Solar Project,TX,Dallas,staged_only,,0.8,,OP
65572:MSP,Muskegon Solar,MI,Muskegon,staged_only,,250.0,,OP
65573:RR1,Ridge Rd,TX,Hidalgo,staged_only,,0.6,,OP
65573:RR10,Ridge Rd,TX,Hidalgo,staged_only,,0.6,,OP
65573:RR11,Ridge Rd,TX,Hidalgo,staged_only,,0.6,,OP
65573:RR12,Ridge Rd,TX,Hidalgo,staged_only,,0.6,,OP
65573:RR13,Ridge Rd,TX,Hidalgo,staged_only,,0.6,,OP
65573:RR14,Ridge Rd,TX,Hidalgo,staged_only,,0.6,,OP
65573:RR15,Ridge Rd,TX,Hidalgo,staged_only,,0.6,,OP
65573:RR2,Ridge Rd,TX,Hidalgo,staged_only,,0.6,,OP
65573:RR3,Ridge Rd,TX,Hidalgo,staged_only,,0.6,,OP
65573:RR4,Ridge Rd,TX,Hidalgo,staged_only,,0.6,,OP
65573:RR5,Ridge Rd,TX,Hidalgo,staged_only,,0.6,,OP
65573:RR6,Ridge Rd,TX,Hidalgo,staged_only,,0.6,,OP
65573:RR7,Ridge Rd,TX,Hidalgo,staged_only,,0.6,,OP
65573:RR8,Ridge Rd,TX,Hidalgo,staged_only,,0.6,,OP
65573:RR9,Ridge Rd,TX,Hidalgo,staged_only,,0.6,,OP
65574:SR1,Santa Rosa,TX,Cameron,staged_only,,0.6,,OP
65574:SR10,Santa Rosa,TX,Cameron,staged_only,,0.6,,OP
65574:SR11,Santa Rosa,TX,Cameron,staged_only,,0.6,,OP
65574:SR12,Santa Rosa,TX,Cameron,staged_only,,0.6,,OP
65574:SR13,Santa Rosa,TX,Cameron,staged_only,,0.6,,OP
65574:SR14,Santa Rosa,TX,Cameron,staged_only,,0.6,,OP
65574:SR15,Santa Rosa,TX,Cameron,staged_only,,0.6,,OP
65574:SR2,Santa Rosa,TX,Cameron,staged_only,,0.6,,OP
65574:SR3,Santa Rosa,TX,Cameron,staged_only,,0.6,,OP
65574:SR4,Santa Rosa,TX,Cameron,staged_only,,0.6,,OP
65574:SR5,Santa Rosa,TX,Cameron,staged_only,,0.6,,OP
65574:SR6,Santa Rosa,TX,Cameron,staged_only,,0.6,,OP
65574:SR7,Santa Rosa,TX,Cameron,staged_only,,0.6,,OP
65574:SR8,Santa Rosa,TX,Cameron,staged_only,,0.6,,OP
65574:SR9,Santa Rosa,TX,Cameron,staged_only,,0.6,,OP
65575:SW1,Southwick,TX,Harris,staged_only,,0.6,,OP
65575:SW10,Southwick,TX,Harris,staged_only,,0.6,,OP
65575:SW11,Southwick,TX,Harris,staged_only,,0.6,,OP
65575:SW12,Southwick,TX,Harris,staged_only,,0.6,,OP
65575:SW13,Southwick,TX,Harris,staged_only,,0.6,,OP
65575:SW14,Southwick,TX,Harris,staged_only,,0.6,,OP
65575:SW15,Southwick,TX,Harris,staged_only,,0.6,,OP
65575:SW2,Southwick,TX,Harris,staged_only,,0.6,,OP
65575:SW3,Southwick,TX,Harris,staged_only,,0.6,,OP
65575:SW4,Southwick,TX,Harris,staged_only,,0.6,,OP
65575:SW5,Southwick,TX,Harris,staged_only,,0.6,,OP
65575:SW6,Southwick,TX,Harris,staged_only,,0.6,,OP
65575:SW7,Southwick,TX,Harris,staged_only,,0.6,,OP
65575:SW8,Southwick,TX,Harris,staged_only,,0.6,,OP
65575:SW9,Southwick,TX,Harris,staged_only,,0.6,,OP
65576:STG1,Stonegate,TX,Fort Bend,staged_only,,0.6,,OP
65576:STG10,Stonegate,TX,Fort Bend,staged_only,,0.6,,OP
65576:STG11,Stonegate,TX,Fort Bend,staged_only,,0.6,,OP
65576:STG12,Stonegate,TX,Fort Bend,staged_only,,0.6,,OP
65576:STG13,Stonegate,TX,Fort Bend,staged_only,,0.6,,OP
65576:STG14,Stonegate,TX,Fort Bend,staged_only,,0.6,,OP
65576:STG15,Stonegate,TX,Fort Bend,staged_only,,0.6,,OP
65576:STG2,Stonegate,TX,Fort Bend,staged_only,,0.6,,OP
65576:STG3,Stonegate,TX,Fort Bend,staged_only,,0.6,,OP
65576:STG4,Stonegate,TX,Fort Bend,staged_only,,0.6,,OP
65576:STG5,Stonegate,TX,Fort Bend,staged_only,,0.6,,OP
65576:STG6,Stonegate,TX,Fort Bend,staged_only,,0.6,,OP
65576:STG7,Stonegate,TX,Fort Bend,staged_only,,0.6,,OP
65576:STG8,Stonegate,TX,Fort Bend,staged_only,,0.6,,OP
65576:STG9,Stonegate,TX,Fort Bend,staged_only,,0.6,,OP
65577:CW1,Clearwater Wind I,MT,Rosebud,staged_only,,365.5,,OP
65578:TWD1,Tumbleweed,TX,Andrews,staged_only,,0.6,,OP
65578:TWD10,Tumbleweed,TX,Andrews,staged_only,,0.6,,OP
65578:TWD11,Tumbleweed,TX,Andrews,staged_only,,0.6,,OP
65578:TWD12,Tumbleweed,TX,Andrews,staged_only,,0.6,,OP
65578:TWD13,Tumbleweed,TX,Andrews,staged_only,,0.6,,OP
65578:TWD14,Tumbleweed,TX,Andrews,staged_only,,0.6,,OP
65578:TWD15,Tumbleweed,TX,Andrews,staged_only,,0.6,,OP
65578:TWD2,Tumbleweed,TX,Andrews,staged_only,,0.6,,OP
65578:TWD3,Tumbleweed,TX,Andrews,staged_only,,0.6,,OP
65578:TWD4,Tumbleweed,TX,Andrews,staged_only,,0.6,,OP
65578:TWD5,Tumbleweed,TX,Andrews,staged_only,,0.6,,OP
65578:TWD6,Tumbleweed,TX,Andrews,staged_only,,0.6,,OP
65578:TWD7,Tumbleweed,TX,Andrews,staged_only,,0.6,,OP
65578:TWD8,Tumbleweed,TX,Andrews,staged_only,,0.6,,OP
65578:TWD9,Tumbleweed,TX,Andrews,staged_only,,0.6,,OP
65579:VQ1,Vaquero,TX,Cameron,staged_only,,0.6,,OP
65579:VQ10,Vaquero,TX,Cameron,staged_only,,0.6,,OP
65579:VQ11,Vaquero,TX,Cameron,staged_only,,0.6,,OP
65579:VQ12,Vaquero,TX,Cameron,staged_only,,0.6,,OP
65579:VQ13,Vaquero,TX,Cameron,staged_only,,0.6,,OP
65579:VQ14,Vaquero,TX,Cameron,staged_only,,0.6,,OP
65579:VQ15,Vaquero,TX,Cameron,staged_only,,0.6,,OP
65579:VQ2,Vaquero,TX,Cameron,staged_only,,0.6,,OP
65579:VQ3,Vaquero,TX,Cameron,staged_only,,0.6,,OP
65579:VQ4,Vaquero,TX,Cameron,staged_only,,0.6,,OP
65579:VQ5,Vaquero,TX,Cameron,staged_only,,0.6,,OP
65579:VQ6,Vaquero,TX,Cameron,staged_only,,0.6,,OP
65579:VQ7,Vaquero,TX,Cameron,staged_only,,0.6,,OP
65579:VQ8,Vaquero,TX,Cameron,staged_only,,0.6,,OP
65579:VQ9,Vaquero,TX,Cameron,staged_only,,0.6,,OP
65580:VC1,Villa Cavasos,TX,Cameron,staged_only,,0.6,,OP
65580:VC10,Villa Cavasos,TX,Cameron,staged_only,,0.6,,OP
65580:VC11,Villa Cavasos,TX,Cameron,staged_only,,0.6,,OP
65580:VC12,Villa Cavasos,TX,Cameron,staged_only,,0.6,,OP
65580:VC13,Villa Cavasos,TX,Cameron,staged_only,,0.6,,OP
65580:VC14,Villa Cavasos,TX,Cameron,staged_only,,0.6,,OP
65580:VC15,Villa Cavasos,TX,Cameron,staged_only,,0.6,,OP
65580:VC2,Villa Cavasos,TX,Cameron,staged_only,,0.6,,OP
65580:VC3,Villa Cavasos,TX,Cameron,staged_only,,0.6,,OP
65580:VC4,Villa Cavasos,TX,Cameron,staged_only,,0.6,,OP
65580:VC5,Villa Cavasos,TX,Cameron,staged_only,,0.6,,OP
65580:VC6,Villa Cavasos,TX,Cameron,staged_only,,0.6,,OP
65580:VC7,Villa Cavasos,TX,Cameron,staged_only,,0.6,,OP
65580:VC8,Villa Cavasos,TX,Cameron,staged_only,,0.6,,OP
65580:VC9,Villa Cavasos,TX,Cameron,staged_only,,0.6,,OP
65581:WSI1,Westover,TX,Ector,staged_only,,0.6,,OP
65581:WSI10,Westover,TX,Ector,staged_only,,0.6,,OP
65581:WSI11,Westover,TX,Ector,staged_only,,0.6,,OP
65581:WSI12,Westover,TX,Ector,staged_only,,0.6,,OP
65581:WSI13,Westover,TX,Ector,staged_only,,0.6,,OP
65581:WSI14,Westover,TX,Ector,staged_only,,0.6,,OP
65581:WSI15,Westover,TX,Ector,staged_only,,0.6,,OP
65581:WSI2,Westover,TX,Ector,staged_only,,0.6,,OP
65581:WSI3,Westover,TX,Ector,staged_only,,0.6,,OP
65581:WSI4,Westover,TX,Ector,staged_only,,0.6,,OP
65581:WSI5,Westover,TX,Ector,staged_only,,0.6,,OP
65581:WSI6,Westover,TX,Ector,staged_only,,0.6,,OP
65581:WSI7,Westover,TX,Ector,staged_only,,0.6,,OP
65581:WSI8,Westover,TX,Ector,staged_only,,0.6,,OP
65581:WSI9,Westover,TX,Ector,staged_only,,0.6,,OP
65583:RICH1,"Richlands Solar, LLC",NC,Onslow,staged_only,,1.9,,OP
65584:CRUI1,"Cruise Solar, LLC",NC,Onslow,staged_only,,1.9,,OP
65585:2684,Whatley Renewables,MA,Franklin,staged_only,,1.0,,OP
65586:2910,Wachusett Solar,MA,Worcester,staged_only,,2.0,,OP
65587:7105,RT32 Westerlo Solar 1,NY,Albany,staged_only,,5.0,,OP
65588:ANTLA,Antlia,TX,Val Verde,staged_only,,70.0,,OP
65589:CARNA,Carina,TX,Nueces,staged_only,,150.0,,OP
65591:AVEPB,AVEP BESS,CA,Kern,staged_only,,126.0,,OP
65592:1,FPL Saw Palmetto Solar Energy Center,FL,Bay,staged_only,,74.5,,OP
65593:1,FPL Cypress Pond Solar,FL,Washington,staged_only,,74.5,,OP
65594:1,FPL Etonia Creek,FL,Putnam,staged_only,,74.5,,OP
65595:HORCS,Hormel CSG Solar,MN,Chippewa,staged_only,,1.0,,OP
65609:GLCRS,Gilcrest Sun CSG,CO,Weld,staged_only,,1.8,,OP
65610:MO32,MO32 (CSG),MD,Montgomery,staged_only,,2.0,,OP
65611:MO33,MO33 CSG,MD,Montgomery,staged_only,,2.0,,OP
65612:SNOWD,Snowden River CSG,MD,Howard,staged_only,,1.9,,OP
65613:JBTB2,JB-Tobin 2,NY,Dutchess,staged_only,,1.6,,OP
65614:OCCBA,Orange Coast College PH2 Solar Project,CA,Orange,staged_only,,2.1,,OP
65614:OCCSP,Orange Coast College PH2 Solar Project,CA,Orange,staged_only,,3.1,,OP
65615:19009,CA - Madera USD - Madera South HS,CA,Madera,staged_only,,1.2,,OP
65616:20031,CA - Amazon - SMF6,CA,Sacramento,staged_only,,2.6,,OP
65617:3998G,BBARWA,CA,San Bernardino,staged_only,,1.2,,OP
65617:P3998,BBARWA,CA,San Bernardino,staged_only,,0.7,,OP
65618:524,Gunnison Solar,UT,Sanpete,staged_only,,1.5,,OP
65619:289,ER Sand Hill,VT,Rutland,staged_only,,2.2,,OP
65620:100LR,100 Lower,NY,Orange,staged_only,,2.0,,OP
65621:456LR,456 Lower,NY,Orange,staged_only,,1.4,,OP
65622:ABSGI,Absegami,NJ,Atlantic,staged_only,,2.1,,OP
65623:CDRCK,Cedar Creek (NJ),NJ,Atlantic,staged_only,,1.6,,OP
65624:US40,Union Springs 40,NY,Cayuga,staged_only,,5.0,,OP
65625:US963,Union Springs 963,NY,Cayuga,staged_only,,5.0,,OP
65626:NEV,North Eagle Village Solar,NY,Onondaga,staged_only,,5.0,,OP
65627:GL,Green Lakes Solar,NY,Onondaga,staged_only,,5.0,,OP
65628:JR,Judd Road Solar,NY,Oneida,staged_only,,5.0,,OP
65629:SRMCK,SR McKellar,TN,Madison,staged_only,,70.0,,OP
65630:SRBEL,SR Bell Buckle,TN,Bedford,staged_only,,35.0,,OP
65631:PSGAH,"Pisgah Ridge Solar, LLC",TX,Navarro,staged_only,,250.0,,OP
65632:REGEN,MN CSG 2019-38 DE LLC,MN,Le Sueur,staged_only,,1.0,,OP
65633:BESS1,Boaz Microgrid Battery,WI,Richland,staged_only,,3.6,,OP
65635:HEDS1,Hecate Energy Desert Storage 1 LLC,CA,Riverside,staged_only,,10.0,,OP
65636:2132,Dartmouth Farms Solar,MA,Bristol,staged_only,,2.0,,OP
65636:5138,Dartmouth Farms Solar,MA,Bristol,staged_only,,2.3,,OP
65637:2481,Foster Solar,RI,Providence,staged_only,,1.2,,OP
65638:SRGN1,SR Greenville I,TN,Greene,staged_only,,4.8,,OP
65639:SRGN2,SR Greenville II,TN,Greene,staged_only,,4.8,,OP
65640:SRBOL,SR Bolivar,TN,Hardeman,staged_only,,3.3,,OP
65641:SRPAR,SR Paris,TN,Henry,staged_only,,6.8,,OP
65642:SRJA2,SR Jackson II,TN,Madison,staged_only,,1.0,,OP
65643:CASTN,Castleton,NY,Rensselaer,staged_only,,5.0,,OP
65644:LU2BA,Lumina II Solar Project,TX,Scurry,staged_only,,160.0,,OP
65644:LUMII,Lumina II Solar Project,TX,Scurry,staged_only,,326.6,,OP
65645:LU1BA,Lumina Solar Project,TX,Scurry,staged_only,,160.0,,OP
65645:LUMIN,Lumina Solar Project,TX,Scurry,staged_only,,326.6,,OP
65646:MADIG,MA-Dighton-A,MA,Bristol,staged_only,,3.8,,OP
65647:CROT,Croton Solar,NY,Westchester,staged_only,,3.0,,OP
65650:15446,Brockelman Road Solar 2,MA,Worcester,staged_only,,1.0,,OP
65650:15447,Brockelman Road Solar 2,MA,Worcester,staged_only,,2.0,,OP
65652:NBRIA,Niagara Bottling - Rialto,CA,San Bernardino,staged_only,,4.2,,OP
65653:NBRIA,TES Rowtier,MA,Worcester,staged_only,,3.0,,OP
65654:TSN1,Texas Solar Nova 1,TX,Kent,staged_only,,252.0,,OP
65656:HEORG,"Ortega Grid, LLC",CA,Riverside,staged_only,,20.0,,OP
65657:HESJG,"San Jacinto Grid, LLC",CA,Riverside,staged_only,,65.0,,OP
65658:DLSSP,DRPA Lindenwold Station Solar Project,NJ,Camden,staged_only,,6.0,,OP
65659:PV1,ENGIE 2020 ProjectCo-WI1 LLC,WI,Fond Du Lac,staged_only,,1.0,,OP
65660:TSN2,Texas Solar Nova 2,TX,Kent,staged_only,,200.0,,OP
65661:NEB1,Nebula Solar,TX,Cameron,staged_only,,135.0,,OP
65662:VAN1,Vancourt Solar Interconnections,TX,Cameron,staged_only,,45.0,,OP
65663:GEN01,Sandrini Solar 200,CA,Kern,staged_only,,200.0,,OP
65664:GEN02,Sandrini Solar 100,CA,Kern,staged_only,,100.0,,OP
65664:GENBA,Sandrini Solar 100,CA,Kern,staged_only,,95.4,,OP
65667:EWS1,East Windsor Solar One,CT,Hartford,staged_only,,5.0,,OP
65668:EWS1,Southington Solar One,CT,Hartford,staged_only,,4.7,,OP
65669:FCBA,Faunce Corner Community Solar,MA,Bristol,staged_only,,1.0,,OP
65669:FCPV,Faunce Corner Community Solar,MA,Bristol,staged_only,,1.0,,OP
65670:VTRBA,Ventura,MA,Bristol,staged_only,,1.0,,OP
65670:VTRPV,Ventura,MA,Bristol,staged_only,,1.0,,OP
65671:CATTL,Cattail (CSG),IL,Whiteside,staged_only,,2.0,,OP
65672:BESS,Sanborn BESS 3,CA,Kern,staged_only,,169.0,,OP
65673:BESS,Sanborn BESS 4,CA,Kern,staged_only,,47.0,,OP
65674:BESS,Edwards Sanborn E1B,CA,Kern,staged_only,,136.0,,OP
65674:PV,Edwards Sanborn E1B,CA,Kern,staged_only,,154.4,,OP
65675:BESS,Edwards Sanborn E4,CA,Kern,staged_only,,100.0,,OP
65675:PV,Edwards Sanborn E4,CA,Kern,staged_only,,148.9,,OP
65676:BESS,Edwards Sanborn E5,CA,Kern,staged_only,,47.0,,OP
65676:PV,Edwards Sanborn E5,CA,Kern,staged_only,,68.0,,OP
65677:BESS,Edwards Sanborn S4,CA,Kern,staged_only,,18.8,,OP
65677:PV,Edwards Sanborn S4,CA,Kern,staged_only,,41.2,,OP
65678:AS1A,Appaloosa Solar I,UT,Iron,staged_only,,120.0,,OP
65678:AS1B,Appaloosa Solar I,UT,Iron,staged_only,,80.0,,OP
65679:11933,Calverton Solar Energy Center,NY,Suffolk,staged_only,,22.9,,OP
65680:PV1,City of Sheboygan Solar,WI,Sheboygan,staged_only,,0.9,,OP
65681:PV1,Kohler Solar,WI,Sheboygan,staged_only,,2.3,,OP
65683:1,Juniper Solar (FL),FL,Pasco,staged_only,,70.0,,OP
65684:1,Laurel Oaks Solar,FL,Hillsborough,staged_only,,61.2,,OP
65687:1,Riverside Solar,FL,Hillsborough,staged_only,,55.2,,OP
65688:LUD,Kearsarge Ludlow LLC,MA,Hampden,staged_only,,3.7,,OP
65690:ACUSH,Kearsarge Acushnet,MA,Bristol,staged_only,,1.9,,OP
65691:TRUMB,KSU Trumbull,OH,Trumbull,staged_only,,1.0,,OP
65692:NY6,NY6 Battery,NY,Erie,staged_only,,20.0,,OP
65693:TX10,TX10 Hummingbird Storage,TX,Denton,staged_only,,100.0,,OP
65694:TX11,TX11 Republic Road Storage,TX,Robertson,staged_only,,50.0,,OP
65695:TX12,TX12 Silicon Hill Storage,TX,Travis,staged_only,,100.0,,OP
65696:TX13,TX13 Endurance Park Storage,TX,Scurry,staged_only,,50.0,,OP
65697:1A,Walnut Grove Demonstration Plant,MS,Leake,staged_only,,1.5,,OP
65697:1B,Walnut Grove Demonstration Plant,MS,Leake,staged_only,,1.5,,OP
65698:TX15,TX15 Limousin Oak Storage,TX,Grimes,staged_only,,100.0,,OP
65699:TX19,TX19 River Valley Storage 1,TX,Williamson,staged_only,,50.0,,OP
65700:TX21,TX21 River Valley Storage 2,TX,Williamson,staged_only,,50.0,,OP
65701:TX23,TX23 Roughneck Storage,TX,Brazoria,staged_only,,50.0,,OP
65702:GEN01,Indiana Crossroads Solar Park,IN,White,staged_only,,200.0,,OP
65705:CANOE,Canoe Brook Solar,NJ,Essex,staged_only,,6.3,,OP
65706:PJS,POM Juice Solar,CA,Fresno,staged_only,,1.5,,OP
65707:PBS,POM Beverage Solar,CA,Fresno,staged_only,,1.8,,OP
65711:GEN1,Vikings Energy Farm,CA,Imperial,staged_only,,136.8,,OP
65711:GEN2,Vikings Energy Farm,CA,Imperial,staged_only,,150.0,,OP
65713:32005,Rock Aetna Power Partners,MN,Murray,staged_only,,20.0,,OP
65714:32004,Northern Wind,MN,Murray,staged_only,,100.0,,OP
65715:GPFWF,Great Pathfinder Wind,IA,Hamilton,staged_only,,224.4,,OP
65716:3779,Long Plain Solar,MA,Franklin,staged_only,,2.0,,OP
65717:4452,Settlers Solar,MA,Worcester,staged_only,,5.0,,OP
65719:4809,Griffin Road Solar 2,MA,Worcester,staged_only,,1.4,,OP
65720:5571,Woodland Avenue Solar 1,MA,Bristol,staged_only,,5.0,,OP
65721:7104,RT405 Westerlo Solar 2,NY,Albany,staged_only,,5.0,,OP
65722:2538,Webster Solar,MA,Worcester,staged_only,,1.0,,OP
65723:15557,LR Wheatfield Solar 1,NY,Niagara,staged_only,,5.0,,OP
65724:15889,Pendleton Solar 1,NY,Niagara,staged_only,,5.0,,OP
65725:KCW,Kossuth County Wind,IA,Kossuth,staged_only,,70.0,,OP
65726:MCCSC,Montgomery County Community Solar Center,MO,Montgomery,staged_only,,5.7,,OP
65727:GAST,Statesboro Solar LLC,GA,Bulloch,staged_only,,3.0,,OP
65728:GABE,BE Solar LLC,GA,Decatur,staged_only,,3.0,,OP
65729:GABR,Brady Solar LLC,GA,Sumter,staged_only,,1.8,,OP
65730:GARO,Rockmart,GA,Polk,staged_only,,2.6,,OP
65731:29197,Rockford CS 1,IL,Winnebago,staged_only,,2.0,,OP
65732:29198,Rockford CS 2,IL,Winnebago,staged_only,,2.0,,OP
65733:HECAR,Carris Storage I,CA,Riverside,staged_only,,10.0,,OP
65734:OBIBS,Oberon Solar Project,CA,Riverside,staged_only,,125.0,,OP
65734:OBIPV,Oberon Solar Project,CA,Riverside,staged_only,,250.0,,OP
65735:OBIIB,Oberon II Solar Project,CA,Riverside,staged_only,,125.0,,OP
65735:OBIIP,Oberon II Solar Project,CA,Riverside,staged_only,,250.0,,OP
65736:AKDR1,Driver Solar,AR,Mississippi,staged_only,,150.0,,OP
65737:SCH,Schumann Wind Farm,OR,Umatilla,staged_only,,8.0,,OP
65738:1111,"Sunflower Energy Center, LLC",KS,Marion,staged_only,,200.6,,OP
65740:21536,"Canal Energy S23, LLC",CA,Kings,staged_only,,4.1,,OP
65741:SRW2,"Sandy Ridge Wind 2, LLC",PA,Blair,staged_only,,87.6,,OP
65742:DWF02,Deerfield Wind Energy 2,MI,Huron,staged_only,,112.1,,OP
65743:VCTBA,Victory Pass,CA,Riverside,staged_only,,50.0,,OP
65743:VCTPV,Victory Pass,CA,Riverside,staged_only,,200.0,,OP
65744:ARCBA,Arica Solar,CA,Riverside,staged_only,,136.0,,OP
65744:ARCPV,Arica Solar,CA,Riverside,staged_only,,263.0,,OP
65745:CAC22,Carnes Creek Solar (CSG),OR,Marion,staged_only,,2.5,,OP
65746:CC22,Cosper Creek Solar (CSG),OR,Polk,staged_only,,2.5,,OP
65747:FC22,Fruitland Creek Solar (CSG),OR,Marion,staged_only,,1.8,,OP
65748:KC22,Kaiser Creek Solar (CSG),OR,Clackamas,staged_only,,2.0,,OP
65749:LS22,Linkville Solar (CSG),OR,Klamath,staged_only,,2.8,,OP
65750:SR22,Sandy River Solar (CSG),OR,Clackamas,staged_only,,1.9,,OP
65751:SC22,Sesqui-C Solar (CSG),OR,Yamhill,staged_only,,2.5,,OP
65752:EFK,East Fishkill CSG,NY,Dutchess,staged_only,,2.0,,OP
65753:GRPRT,ELP Greenport CSG,NY,Columbia,staged_only,,5.0,,OP
65754:KDRHK,ELP Kinderhook CSG,NY,Columbia,staged_only,,5.0,,OP
65755:MYER,ELP Myer CSG,NY,Ulster,staged_only,,1.9,,OP
65756:RKDAL,Rockdale,MD,Washington,staged_only,,2.0,,OP
65757:SGRTS,ELP Saugerties CSG,NY,Ulster,staged_only,,1.9,,OP
65758:AHERN,"Ahern Community Solar I, LLC",IL,Grundy,staged_only,,2.0,,OP
65759:PE2,Putnam Erikson 2,GA,Putnam,staged_only,,2.9,,OP
65760:ELSAU,"El Sauz Ranch Wind, LLC",TX,Willacy,staged_only,,301.0,,OP
65761:3161,Buffalo Ridge Wind,MN,Lincoln,staged_only,,106.0,,OP
65762:SWACO,Waco Solar,TX,Limestone,staged_only,,400.0,,OP
65763:WYOUN,Young Wind,TX,Young,staged_only,,500.0,,OP
65764:WWLLC,Walleye Wind,MN,Rock,staged_only,,110.0,,OP
65765:HR01,"High River Energy Center, LLC",NY,Montgomery,staged_only,,90.0,,OP
65766:13856,Dover Dairy,CA,Kings,staged_only,,1.1,,OP
65767:1,Gustavus,AK,Skagway Hoonah Angoon,staged_only,,0.4,,OP
65767:2,Gustavus,AK,Skagway Hoonah Angoon,staged_only,,0.4,,OP
65767:3,Gustavus,AK,Skagway Hoonah Angoon,staged_only,,0.1,,OP
65767:4,Gustavus,AK,Skagway Hoonah Angoon,staged_only,,0.5,,OP
65767:5,Gustavus,AK,Skagway Hoonah Angoon,staged_only,,0.8,,OP
65768:G1,Centech Gas Generator,MA,Worcester,staged_only,,2.5,,OP
65770:SOLAR,Ventura Solar,CA,Ventura,staged_only,,2.9,,OP
65771:1,Big Bend Agrivoltaics,FL,Hillsborough,staged_only,,1.0,,OP
65772:1,Big Bend Floating Solar I,FL,Hillsborough,staged_only,,1.0,,OP
65773:3500,Star Peak Geothermal Plant,NV,Pershing,staged_only,,3.5,,OP
65773:5100A,Star Peak Geothermal Plant,NV,Pershing,staged_only,,5.1,,OP
65773:5100B,Star Peak Geothermal Plant,NV,Pershing,staged_only,,5.1,,OP
65773:5200,Star Peak Geothermal Plant,NV,Pershing,staged_only,,5.2,,OP
65774:18031,Alden Road Harvard Solar 1,IL,McHenry,staged_only,,2.0,,OP
65775:5324,Cream Street Solar,NY,Dutchess,staged_only,,2.0,,OP
65776:5939,Little Falls Solar,NY,Herkimer,staged_only,,2.0,,OP
65777:5779,Little Falls Solar 1,NY,Herkimer,staged_only,,2.0,,OP
65778:JKPT,"Jackpot Solar, LLC",ID,Twin Falls,staged_only,,120.0,,OP
65779:HICK,"Hickson Solar, LLC",SC,Marlboro,staged_only,,2.8,,OP
65780:OGBRN,"Ogburn Solar, LLC",SC,Chesterfield,staged_only,,2.0,,OP
65781:BSHP2,"Bishopville Solar II, LLC",SC,Lee,staged_only,,10.0,,OP
65782:MAG,"Magdaline Solar, LLC",SC,Lee,staged_only,,2.0,,OP
65783:WN01,Wonderful Nursery,CA,Kern,staged_only,,2.3,,OP
65784:BS1,Burlington Solar 1,CT,Hartford,staged_only,,3.5,,OP
65785:19822,1639 RT 29 Solar 1,NY,Fulton,staged_only,,4.0,,OP
65786:19823,1639 RT 29 Solar 2,NY,Fulton,staged_only,,2.5,,OP
65790:CGWIN,Castle Gap Wind,TX,Mills,staged_only,,196.8,,OP
65791:BHEN1,Blue Hen Solar,DE,Kent,staged_only,,1.5,,OP
65793:CVS,"Concho Valley Solar, LLC",TX,Tom Green,staged_only,,172.8,,OP
65794:VSPRC,"20701 Plummer PV, LLC",CA,Los Angeles,staged_only,,1.5,,OP
65796:BAIL1,SV CSG Baileyville 1 LLC,IL,Stephenson,staged_only,,2.0,,OP
65797:ELBA,Elba Solar LLC,IL,Knox,staged_only,,2.0,,OP
65798:ESTON,Easton CSG 1 LLC,ME,Aroostook,staged_only,,3.3,,OP
65799:DKLB1,SV CSG South Dekalb 1 LLC,IL,DeKalb,staged_only,,2.0,,OP
65800:DKLB2,SV CSG South Dekalb 2 LLC,IL,DeKalb,staged_only,,2.0,,OP
65801:LMST1,Limestone CSG 1 LLC,ME,Aroostook,staged_only,,3.8,,OP
65802:LMST2,Limestone CSG 2 LLC,ME,Aroostook,staged_only,,2.9,,OP
65803:BARAS,SV CSG Barrass Farms II LL,IL,Williamson,staged_only,,2.0,,OP
65804:13191,Corvias - Fort Riley II,KS,Riley,staged_only,,1.3,,OP
65805:EP01,East Point Energy Center,NY,Schoharie,staged_only,,50.0,,OP
65806:528,DIA 8,CO,Adams,staged_only,,4.5,,OP
65807:SHS,"SloughHouse Solar, LLC",CA,Sacramento,staged_only,,50.0,,OP
65809:CATER,Caterina,TX,Dimmit,staged_only,,9.9,,OP
65810:CDRVL,Cedarville (TX),TX,Reeves,staged_only,,9.9,,OP
65811:CYTSP,Coyote Springs (TX),TX,Reeves,staged_only,,9.9,,OP
65812:FRMVL,Farmersville (TX),TX,Collin,staged_only,,9.9,,OP
65813:FAULK,Faulkner,TX,Reeves,staged_only,,9.9,,OP
65814:GOMEZ,Gomez,TX,Pecos,staged_only,,9.9,,OP
65815:MPBS,NY - Mines Press,NY,Westchester,staged_only,,1.0,,OP
65815:MPRES,NY - Mines Press,NY,Westchester,staged_only,,1.0,,OP
65817:CLEA1,"Clear Solar I, LLC",NC,Rutherford,staged_only,,3.6,,OP
65818:LIME1,"Limelight Solar I, LLC",SC,Spartanburg,staged_only,,2.0,,OP
65819:CAPE1,"233 Randolph 74 Solar I, LLC",NC,Cleveland,staged_only,,2.0,,OP
65820:OWS,Ocotillo Wells,CA,San Diego,staged_only,,50.0,,OP
65826:1829,Day Hollow Road Community Solar,NY,Tioga,staged_only,,5.0,,OP
65827:1795,Halsey Lane Solar Community Solar,NY,Seneca,staged_only,,5.0,,OP
65829:HOLCO,Holcomb (TX),TX,La Salle,staged_only,,9.9,,OP
65830:JUNCT,Junction (TX),TX,Kimble,staged_only,,9.9,,OP
65831:LNSTR,Lonestar,TX,Ward,staged_only,,9.9,,OP
65832:OLNEY,Olney,TX,Young,staged_only,,9.9,,OP
65832:OLNYD,Olney,TX,Young,staged_only,,9.9,,OP
65833:RTLSK,Rattlesnake (TX),TX,Ward,staged_only,,9.9,,OP
65834:SDLBK,Saddleback BESS2,TX,Reeves,staged_only,,9.9,,OP
65835:SCRWB,Screwbean,TX,Culberson,staged_only,,9.9,,OP
65836:TOYAH,Toyah Power Station,TX,Reeves,staged_only,,10.4,,OP
65837:VALVR,Val Verde,TX,Hidalgo,staged_only,,9.9,,OP
65839:GEN1,NY8 - Darby Solar,NY,Rensselaer,staged_only,,20.0,,OP
65840:GEN1,NY8 - Teichos Pattersonville,NY,Schenectady,staged_only,,20.0,,OP
65841:GEN1,NY8 - ELP Stillwater Solar,NY,Saratoga,staged_only,,20.0,,OP
65849:ORIPV,Oriana Solar LLC,TX,Victoria,staged_only,,180.0,,OP
65857:SUNS1,Sunlight Storage,CA,Riverside,staged_only,,230.0,,OP
65858:GEN1,Dynamic Corinth (CSG),ME,Penobscot,staged_only,,5.0,,OP
65859:GEN1,Dynamic Madison (CSG),ME,Somerset,staged_only,,5.0,,OP
65860:AVILA,Avila,TX,Pecos,staged_only,,160.0,,OP
65861:CACHI,Cachi,TX,Guadalupe,staged_only,,200.0,,OP
65862:1,Big Juniper Solar,FL,Santa Rosa,staged_only,,74.5,,OP
65863:1,Three Creeks,FL,Manatee,staged_only,,74.5,,OP
65864:1,Sambucus,FL,Manatee,staged_only,,74.5,,OP
65865:1,Pineapple,FL,St Lucie,staged_only,,74.5,,OP
65866:1,Canoe,FL,Okaloosa,staged_only,,74.5,,OP
65866:BCO1,Canoe,FL,Okaloosa,staged_only,,74.5,,OP
65867:1,Sparkleberry,FL,Escambia,staged_only,,74.5,,OP
65868:1,Prairie Creek FL,FL,DeSoto,staged_only,,74.5,,OP
65869:1,White Tail,FL,Martin,staged_only,,74.5,,OP
65871:1,Caloosahatchee,FL,Hendry,staged_only,,74.5,,OP
65872:1,Monarch,FL,Martin,staged_only,,74.5,,OP
65873:1,Turnpike,FL,Indian River,staged_only,,74.5,,OP
65874:1,Beautyberry,FL,Hendry,staged_only,,74.5,,OP
65875:1,Woodyard,FL,Hendry,staged_only,,74.5,,OP
65877:1,Ibis,FL,Brevard,staged_only,,74.5,,OP
65878:1,Silver Palm,FL,Palm Beach,staged_only,,74.5,,OP
65879:1,Pecan Tree,FL,Walton,staged_only,,74.5,,OP
65882:1,Terrill Creek,FL,Clay,staged_only,,74.5,,OP
65883:1,North Orange,FL,St Lucie,staged_only,,74.5,,OP
65885:1,Boardwalk,FL,Collier,staged_only,,74.5,,OP
65886:1,Tenmile Creek,FL,Calhoun,staged_only,,74.5,,OP
65886:2,Tenmile Creek,FL,Calhoun,staged_only,,74.5,,OP
65887:1,Price Creek,FL,Columbia,staged_only,,74.5,,OP
65888:1,Kayak,FL,Okaloosa,staged_only,,74.5,,OP
65888:2,Kayak,FL,Okaloosa,staged_only,,74.5,,OP
65890:BAIL2,SV CSG Baileyville 2 LLC,IL,Stephenson,staged_only,,2.0,,OP
65891:TALPV,Orange Grove,TX,Jim Wells,staged_only,,131.0,,OP
65892:TSPV,Timberland Solar,GA,Oglethorpe,staged_only,,140.0,,OP
65894:OCISS,Stillhouse Solar,TX,Bell,staged_only,,210.0,,OP
65896:GUCS1,Gallaudet Uni Community Solar,DC,District of Columbia,staged_only,,2.0,,OP
65898:T0041,Gaylord Rockies CHP,CO,Adams,staged_only,,2.0,,OP
65898:T0042,Gaylord Rockies CHP,CO,Adams,staged_only,,2.0,,OP
65902:5,Gans Solar,PA,Fayette,staged_only,,14.0,,OP
65903:9,Pechin Solar,PA,Fayette,staged_only,,14.0,,OP
65905:1,Mare Branch,FL,DeSoto,staged_only,,74.5,,OP
65906:1,Long Creek,FL,Manatee,staged_only,,74.5,,OP
65907:1,Georges Lake,FL,Putnam,staged_only,,74.5,,OP
65908:1,Norton Creek,FL,Madison,staged_only,,74.5,,OP
65909:1,Hendry Isles,FL,Hendry,staged_only,,74.5,,OP
65910:1,Wild Quail,FL,Walton,staged_only,,74.5,,OP
65911:1,Mitchell Creek,FL,Escambia,staged_only,,74.5,,OP
65912:1,Big Water,FL,Okeechobee,staged_only,,74.5,,OP
65913:1,Speckled Perch,FL,Okeechobee,staged_only,,74.5,,OP
65914:1,Redlands,FL,Miami Dade,staged_only,,74.5,,OP
65915:1,Hog Bay,FL,DeSoto,staged_only,,74.5,,OP
65916:1,Fox Trail,FL,Brevard,staged_only,,74.5,,OP
65917:1,Thomas Creek,FL,Nassau,staged_only,,74.5,,OP
65918:1,Green Pasture,FL,Charlotte,staged_only,,74.5,,OP
65919:1,Fawn,FL,Martin,staged_only,,74.5,,OP
65920:1,Buttonwood,FL,St Lucie,staged_only,,74.5,,OP
65921:1,Honeybell,FL,Okeechobee,staged_only,,74.5,,OP
65922:1,Holopaw,FL,Palm Beach,staged_only,,74.5,,OP
65924:1,Nature Trail,FL,Baker,staged_only,,74.5,,OP
65925:1,Orchard,FL,St Lucie,staged_only,,74.5,,OP
65926:1,Hawthorne Creek,FL,DeSoto,staged_only,,74.5,,OP
65927:1,Fourmile Creek,FL,Calhoun,staged_only,,74.5,,OP
65927:2,Fourmile Creek,FL,Calhoun,staged_only,,74.5,,OP
65929:8,Listonburg Solar,PA,Somerset,staged_only,,15.0,,OP
65933:1,Sagebrush ESS,CA,Kern,staged_only,,80.0,,OP
65936:INHS1,Honeysuckle Solar Farm,IN,St Joseph,staged_only,,150.0,,OP
65937:PORTR,"Porter Solar, LLC (TX)",TX,Denton,staged_only,,245.0,,OP
65940:SCSP1,Shasta College PH2 Solar Project,CA,Shasta,staged_only,,1.5,,OP
65940:SCSPB,Shasta College PH2 Solar Project,CA,Shasta,staged_only,,0.5,,OP
65941:RRS,"Rocking R Solar, LLC",LA,Caddo,staged_only,,72.5,,OP
65942:GRAND,Grand Casino Hinckley Solar,MN,Pine,staged_only,,3.0,,OP
65945:BESS,Brookville Smart Bus Depot Microgrid,MD,Montgomery,staged_only,,1.5,,OP
65945:GEN2,Brookville Smart Bus Depot Microgrid,MD,Montgomery,staged_only,,0.6,,OP
65945:GEN3,Brookville Smart Bus Depot Microgrid,MD,Montgomery,staged_only,,0.6,,OP
65945:GENS,Brookville Smart Bus Depot Microgrid,MD,Montgomery,staged_only,,0.6,,OP
65945:PV,Brookville Smart Bus Depot Microgrid,MD,Montgomery,staged_only,,1.7,,OP
65946:SOLAR,Hecate Energy Upshur Rural LLC,TX,Upshur,staged_only,,3.0,,OP
65947:TB,Tres Bahias,TX,Calhoun,staged_only,,196.3,,OP
65949:SMITH,Kearsarge Smithfield LLC,RI,Providence,staged_only,,8.0,,OP
65950:SOBAT,Kearsarge 100 Sohier Rd,MA,Essex,staged_only,,1.8,,OP
65950:SOH,Kearsarge 100 Sohier Rd,MA,Essex,staged_only,,2.0,,OP
65951:BG1,Bowling Green Energy Storage Project,OH,Wood,staged_only,,12.0,,OP
65952:AD1,Andover Energy Storage Project,NJ,Sussex,staged_only,,20.0,,OP
65953:HW1,Howell Energy Storage Project,NJ,Monmouth,staged_only,,7.0,,OP
65954:PORT,Kearsarge West Shore Solar LLC,RI,Newport,staged_only,,5.0,,OP
65955:LANDR,"Landrace Holdings, LLC",SC,Horry,staged_only,,55.0,,OP
65956:STOBA,Storey Solar and Storage,AZ,Pinal,staged_only,,88.0,,OP
65956:STORY,Storey Solar and Storage,AZ,Pinal,staged_only,,122.0,,OP
65957:GEN1,Mammoth North Solar,IN,Starke,staged_only,,400.0,,OP
65958:GEN1,WMATA - Anacostia CSG,DC,District of Columbia,staged_only,,1.1,,OP
65959:GEN1,WMATA - Cheverly Metro (CSG),MD,Prince Georges,staged_only,,1.9,,OP
65960:GEN1,WMATA - Naylor Rd. Metro,MD,Prince Georges,staged_only,,1.7,,OP
65961:GEN1,WMATA - S. Ave. Carport (East) (CSG),MD,Prince Georges,staged_only,,1.7,,OP
65962:MS4,"Mesquite Solar 4, LLC",AZ,Maricopa,staged_only,,52.5,,OP
65962:MS4B,"Mesquite Solar 4, LLC",AZ,Maricopa,staged_only,,10.0,,OP
65963:MS5,"Mesquite Solar 5, LLC",AZ,Maricopa,staged_only,,60.0,,OP
65963:MS5B,"Mesquite Solar 5, LLC",AZ,Maricopa,staged_only,,60.0,,OP
65965:JAVA,"Java Solar, LLC",CA,Kings,staged_only,,13.5,,OP
65967:PSLR1,Paris Solar,WI,Racine,staged_only,,200.0,,OP
65967:PSLR2,Paris Solar,WI,Racine,staged_only,,110.0,,OP
65968:HODAG,Hodag Solar,WI,Oneida,staged_only,,7.5,,OP
65969:KKS2,Kankakee 2,IL,Kankakee,staged_only,,1.5,,OP
65970:1,Sheep Creek Community Solar Farm,CA,San Bernardino,staged_only,,3.0,,OP
65971:WT1,"Seven Cowboy Wind Project, LLC",OK,Washita,staged_only,,301.7,,OP
65972:RRS,Raptor Ridge,AZ,Pima,staged_only,,12.5,,OP
65974:TIMM,Timmerman (CSG),MN,Lyon,staged_only,,1.0,,OP
65975:TXST1,Starr Solar Ranch,TX,Starr,staged_only,,136.0,,OP
65976:LAPR1,Prairie Ronde Solar Farm,LA,St Landry,staged_only,,135.0,,OP
65978:7GT1,Dania Beach 7,FL,Broward,staged_only,,492.2,,OP
65978:7GT2,Dania Beach 7,FL,Broward,staged_only,,492.2,,OP
65978:ST7,Dania Beach 7,FL,Broward,staged_only,,463.3,,OP
65979:PSPV,Peregrine Solar,TX,Goliad,staged_only,,300.0,,OP
65980:WCBS,CED West Side Canal Battery Storage,CA,Imperial,staged_only,,131.0,,OP
65981:TXSD1,Second Division Solar,TX,Brazoria,staged_only,,100.0,,OP
65982:TCLP,KDC Solar TC Little Patuxent WWTP LLC,MD,Howard,staged_only,,2.0,,OP
65983:TCGH,KDC Solar TC George Howard LLC,MD,Howard,staged_only,,2.0,,OP
65984:TCBP,KDC Solar TC Blandair Park LLC,MD,Howard,staged_only,,2.0,,OP
65985:461,IGS AKC1,OH,Summit,staged_only,,3.8,,OP
65986:USSGG,USS Golly Gee Solar LLC,MN,Sherburne,staged_only,,1.0,,OP
65987:DP1,Desert Peak Energy Storage I,CA,Riverside,staged_only,,325.0,,OP
65988:DP2,Desert Peak Energy Storage II,CA,Riverside,staged_only,,75.0,,OP
65989:MNC01,South Garden,MN,McLeod,staged_only,,1.0,,OP
65990:USSGB,USS Giveback Solar LLC (CSG),CO,Pueblo,staged_only,,2.0,,OP
65991:USSDF,USS Dressen Family Solar LLC,MN,Carver,staged_only,,1.0,,OP
65992:USWOF,USS Wolf Solar LLC,MN,Yellow Medicine,staged_only,,1.0,,OP
65993:USWON,USS Wonder Solar LLC,MN,Renville,staged_only,,1.0,,OP
65994:20066,"Polk County GA S1, LLC",GA,Polk,staged_only,,3.0,,OP
65995:20052,"Reidsville Renewables, Inc.",GA,Tattnall,staged_only,,3.0,,OP
65996:HARM,Harmony Solar (ME),ME,Somerset,staged_only,,4.9,,OP
65997:PCS1,Powell Creek Solar,OH,Putnam,staged_only,,150.0,,OP
65998:TNS1,"True North Solar, LLC",TX,Falls,staged_only,,238.8,,OP
65999:GC1,Great Cove Solar,PA,Fulton,staged_only,,70.0,,OP
66000:DLTA,Delta Wind Farm (MS),MS,Coahoma,staged_only,,184.5,,OP
66001:CHVB,Chevelon Butte Wind Farm,AZ,Coconino,staged_only,,238.2,,OP
66003:MPCSG,MP CSG 1 LLC,MN,Carlton,staged_only,,1.0,,OP
66004:TTLOW,Titlow Garden LLC CSG,MN,Sibley,staged_only,,1.0,,OP
66005:LIME3,"Limelight Solar III, LLC",SC,Spartanburg,staged_only,,3.6,,OP
66006:BA,House Mountain,TX,Brewster,staged_only,,73.2,,OP
66007:BA,Flower Valley II,TX,Reeves,staged_only,,101.0,,OP
66008:BA,Swoose II,TX,Ward,staged_only,,101.0,,OP
66009:BA,Crossett Power Management LLC,TX,Crane,staged_only,,203.0,,OP
66010:460,"IGS CMH4, LLC",OH,Madison,staged_only,,4.2,,OP
66014:WBOPT,"Bronco Plains Wind II, LLC",CO,Kit Carson,staged_only,,200.0,,OP
66015:PLAT,Platt Solar,MN,Murray,staged_only,,1.0,,OP
66016:SKAL,Skalbeck Solar,MN,Renville,staged_only,,1.0,,OP
66017:ANDR,Andresen Solar,MN,Chippewa,staged_only,,1.0,,OP
66018:GEN3,Norton Powerhouse 2,MA,Worcester,staged_only,,4.6,,OP
66019:PA01,Lyons Solar,PA,Berks,staged_only,,20.0,,OP
66020:WSSP,DRPA Woodcrest Station Solar Project,NJ,Camden,staged_only,,4.4,,OP
66021:ASSA1,DRPA Ashland Station Solar Project,NJ,Camden,staged_only,,2.7,,OP
66022:AMDW7,Amazon MDW7 Solar Project,IL,Will,staged_only,,1.9,,OP
66023:18009,Grossmont-Cuyamaca-Cuyamaca Col. Solar &,CA,San Diego,staged_only,,1.4,,OP
66023:19043,Grossmont-Cuyamaca-Cuyamaca Col. Solar &,CA,San Diego,staged_only,,1.0,,OP
66024:GA-01,Bird Dog Solar,GA,Burke,staged_only,,40.0,,OP
66025:GA-02,Blackwater Solar,GA,Ware,staged_only,,80.0,,OP
66026:GA-03,Hobnail Solar,GA,Burke,staged_only,,70.0,,OP
66027:GA-04,Wolfskin Solar,GA,Oglethorpe,staged_only,,38.0,,OP
66028:DFASP,DRPA Ferry Ave Station Solar Project,NJ,Camden,staged_only,,3.2,,OP
66029:CLCSG,Courtland CSG LLC,MN,Nicollet,staged_only,,1.0,,OP
66030:JOHN2,Johnson CSG 2,MN,Chisago,staged_only,,1.0,,OP
66031:15332,IL Sidney Project1,IL,Champaign,staged_only,,2.0,,OP
66032:14052,Clay FC,IL,Clay,staged_only,,2.0,,OP
66033:15333,IL West Hallock Project1,IL,Peoria,staged_only,,2.0,,OP
66034:19826,Sugar Hill Solar 1,NY,Saratoga,staged_only,,5.0,,OP
66035:457,IGS SBD1,CA,San Bernardino,staged_only,,2.6,,OP
66036:20205,3104 Batavia Solar,NY,Genesee,staged_only,,3.0,,OP
66037:20206,3232 Batavia Solar,NY,Genesee,staged_only,,4.0,,OP
66039:457,IGS SBD2,CA,San Bernardino,staged_only,,2.5,,OP
66040:23204,Niagara Depot Solar,NY,Niagara,staged_only,,3.5,,OP
66041:63231,Eureka South Solar,NY,Oneida,staged_only,,5.0,,OP
66042:63232,Eureka North Solar,NY,Oneida,staged_only,,3.5,,OP
66043:63233,Arctaris Saddleback Solar,ME,Franklin,staged_only,,4.9,,OP
66044:70824,TPE RI WA2 Solar,RI,Bristol,staged_only,,3.4,,OP
66045:70825,TPE RI WA1 Solar,RI,Bristol,staged_only,,3.5,,OP
66046:BRZ01,Brazoria County Solar Project (Danciger),TX,Brazoria,staged_only,,200.0,,OP
66047:GLOVE,"Glover Creek Solar, LLC",KY,Metcalfe,staged_only,,55.0,,OP
66048:MBS,"Middleton Biogas Solar, LLC",WI,Dane,staged_only,,1.9,,OP
66048:MBS-B,"Middleton Biogas Solar, LLC",WI,Dane,staged_only,,0.3,,OP
66049:SARMY,Salvation Army Solar,NJ,Camden,staged_only,,1.1,,OP
66050:LAB,Lancaster Area Battery,CA,Los Angeles,staged_only,,127.0,,OP
66052:EPW01,Eight Point Wind,NY,Steuben,staged_only,,101.2,,OP
66053:GCFC,"Generate Colchester Fuel Cells, LLC",CT,New London,staged_only,,10.0,,OP
66055:CATHC,"Cathcart Solar, LLC",NC,Columbus,staged_only,,5.0,,OP
66059:W11,Weston RICE,WI,Marathon,staged_only,,18.8,,OP
66059:W12,Weston RICE,WI,Marathon,staged_only,,18.8,,OP
66059:W13,Weston RICE,WI,Marathon,staged_only,,18.8,,OP
66059:W14,Weston RICE,WI,Marathon,staged_only,,18.8,,OP
66059:W15,Weston RICE,WI,Marathon,staged_only,,18.8,,OP
66059:W16,Weston RICE,WI,Marathon,staged_only,,18.8,,OP
66059:W17,Weston RICE,WI,Marathon,staged_only,,18.8,,OP
66061:A1,Angelica Solar Site 1,NY,Allegany,staged_only,,5.0,,OP
66062:A2,Angelica Solar Site 2,NY,Allegany,staged_only,,5.0,,OP
66063:A3,Angelica Solar Site 3,NY,Allegany,staged_only,,5.0,,OP
66064:A4,Angelica Solar Site 4,NY,Allegany,staged_only,,5.0,,OP
66065:WVS1,West Valley Solar,NY,Cattaraugus,staged_only,,5.0,,OP
66065:WVS2,West Valley Solar,NY,Cattaraugus,staged_only,,5.0,,OP
66067:KES1,Kapolei Energy Storage,HI,Honolulu,staged_only,,185.0,,OP
66068:704,Maple City,IA,Mitchell,staged_only,,1.5,,OP
66069:462,IGS PCW1,OH,Wood,staged_only,,3.1,,OP
66074:4942,Marlborough Solar,NY,Ulster,staged_only,,2.0,,OP
66075:18120,Blacksmith Road Solar 1,MA,Barnstable,staged_only,,5.0,,OP
66075:18121,Blacksmith Road Solar 1,MA,Barnstable,staged_only,,2.0,,OP
66076:20409,Electric Avenue Lunenburg Solar 1,MA,Worcester,staged_only,,1.0,,OP
66076:20410,Electric Avenue Lunenburg Solar 1,MA,Worcester,staged_only,,1.0,,OP
66077:27582,Harbor Road Solar 1,MA,Berkshire,staged_only,,2.0,,OP
66078:18952,Solar Star Urbana Landfill East,IL,Champaign,staged_only,,1.9,,OP
66079:20824,Solar Star Urbana Landfill Central,IL,Champaign,staged_only,,1.9,,OP
66081:8211,Lenox Renewables,NY,Madison,staged_only,,3.3,,OP
66082:14850,OE IL Solar 3,IL,Ogle,staged_only,,2.0,,OP
66083:7063,French Road Solar II,IL,Kane,staged_only,,2.0,,OP
66084:14508,Rafterville Solar,MN,Kandiyohi,staged_only,,1.0,,OP
66085:16682,Rockford Solar,IL,Winnebago,staged_only,,2.0,,OP
66086:29045,Milo CSG,ME,Piscataquis,staged_only,,4.5,,OP
66087:28911,Livermore Falls CSG,ME,Androscoggin,staged_only,,3.3,,OP
66088:PCEF,Putah Creek Solar Farm North,CA,Yolo,staged_only,,3.0,,OP
66089:CANAL,Canal Road Solar,NJ,Somerset,staged_only,,4.0,,OP
66093:MSWP1,Moraine Sands Wind Power,IL,Mason,staged_only,,171.0,,OP
66094:561,Bizer Creek,NY,Erie,staged_only,,1.5,,OP
66095:712,"Cortez Solar 1, LLC",CO,Montezuma,staged_only,,2.2,,OP
66097:371,ER Bison Solar CSG,PA,Union,staged_only,,1.4,,OP
66098:573,IGS VGT,NV,Clark,staged_only,,1.0,,OP
66099:459,IGS LAS1,NV,Clark,staged_only,,1.0,,OP
66100:WATER,Water Street Solar,ME,Kennebec,staged_only,,5.0,,OP
66102:BEIV,"Blue Elk IV Solar, LLC",MI,Lenawee,staged_only,,20.0,,OP
66103:BEIII,"Blue Elk III Solar, LLC",MI,Ingham,staged_only,,20.0,,OP
66104:BEVII,"Blue Elk VII Solar, LLC",MI,Genesee,staged_only,,12.5,,OP
66105:BEII,"Blue Elk II Solar, LLC",MI,Ingham,staged_only,,20.0,,OP
66107:BEI,"Blue Elk I Solar, LLC",MI,Lenawee,staged_only,,20.0,,OP
66108:MCS,"Midcontinent Solar, LLC",MI,Shiawassee,staged_only,,20.0,,OP
66109:GRSS,"Greenstone Solar, LLC",MI,Branch,staged_only,,20.0,,OP
66110:BREC1,Babbitt Ranch Energy Center,AZ,Coconino,staged_only,,163.0,,OP
66111:US199,Elizabeth Solar Plant,LA,Allen,staged_only,,142.8,,OP
66112:U1,Newport Solar Project,AR,Jackson,staged_only,,180.0,,OP
66115:AML1,"HCE Amelia Solar I, LLC",VA,Amelia,staged_only,,5.0,,OP
66116:AML2,"HCE Amelia Solar II, LLC",VA,Amelia,staged_only,,5.0,,OP
66117:MLBS,"HCE Millboro Springs Solar, LLC",VA,Bath,staged_only,,5.0,,OP
66118:MORAN,"HCE Moran Solar, LLC",VA,Prince Edward,staged_only,,3.0,,OP
66119:POW,"HCE Powhatan Solar, LLC",VA,Powhatan,staged_only,,5.0,,OP
66120:REAMS,"HCE Reams Solar, LLC",VA,Dinwiddie,staged_only,,5.0,,OP
66121:REDHS,"HCE Red House Solar, LLC",VA,Charlotte,staged_only,,5.0,,OP
66122:RKML,"HCE Roark Mill Solar, LLC",VA,Pittsylvania,staged_only,,3.2,,OP
66123:PSW1,Prairie Switch Wind LLC,TX,Wharton,staged_only,,163.2,,OP
66125:WESTL,"West Line Solar, LLC",AZ,Pinal,staged_only,,100.0,,OP
66126:292,Hecate Energy Albany 2 LLC,NY,Albany,staged_only,,21.1,,OP
66128:1,Lake Mabel Solar and Battery Storage,FL,Polk,staged_only,,74.5,,OP
66128:BESS1,Lake Mabel Solar and Battery Storage,FL,Polk,staged_only,,40.0,,OP
66129:1,Dover Solar and Battery Storage,FL,Hillsborough,staged_only,,25.0,,OP
66129:BESS1,Dover Solar and Battery Storage,FL,Hillsborough,staged_only,,15.0,,OP
66133:BTS,"Bartonsville Energy Facility, LLC",VA,Frederick,staged_only,,130.0,,OP
66135:PELLR,"AES Pelletier Solar, LLC",ME,Aroostook,staged_only,,4.0,,OP
66136:DGLE,"AES Daigle Solar, LLC",ME,Aroostook,staged_only,,5.0,,OP
66137:11023,Zier Solar,TX,Kinney,staged_only,,40.4,,OP
66137:41195,Zier Solar,TX,Kinney,staged_only,,160.0,,OP
66140:PNA01,PNA Rossford Solar Array,OH,Wood,staged_only,,1.4,,OP
66141:711,"Cortez Solar 3, LLC",CO,Montezuma,staged_only,,2.0,,OP
66142:KSR48,Kaiser - Harbor City,CA,Los Angeles,staged_only,,2.1,,OP
66143:SDC01,San Diego Community College,CA,San Diego,staged_only,,1.0,,OP
66144:523,Smithfield 1,UT,Beaver,staged_only,,5.0,,OP
66145:TMF06,Life Technologies - Fremont,CA,Alameda,staged_only,,1.3,,OP
66146:KSR40,Kaiser - LA,CA,Los Angeles,staged_only,,4.5,,OP
66147:801,Smithfield 3,UT,Beaver,staged_only,,2.0,,OP
66148:KSR55,Kaiser - Woodland Hills,CA,Los Angeles,staged_only,,3.1,,OP
66150:EQX36,Equinix - Elmsford,NY,Westchester,staged_only,,1.7,,OP
66151:CST00,CoreSite - Somerville,MA,Middlesex,staged_only,,3.6,,OP
66152:CNC00,Connecticut College,CT,New London,staged_only,,1.2,,OP
66155:GP01,Ponderosa Wind II,OK,Beaver,staged_only,,100.0,,OP
66156:WT,High Banks Wind,KS,Republic,staged_only,,643.4,,OP
66157:GEN1,Red Tailed Hawk Solar LLC,TX,Wharton,staged_only,,360.0,,OP
66159:RECBJ,Cape Girardeau Renewable Energy Center,MO,Cape Girardeau,staged_only,,1.2,,OP
66160:569,Friendship I,MD,Howard,staged_only,,2.0,,OP
66162:570,Friendship II,MD,Howard,staged_only,,2.0,,OP
66163:JICB1,Jicarilla Solar 1 LLC,NM,Rio Arriba,staged_only,,20.0,,OP
66163:JICS1,Jicarilla Solar 1 LLC,NM,Rio Arriba,staged_only,,50.0,,OP
66165:379,Pleasant Street,ME,Franklin,staged_only,,3.0,,OP
66166:291,South Street - Middlebury,VT,Addison,staged_only,,5.0,,OP
66167:63235,AM Wind Repower,CA,Riverside,staged_only,,27.0,,OP
66169:710,"Cortez Solar 2, LLC",CO,Montezuma,staged_only,,5.0,,OP
66170:1,Revolution,TX,Crane,staged_only,,150.0,,OP
66171:SNIP3,SR Snipesville III,GA,Jeff Davis,staged_only,,107.0,,OP
66172:SOTO2,SR DeSoto II,GA,Lee,staged_only,,65.0,,OP
66173:AILEY,SR Ailey,GA,Montgomery,staged_only,,80.0,,OP
66174:TREAS,Treasure Lane Solar 1,ME,Kennebec,staged_only,,4.5,,OP
66175:GEN1,Ivanhoe Generation Facility,LA,St Mary,staged_only,,31.0,,OP
66176:10891,Landau Solar,NY,Ulster,staged_only,,2.0,,OP
66177:10896,Drinkwater Solar,NY,Montgomery,staged_only,,2.0,,OP
66178:9122,"South 49th 013445 SCS Norfolk, LLC",NE,Madison,staged_only,,8.5,,OP
66178:9123,"South 49th 013445 SCS Norfolk, LLC",NE,Madison,staged_only,,2.1,,OP
66180:HUXBA,Huxley Solar,MA,Hampden,staged_only,,5.0,,OP
66180:HUXPV,Huxley Solar,MA,Hampden,staged_only,,5.0,,OP
66181:BEABA,"Beacon Solar, LLC",MA,Hampshire,staged_only,,5.0,,OP
66181:BEAPV,"Beacon Solar, LLC",MA,Hampshire,staged_only,,5.0,,OP
66182:AMHBA,Town of Amherst Solar,MA,Hampshire,staged_only,,2.5,,OP
66182:AMHPV,Town of Amherst Solar,MA,Hampshire,staged_only,,2.5,,OP
66183:CWE,Clearwater Wind East,MT,Custer,staged_only,,207.9,,OP
66184:CW2,Clearwater Wind II,MT,Rosebud,staged_only,,102.8,,OP
66185:GEN1,"Crooked Lake Solar, LLC",AR,Mississippi,staged_only,,175.0,,OP
66187:10992,McCarthy Solar,NY,Orange,staged_only,,2.0,,OP
66188:POMP1,POM Plant 1,CA,Fresno,staged_only,,2.4,,OP
66189:POMP2,POM Plant 2,CA,Fresno,staged_only,,1.6,,OP
66191:65015,Maple Flats,IL,Clay,staged_only,,250.0,,OP
66192:65014,Heartland Farms,MI,Gratiot,staged_only,,200.0,,OP
66193:OAKRG,Oak Ridge Solar,LA,Richland,staged_only,,200.0,,OP
66195:T-1,"SPPW1, LLC",NE,Franklin,staged_only,,2.8,,OP
66195:T-2,"SPPW1, LLC",NE,Franklin,staged_only,,2.8,,OP
66198:USMDF,"Madison Fields Solar Project, LLC",OH,Madison,staged_only,,180.0,,OP
66199:CAIRO,"Cairo Solar Farm, LLC",GA,Grady,staged_only,,2.0,,OP
66200:CEDAR,"Cedar Creek Solar, LLC",GA,Barrow,staged_only,,2.0,,OP
66201:NBBRM,Niagara Bottling - Bloomfield,CT,Hartford,staged_only,,2.8,,OP
66202:OLDPL,"Old Plank Road Solar Farm, LLC",FL,Duval,staged_only,,3.0,,OP
66203:RIPLY,Ripley,MD,Charles,staged_only,,27.5,,OP
66205:TURNI,"Turnipseed Solar, LLC",GA,Douglas,staged_only,,3.0,,OP
66206:MOVSO,Mohawk View Solar,NY,Montgomery,staged_only,,5.0,,OP
66207:VEPSO,Van Epps Solar,NY,Montgomery,staged_only,,5.0,,OP
66208:NCV,North Central Valley,CA,San Joaquin,staged_only,,132.0,,OP
66209:10986,Bantam Solar,NY,Montgomery,staged_only,,5.0,,OP
66210:10887,Bogart Solar,NY,Greene,staged_only,,2.0,,OP
66211:10889,Brickchurch Solar,NY,Wayne,staged_only,,2.0,,OP
66212:10965,Canoga Solar,NY,Seneca,staged_only,,5.0,,OP
66213:10907,Costanza Solar,NY,Albany,staged_only,,2.0,,OP
66214:10967,County Route 84 Solar,NY,Steuben,staged_only,,5.0,,OP
66215:10996,Cafferty Hill Solar,NY,Broome,staged_only,,5.0,,OP
66217:10968,Donati Solar,NY,Seneca,staged_only,,2.0,,OP
66218:10892,Dubois Solar (Hybrid),NY,Ulster,staged_only,,2.0,,OP
66218:BAT,Dubois Solar (Hybrid),NY,Ulster,staged_only,,2.0,,OP
66219:11008,Dunkleman Solar,NY,Cattaraugus,staged_only,,5.0,,OP
66220:10999,Finney Solar,NY,Montgomery,staged_only,,5.0,,OP
66221:10972,Henrietta Solar,NY,Monroe,staged_only,,5.0,,OP
66222:10895,Landau II Solar (Hybrid),NY,Ulster,staged_only,,4.0,,OP
66222:BAT,Landau II Solar (Hybrid),NY,Ulster,staged_only,,4.0,,OP
66223:11000,Lockenhurst Pond Solar,NY,Orange,staged_only,,2.0,,OP
66224:10890,New Beginnings Solar,NY,Ulster,staged_only,,2.0,,OP
66225:10970,NY70 Solar,NY,Livingston,staged_only,,5.0,,OP
66226:10991,Reid Solar,NY,Oneida,staged_only,,4.8,,OP
66227:10886,Reisender Solar,NY,Ulster,staged_only,,2.0,,OP
66228:10888,Salt Point Solar (Hybrid),NY,Dutchess,staged_only,,2.0,,OP
66228:BAT,Salt Point Solar (Hybrid),NY,Dutchess,staged_only,,2.0,,OP
66229:10975,Sangolqui Solar,NY,Seneca,staged_only,,2.0,,OP
66230:10997,State Route 14A Solar,NY,Yates,staged_only,,5.0,,OP
66231:10988,State Highway 17B Solar,NY,Sullivan,staged_only,,4.4,,OP
66232:10894,Svenski Solar (Hybrid),NY,Orange,staged_only,,2.0,,OP
66232:BAT,Svenski Solar (Hybrid),NY,Orange,staged_only,,2.0,,OP
66233:10995,West Creek Solar,NY,Tioga,staged_only,,5.0,,OP
66234:10971,Wheatland 2A Solar,NY,Monroe,staged_only,,4.5,,OP
66235:10961,Wheatland 2B Solar,NY,Monroe,staged_only,,4.5,,OP
66236:10982,Wildflower Way Solar,NY,Steuben,staged_only,,5.0,,OP
66237:GEN01,Misenheimer Solar LLC,NC,Stanly,staged_only,,74.4,,OP
66239:GEN01,Pearl River Solar Park LLC,MS,Scott,staged_only,,175.0,,OP
66240:GEN01,Ragsdale Solar LLC,MS,Madison,staged_only,,100.0,,OP
66242:LSHS,Lake Elsinore Canopies - Lakeside HS,CA,Riverside,staged_only,,1.0,,OP
66243:LWSJN,Lewiston Junction Road Solar,ME,Androscoggin,staged_only,,4.9,,OP
66244:WEBRD,Webb Road Solar,ME,Kennebec,staged_only,,4.6,,OP
66245:MRLRD,Merrill Road Solar,ME,Androscoggin,staged_only,,4.6,,OP
66246:LSBST,Lisbon Street Solar,ME,Androscoggin,staged_only,,2.0,,OP
66247:21536,"Ash Mesa Solar, LLC",CO,Montrose,staged_only,,7.8,,OP
66248:BSS1,Butterfield Solar Farm,OK,Bryan,staged_only,,5.0,,OP
66249:GEN01,Blue Harvest Solar Park,OH,Putnam,staged_only,,49.9,,OP
66250:GEN01,Timber Road Solar Park,OH,Paulding,staged_only,,49.9,,OP
66256:P4726,Source Power Company - Aldrich,NY,St. Lawrence,staged_only,,5.0,,OP
66258:P5569,Source Power NY II - Whaling,NY,Oneida,staged_only,,3.2,,OP
66259:P5646,Source Power NY III - Medina II (CSG),NY,Orleans,staged_only,,5.0,,OP
66261:WTG01,Martin Marietta Wind Project,OH,Sandusky,staged_only,,1.5,,OP
66261:WTG02,Martin Marietta Wind Project,OH,Sandusky,staged_only,,1.5,,OP
66261:WTG03,Martin Marietta Wind Project,OH,Sandusky,staged_only,,1.5,,OP
66262:SAREN,Cutlass Solar II,TX,Fort Bend,staged_only,,202.8,,OP
66263:1111,Eleven Mile Solar Center,AZ,Pinal,staged_only,,300.0,,OP
66263:2222,Eleven Mile Solar Center,AZ,Pinal,staged_only,,300.0,,OP
66264:SDS,"Speedway Solar, LLC",IN,Shelby,staged_only,,199.0,,OP
66265:1,Paradise Energy Storage,CA,San Diego,staged_only,,10.0,,OP
66266:1,Clairemont Energy Storage,CA,San Diego,staged_only,,10.0,,OP
66267:SS8,Steel Solar LLC,UT,Box Elder,staged_only,,80.0,,OP
66268:GPS03,"Gravel Pit Solar, LLC",CT,Hartford,staged_only,,50.0,,OP
66268:GPS04,"Gravel Pit Solar, LLC",CT,Hartford,staged_only,,70.0,,OP
66269:RSS03,Riverstart Solar Park III,IN,Randolph,staged_only,,100.0,,OP
66270:PRXBS,Proxima,CA,Stanislaus,staged_only,,162.0,,OP
66270:PRXMA,Proxima,CA,Stanislaus,staged_only,,190.0,,OP
66271:HCEPV,Ameresco HCE Solar LLC,CO,Garfield,staged_only,,4.5,,OP
66272:GEN1,RIC - Hanover (CSG),NY,Chautauqua,staged_only,,5.0,,OP
66273:GEN1,Summit - Cicero,NY,Onondaga,staged_only,,5.0,,OP
66274:GEN1,Summit - Lysander (CSG),NY,Onondaga,staged_only,,3.5,,OP
66275:GEN1,Summit - Oswego,NY,Oswego,staged_only,,2.2,,OP
66276:US620,Blake Solar Plant,WV,Jefferson,staged_only,,96.0,,OP
66278:1,Elliott Energy Storage,CA,San Diego,staged_only,,10.0,,OP
66279:1,Boulevard Energy Storage,CA,San Diego,staged_only,,10.0,,OP
66280:1,Pala Gomez Creek BESS,CA,San Diego,staged_only,,10.0,,OP
66281:1,Melrose BESS,CA,San Diego,staged_only,,10.0,,OP
66281:2,Melrose BESS,CA,San Diego,staged_only,,10.0,,OP
66282:PV1,Woodruff County Solar,AR,Woodruff,staged_only,,122.0,,OP
66283:SIMA1,Silver Maple,ME,Penobscot,staged_only,,20.0,,OP
66285:COND1,Condor Energy Storage LLC,CA,San Bernardino,staged_only,,200.0,,OP
66286:PERE1,Peregrine Energy Storage LLC,CA,San Diego,staged_only,,200.0,,OP
66287:NMRD3,"NMRD Data Center III, LLC",NM,Sandoval,staged_only,,50.0,,OP
66310:CT1PV,Cutlass Solar 1 LLC,TX,Fort Bend,staged_only,,110.9,,OP
66314:BMSO,Bookers Mill Solar,VA,Richmond,staged_only,,127.0,,OP
66316:MDSO,Madison Solar (VA),VA,Orange,staged_only,,62.5,,OP
66317:BRIM1,Brimfield,MA,Hampden,staged_only,,1.9,,OP
66318:BROK1,WEB Brookfield,MA,Worcester,staged_only,,3.4,,OP
66320:3COLT,3Colton,MA,Worcester,staged_only,,3.4,,OP
66321:KC1,"King Creek Wind Farm 1, LLC",TX,Haskell,staged_only,,184.0,,OP
66322:GEN1,Summit - Scriba CSG,NY,Oswego,staged_only,,5.0,,OP
66323:KC2,"King Creek Wind Farm 2, LLC",TX,Throckmorton,staged_only,,209.0,,OP
66324:FILES,BPL Files Solar,TX,Hill,staged_only,,157.5,,OP
66325:1,Hemmingway BESS,ID,Owyhee,staged_only,,80.0,,OP
66325:HGWP2,Hemmingway BESS,ID,Owyhee,staged_only,,36.0,,OP
66326:1,Black Mesa BESS,ID,Elmore,staged_only,,40.0,,OP
66327:1,Elmore BESS,ID,Elmore,staged_only,,4.0,,OP
66328:1,Filer BESS,ID,Twin Falls,staged_only,,2.0,,OP
66329:1,Melba BESS,ID,Canyon,staged_only,,2.0,,OP
66330:1,Weiser BESS,ID,Washington,staged_only,,3.0,,OP
66331:WFB01,Wonderful Firebaugh,CA,Madera,staged_only,,5.4,,OP
66332:WFK01,Wonderful Kings,CA,Kern,staged_only,,3.5,,OP
66333:BESS4,Superstition Energy Storage,AZ,Maricopa,staged_only,,90.0,,OP
66334:BESS3,Sierra Estrella Energy Storage,AZ,Maricopa,staged_only,,250.0,,OP
66335:G1,Timmerman Power Plant,TX,Caldwell,staged_only,,18.0,,OP
66335:G10,Timmerman Power Plant,TX,Caldwell,staged_only,,18.0,,OP
66335:G11,Timmerman Power Plant,TX,Caldwell,staged_only,,18.8,,OP
66335:G12,Timmerman Power Plant,TX,Caldwell,staged_only,,18.8,,OP
66335:G13,Timmerman Power Plant,TX,Caldwell,staged_only,,18.8,,OP
66335:G14,Timmerman Power Plant,TX,Caldwell,staged_only,,18.8,,OP
66335:G15,Timmerman Power Plant,TX,Caldwell,staged_only,,18.8,,OP
66335:G16,Timmerman Power Plant,TX,Caldwell,staged_only,,18.8,,OP
66335:G17,Timmerman Power Plant,TX,Caldwell,staged_only,,18.8,,OP
66335:G18,Timmerman Power Plant,TX,Caldwell,staged_only,,18.8,,OP
66335:G19,Timmerman Power Plant,TX,Caldwell,staged_only,,18.8,,OP
66335:G2,Timmerman Power Plant,TX,Caldwell,staged_only,,18.0,,OP
66335:G20,Timmerman Power Plant,TX,Caldwell,staged_only,,18.8,,OP
66335:G3,Timmerman Power Plant,TX,Caldwell,staged_only,,18.0,,OP
66335:G4,Timmerman Power Plant,TX,Caldwell,staged_only,,18.0,,OP
66335:G5,Timmerman Power Plant,TX,Caldwell,staged_only,,18.0,,OP
66335:G6,Timmerman Power Plant,TX,Caldwell,staged_only,,18.0,,OP
66335:G7,Timmerman Power Plant,TX,Caldwell,staged_only,,18.0,,OP
66335:G8,Timmerman Power Plant,TX,Caldwell,staged_only,,18.0,,OP
66335:G9,Timmerman Power Plant,TX,Caldwell,staged_only,,18.0,,OP
66336:SGES1,St. Gall Energy Storage I,TX,Pecos,staged_only,,102.6,,OP
66337:SGES1,Tidwell Prairie Storage 1,TX,Robertson,staged_only,,200.0,,OP
66338:CALL1,Callisto I Energy Center,TX,Harris,staged_only,,223.4,,OP
66339:BRN01,Brainerd Airport,MN,Crow Wing,staged_only,,5.8,,OP
66344:PV1,Bulloch County GA S4 LLC,GA,Bulloch,staged_only,,3.0,,OP
66345:PV1,Elk Solar LLC,NC,Hoke,staged_only,,5.0,,OP
66346:PV1,Bulloch County GA S3 LLC,GA,Bulloch,staged_only,,3.0,,OP
66349:PV1,Green Solar LLC (CSG),OR,Jefferson,staged_only,,2.9,,OP
66350:PV1,Richmond County GA S2 LLC,GA,Richmond,staged_only,,3.0,,OP
66351:PV1,Marble Solar LLC (CSG),OR,Linn,staged_only,,2.9,,OP
66352:PV1,Longleaf Pine Solar LLC,NC,Davie,staged_only,,5.0,,OP
66353:PV1,Upson County GA S1 LLC,GA,Upson,staged_only,,3.0,,OP
66354:PV1,Sheridan Solar LLC (CSG),OR,Yamhill,staged_only,,3.0,,OP
66355:PV1,Wallace Solar LLC (CSG),OR,Polk,staged_only,,3.0,,OP
66356:PV1,Williams Solar LLC,NC,Johnston,staged_only,,5.0,,OP
66357:YPES,Yellow Pine Solar,NV,Clark,staged_only,,65.0,,OP
66357:YPS1,Yellow Pine Solar,NV,Clark,staged_only,,125.0,,OP
66358:VAL,"Virginia Line Solar, LLC",NC,Warren,staged_only,,35.0,,OP
66360:RUSP1,Ruler Solar Partners (CSG),NY,St. Lawrence,staged_only,,4.9,,OP
66361:ROSP1,Royal Solar Partners (CSG),NY,St. Lawrence,staged_only,,5.0,,OP
66364:COBAL,"Cobalt Solar, LLC",PA,Forest,staged_only,,20.0,,OP
66365:ERIE,"Erie Solar, LLC",PA,Erie,staged_only,,20.0,,OP
66366:MIDDL,IMPA Middletown Solar Park,IN,Henry,staged_only,,1.4,,OP
66367:RICH7,IMPA Richmond Solar Park 7,IN,Wayne,staged_only,,4.4,,OP
66368:SKYW,NSE Astoria - Skyward,OR,Clackamas,staged_only,,2.5,,OP
66369:WDFL,"Wildflower Solar, LLC (MS)",MS,DeSoto,staged_only,,100.0,,OP
66370:BENTN,BWC Unity Pond LLC,ME,Kennebec,staged_only,,4.5,,OP
66371:EDISN,Edison Farm,NC,Rockingham,staged_only,,2.0,,OP
66372:OVERH,Overhill Solar,NC,Sampson,staged_only,,5.0,,OP
66373:POLK,Polk Farm,NC,Richmond,staged_only,,5.0,,OP
66374:SELW,Selwyn Farm,NC,Anson,staged_only,,5.0,,OP
66375:SHIEL,Shieldwall Solar,NC,Halifax,staged_only,,5.0,,OP
66376:SUMMT,Summit Solar,NC,Wayne,staged_only,,3.0,,OP
66377:PV1,Gray Fox Solar LLC,NC,Robeson,staged_only,,5.0,,OP
66378:PV1,Auburn Solar LLC (CSG),OR,Clackamas,staged_only,,2.9,,OP
66380:83022,"SCS Penfield One 010750 Penfield, LLC",NY,Monroe,staged_only,,5.0,,OP
66381:11822,"SCS Harpswell 012903 Brunswick, LLC",ME,Cumberland,staged_only,,4.9,,OP
66386:NECA,Albion A,NY,Orleans,staged_only,,5.0,,OP
66387:NECA,Oswego,NY,Oswego,staged_only,,5.0,,OP
66388:NECA,NY USLE Rome-Oriskany,NY,Oneida,staged_only,,3.5,,OP
66389:CCSPV,"Cereal City Solar, LLC",MI,Calhoun,staged_only,,100.0,,OP
66392:1110,Jax LNG,FL,Duval,staged_only,,2.5,,OP
66392:1120,Jax LNG,FL,Duval,staged_only,,2.5,,OP
66392:1130,Jax LNG,FL,Duval,staged_only,,2.5,,OP
66392:1140,Jax LNG,FL,Duval,staged_only,,2.5,,OP
66392:1150,Jax LNG,FL,Duval,staged_only,,2.6,,OP
66393:P103,Towanda Facility,PA,Bradford,staged_only,,1.6,,OP
66393:P104,Towanda Facility,PA,Bradford,staged_only,,1.6,,OP
66393:P105,Towanda Facility,PA,Bradford,staged_only,,1.6,,OP
66394:GOLET,"Goleta Energy Storage, LLC",CA,Santa Barbara,staged_only,,60.0,,OP
66395:PV1,Alta Sea,CA,Los Angeles,staged_only,,1.8,,OP
66400:OCBEX,Bexar ESS,TX,Bexar,staged_only,,100.0,,OP
66402:CRBOU,Caribou,ME,Aroostook,staged_only,,4.1,,OP
66403:LRING,Loring,ME,Aroostook,staged_only,,4.1,,OP
66404:PV,Red Mesa Solar Project,UT,San Juan,staged_only,,72.0,,OP
66405:CCS2,Chaves County Solar II,NM,Chaves,staged_only,,30.0,,OP
66406:AJMS,"AJMS, LLC",ID,Lincoln,staged_only,,1.2,,OP
66408:BESS1,Buena Vista Energy Center,NM,Otero,staged_only,,50.0,,OP
66408:BVEC1,Buena Vista Energy Center,NM,Otero,staged_only,,120.0,,OP
66410:375,Grizzly Ridge Solar,TX,Hamilton,staged_only,,100.0,,OP
66412:HHNM,Hayhurst New Mexico Solar,NM,Eddy,staged_only,,20.0,,OP
66413:10112,Spanish Fork Community Solar,UT,Utah,staged_only,,4.0,,OP
66415:KNIGH,IMPA Knightstown Solar Park,IN,Henry,staged_only,,1.4,,OP
66416:WASH2,IMPA Washington Solar Park 2,IN,Daviess,staged_only,,9.9,,OP
66417:GRND,Manheim New England,MA,Bristol,staged_only,,2.5,,OP
66418:PGR36,Sonny Solar LLC,GA,Elbert,staged_only,,40.0,,OP
66419:DANE,Dane County Solar LLC,WI,Dane,staged_only,,17.3,,OP
66420:FWBAT,Five Wells Solar Center - Hybrid,TX,Bell,staged_only,,262.5,,OP
66420:FWSOL,Five Wells Solar Center - Hybrid,TX,Bell,staged_only,,355.4,,OP
66422:NORTH,Westside Solar,MN,Olmsted,staged_only,,3.5,,OP
66422:SOUTH,Westside Solar,MN,Olmsted,staged_only,,6.5,,OP
66423:BESS1,Stanton Battery Energy Storage,CA,Orange,staged_only,,68.8,,OP
66424:LIV,ELP Livingston Solar,NY,Columbia,staged_only,,5.0,,OP
66425:CLAV,ELP Claverack Solar,NY,Columbia,staged_only,,5.0,,OP
66427:EMAR1,"Emerald Marshfields, LLC",MA,Plymouth,staged_only,,1.9,,OP
66428:EK350,"Emerald Kemble, LLC",NJ,Morris,staged_only,,1.2,,OP
66428:EK360,"Emerald Kemble, LLC",NJ,Morris,staged_only,,1.2,,OP
66429:EPKI1,"Emerald Gardens PKI, LLC",CT,Fairfield,staged_only,,0.8,,OP
66429:EPKI2,"Emerald Gardens PKI, LLC",CT,Fairfield,staged_only,,0.8,,OP
66432:USGBS,USS Fruita Solar LLC CSG,CO,Mesa,staged_only,,2.0,,OP
66433:USFPS,USS Fair Park Solar LLC (CSG),MN,Rice,staged_only,,1.0,,OP
66434:PB1,Monroeville RTO BTM,OH,Huron,staged_only,,2.7,,OP
66435:USCOS,USS Cosmo Solar LLC (CSG),MN,Renville,staged_only,,1.0,,OP
66436:USCOG,USS Cogburn Solar LLC (CSG),CO,Weld,staged_only,,2.4,,OP
66437:PB1,Niles RTO BTM,OH,Trumbull,staged_only,,2.7,,OP
66437:PB2,Niles RTO BTM,OH,Trumbull,staged_only,,2.7,,OP
66437:PB3,Niles RTO BTM,OH,Trumbull,staged_only,,2.7,,OP
66437:PB4,Niles RTO BTM,OH,Trumbull,staged_only,,2.7,,OP
66438:PB1,Perkasie PA BTM,PA,Bucks,staged_only,,2.2,,OP
66438:PB2,Perkasie PA BTM,PA,Bucks,staged_only,,2.2,,OP
66442:ORANG,LSE Musca Solar,NY,Schuyler,staged_only,,5.0,,OP
66443:PB1,Weatherly(PA) RTO BTM	,PA,Carbon,staged_only,,2.7,,OP
66443:PB2,Weatherly(PA) RTO BTM	,PA,Carbon,staged_only,,2.7,,OP
66444:PB1,Woodville RTO BTM,OH,Sandusky,staged_only,,2.7,,OP
66445:PB 2,Blakely (PA) RTO BTM,PA,Lackawanna,staged_only,,2.7,,OP
66445:PB1,Blakely (PA) RTO BTM,PA,Lackawanna,staged_only,,2.7,,OP
66446:PB1,Ephrata PA BTM,PA,Lancaster,staged_only,,2.7,,OP
66446:PB2,Ephrata PA BTM,PA,Lancaster,staged_only,,2.7,,OP
66447:WESTP,Westport Stone & Sand Solar (CSG),MA,Bristol,staged_only,,5.0,,OP
66448:PB1,Girard (PA) RTO BTM,PA,Erie,staged_only,,2.7,,OP
66449:NORTH,Northline Solar CSG,NY,Rensselaer,staged_only,,4.0,,OP
66450:PB1,Quakertown PA BTM,PA,Bucks,staged_only,,2.7,,OP
66450:PB2,Quakertown PA BTM,PA,Bucks,staged_only,,2.7,,OP
66450:PB3,Quakertown PA BTM,PA,Bucks,staged_only,,2.7,,OP
66450:PB4,Quakertown PA BTM,PA,Bucks,staged_only,,2.7,,OP
66451:PB1,Schuylkill Haven PA BTM,PA,Schuylkill,staged_only,,2.7,,OP
66451:PB2,Schuylkill Haven PA BTM,PA,Schuylkill,staged_only,,2.7,,OP
66452:PB1,Mifflinburg PA BTM,PA,Union,staged_only,,2.7,,OP
66452:PB2,Mifflinburg PA BTM,PA,Union,staged_only,,2.7,,OP
66453:PB1,Wadsworth IPS RTO BTM,OH,Medina,staged_only,,2.7,,OP
66453:PB2,Wadsworth IPS RTO BTM,OH,Medina,staged_only,,2.7,,OP
66453:PB3,Wadsworth IPS RTO BTM,OH,Medina,staged_only,,2.7,,OP
66453:PB4,Wadsworth IPS RTO BTM,OH,Medina,staged_only,,2.7,,OP
66454:PB1,Hatfield PA BTM,PA,Montgomery,staged_only,,2.7,,OP
66455:YNH01,Yale New Haven - New London,CT,New London,staged_only,,1.8,,OP
66456:ANB00,Anheuser Busch - Fairfield,CA,Solano,staged_only,,2.6,,OP
66457:APP18,Apple Staten Island - Industrial Loop,NY,Richmond,staged_only,,5.0,,OP
66458:RCH00,Redlands Community Hospital,CA,San Bernardino,staged_only,,1.1,,OP
66459:TLR01,Taylor Farms - Schilling Place,CA,Monterey,staged_only,,1.0,,OP
66460:APP21,Apple Staten Island - Winant Place,NY,Richmond,staged_only,,5.0,,OP
66461:GEN1,Beaumont BESS,CA,Riverside,staged_only,,116.6,,OP
66462:GEN1,Placerita ESS,CA,Los Angeles,staged_only,,88.0,,OP
66464:PB1,Wadsworth HBS RTO BTM,OH,Medina,staged_only,,2.7,,OP
66464:PB2,Wadsworth HBS RTO BTM,OH,Medina,staged_only,,2.7,,OP
66464:PB3,Wadsworth HBS RTO BTM,OH,Medina,staged_only,,2.7,,OP
66464:PB4,Wadsworth HBS RTO BTM,OH,Medina,staged_only,,2.7,,OP
66465:68900,"Spring Hope Solar 2, LLC",NC,Nash,staged_only,,5.0,,OP
66466:43580,"Blue Skies Solar, LLC",CA,Kern,staged_only,,1.0,,OP
66468:PV1,Clovis High School,CA,Fresno,staged_only,,1.0,,OP
66469:PV1,Clovis East High School,CA,Fresno,staged_only,,1.0,,OP
66470:PV1,Clovis North High School,CA,Fresno,staged_only,,1.0,,OP
66471:EIFEL,Eiffel Solar Project,TX,Lamar,staged_only,,240.0,,OP
66472:CGEN1,San Manuel Central Plant Cogens,CA,San Bernardino,staged_only,,2.7,,OP
66472:CGEN2,San Manuel Central Plant Cogens,CA,San Bernardino,staged_only,,2.7,,OP
66473:WALTO,LSE Pavo Solar,NY,Delaware,staged_only,,2.3,,OP
66474:18170,MA Blackstone,MA,Worcester,staged_only,,4.2,,OP
66474:B8170,MA Blackstone,MA,Worcester,staged_only,,3.0,,OP
66476:18268,CA Jurupa Valley 3251 De Forest Circle,CA,Riverside,staged_only,,4.5,,OP
66477:USMAS,USS Martha Solar (CSG),MN,Carver,staged_only,,1.0,,OP
66479:PEM10,Pivot Energy Minnesota Solar 10,MN,Stearns,staged_only,,1.0,,OP
66480:PEMS1,Pivot Energy Minnesota Solar 1,MN,Steele,staged_only,,1.0,,OP
66481:UVALE,Union Vale,NY,Dutchess,staged_only,,1.7,,OP
66482:GHENT,Ghent (NY),NY,Columbia,staged_only,,3.3,,OP
66483:SNFRD,Stanford,NY,Dutchess,staged_only,,5.0,,OP
66485:GLSTR,Gloucester,NJ,Camden,staged_only,,2.4,,OP
66486:RAMPO,Ramapo,NJ,Bergen,staged_only,,4.2,,OP
66487:MOYER,Moyer Solar,NC,Rockingham,staged_only,,5.0,,OP
66488:10958,Davis Solar,NY,Orange,staged_only,,2.0,,OP
66488:BAT,Davis Solar,NY,Orange,staged_only,,2.0,,OP
66489:10951,Genesee - CCR Solar,NY,Monroe,staged_only,,3.7,,OP
66490:10998,Bullitt Farm Solar,NY,Oneida,staged_only,,5.0,,OP
66492:HMRD1,Henry Miller RD,CA,Merced,staged_only,,1.5,,OP
66494:NOVA1,Menifee Power Bank,CA,Riverside,staged_only,,230.0,,OP
66494:NOVA2,Menifee Power Bank,CA,Riverside,staged_only,,230.0,,OP
66494:NOVA3,Menifee Power Bank,CA,Riverside,staged_only,,50.0,,OP
66494:NOVA4,Menifee Power Bank,CA,Riverside,staged_only,,110.0,,OP
66494:NOVA5,Menifee Power Bank,CA,Riverside,staged_only,,60.0,,OP
66495:PV1,Magruder Solar Community Solar,NY,Ulster,staged_only,,5.0,,OP
66496:SLW,"Sweetland Wind Farm, LLC",SD,Hand,staged_only,,200.0,,OP
66499:FDBA1,Federalsburg Energy Storage 1 LLC,MD,Caroline,staged_only,,1.2,,OP
66499:FDPV1,Federalsburg Energy Storage 1 LLC,MD,Caroline,staged_only,,0.8,,OP
66500:VC85,Valley Center 85,CA,San Diego,staged_only,,85.0,,OP
66501:CCBA1,Cicero Energy Storage 1 LLC,NY,Onondaga,staged_only,,5.0,,OP
66501:CCPV1,Cicero Energy Storage 1 LLC,NY,Onondaga,staged_only,,5.0,,OP
66502:VC54,Valley Center 54,CA,San Diego,staged_only,,54.0,,OP
66503:CCBA2,Cicero Energy Storage 2 LLC,NY,Onondaga,staged_only,,5.0,,OP
66503:CCPV2,Cicero Energy Storage 2 LLC,NY,Onondaga,staged_only,,5.0,,OP
66504:SS1,Sunnyside 1 Solar,NY,Schenectady,staged_only,,5.0,,OP
66505:CV150,EnerSmart Chula Vista Sub Station,CA,San Diego,staged_only,,3.0,,OP
66505:CV151,EnerSmart Chula Vista Sub Station,CA,San Diego,staged_only,,3.0,,OP
66506:WEST2,West Tambo Clean Power II,CA,Merced,staged_only,,2.0,,OP
66507:BR1A,Briscoe 1A,IL,LaSalle,staged_only,,2.0,,OP
66508:BR2A,Briscoe 2A,IL,LaSalle,staged_only,,2.0,,OP
66509:18259,CA Manteca 730 Spreckels Ave,CA,San Joaquin,staged_only,,1.5,,OP
66509:B8259,CA Manteca 730 Spreckels Ave,CA,San Joaquin,staged_only,,1.5,,OP
66512:18196,ME Augusta 13 York Farm Rd Solar,ME,Kennebec,staged_only,,1.0,,OP
66517:19344,TX Houston 7080 Express Lane,TX,Harris,staged_only,,1.9,,OP
66519:19503,TX Pasadena 10585 Red Bluff Road Solar,TX,Harris,staged_only,,2.4,,OP
66520:19644,TX Sunnyvale 367 Long Creek Road Solar,TX,Dallas,staged_only,,2.0,,OP
66521:18808,Afton Solar,NY,Chenango,staged_only,,5.0,,OP
66522:18208,Amherst Community Solar,NY,Erie,staged_only,,5.0,,OP
66523:20149,NY Beaver Dams Dix 1239 Duvall Rd Solar,NY,Schuyler,staged_only,,5.0,,OP
66524:20738,Greene Community Solar,NY,Chenango,staged_only,,5.0,,OP
66525:21105,NY Fredonia 9824 Route 60 Solar,NY,Chautauqua,staged_only,,5.0,,OP
66526:19372,NY Geneseo 3240 W Lake Rd Solar,NY,Livingston,staged_only,,5.0,,OP
66527:21011,NY Grand Island 871 Whitehaven Rd Solar,NY,Erie,staged_only,,5.0,,OP
66528:18237,NY Lancaster Gunnville Rd Site 1 Solar C,NY,Erie,staged_only,,5.0,,OP
66529:21013,NY Lancaster Shisler Rd Site 2 Solar CSG,NY,St Lawrence,staged_only,,5.2,,OP
66530:21013,NY Potsdam 28 Hamilton St. Solar,NY,St Lawrence,staged_only,,4.4,,OP
66531:WPION,Pioneer Hutt Wind Energy,TX,Midland,staged_only,,140.0,,OP
66532:BCE21,BCE Los Alamitos 2,CA,Orange,staged_only,,10.0,,OP
66532:BCE22,BCE Los Alamitos 2,CA,Orange,staged_only,,10.0,,OP
66533:BCE11,BCE Los Alamitos 1,CA,Orange,staged_only,,10.0,,OP
66533:BCE12,BCE Los Alamitos 1,CA,Orange,staged_only,,10.0,,OP
66536:5003A,CPG - Duke 5300A Holabird,MD,Baltimore City,staged_only,,1.5,,OP
66537:5003B,CPG - Duke 5300B Holabird,MD,Baltimore City,staged_only,,1.5,,OP
66538:5900,CPG - Duke 5900 Holabird,MD,Baltimore City,staged_only,,1.5,,OP
66539:6000,CPG - Duke 6000 Holabird,MD,Baltimore City,staged_only,,1.5,,OP
66540:SES,Shamrock Wind,TX,Crockett,staged_only,,100.0,,OP
66540:WSHAM,Shamrock Wind,TX,Crockett,staged_only,,223.9,,OP
66541:CHSP,Chesapeake Solar Project,VA,Chesapeake City,staged_only,,132.0,,OP
66542:PGR37,Bulldog Solar LLC,GA,Warren,staged_only,,80.0,,OP
66543:PGRCC,Cane Creek,MS,Clarke,staged_only,,78.5,,OP
66544:PGRMS,Moonshot,MS,Hancock,staged_only,,78.5,,OP
66549:H0631,HEB00063,TX,Brazoria,staged_only,,0.4,,OP
66549:H0632,HEB00063,TX,Brazoria,staged_only,,0.4,,OP
66549:H0633,HEB00063,TX,Brazoria,staged_only,,0.4,,OP
66549:H0634,HEB00063,TX,Brazoria,staged_only,,0.4,,OP
66550:H0691,HEB00069,TX,Nueces,staged_only,,0.4,,OP
66550:H0692,HEB00069,TX,Nueces,staged_only,,0.4,,OP
66550:H0693,HEB00069,TX,Nueces,staged_only,,0.4,,OP
66550:H0694,HEB00069,TX,Nueces,staged_only,,0.4,,OP
66553:PV1,Winquepin Renewable Energy Center,FL,Madison,staged_only,,74.9,,OP
66554:22222,Wolverine Solar,MN,Chippewa,staged_only,,1.0,,OP
66560:WREW,Wheatridge East Wind,OR,Morrow,staged_only,,200.0,,OP
66561:B0401,BUC00040,TX,Fort Bend,staged_only,,0.4,,OP
66561:B0402,BUC00040,TX,Fort Bend,staged_only,,0.4,,OP
66561:B0403,BUC00040,TX,Fort Bend,staged_only,,0.4,,OP
66561:B0404,BUC00040,TX,Fort Bend,staged_only,,0.4,,OP
66562:H5911,HEB00591,TX,Williamson,staged_only,,0.4,,OP
66562:H5912,HEB00591,TX,Williamson,staged_only,,0.4,,OP
66562:H5913,HEB00591,TX,Williamson,staged_only,,0.4,,OP
66562:H5914,HEB00591,TX,Williamson,staged_only,,0.4,,OP
66563:H0921,HEB00092,TX,Victoria,staged_only,,0.4,,OP
66563:H0922,HEB00092,TX,Victoria,staged_only,,0.4,,OP
66563:H0923,HEB00092,TX,Victoria,staged_only,,0.4,,OP
66563:H0924,HEB00092,TX,Victoria,staged_only,,0.4,,OP
66564:H0951,HEB00095,TX,Webb,staged_only,,0.4,,OP
66564:H0952,HEB00095,TX,Webb,staged_only,,0.4,,OP
66564:H0953,HEB00095,TX,Webb,staged_only,,0.4,,OP
66564:H0954,HEB00095,TX,Webb,staged_only,,0.4,,OP
66565:HCCB1,HEBCCBakery,TX,Nueces,staged_only,,0.4,,OP
66565:HCCB2,HEBCCBakery,TX,Nueces,staged_only,,0.4,,OP
66565:HCCB3,HEBCCBakery,TX,Nueces,staged_only,,0.4,,OP
66565:HCCB4,HEBCCBakery,TX,Nueces,staged_only,,0.4,,OP
66565:HCCB5,HEBCCBakery,TX,Nueces,staged_only,,0.4,,OP
66565:HCCB6,HEBCCBakery,TX,Nueces,staged_only,,0.4,,OP
66565:HCCB7,HEBCCBakery,TX,Nueces,staged_only,,0.4,,OP
66565:HCCB8,HEBCCBakery,TX,Nueces,staged_only,,0.4,,OP
66566:HSNP1,HEBSnackPlant,TX,Harris,staged_only,,0.4,,OP
66566:HSNP2,HEBSnackPlant,TX,Harris,staged_only,,0.4,,OP
66566:HSNP3,HEBSnackPlant,TX,Harris,staged_only,,0.4,,OP
66566:HSNP4,HEBSnackPlant,TX,Harris,staged_only,,0.4,,OP
66567:HDC10,HEBHoustonDistributionCenter,TX,Harris,staged_only,,0.4,,OP
66567:HDC11,HEBHoustonDistributionCenter,TX,Harris,staged_only,,0.4,,OP
66567:HDC12,HEBHoustonDistributionCenter,TX,Harris,staged_only,,0.4,,OP
66567:HDC13,HEBHoustonDistributionCenter,TX,Harris,staged_only,,0.4,,OP
66567:HDC14,HEBHoustonDistributionCenter,TX,Harris,staged_only,,0.4,,OP
66567:HDC15,HEBHoustonDistributionCenter,TX,Harris,staged_only,,0.4,,OP
66567:HDC16,HEBHoustonDistributionCenter,TX,Harris,staged_only,,0.4,,OP
66567:HDC17,HEBHoustonDistributionCenter,TX,Harris,staged_only,,0.4,,OP
66567:HDC18,HEBHoustonDistributionCenter,TX,Harris,staged_only,,0.4,,OP
66567:HDC19,HEBHoustonDistributionCenter,TX,Harris,staged_only,,0.4,,OP
66567:HDC20,HEBHoustonDistributionCenter,TX,Harris,staged_only,,0.4,,OP
66567:HDC21,HEBHoustonDistributionCenter,TX,Harris,staged_only,,0.4,,OP
66567:HDC22,HEBHoustonDistributionCenter,TX,Harris,staged_only,,0.4,,OP
66567:HDC23,HEBHoustonDistributionCenter,TX,Harris,staged_only,,0.4,,OP
66567:HDC24,HEBHoustonDistributionCenter,TX,Harris,staged_only,,0.4,,OP
66567:HDC25,HEBHoustonDistributionCenter,TX,Harris,staged_only,,0.4,,OP
66567:HDC26,HEBHoustonDistributionCenter,TX,Harris,staged_only,,0.4,,OP
66567:HDC27,HEBHoustonDistributionCenter,TX,Harris,staged_only,,0.4,,OP
66567:HDC28,HEBHoustonDistributionCenter,TX,Harris,staged_only,,0.4,,OP
66567:HDC29,HEBHoustonDistributionCenter,TX,Harris,staged_only,,0.4,,OP
66567:HDC30,HEBHoustonDistributionCenter,TX,Harris,staged_only,,0.4,,OP
66567:HDC31,HEBHoustonDistributionCenter,TX,Harris,staged_only,,0.4,,OP
66567:HDC32,HEBHoustonDistributionCenter,TX,Harris,staged_only,,0.4,,OP
66567:HHDC1,HEBHoustonDistributionCenter,TX,Harris,staged_only,,0.4,,OP
66567:HHDC2,HEBHoustonDistributionCenter,TX,Harris,staged_only,,0.4,,OP
66567:HHDC3,HEBHoustonDistributionCenter,TX,Harris,staged_only,,0.4,,OP
66567:HHDC4,HEBHoustonDistributionCenter,TX,Harris,staged_only,,0.4,,OP
66567:HHDC5,HEBHoustonDistributionCenter,TX,Harris,staged_only,,0.4,,OP
66567:HHDC6,HEBHoustonDistributionCenter,TX,Harris,staged_only,,0.4,,OP
66567:HHDC7,HEBHoustonDistributionCenter,TX,Harris,staged_only,,0.4,,OP
66567:HHDC8,HEBHoustonDistributionCenter,TX,Harris,staged_only,,0.4,,OP
66567:HHDC9,HEBHoustonDistributionCenter,TX,Harris,staged_only,,0.4,,OP
66568:SHO02,Shady Oaks Wind 2,IL,Lee,staged_only,,108.3,,OP
66569:BMSA,"Black Mesa Solar, LLC",ID,Elmore,staged_only,,40.0,,OP
66570:FS1,Fredonia Solar (KS),KS,Wilson,staged_only,,2.0,,OP
66571:BKVP1,BKV-BPP Ponder Solar,TX,Denton,staged_only,,2.5,,OP
66572:HPKS1,Highpeak Solar 1,TX,Howard,staged_only,,10.0,,OP
66573:MNC04,Crane Garden,MN,McLeod,staged_only,,0.9,,OP
66574:SANS,San Juan Solar I,NM,San Juan,staged_only,,200.0,,OP
66574:SJSS,San Juan Solar I,NM,San Juan,staged_only,,100.0,,OP
66575:SUNS2,Sunlight Storage II,CA,Riverside,staged_only,,230.0,,OP
66576:MNC07,Fox Garden,MN,Waseca,staged_only,,0.9,,OP
66577:MNC02,Pepin Garden,MN,Wabasha,staged_only,,0.9,,OP
66578:MNC03,Pickerel Garden,MN,Sherburne,staged_only,,0.9,,OP
66579:MNC05,Sturgeon Garden,MN,Goodhue,staged_only,,0.9,,OP
66580:MNC06,Winona Garden,MN,Winona,staged_only,,0.9,,OP
66582:07948,North Kingstown Solar LLC,RI,Washington,staged_only,,1.9,,OP
66583:05658,Phillips Route 82 Solar LLC,NY,Dutchess,staged_only,,5.0,,OP
66584:07367,White Rock Road LLC,RI,Washington,staged_only,,6.5,,OP
66585:07152,French King Solar LLC,MA,Franklin,staged_only,,5.0,,OP
66586:06945,DOCCS Greene,NY,Greene,staged_only,,5.0,,OP
66587:SOL,Americus,KS,Lyon,staged_only,,1.0,,OP
66588:SOL,Ashley-Chicot Solar,AR,Ashley,staged_only,,1.0,,OP
66589:SOL,Berryville School District Solar,AR,Carroll,staged_only,,1.0,,OP
66590:SOL,C&L,AR,Lincoln,staged_only,,1.0,,OP
66591:SOL,Cheney Solar,KS,Sedgwick,staged_only,,1.0,,OP
66592:ERDC1,ERDC,MS,Warren,staged_only,,0.4,,OP
66592:ERDC2,ERDC,MS,Warren,staged_only,,0.4,,OP
66592:ERDC3,ERDC,MS,Warren,staged_only,,0.4,,OP
66592:ERDC4,ERDC,MS,Warren,staged_only,,0.4,,OP
66592:ERDC5,ERDC,MS,Warren,staged_only,,0.4,,OP
66592:ERDC6,ERDC,MS,Warren,staged_only,,0.4,,OP
66592:ERDC7,ERDC,MS,Warren,staged_only,,0.4,,OP
66592:ERDC8,ERDC,MS,Warren,staged_only,,0.4,,OP
66593:H0481,HEB00048,TX,Jefferson,staged_only,,0.4,,OP
66593:H0482,HEB00048,TX,Jefferson,staged_only,,0.4,,OP
66593:H0483,HEB00048,TX,Jefferson,staged_only,,0.4,,OP
66594:H5941,HEB00594,TX,Montgomery,staged_only,,0.4,,OP
66594:H5942,HEB00594,TX,Montgomery,staged_only,,0.4,,OP
66594:H5943,HEB00594,TX,Montgomery,staged_only,,0.4,,OP
66595:FLD10,FTBLID2,TX,Fort Bend,staged_only,,0.4,,OP
66595:FLD11,FTBLID2,TX,Fort Bend,staged_only,,0.4,,OP
66595:FLD12,FTBLID2,TX,Fort Bend,staged_only,,0.4,,OP
66595:FLD13,FTBLID2,TX,Fort Bend,staged_only,,0.4,,OP
66595:FLD14,FTBLID2,TX,Fort Bend,staged_only,,0.4,,OP
66595:FLD15,FTBLID2,TX,Fort Bend,staged_only,,0.4,,OP
66595:FLD16,FTBLID2,TX,Fort Bend,staged_only,,0.4,,OP
66595:FLD17,FTBLID2,TX,Fort Bend,staged_only,,0.4,,OP
66595:FLD18,FTBLID2,TX,Fort Bend,staged_only,,0.4,,OP
66595:FLD19,FTBLID2,TX,Fort Bend,staged_only,,0.4,,OP
66595:FLD20,FTBLID2,TX,Fort Bend,staged_only,,0.4,,OP
66595:FLD21,FTBLID2,TX,Fort Bend,staged_only,,0.4,,OP
66595:FLD22,FTBLID2,TX,Fort Bend,staged_only,,0.4,,OP
66595:FLD23,FTBLID2,TX,Fort Bend,staged_only,,0.4,,OP
66595:FLD24,FTBLID2,TX,Fort Bend,staged_only,,0.4,,OP
66595:FLD25,FTBLID2,TX,Fort Bend,staged_only,,0.4,,OP
66595:FLD26,FTBLID2,TX,Fort Bend,staged_only,,0.4,,OP
66595:FLD27,FTBLID2,TX,Fort Bend,staged_only,,0.4,,OP
66595:FLD28,FTBLID2,TX,Fort Bend,staged_only,,0.4,,OP
66595:FLID1,FTBLID2,TX,Fort Bend,staged_only,,0.4,,OP
66595:FLID2,FTBLID2,TX,Fort Bend,staged_only,,0.4,,OP
66595:FLID3,FTBLID2,TX,Fort Bend,staged_only,,0.4,,OP
66595:FLID4,FTBLID2,TX,Fort Bend,staged_only,,0.4,,OP
66595:FLID5,FTBLID2,TX,Fort Bend,staged_only,,0.4,,OP
66595:FLID6,FTBLID2,TX,Fort Bend,staged_only,,0.4,,OP
66595:FLID7,FTBLID2,TX,Fort Bend,staged_only,,0.4,,OP
66595:FLID8,FTBLID2,TX,Fort Bend,staged_only,,0.4,,OP
66595:FLID9,FTBLID2,TX,Fort Bend,staged_only,,0.4,,OP
66596:PRAX1,Praxair,TX,Brazoria,staged_only,,0.4,,OP
66596:PRAX2,Praxair,TX,Brazoria,staged_only,,0.4,,OP
66596:PRAX3,Praxair,TX,Brazoria,staged_only,,0.4,,OP
66597:RAVC1,RavenChem,TX,Harris,staged_only,,0.4,,OP
66597:RAVC2,RavenChem,TX,Harris,staged_only,,0.4,,OP
66597:RAVC3,RavenChem,TX,Harris,staged_only,,0.4,,OP
66597:RAVC4,RavenChem,TX,Harris,staged_only,,0.4,,OP
66597:RAVC5,RavenChem,TX,Harris,staged_only,,0.4,,OP
66597:RAVC6,RavenChem,TX,Harris,staged_only,,0.4,,OP
66597:RAVC7,RavenChem,TX,Harris,staged_only,,0.4,,OP
66597:RAVC8,RavenChem,TX,Harris,staged_only,,0.4,,OP
66598:BDMSS,Baldy Mesa Solar & Storage,CA,San Bernardino,staged_only,,75.0,,OP
66598:BLDMS,Baldy Mesa Solar & Storage,CA,San Bernardino,staged_only,,150.0,,OP
66599:1,Dark Sky Energy Center,CA,San Diego,staged_only,,7.3,,OP
66600:CT1,Bushy Park Combustion Turbine Facility,SC,Berkeley,staged_only,,65.4,,OP
66601:GT61,NRG THW GT Electric Generating Station,TX,Harris,staged_only,,188.7,,OP
66601:GT62,NRG THW GT Electric Generating Station,TX,Harris,staged_only,,188.7,,OP
66602:BCKWT,Beckwith Solar,NC,Columbus,staged_only,,5.0,,OP
66603:454,IGS OXR1,CA,Ventura,staged_only,,4.8,,OP
66604:CTG-1,Remy Jade Power Station,TX,Harris,staged_only,,60.5,,OP
66604:CTG-2,Remy Jade Power Station,TX,Harris,staged_only,,60.5,,OP
66604:CTG-3,Remy Jade Power Station,TX,Harris,staged_only,,60.5,,OP
66604:CTG-4,Remy Jade Power Station,TX,Harris,staged_only,,60.5,,OP
66604:CTG-5,Remy Jade Power Station,TX,Harris,staged_only,,60.5,,OP
66604:CTG-6,Remy Jade Power Station,TX,Harris,staged_only,,60.5,,OP
66604:CTG-7,Remy Jade Power Station,TX,Harris,staged_only,,60.5,,OP
66604:CTG-8,Remy Jade Power Station,TX,Harris,staged_only,,60.5,,OP
66605:ARTH2,Arthur 2 Solar,NC,Columbus,staged_only,,5.0,,OP
66606:CROS1,Cross Town Energy Storage,ME,Cumberland,staged_only,,175.0,,OP
66607:SOL,Clay County Electrical Cooperative,AR,Clay,staged_only,,1.0,,OP
66608:CEBA,Craighead Electric Solar One,AR,Craighead,staged_only,,1.2,,OP
66608:SOL,Craighead Electric Solar One,AR,Craighead,staged_only,,1.0,,OP
66609:SOL,DeGraff Butler Electric,KS,Butler,staged_only,,1.0,,OP
66610:SOL,Farmers Electric Cooperative,AR,Jackson,staged_only,,1.0,,OP
66612:H0851,HEB_CPS00085,TX,Bexar,staged_only,,0.4,,OP
66612:H0852,HEB_CPS00085,TX,Bexar,staged_only,,0.4,,OP
66612:H0853,HEB_CPS00085,TX,Bexar,staged_only,,0.4,,OP
66612:H0854,HEB_CPS00085,TX,Bexar,staged_only,,0.4,,OP
66613:SAD10,HEB_CPSSADC,TX,Bexar,staged_only,,0.4,,OP
66613:SAD11,HEB_CPSSADC,TX,Bexar,staged_only,,0.4,,OP
66613:SAD12,HEB_CPSSADC,TX,Bexar,staged_only,,0.4,,OP
66613:SAD13,HEB_CPSSADC,TX,Bexar,staged_only,,0.4,,OP
66613:SAD14,HEB_CPSSADC,TX,Bexar,staged_only,,0.4,,OP
66613:SAD15,HEB_CPSSADC,TX,Bexar,staged_only,,0.4,,OP
66613:SAD16,HEB_CPSSADC,TX,Bexar,staged_only,,0.4,,OP
66613:SADC1,HEB_CPSSADC,TX,Bexar,staged_only,,0.4,,OP
66613:SADC2,HEB_CPSSADC,TX,Bexar,staged_only,,0.4,,OP
66613:SADC3,HEB_CPSSADC,TX,Bexar,staged_only,,0.4,,OP
66613:SADC4,HEB_CPSSADC,TX,Bexar,staged_only,,0.4,,OP
66613:SADC5,HEB_CPSSADC,TX,Bexar,staged_only,,0.4,,OP
66613:SADC6,HEB_CPSSADC,TX,Bexar,staged_only,,0.4,,OP
66613:SADC7,HEB_CPSSADC,TX,Bexar,staged_only,,0.4,,OP
66613:SADC8,HEB_CPSSADC,TX,Bexar,staged_only,,0.4,,OP
66613:SADC9,HEB_CPSSADC,TX,Bexar,staged_only,,0.4,,OP
66614:CTZH1,OTHERCitizensHospital,TX,Victoria,staged_only,,0.4,,OP
66614:CTZH2,OTHERCitizensHospital,TX,Victoria,staged_only,,0.4,,OP
66614:CTZH3,OTHERCitizensHospital,TX,Victoria,staged_only,,0.4,,OP
66614:CTZH4,OTHERCitizensHospital,TX,Victoria,staged_only,,0.4,,OP
66614:CTZH5,OTHERCitizensHospital,TX,Victoria,staged_only,,0.4,,OP
66614:CTZH6,OTHERCitizensHospital,TX,Victoria,staged_only,,0.4,,OP
66614:CTZH7,OTHERCitizensHospital,TX,Victoria,staged_only,,0.4,,OP
66615:STG01,Eunice LA Plant,LA,Acadia,staged_only,,4.7,,OP
66616:1,Wolf Tank Storage,TX,Webb,staged_only,,150.0,,OP
66617:1,Cald BESS,CA,Los Angeles,staged_only,,100.0,,OP
66619:AFTW,Lakeview Battery Storage Facility,CA,Kern,staged_only,,1.2,,OP
66620:GEN1,Resurgence Solar II,CA,San Bernardino,staged_only,,48.0,,OP
66620:GEN2,Resurgence Solar II,CA,San Bernardino,staged_only,,40.0,,OP
66622:VSPRC,9150 Hermosa Solar GM,CA,San Bernardino,staged_only,,1.3,,OP
66623:HGS,Harvest Gold Solar,MS,Sunflower,staged_only,,99.0,,OP
66624:DBD,Double Back Diamond,IL,Sangamon,staged_only,,592.8,,OP
66625:78661,Prairie Mist Solar,AR,Ashley,staged_only,,109.2,,OP
66626:WADLE,Wadley Solar,GA,Jefferson,staged_only,,260.0,,OP
66627:SON12,Sonoran Solar Energy,AZ,Maricopa,staged_only,,490.0,,OP
66627:SON13,Sonoran Solar Energy,AZ,Maricopa,staged_only,,260.0,,OP
66628:PV,"Altona Solar, LLC",MO,Audrain,staged_only,,30.0,,OP
66629:PV,"Envoy Solar, LLC",MO,Audrain,staged_only,,50.0,,OP
66630:PV,"Richland Township Solar, LLC",IL,Marshall,staged_only,,35.0,,OP
66631:PV,"Earp Solar, LLC",IL,Warren,staged_only,,35.0,,OP
66632:PV,"Kimmel Road Solar, LLC",IL,Perry,staged_only,,50.0,,OP
66633:PV,"Salt Creek Township Solar, LLC",IL,Mason,staged_only,,50.0,,OP
66634:ENX20,Adams Solar LLC PA,PA,Adams,staged_only,,80.0,,OP
66635:ENX20,Caden Energix Axton LLC,VA,Henry,staged_only,,66.0,,OP
66636:BESS,McFarland A Solar and Storage,AZ,Yuma,staged_only,,100.0,,OP
66636:MCFRA,McFarland A Solar and Storage,AZ,Yuma,staged_only,,200.0,,OP
66637:BESS,McFarland B Solar and Storage,AZ,Yuma,staged_only,,150.0,,OP
66637:MCFRB,McFarland B Solar and Storage,AZ,Yuma,staged_only,,300.0,,OP
66638:LODI,Enchanted Rock Lodi,CA,San Joaquin,staged_only,,48.0,,OP
66639:PV1,Falmouth Renewable Energy Center,FL,Suwannee,staged_only,,74.9,,OP
66642:USKWA,Kiowa County Solar Project,OK,Kiowa,staged_only,,100.0,,OP
66643:DBSC1,Dunns Bridge I Solar,IN,Jasper,staged_only,,265.0,,OP
66645:KIPP,ELP - Kipp,NY,Columbia,staged_only,,3.5,,OP
66646:USMTC,"Martin County Solar Project, LLC",KY,Martin,staged_only,,111.0,,OP
66647:USELT,Elkhart County Solar Project,IN,Elkhart,staged_only,,100.0,,OP
66648:BLKWL,Blackwell?s Corner Storage Facility,CA,Kern,staged_only,,2.0,,OP
66649:LLS,"Long Lake Solar, LLC",AR,Phillips,staged_only,,200.0,,OP
66650:BC1,Bear Canyon,CA,Lake,staged_only,,13.0,,OP
66652:CVAO,KDC Solar CV Ascend One LLC,MD,Howard,staged_only,,2.0,,OP
66653:CVCL,KDC Solar CV Cedar Lane Park LLC,MD,Howard,staged_only,,2.0,,OP
66654:CVRT,KDC Solar CV Central MD Regional Transit,MD,Howard,staged_only,,2.0,,OP
66655:CVAC,KDC Solar CV Animal Control LLC,MD,Howard,staged_only,,2.0,,OP
66656:CVOD,KDC Solar CV O'Donnell Property LLC,MD,Howard,staged_only,,2.0,,OP
66659:MAL,Acid BESS,CA,Fresno,staged_only,,97.0,,OP
66660:HAN,Lead BESS 1,CA,Kings,staged_only,,99.4,,OP
66661:HEN,Electrolyte BESS,CA,Kings,staged_only,,99.4,,OP
66662:BIA,Lead BESS 2,CA,Kings,staged_only,,32.0,,OP
66664:DBLNS,Dublin Street LLC,ME,Washington,staged_only,,4.9,,OP
66666:TWES1,Tumbleweed Energy Storage,CA,Kern,staged_only,,50.0,,OP
66666:TWES2,Tumbleweed Energy Storage,CA,Kern,staged_only,,75.0,,OP
66667:ROSA,City of Rosamond (CA),CA,Kern,staged_only,,1.0,,OP
66668:CKWF,Chickasaw Wind Farm,IA,Chickasaw,staged_only,,202.4,,OP
66669:WFF1,West Ford Flat,CA,Lake,staged_only,,25.0,,OP
66670:HARQ1,Harquahala Sun Solar Project,AZ,Maricopa,staged_only,,150.0,,OP
66676:KING3,Kings CSG 3 LLC Community Solar,CA,Kings,staged_only,,3.0,,OP
66677:VISAL,Visalia CSG LLC,CA,Tulare,staged_only,,3.0,,OP
66679:TULAR,Tulare CSG LLC,CA,Tulare,staged_only,,3.0,,OP
66680:UNIT1,Enchanted Rock Turlock Irrigation Distri,CA,Stanislaus,staged_only,,11.7,,OP
66680:UNIT2,Enchanted Rock Turlock Irrigation Distri,CA,Stanislaus,staged_only,,11.7,,OP
66680:UNIT3,Enchanted Rock Turlock Irrigation Distri,CA,Stanislaus,staged_only,,11.7,,OP
66680:UNIT4,Enchanted Rock Turlock Irrigation Distri,CA,Stanislaus,staged_only,,11.7,,OP
66681:STS,Sterlington Solar,LA,Ouachita,staged_only,,49.0,,OP
66683:SYV,Sylvan Solar,MN,Cass,staged_only,,15.2,,OP
66687:GRA1,"Graceland Solar, LLC",TN,Shelby,staged_only,,150.0,,OP
66688:BASS,"Bright Arrow Solar, LLC",TX,Hopkins,staged_only,,300.0,,OP
66688:BASS1,"Bright Arrow Solar, LLC",TX,Hopkins,staged_only,,103.6,,OP
66689:7FLAG,Seven Flags BESS LLC,TX,Webb,staged_only,,100.0,,OP
66690:BEND,"Brazos Bend BESS, LLC",TX,Fort Bend,staged_only,,100.0,,OP
66694:ATRES,Atrisco Energy Storage,NM,Bernalillo,staged_only,,300.0,,OP
66696:WINSP,Winfield Solar,MO,Lincoln,staged_only,,150.0,,OP
66697:BS1,Branch Solar Project,MI,Branch,staged_only,,200.0,,OP
66698:OCREF,Oxon Run CREF,DC,District of Columbia,staged_only,,2.0,,OP
66699:LHC2,Lockhart Solar PV II,CA,San Bernardino,staged_only,,59.7,,OP
66699:LOC2,Lockhart Solar PV II,CA,San Bernardino,staged_only,,84.4,,OP
66700:BANNR,Banner Solar,NC,Johnston,staged_only,,5.0,,OP
66709:BEULA,Beulah Solar,SC,Saluda,staged_only,,74.9,,OP
66710:BRICT,Brick City Solar,NC,Duplin,staged_only,,5.0,,OP
66711:CLOVY,Clovelly Solar,NC,Harnett,staged_only,,5.0,,OP
66712:COOGE,Coogee Solar,NC,Pamlico,staged_only,,5.0,,OP
66713:WHRPV,Wheeler Ridge,CA,Kern,staged_only,,4.5,,OP
66714:CRYPV,Crystal Farms Local Solar,CA,Fresno,staged_only,,3.5,,OP
66715:FREPV,Fresno Community Solar,CA,Fresno,staged_only,,10.0,,OP
66716:SB123,Saint Energy Storage II LLC,AZ,Pinal,staged_only,,100.0,,OP
66717:ESTOR,Eastover Solar,SC,Richland,staged_only,,73.6,,OP
66717:STOR,Eastover Solar,SC,Richland,staged_only,,18.0,,OP
66718:ESAAB,ESA Albemarle NC Solar,NC,Stanly,staged_only,,2.0,,OP
66719:MILCH,Millers Chapel Solar,NC,Wayne,staged_only,,4.8,,OP
66720:OAKWD,Oakwood Solar,NC,Orange,staged_only,,5.0,,OP
66721:OVRMN,Overman Solar,NC,Wayne,staged_only,,5.0,,OP
66722:SAW,Saw Solar,NC,Rowan,staged_only,,5.0,,OP
66723:SAWTL,Sawtell Solar,NC,Henderson,staged_only,,3.0,,OP
66724:SOUWK,Southwick Solar,NC,Alamance,staged_only,,3.0,,OP
66725:WHISK,Whiskey Solar,NC,Montgomery,staged_only,,5.0,,OP
66726:IEESS,Inland Empire Energy Storage,CA,San Bernardino,staged_only,,70.0,,OP
66727:GBBES,Georgia Ballard BESS,VT,Franklin,staged_only,,5.0,,OP
66728:SFBES,Springfield BESS,VT,Windsor,staged_only,,5.0,,OP
66729:P3101,(3K) 59 Hetcheltown Rd,NY,Schenectady,staged_only,,1.4,,OP
66730:P4318,Jordan Energy-DFA Middlebury Center Plan,PA,Tioga,staged_only,,1.1,,OP
66731:P4450,Lightstar Renewables - Project 1001,NY,Dutchess,staged_only,,3.9,,OP
66732:P4451,Lightstar Renewables - Project 1002,NY,Dutchess,staged_only,,2.1,,OP
66733:P4721,Lost Hills Oilfield,CA,Kern,staged_only,,1.9,,OP
66734:P4739,Marathon Solar Farm LLC South,NY,Madison,staged_only,,4.4,,OP
66735:783,Kosa,NY,Allegany,staged_only,,1.5,,OP
66736:P4159,Oak Leaf - CSG Portfolio (OL 36),CO,Arapahoe,staged_only,,1.5,,OP
66737:P4161,Oak Leaf - CSG Portfolio (OL 37),CO,Adams,staged_only,,1.5,,OP
66738:P4581,Oak Leaf - CSG Portfolio (OL 38),CO,Adams,staged_only,,1.5,,OP
66739:P4162,Oak Leaf - CSG Portfolio (OL 39),CO,Arapahoe,staged_only,,1.5,,OP
66740:P4347,Oak Leaf - CSG Portfolio (OL 44),CO,Adams,staged_only,,1.5,,OP
66741:575,Richmond Hill,ME,Sagadahoc,staged_only,,1.8,,OP
66742:LAK,Laskin Solar,MN,St Louis,staged_only,,5.6,,OP
66743:DUL,Jean Duluth Solar,MN,St Louis,staged_only,,1.6,,OP
66747:BBS,"Blue Bird Solar, LLC",MO,Warren,staged_only,,139.0,,OP
66748:RICH8,IMPA Richmond 8 Solar Park,IN,Wayne,staged_only,,6.1,,OP
66749:HERR1,Herrington Solar,NY,Rensselaer,staged_only,,5.0,,OP
66750:782,Mahany,NY,Steuben,staged_only,,3.0,,OP
66751:GEN1,Toms River CSG,NJ,Ocean,staged_only,,4.0,,OP
66752:NGVB2,NY Van Buren II CSG,NY,Onondaga,staged_only,,3.0,,OP
66753:714,Webster Creek (Oak 2),WI,Juneau,staged_only,,1.5,,OP
66756:GS1,Genesee Solar Project,MI,Genesee,staged_only,,40.8,,OP
66757:BN1,Bottleneck Energy Storage,CA,Tulare,staged_only,,80.0,,OP
66758:JC1,Justin Court Energy Storage,NJ,Hunterdon,staged_only,,20.0,,OP
66759:DELTA,Delta's Edge Solar,MS,Carroll,staged_only,,100.0,,OP
66760:713,Lemonweir (Oak 1),WI,Juneau,staged_only,,3.0,,OP
66761:WS,West Shore Solar LLC,NY,Ulster,staged_only,,2.4,,OP
66762:P3599,SCH County - (1B) 10 Alice Wagner Way Ni,NY,Schenectady,staged_only,,3.5,,OP
66763:P3600,SCH County - (1E) 398 Anthony St Schenec,NY,Schenectady,staged_only,,1.0,,OP
66764:3954,SCH - (2A) 156 Barhydt Rd Glenville,NY,Schenectady,staged_only,,5.0,,OP
66764:3954B,SCH - (2A) 156 Barhydt Rd Glenville,NY,Schenectady,staged_only,,2.5,,OP
66765:3595,SCH County - (2B) 4982 Rynex Corners Rd,NY,Schenectady,staged_only,,2.5,,OP
66765:3595B,SCH County - (2B) 4982 Rynex Corners Rd,NY,Schenectady,staged_only,,2.5,,OP
66766:P3608,SCH County - (2D) 98 Cheltingham Ave Sch,NY,Schenectady,staged_only,,2.8,,OP
66767:4725,Source Power Company - Richland,NY,Oswego,staged_only,,2.0,,OP
66767:4725B,Source Power Company - Richland,NY,Oswego,staged_only,,2.5,,OP
66769:P4468,Source Power Company - Silver Creek,NY,Chautauqua,staged_only,,5.0,,OP
66770:P3685,THD Baltimore DC - 5830 Project Tiger,MD,Baltimore,staged_only,,1.6,,OP
66771:P4471,Marathon Solar Farm II LLC North,NY,Madison,staged_only,,2.9,,OP
66772:ESPV,Estrella Solar & Storage,CA,Los Angeles,staged_only,,56.0,,OP
66772:ESTRB,Estrella Solar & Storage,CA,Los Angeles,staged_only,,28.0,,OP
66773:RCWYB,Raceway Solar & Storage,CA,Los Angeles,staged_only,,80.0,,OP
66773:RCWYS,Raceway Solar & Storage,CA,Los Angeles,staged_only,,125.0,,OP
66774:78663,Ash Creek Solar,TX,Hill,staged_only,,408.9,,OP
66775:MLPV,Morrow Lake Solar,TX,Frio,staged_only,,200.0,,OP
66776:PV1,Brookdale CC BTM at Lincroft,NJ,Monmouth,staged_only,,3.7,,OP
66777:GEN1,Geneseo Solar,NY,Livingston,staged_only,,5.0,,OP
66779:PPABA,Papago Energy Storage,AZ,Maricopa,staged_only,,300.0,,OP
66780:1,Posey Solar,IN,Posey,staged_only,,190.8,,OP
66782:HAMIL,Hamilton BESS,TX,Val Verde,staged_only,,9.9,,OP
66783:WEILT,Weil Tract BESS,TX,Nueces,staged_only,,9.9,,OP
66784:PAULN,Pauline BESS,TX,Henderson,staged_only,,9.9,,OP
66788:MNWLE,Mineral Wells East BESS,TX,Palo Pinto,staged_only,,9.9,,OP
66789:LUFKS,Lufkin South BESS,TX,Angelina,staged_only,,9.9,,OP
66790:JUDKS,Judkins BESS,TX,Ector,staged_only,,9.9,,OP
66791:GRDNE,Garden City East BESS,TX,Glasscock,staged_only,,9.9,,OP
66792:FALFU,Falfurrias BESS,TX,Brooks,staged_only,,9.9,,OP
66794:DIBOL,Diboll BESS,TX,Angelina,staged_only,,9.9,,OP
66795:CISCO,CISCO BESS,TX,Eastland,staged_only,,9.9,,OP
66796:P5324,ADP Parsippany NJ,NJ,Morris,staged_only,,1.5,,OP
66797:P4376,Agriculture Capital - Legacy Packing,CA,Tulare,staged_only,,1.6,,OP
66798:P5316,"Bayer - Whippany, NJ",NJ,Morris,staged_only,,1.7,,OP
66799:4087,Bishop Ranch - BR 1-Y,CA,Contra Costa,staged_only,,0.7,,OP
66799:4087B,Bishop Ranch - BR 1-Y,CA,Contra Costa,staged_only,,0.7,,OP
66799:4087G,Bishop Ranch - BR 1-Y,CA,Contra Costa,staged_only,,0.2,,OP
66799:4087R,Bishop Ranch - BR 1-Y,CA,Contra Costa,staged_only,,0.2,,OP
66800:4976,Bishop Ranch - BR 8-P,CA,Contra Costa,staged_only,,1.0,,OP
66800:4976B,Bishop Ranch - BR 8-P,CA,Contra Costa,staged_only,,0.5,,OP
66801:FNCBE,"Fence Post Solar Hybrid Project, LLC",TX,Navarro,staged_only,,72.0,,OP
66801:FNCPT,"Fence Post Solar Hybrid Project, LLC",TX,Navarro,staged_only,,236.0,,OP
66802:BEMSE,BEMS East Solar (CSG),NJ,Burlington,staged_only,,4.0,,OP
66803:BEMSW,BEMS West Solar CSG,NJ,Burlington,staged_only,,4.0,,OP
66804:1,Borden County BESS,TX,Borden,staged_only,,150.0,,OP
66806:15612,Vulcan San Emidio Solar,CA,Kern,staged_only,,1.4,,OP
66807:CUYA1,SEPV Cuyama Hybrid,CA,Santa Barbara,staged_only,,3.0,,OP
66807:CUYA2,SEPV Cuyama Hybrid,CA,Santa Barbara,staged_only,,1.6,,OP
66809:A26P1,Avenue 26 Solar,CA,Madera,staged_only,,2.6,,OP
66809:A26P2,Avenue 26 Solar,CA,Madera,staged_only,,5.0,,OP
66810:ECLE,East Cleveland Road Solar,CA,Merced,staged_only,,3.0,,OP
66811:CW3,Clearwater Wind III,MT,Rosebud,staged_only,,100.0,,OP
66812:P5570,BQ - Psychedelic Site CSG,NY,Sullivan,staged_only,,2.7,,OP
66813:P5377,Caesar's Atlantic City - POI 1 (Colosseu,NJ,Atlantic,staged_only,,1.4,,OP
66814:SKYBA,Sky Ranch Solar,NM,Valencia,staged_only,,50.0,,OP
66814:SKYPV,Sky Ranch Solar,NM,Valencia,staged_only,,190.0,,OP
66815:P5875,Dynamic Energy NJ - Ferrero,NJ,Somerset,staged_only,,1.5,,OP
66816:GLEN,Glenville Solar (CSG),NY,Schenectady,staged_only,,4.3,,OP
66817:COPE,Copenhagen Solar,NY,Lewis,staged_only,,2.9,,OP
66818:RUSVL,SR Russellville,KY,Logan,staged_only,,173.0,,OP
66819:HOLLY,Holly Spring Meadows,MD,Prince Georges,staged_only,,1.2,,OP
66820:RVFRY,River Ferry Solar 1,IL,Clark,staged_only,,165.3,,OP
66821:ORN3,Orion III Solar Project,TX,Milam,staged_only,,250.0,,OP
66822:NECA,Carthage A,NY,Jefferson,staged_only,,5.0,,OP
66823:NECB,Carthage B,NY,Jefferson,staged_only,,3.3,,OP
66825:SOTO3,SR DeSoto III,GA,Lee,staged_only,,60.0,,OP
66826:PC923,Prairie Creek Solar,IL,Morgan,staged_only,,30.0,,OP
66827:P5651,FFP - NY Burch CSG,NY,Washington,staged_only,,2.5,,OP
66828:P5652,FFP - NY Game Farm CSG,NY,Jefferson,staged_only,,5.0,,OP
66829:P5650,FFP - NY Werner CSG,NY,Monroe,staged_only,,5.0,,OP
66831:P5614,Harrah's Atlantic City - POI 2 (Self Par,NJ,Atlantic,staged_only,,1.8,,OP
66832:574,Athens Ridge,ME,Somerset,staged_only,,2.9,,OP
66833:HUG,ME Novel Lighthouse - Huggard Ave Solar,ME,Aroostook,staged_only,,2.5,,OP
66834:FRONT,ME Novel Lighthouse - Front St. Solar CS,ME,Somerset,staged_only,,3.2,,OP
66835:P4453,Lightstar Renewables - Project 1004,NY,Ulster,staged_only,,3.5,,OP
66836:P5567,Source Power II - Taft CSG,NY,Onondaga,staged_only,,3.7,,OP
66837:ALPT1,Alton Post Office Solar,VA,Halifax,staged_only,,75.0,,OP
66838:ASPR1,Aspen Road Solar,PA,Franklin,staged_only,,100.1,,OP
66839:CRYH1,Crystal Hill Solar,VA,Halifax,staged_only,,64.7,,OP
66840:EGYR1,Egypt Road Solar,MD,Dorchester,staged_only,,51.1,,OP
66841:FOXG1,Foxglove Solar,VA,Frederick,staged_only,,75.0,,OP
66842:JONF1,Jones Farm Solar,MD,Queen Annes,staged_only,,64.0,,OP
66844:SPRG2,Spring Grove Solar 2,VA,Surry,staged_only,,150.0,,OP
66845:OBGLD,Old Bridge Global Landfill CSG,NJ,Middlesex,staged_only,,2.0,,OP
66846:JOGEE,Jogee Road Solar,NY,Orange,staged_only,,2.0,,OP
66855:RSH40,Robin Hollow Solar,RI,Kent,staged_only,,40.7,,OP
66856:NGSH2,NY Sorrell Hill II CSG,NY,Onondaga,staged_only,,5.0,,OP
66859:ORN1,Orion I Solar Project,TX,Milam,staged_only,,200.0,,OP
66860:USMNC,Marion County Solar Project,OH,Marion,staged_only,,100.0,,OP
66861:GEN01,Indiana Crossroads Wind Farm II,IN,White,staged_only,,201.6,,OP
66863:BJK01,Blackjack Solar,CA,Monterey,staged_only,,4.0,,OP
66866:NFORK,North Fork Solar Project,OK,Kiowa,staged_only,,120.0,,OP
66867:CBALL,Cannonball Solar (CSG),MD,Frederick,staged_only,,2.0,,OP
66868:BIGSP,Big Spring Solar (CSG),MD,Washington,staged_only,,2.0,,OP
66871:BESS,"GulfStar Power, LLC",TX,Wharton,staged_only,,300.0,,OP
66872:BESS,"Estonian Solar Project, LLC",TX,Delta,staged_only,,100.0,,OP
66872:SOLAR,"Estonian Solar Project, LLC",TX,Delta,staged_only,,204.5,,OP
66873:GRAY,Gray Solar,VT,Rutland,staged_only,,2.2,,OP
66874:PUL,Cenergy - Pulk,ME,Androscoggin,staged_only,,5.0,,OP
66875:RIC,Cenergy - Richards (CSG),ME,Somerset,staged_only,,1.0,,OP
66876:WAT,Cenergy - Waterville (CSG),ME,Kennebec,staged_only,,5.0,,OP
66877:KIG,Cenergy - Kiger,ME,Somerset,staged_only,,1.0,,OP
66878:WIS,Cenergy - Wiscasset (CSG),ME,Lincoln,staged_only,,5.0,,OP
66880:HHTX,Hayhurst Texas Solar,TX,Culberson,staged_only,,24.8,,OP
66881:BAT2,Pike County Energy Storage,IN,Pike,staged_only,,200.0,,OP
66882:FKS1,FreeState Kiro Solar I,KS,Shawnee,staged_only,,1.0,,OP
66883:FCS1,FreeState Crooked Post Solar I,KS,Shawnee,staged_only,,1.6,,OP
66884:FSS1,FreeState Stull Solar I,KS,Douglas,staged_only,,1.3,,OP
66885:SPKBS,Baldy Mesa 2_Silver Peak Hybrid,CA,San Bernardino,staged_only,,25.0,,OP
66885:SPKPV,Baldy Mesa 2_Silver Peak Hybrid,CA,San Bernardino,staged_only,,50.0,,OP
66886:ES,Elk Street Solar,NY,Erie,staged_only,,2.4,,OP
66887:HOU,Houston Solar,AK,Matanuska Susitna,staged_only,,6.0,,OP
66888:OESCL,Escalante (NM),NM,McKinley,staged_only,,200.0,,OP
66889:CANOP,Solops 371 Hoes LLC,NJ,Middlesex,staged_only,,1.0,,OP
66889:ROOF,Solops 371 Hoes LLC,NJ,Middlesex,staged_only,,0.3,,OP
66890:AZAL,"SF Azalea, LLC",CA,Kern,staged_only,,60.0,,OP
66890:AZALB,"SF Azalea, LLC",CA,Kern,staged_only,,38.0,,OP
66892:CNFTI,Conflitti Solar,CA,Fresno,staged_only,,4.4,,OP
66897:MIDPV,"Midpoint Solar, LLC",TX,Hill,staged_only,,97.5,,OP
66898:FTMS,Fort Martin Solar,WV,Monongalia,staged_only,,18.9,,OP
66899:MARS,Marlowe Solar,WV,Berkeley,staged_only,,5.8,,OP
66900:RIVS,Rivesville Solar,WV,Marion,staged_only,,5.5,,OP
66902:5317,Roadrunner Wind Farm,TX,Eastland,staged_only,,256.0,,OP
66903:5105,"BT Hickerson Solar, LLC",TX,Bosque,staged_only,,310.0,,OP
66905:BESS,Ables Springs Solar & Storage,TX,Kaufman,staged_only,,100.0,,OP
66906:HHSPV,Hammonton-High School Solar,NJ,Atlantic,staged_only,,1.2,,OP
66907:BARE1,Barefoot Solar,ME,Somerset,staged_only,,4.3,,OP
66909:FIR,Fork in the Road Solar,NY,Dutchess,staged_only,,1.4,,OP
66913:MYRST,Myrtle Storage,TX,Brazoria,staged_only,,150.0,,OP
66916:DANST,Danish Fields Storage,TX,Wharton,staged_only,,150.0,,OP
66918:GT11,Trumbull Energy Center,OH,Trumbull,staged_only,,308.7,,OP
66918:GT12,Trumbull Energy Center,OH,Trumbull,staged_only,,308.7,,OP
66918:STG,Trumbull Energy Center,OH,Trumbull,staged_only,,360.0,,OP
66919:5309,La Casa Wind,TX,Stephens,staged_only,,150.0,,OP
66920:MPS01,South Tampa Resilience Project,FL,Hillsborough,staged_only,,18.8,,OP
66920:MPS02,South Tampa Resilience Project,FL,Hillsborough,staged_only,,18.8,,OP
66920:MPS03,South Tampa Resilience Project,FL,Hillsborough,staged_only,,18.8,,OP
66920:MPS04,South Tampa Resilience Project,FL,Hillsborough,staged_only,,18.8,,OP
66921:1,English Creek Solar,FL,Hillsborough,staged_only,,23.0,,OP
66923:SZW-S,SunZia Wind South,NM,Lincoln,staged_only,,2561.2,,OP
66924:SZW-N,SunZia Wind North,NM,Torrance,staged_only,,1089.0,,OP
66925:MCBA,SR McNeal,AZ,Cochise,staged_only,,20.0,,OP
66925:MCNEA,SR McNeal,AZ,Cochise,staged_only,,20.0,,OP
66926:SMTNM,SMT Mercedes LLC,TX,Hidalgo,staged_only,,10.0,,OP
66927:SMTMB,SMT Mission LLC,TX,Hidalgo,staged_only,,10.0,,OP
66928:SMTSR,SMT Santa Rosa LLC,TX,Cameron,staged_only,,10.0,,OP
66929:SMTAL,SMT Alamo LLC,TX,Hidalgo,staged_only,,10.0,,OP
66930:SMTBC,SMT Bay City LLC,TX,Matagorda,staged_only,,10.0,,OP
66931:SMTEL,SMT Elsa LLC,TX,Hidalgo,staged_only,,10.0,,OP
66932:SMTLF,SMT Los Fresnos LLC,TX,Cameron,staged_only,,10.0,,OP
66933:SMTH2,SMT Harlingen II LLC,TX,Cameron,staged_only,,10.0,,OP
66934:SMTR1,SMT Rio Grande I LLC,TX,Starr,staged_only,,10.0,,OP
66935:SMTR2,SMT Rio Grande II LLC,TX,Starr,staged_only,,10.0,,OP
66936:FLOYD,Bryan Floyd,GA,Bryan,staged_only,,1.9,,OP
66937:TIPT2,IMPA Tipton 2 Solar Park,IN,Tipton,staged_only,,2.7,,OP
66938:VEED,IMPA Veedersburg Solar Park,IN,Fountain,staged_only,,1.4,,OP
66939:WINA,IMPA Winamac Solar Park,IN,Pulaski,staged_only,,3.3,,OP
66940:HAL20,Halsey Valley,NY,Tioga,staged_only,,5.0,,OP
66941:ORN2,Orion II Solar Project,TX,Milam,staged_only,,250.0,,OP
66942:SKY01,Skysol,OR,Klamath,staged_only,,61.2,,OP
66943:2-114,Pine 1 Solar,PA,Beaver,staged_only,,17.1,,OP
66944:2-115,Pine 2 Solar,PA,Beaver,staged_only,,17.1,,OP
66945:YVEA,East Victory Way Solar,CO,Moffat,staged_only,,4.0,,OP
66946:LHESS,"Lockhart ESS, LLC",CA,San Bernardino,staged_only,,45.0,,OP
66947:MANNY,Mannys Corners Solar 1 (CSG),NY,Montgomery,staged_only,,4.9,,OP
66948:VSPRC,"VS BC Pacific Gateway, LLC",CA,Los Angeles,staged_only,,1.4,,OP
66949:1,Sagebrush Solar 2 ESS 40,CA,Kern,staged_only,,40.0,,OP
66950:1,Sagebrush Solar 2 ESS 59,CA,Kern,staged_only,,59.0,,OP
66951:GEN03,Scarlet II Hybrid,CA,Fresno,staged_only,,200.0,,OP
66951:GEN04,Scarlet II Hybrid,CA,Fresno,staged_only,,150.0,,OP
66952:PWE,Prescott Wind Farm,IA,Adams,staged_only,,38.7,,OP
66954:23001,Umbriel Solar,TX,Polk,staged_only,,150.0,,OP
66955:18099,Three Corners Solar,ME,Waldo,staged_only,,110.0,,OP
66956:74474,Pittsfield Solar (N. Main St),ME,Somerset,staged_only,,4.9,,OP
66957:PE901,CPA 2132 E Dominguez,CA,Los Angeles,staged_only,,1.0,,OP
66959:PE001,CPA Wilmington 1,CA,Los Angeles,staged_only,,1.8,,OP
66961:PENOB,ME Novel Lighthouse - Penobscot CSG,ME,Penobscot,staged_only,,3.0,,OP
66962:CARRA,ME Novel Lighthouse - Carrabassett,ME,Franklin,staged_only,,5.0,,OP
66963:FRAN1,Franklin Solar 1 LLC Community Solar,NJ,Somerset,staged_only,,3.0,,OP
66964:FRAN2,Franklin Solar 2 LLC Community Solar,NJ,Somerset,staged_only,,3.8,,OP
66965:MAYHI,Mayhill Solar LLC Community Solar,NJ,Bergen,staged_only,,1.2,,OP
66966:ABRSD,Acton-Boxborough Schools BESS,MA,Middlesex,staged_only,,2.1,,OP
66969:USJAY,USS Jayhawk Solar LLC (CSG),MN,Blue Earth,staged_only,,1.0,,OP
66970:USMAV,USS Maverick Solar LLC (CSG),MN,Blue Earth,staged_only,,1.0,,OP
66971:USRIL,USS Riley Solar LLC (CSG),MN,Chippewa,staged_only,,1.0,,OP
66972:SPRPR,Spring Prairie Solar LLC CSG,MN,Clay,staged_only,,1.0,,OP
66973:MNERL,MN East Regal LLC (CSG),MN,Stearns,staged_only,,1.0,,OP
66974:MNBL1,MN Buffalo Lake 212-1 LLC (CSG),MN,Renville,staged_only,,1.0,,OP
66975:MNBL2,MN Buffalo Lake 212-2 LLC (CSG),MN,Renville,staged_only,,1.0,,OP
66977:65872,MN CSG 2019-24 LLC,MN,Washington,staged_only,,0.9,,OP
66980:SP319,Bartow Davidson,GA,Bartow,staged_only,,2.6,,OP
66983:822,MDU / NVSS-II,NV,Nye,staged_only,,13.5,,OP
66985:722,Georgetown (Polk Burnett),WI,Polk,staged_only,,2.0,,OP
66986:27504,"Mule Farm Solar, LLC",NC,Johnston,staged_only,,2.0,,OP
66987:718,Bluff Prairie (Vernon),WI,Vernon,staged_only,,1.5,,OP
66988:27534,"Ramp Solar, LLC",NC,Wayne,staged_only,,2.0,,OP
66989:28472,"Hubble Solar, LLC",NC,Columbus,staged_only,,2.0,,OP
66990:WASH,Washington County Solar,GA,Washington,staged_only,,150.0,,OP
66991:HOUST,"CG PS Portfolio 1, LLC",GA,Houston,staged_only,,1.8,,OP
66992:VWWTP,"CG PS Victoria WWTP, LLC",TX,Victoria,staged_only,,1.3,,OP
66993:717,Hay River (Dunn 1),WI,Dunn,staged_only,,1.5,,OP
66994:720,Walleye (Dunn 2),WI,Dunn,staged_only,,1.5,,OP
66995:715,Popple Creek (Clark 1),WI,Clark,staged_only,,2.0,,OP
66996:METER,Hemings Solar,VA,Richmond,staged_only,,5.0,,OP
66997:METER,Monroe Solar,VA,Pittsylvania,staged_only,,2.2,,OP
66999:SLDO,Solidago Solar,VA,Isle of Wight,staged_only,,20.0,,OP
66:4,Skagway,AK,Skagway Hoonah Angoon,existing_only,0.2,,OP,
66:9,Skagway,AK,Skagway Hoonah Angoon,existing_only,1.0,,OP,
66:9A,Skagway,AK,Skagway Hoonah Angoon,staged_only,,1.0,,OP
67000:15612,Cawelo Water District Solar,CA,Kern,staged_only,,2.5,,OP
67001:93311,"Sunny Cow Solar, LLC",CA,Kern,staged_only,,2.0,,OP
67002:NBEND,"North Bend Wind Project, LLC",SD,Hyde,staged_only,,200.0,,OP
67003:ATRPV,Atrisco Solar LLC,NM,Bernalillo,staged_only,,300.0,,OP
67005:MAGU1,Magnolia Power,LA,Iberville,staged_only,,722.9,,OP
67006:TBSP,Greasewood II LLC,TX,Pecos,staged_only,,306.0,,OP
67007:CARD,"Cardinal Solar, LLC",PA,Venango,staged_only,,20.0,,OP
67008:RFSLR,"River Fork Solar, LLC",MI,Calhoun,staged_only,,149.0,,OP
67009:PRSTN,Preston Garden (CSG),MN,Renville,staged_only,,1.0,,OP
67011:GEN1,Dynamic - Wales Leeds Junction Road (CSG),ME,Androscoggin,staged_only,,4.5,,OP
67012:GEN1,Dynamic - Norridgewock Martin Stream (CSG),ME,Somerset,staged_only,,4.9,,OP
67013:GEN1,Dynamic - Leeds Solar (CSG),ME,Androscoggin,staged_only,,4.9,,OP
67014:GEN1,Dynamic - Gray Solar,ME,Cumberland,staged_only,,4.9,,OP
67015:GEN1,Dynamic - Exeter Solar CSG,ME,Penobscot,staged_only,,4.0,,OP
67016:GEN1,Dynamic - Enfield Hammett Road CSG,ME,Penobscot,staged_only,,4.9,,OP
67017:GEN1,Dynamic - Glenburn Broadway One (CSG),ME,Penobscot,staged_only,,4.9,,OP
67018:WLDSP,Wild Springs,SD,Pennington,staged_only,,128.0,,OP
67019:CHSLR,"Copperhead Solar, LLC",TX,McLennan,staged_only,,150.0,,OP
67019:CHSTG,"Copperhead Solar, LLC",TX,McLennan,staged_only,,100.0,,OP
67021:SC1,CPV Stagecoach Solar,GA,Macon,staged_only,,80.0,,OP
67022:BB1,CPV Backbone Solar,MD,Garrett,staged_only,,175.0,,OP
67023:DILEO,Dileo Solar,TX,Hill,staged_only,,71.4,,OP
67024:PTSDK,Pitts Dudik Solar,TX,Hill,staged_only,,49.6,,OP
67025:PV,Osawatomie Solar,KS,Miami,staged_only,,4.9,,OP
67026:RHII,Roundhouse Renewable Energy II,WY,Laramie,staged_only,,105.7,,OP
67027:GEN1,"Energy Developments, Hancock",OH,Hancock,staged_only,,0.8,,OP
67027:GEN2,"Energy Developments, Hancock",OH,Hancock,staged_only,,0.8,,OP
67027:GEN3,"Energy Developments, Hancock",OH,Hancock,staged_only,,0.8,,OP
67027:GEN4,"Energy Developments, Hancock",OH,Hancock,staged_only,,0.8,,OP
67028:METER,Randolf Solar,VA,Shenandoah,staged_only,,3.2,,OP
67029:HGS,Henry Gibson Solar,NC,Scotland,staged_only,,5.0,,OP
6702:IC10,Pelican,AK,Skagway Hoonah Angoon,staged_only,,0.4,,OP
67030:ELKHO,Elkhorn Dairy,CA,Tulare,staged_only,,1.0,,OP
67031:20144,NY Hermon 1040 County Rd 21,NY,St. Lawrence,staged_only,,2.2,,OP
67032:20261,15 Glen Harris RD,ME,Franklin,staged_only,,3.6,,OP
67033:20148,3715 Oxford RD,NY,Oneida,staged_only,,3.8,,OP
67034:21104,NY SHERMAN 176 W MAIN ST - SL 1,NY,Chautauqua,staged_only,,4.7,,OP
67035:21109,NY SHERMAN 191 W MAIN ST - SL 2,NY,Chautauqua,staged_only,,5.0,,OP
67036:BAT1,Davistown-Mercer,NC,Edgecombe,staged_only,,2.5,,OP
67037:BAT1,Medoc,NC,Halifax,staged_only,,2.5,,OP
67038:QRTZ,"Quartz Solar, LLC",AR,Cross,staged_only,,135.0,,OP
67039:NO1,"Northern Orchard Solar PV, LLC",CA,Kern,staged_only,,150.0,,OP
67039:NOBAT,"Northern Orchard Solar PV, LLC",CA,Kern,staged_only,,92.0,,OP
67040:BAT1,Archie Horne,NC,Onslow,staged_only,,10.0,,OP
67041:BAT1,McLauchin,NC,Hoke,staged_only,,15.0,,OP
67042:BAT1,Butler,NC,Cumberland,staged_only,,10.0,,OP
67043:BAT1,Double Creek,NC,Stokes,staged_only,,5.0,,OP
67044:BAT1,Fairfield Harbor,NC,Craven,staged_only,,5.0,,OP
67045:AVON1,NY Avon I CSG,NY,Livingston,staged_only,,5.0,,OP
67046:GS1,Grimes County Solar,TX,Grimes,staged_only,,210.0,,OP
67047:GEN1,Decatur Solar,GA,Decatur,staged_only,,200.0,,OP
67048:SP324,Bibb Williams,GA,Bibb,staged_only,,2.3,,OP
67049:PV1,County Line Renewable Energy Center,FL,Gilchrist,staged_only,,74.9,,OP
6704:8,Pebbly Beach Generating Station Hybrid,CA,Los Angeles,existing_only,1.5,,OP,
67050:NJ701,Elizabeth Seaport Bldg A Solar,NJ,Union,staged_only,,1.5,,OP
67051:PV1,Sunflower Solar LLC,SC,Williamsburg,staged_only,,10.0,,OP
67052:PV1,Whitehall Solar LLC,SC,Florence,staged_only,,2.0,,OP
67053:PV1,"Harding Solar, LLC",NC,Greene,staged_only,,3.0,,OP
67054:705,Trimbelle (Pierce Pepin),WI,Pierce,staged_only,,2.0,,OP
67055:706,Ogema,WI,Price,staged_only,,1.4,,OP
67056:708,Ledgeview,WI,Fond Du Lac,staged_only,,5.0,,OP
67057:707,Wolf River (Chipewa 1),WI,Chippewa,staged_only,,1.5,,OP
67058:19599,TX Fort Worth 5200 Gold Spike Drive,TX,Tarrant,staged_only,,4.0,,OP
67060:PV1,"C&B Graham Energy, LLC",IN,Hendricks,staged_only,,7.0,,OP
67061:FTFAI,Fort Fairfield,ME,Aroostook,staged_only,,5.0,,OP
67062:CJ210,Cranbury 0210 Solar,NJ,Mercer,staged_only,,1.0,,OP
67063:NJ201,Ports Newark 8201 Solar,NJ,Essex,staged_only,,1.4,,OP
67064:NJ001,Ports Jersey City Solar,NJ,Hudson,staged_only,,3.0,,OP
67065:NJ401,Lister Avenue Solar,NJ,Essex,staged_only,,2.0,,OP
67066:NJ205,Edison 7205 Solar,NJ,Middlesex,staged_only,,1.4,,OP
67067:CJ308,Edison 0308 Solar,NJ,Middlesex,staged_only,,2.5,,OP
67068:NJ008,Port Reading 8 Solar,NJ,Middlesex,staged_only,,1.4,,OP
67069:CV525,IPC 25 Solar,CA,San Joaquin,staged_only,,2.4,,OP
67070:CJ903,Interstate 3 Solar,NJ,Middlesex,staged_only,,1.5,,OP
67071:SRS,Sunlight Road Solar,LA,Washington,staged_only,,50.0,,OP
67072:METER,Small Mouth Bass Solar,VA,Rockbridge,staged_only,,2.5,,OP
67073:CEYK,"Case Vander Eyk, Jr Dairy Solar",CA,Tulare,staged_only,,1.2,,OP
67074:METER,Heimlich Solar,DE,Sussex,staged_only,,4.5,,OP
67075:FFOR1,Forgeview Solar,AR,Mississippi,staged_only,,200.0,,OP
67076:FFOR1,Flat Fork Solar,AR,St Francis,staged_only,,200.0,,OP
67077:S-1,"BESSP1, LLC.",TX,Lubbock,staged_only,,4.4,,OP
67079:CLRK1,"SR Clarksville, LLC",TN,Montgomery,staged_only,,2.0,,OP
67080:CLRK2,"SR Clarksville II, LLC",TN,Montgomery,staged_only,,4.8,,OP
67081:BYHAL,"Sr Byhalia, LLC",MS,Marshall,staged_only,,4.8,,OP
67082:FRANK,"SR Franklin, LLC",KY,Simpson,staged_only,,2.5,,OP
67083:LBBES,"Longbow BESS, LLC",TX,Brazoria,staged_only,,174.0,,OP
67084:P4389,Buckeye Power Inc.,OH,Hancock,staged_only,,2.0,,OP
67086:P6132,Spano Solar - Belmar Wall,NJ,Monmouth,staged_only,,1.8,,OP
67087:P4256,THD Quicksilver - MDC Perth Amboy,NJ,Middlesex,staged_only,,2.5,,OP
67088:AMITE,"Amite Solar, LLC",LA,Tangipahoa,staged_only,,100.0,,OP
67089:PV1,Cedar Rapids Community Solar,IA,Linn,staged_only,,4.5,,OP
67091:YP2AB,Yellow Pine II,NV,Clark,staged_only,,53.0,,OP
67091:YP2AP,Yellow Pine II,NV,Clark,staged_only,,60.0,,OP
67091:YP2BB,Yellow Pine II,NV,Clark,staged_only,,32.0,,OP
67091:YP2BP,Yellow Pine II,NV,Clark,staged_only,,65.0,,OP
67092:PSLBA,Paulsell,CA,Stanislaus,staged_only,,15.0,,OP
67092:PSLPV,Paulsell,CA,Stanislaus,staged_only,,20.0,,OP
67093:GEN 1,Mojave 16/17/18 BESS,CA,Kern,staged_only,,77.0,,OP
67095:MR1,"Montgomery Ranch Wind Farm, LLC",TX,Foard,staged_only,,202.5,,OP
67096:PV1,Fareway Customer Hosted 1 MW Solar,IA,Boone,staged_only,,1.0,,OP
67097:PV1,Hy-Vee Customer Hosted 2.25MW Solar,IA,Lucas,staged_only,,2.3,,OP
67098:PV1,ISU Customer Hosted 1MW Solar Project,IA,Story,staged_only,,1.4,,OP
67099:PV1,Perry Customer Hosted 1MW Solar Project,IA,Dallas,staged_only,,1.0,,OP
67100:BYR05,"Byrne Solar, LLC",MI,Kent,staged_only,,5.0,,OP
67101:LTF10,"Lightfoot Solar, LLC",MI,Oscoda,staged_only,,10.0,,OP
67102:SHP20,"Shipsterns Solar, LLC",MI,Calhoun,staged_only,,20.0,,OP
67103:WIL20,"Willford Solar, LLC",MI,Gladwin,staged_only,,20.0,,OP
67104:BAYOU,Bayou Galion Solar Project,LA,Morehouse Parish,staged_only,,98.1,,OP
67106:GEN1,"Gooseberry Solar, LLC",IL,Cook,staged_only,,2.0,,OP
67107:GEN1,"Monee Solar 1, LLC",IL,Will,staged_only,,2.0,,OP
67108:GEN1,"Mulberry Solar, LLC",IL,Madison,staged_only,,2.0,,OP
67110:BRDWY,Broadway Solar (CSG),ME,Penobscot,staged_only,,4.6,,OP
67111:CORK,Corkwood Solar (CSG),ME,Penobscot,staged_only,,4.6,,OP
67113:GEN1,SSC Oswego II LLC,NY,Oswego,staged_only,,4.8,,OP
67114:GEN1,Torrence Ave Solar 1 LLC,IL,Cook,staged_only,,2.0,,OP
67115:GEN1,"North Cottage Grove Solar 1, LLC",IL,Cook,staged_only,,2.0,,OP
67116:NORTH,"GD West Greenwich Nooseneck I, LLC",RI,Kent,staged_only,,10.0,,OP
67116:SOUTH,"GD West Greenwich Nooseneck I, LLC",RI,Kent,staged_only,,10.0,,OP
67117:EAST,"Rhode Island Solar Renewable Energy IV,",RI,Newport,staged_only,,8.4,,OP
67117:WEST,"Rhode Island Solar Renewable Energy IV,",RI,Newport,staged_only,,3.4,,OP
67118:1,Santee BESS,CA,San Diego,staged_only,,10.0,,OP
67119:686,Ring Road,MA,Plymouth,staged_only,,2.0,,OP
67119:686B,Ring Road,MA,Plymouth,staged_only,,2.0,,OP
67121:BAYCS,Bay Avenue CDG,NJ,Union,staged_only,,3.0,,OP
67122:1,BRIGHT Battery,NE,Cass,staged_only,,1.0,,OP
67123:MISII,Fagus Solar Park,TX,Childress,staged_only,,331.6,,OP
67124:BLOUN,"SR Blount, LLC",TN,Blount,staged_only,,1.5,,OP
67125:CHRIS,"SR Christiana, LLC",TN,Rutherford,staged_only,,3.3,,OP
67126:ALBNY,"SR Albany, LLC",TN,Greene,staged_only,,4.3,,OP
67127:TOOM1,"SR Toombs, LLC",GA,Montgomery,staged_only,,250.0,,OP
67129:LAMB1,"SR Lambert I, LLC",SC,Georgetown,staged_only,,100.0,,OP
67130:PANO2,"SR Panola II, LLC",MS,Panola,staged_only,,4.8,,OP
67131:PANO3,"SR Panola III, LLC",MS,Panola,staged_only,,3.5,,OP
67132:PANO1,"SR Panola I, LLC",MS,Panola,staged_only,,4.8,,OP
67133:MONRO,"SR Monroe, LLC",TN,Overton,staged_only,,4.8,,OP
67135:WMARS,"SR West Marshall, LLC",MS,Marshall,staged_only,,4.8,,OP
67136:20496,NY Attica 264 Maplewood Rd,NY,Wyoming,staged_only,,3.6,,OP
67137:GC2,Great Cove Solar II,PA,Franklin,staged_only,,150.0,,OP
67138:WHITE,White Stone Ocran Solar LLC Community So,VA,Lancaster,staged_only,,5.0,,OP
67139:PRINC,Prince Edward CSG LLC,VA,Prince Edward,staged_only,,4.0,,OP
67140:PV1,Pleasant Creek Unit 1,IA,Linn,staged_only,,50.0,,OP
67141:KEN,Kendall DG Solar,NY,Orleans,staged_only,,5.0,,OP
67142:MCLF,McAllister Landfill,RI,Newport,staged_only,,1.0,,OP
67143:TF4,Tank Farm 4,RI,Newport,staged_only,,10.0,,OP
67144:MMCK,DG Moorman Creek,NY,Monroe,staged_only,,4.4,,OP
67145:PV1,Union Bridge Solar,MD,Carroll,staged_only,,8.2,,OP
67146:PV1,Ashland Solar,MA,Middlesex,staged_only,,4.5,,OP
67147:SCHY,South Cheyenne Solar,WY,Laramie,staged_only,,150.0,,OP
67149:PV1,Falmouth 2 Solar,MA,Barnstable,staged_only,,1.5,,OP
67150:PV1,Oxford Solar,MA,Worcester,staged_only,,4.0,,OP
67151:PV1,Spencer Solar MA,MA,Worcester,staged_only,,2.5,,OP
67152:680,N Baker Road 2,IL,Stephenson,staged_only,,2.0,,OP
67153:679,N Baker Road,IL,Stephenson,staged_only,,2.0,,OP
67154:577,Mars Hill,ME,Aroostook,staged_only,,2.6,,OP
67155:696,Our Katahdin,ME,Penobscot,staged_only,,5.0,,OP
67156:702,Pine Hill Westport,MA,Bristol,staged_only,,3.3,,OP
67158:MARN1,"SR Marion, LLC",TN,Sequatchie,staged_only,,1.3,,OP
67159:LIBCO,Liberty County Solar Project,TX,Liberty,staged_only,,109.9,,OP
67160:T1S,Springfield Wind,CO,Baca,staged_only,,1.5,,OP
67161:OAK,Oak Solar,NC,Northampton,staged_only,,120.0,,OP
67162:90910,Groton BESS 2,MA,Middlesex,staged_only,,2.0,,OP
67163:AUBRN,Auburn Renewables LLC,IN,Dekalb,staged_only,,11.0,,OP
67164:WARRN,"SR Warren, LLC",KY,Simpson,staged_only,,3.5,,OP
67165:UBSLR,Unbridled Solar,KY,Henderson,staged_only,,160.0,,OP
67166:FYTSL,Fayette Solar,OH,Ross,staged_only,,45.0,,OP
67167:LSSLR,Louise Solar,MN,Mower,staged_only,,50.0,,OP
67168:FILCO,Fillmore County Solar Project,MN,Fillmore,staged_only,,45.0,,OP
67169:EBMUD,Bear Creek Solar (Orinda),CA,Contra Costa,staged_only,,5.0,,OP
67170:ASBA,Amazon SAN3 Solar Project,CA,San Diego,staged_only,,2.4,,OP
67170:ASSP,Amazon SAN3 Solar Project,CA,San Diego,staged_only,,4.6,,OP
67171:F2024,Foxhound,VA,Halifax,staged_only,,83.0,,OP
67172:COLIC,Colice Hall Solar,NC,Hertford,staged_only,,17.0,,OP
67174:10TXC,Chihuahuan Desert Solar,TX,El Paso,staged_only,,10.0,,OP
67175:RODE1,Rodeo Ranch Energy Storage,TX,Reeves,staged_only,,300.0,,OP
67176:CHVB2,Chevelon Butte Phase 2,AZ,Coconino,staged_only,,216.0,,OP
67177:PV150,Felina,TX,El Paso,staged_only,,153.0,,OP
67178:MEBA,Mohave Energy - Hybrid,AZ,Mohave,staged_only,,15.0,,OP
67178:MEPV,Mohave Energy - Hybrid,AZ,Mohave,staged_only,,17.6,,OP
67179:19038,Cabrillo College,CA,Santa Cruz,staged_only,,2.4,,OP
67180:882,Oaks Landfill - ANEM,MD,Montgomery,staged_only,,2.0,,OP
67181:HUN21,Hunt Creek,NY,Tioga,staged_only,,4.0,,OP
67182:TUPS,Tupelo Solar,FL,Putnam,staged_only,,74.5,,OP
67183:FRBS,Franklin Battery Storage,ID,Twin Falls,staged_only,,60.0,,OP
67184:BHV1,Beehive Energy Storage,AZ,Maricopa,staged_only,,250.0,,OP
67185:90911,Groton BESS 1,MA,Middlesex,staged_only,,2.0,,OP
67186:90913,Holden BESS 1,MA,Worcester,staged_only,,5.0,,OP
67187:90912,Paxton BESS 1,MA,Worcester,staged_only,,3.0,,OP
67188:1,Paragould Solar Farm,AR,Greene,staged_only,,1.5,,OP
67190:FRKLN,Franklin Solar Hybrid,ID,Twin Falls,staged_only,,100.0,,OP
67192:WPINE,"SR White Pine, LLC",TN,Jefferson,staged_only,,2.0,,OP
67193:AC,Anticline Wind,WY,Natrona,staged_only,,124.3,,OP
67194:BRIST,ME - EDFR - Phase I - Bristol,ME,Lincoln,staged_only,,5.0,,OP
67196:1,Tyto Solar,WI,Dane,staged_only,,6.0,,OP
67197:643,Surrey Road,MI,Clare,staged_only,,2.0,,OP
67198:678,N Solon Road (South),IL,McHenry,staged_only,,2.0,,OP
67199:641,Morey Road,MI,Missaukee,staged_only,,2.0,,OP
67200:642,Lake City,MI,Missaukee,staged_only,,2.0,,OP
67201:724,DIA 9,CO,Adams,staged_only,,9.8,,OP
67202:AVON2,Avon Solar Farm LLC,NY,Monroe,staged_only,,4.0,,OP
67203:1,Bullfrog Creek Solar,FL,Hillsborough,staged_only,,74.5,,OP
67204:QRBES,Quail Ranch Solar and BESS,NM,Bernalillo,staged_only,,100.0,,OP
67204:QRPV,Quail Ranch Solar and BESS,NM,Bernalillo,staged_only,,100.0,,OP
67205:GADS,Gadsden County Solar,FL,Gadsden,staged_only,,74.5,,OP
67206:COLS,Columbia County Solar,FL,Columbia,staged_only,,74.5,,OP
67207:GILS,Gilchrist County Solar,FL,Alachua,staged_only,,74.5,,OP
67208:HARS,Harmony Florida Solar II,FL,Osceola,staged_only,,74.5,,OP
67209:STOS,Storey Bend Solar,FL,Osceola,staged_only,,74.5,,OP
67210:LIL18,Lilly Lane,MA,Worcester,staged_only,,1.0,,OP
67211:MRPV,Matrix Pleasant Valley,ID,Ada,staged_only,,200.0,,OP
67212:SWED1,Sweden 1,NY,Monroe,staged_only,,5.0,,OP
67213:HAM1,Hamlin 1,NY,Monroe,staged_only,,4.5,,OP
67214:JMS01,Jade Meadow LLC,MD,Allegany,staged_only,,19.8,,OP
67216:ENX24,"Shifting Sands Solar, LLC",VA,Henry,staged_only,,18.8,,OP
67217:ENX23,"Sunny Rock Solar, LLC",VA,Henry,staged_only,,20.0,,OP
67218:ENX22,"River Trail Solar, LLC",VA,Carroll,staged_only,,20.0,,OP
67219:ENX21,Prairie Solar (VA),VA,Isle of Wight,staged_only,,20.0,,OP
67224:20101,Pontotoc Wind,OK,Pontotoc,staged_only,,147.5,,OP
67225:1,Amherst Solar Facility (VA),VA,Amherst,staged_only,,4.9,,OP
67227:NYRWY,NY Ridgeway I CSG,NY,Orleans,staged_only,,3.0,,OP
67228:BROAD,Broadway CDG Solar LLC,NY,Erie,staged_only,,5.0,,OP
67230:CS,"Carne Energy Storage, LLC",NM,Luna,staged_only,,130.0,,OP
67234:LARAB,Lara 2 Hybrid,CA,Merced,staged_only,,0.9,,OP
67234:LARAS,Lara 2 Hybrid,CA,Merced,staged_only,,0.7,,OP
67235:11111,Cunningham Solar LLC,VA,Fluvanna,staged_only,,5.0,,OP
67236:ANEM1,Anemoi Energy Storage,TX,Hidalgo,staged_only,,200.0,,OP
67237:EBON1,Ebony Energy Storage,TX,Comal,staged_only,,207.9,,OP
67238:SFAT1,SF Auto T1,UT,Box Elder,staged_only,,3.1,,OP
67239:FOX01,Fox Squirrel Solar,OH,Madison,staged_only,,577.0,,OP
67240:LCPV1,Lowndes Cowart,GA,Lowndes,staged_only,,3.0,,OP
67241:401SB,401 South,MA,Berkshire,staged_only,,1.0,,OP
67241:4SPV1,401 South,MA,Berkshire,staged_only,,0.5,,OP
67242:5BES1,5 Berry,MA,Norfolk,staged_only,,3.0,,OP
67242:5BPV1,5 Berry,MA,Norfolk,staged_only,,4.1,,OP
67243:TRPV1,Tom's River (Lowes),NJ,Ocean,staged_only,,1.0,,OP
67244:MN3PV,Minster 3,OH,Auglaize,staged_only,,1.0,,OP
67245:TFPV1,Tift Fletcher,GA,Tift,staged_only,,3.0,,OP
67246:TBPV1,Tift Bowen,GA,Tift,staged_only,,1.9,,OP
67248:MCCOR,McCormick NY CSG LLC,NY,Allegany,staged_only,,5.0,,OP
67252:FLRFT,Foul Rift Solar Farm,NJ,Warren,staged_only,,15.4,,OP
67254:781,Stockbridge,NY,Madison,staged_only,,2.0,,OP
67255:814,Tully 1,IL,Grundy,staged_only,,2.0,,OP
67256:811,Lobelia 1,IL,McHenry,staged_only,,2.0,,OP
67260:SPD,Solar PV Development NM 18 II LLC,NM,Luna,staged_only,,130.0,,OP
67261:GOOSE,Goose Prairie Solar,WA,Yakima,staged_only,,80.0,,OP
67264:1,Jackson Pike WWTP Cogen Engines,OH,Franklin,staged_only,,1.4,,OP
67264:2,Jackson Pike WWTP Cogen Engines,OH,Franklin,staged_only,,1.4,,OP
67266:NAT21,Nationwide,MA,Worcester,staged_only,,3.9,,OP
67267:SUR10,"Surbrook Solar, LLC",MI,Jackson,staged_only,,10.0,,OP
67268:P5648,Source Power NY III - Remsen,NY,Oneida,staged_only,,3.5,,OP
67269:P4665,Spano Solar - Ocean County Landfill - CS,NJ,Ocean,staged_only,,4.2,,OP
67270:P3887,THD Baltimore DCs - 5829 Project Lion,MD,Baltimore,staged_only,,3.8,,OP
67271:P3879,The Source at White Plains (UBS),NY,Westchester,staged_only,,1.0,,OP
67272:P5412,The Village at Orchard Ridge (TVOR),VA,Frederick,staged_only,,1.4,,OP
67273:4328C,Township of Monroe - Williamstown HS,NJ,Gloucester,staged_only,,1.6,,OP
67273:4328R,Township of Monroe - Williamstown HS,NJ,Gloucester,staged_only,,1.0,,OP
67274:4329C,Township of Monroe - Williamstown MS,NJ,Gloucester,staged_only,,1.3,,OP
67274:4329R,Township of Monroe - Williamstown MS,NJ,Gloucester,staged_only,,0.5,,OP
67275:4072B,White Plains_RFP-Gedney Way Landfill,NY,Westchester,staged_only,,1.3,,OP
67275:4072C,White Plains_RFP-Gedney Way Landfill,NY,Westchester,staged_only,,0.5,,OP
67275:4072G,White Plains_RFP-Gedney Way Landfill,NY,Westchester,staged_only,,1.5,,OP
67276:703,Upland,MA,Plymouth,staged_only,,5.0,,OP
67276:703B,Upland,MA,Plymouth,staged_only,,2.3,,OP
67277:4657B,Bishop Ranch - BR 15-DD,CA,Contra Costa,staged_only,,0.5,,OP
67277:4657C,Bishop Ranch - BR 15-DD,CA,Contra Costa,staged_only,,0.4,,OP
67277:4657R,Bishop Ranch - BR 15-DD,CA,Contra Costa,staged_only,,0.2,,OP
67278:4146B,Bishop Ranch - BR 2600,CA,Contra Costa,staged_only,,1.1,,OP
67278:4146C,Bishop Ranch - BR 2600,CA,Contra Costa,staged_only,,0.5,,OP
67278:4147R,Bishop Ranch - BR 2600,CA,Contra Costa,staged_only,,1.2,,OP
67280:P5649,FFP - NY Ruggirello CSG,NY,Orange,staged_only,,2.0,,OP
67281:5653,FFP - NY Urbanski,NY,Orange,staged_only,,4.4,,OP
67281:5653B,FFP - NY Urbanski,NY,Orange,staged_only,,4.0,,OP
67282:5654,FFP - NY Varano,NY,Orange,staged_only,,5.0,,OP
67282:5654B,FFP - NY Varano,NY,Orange,staged_only,,5.0,,OP
67284:GBA,Ganado Solar,TX,Jackson,staged_only,,70.5,,OP
67284:GS1,Ganado Solar,TX,Jackson,staged_only,,150.5,,OP
67285:GEN01,Sun Streams 3,AZ,Maricopa,staged_only,,215.0,,OP
67285:GEN02,Sun Streams 3,AZ,Maricopa,staged_only,,215.0,,OP
67286:SC,Athens AT01,ME,Somerset,staged_only,,5.0,,OP
67287:DOSP,Dos Palos Clean Power,CA,Merced,staged_only,,3.0,,OP
67288:BESSA,Foster Clean Power A,CA,Humboldt,staged_only,,1.3,,OP
67288:FOSTA,Foster Clean Power A,CA,Humboldt,staged_only,,3.0,,OP
67289:CS4,Cedar Springs Wind IV,WY,Converse,staged_only,,390.4,,OP
67290:EAST,MEVS DOT 109,ME,Kennebec,staged_only,,1.7,,OP
67290:WEST,MEVS DOT 109,ME,Kennebec,staged_only,,0.5,,OP
67291:GEN01,Sun Streams 4,AZ,Maricopa,staged_only,,300.0,,OP
67291:GEN02,Sun Streams 4,AZ,Maricopa,staged_only,,300.0,,OP
67292:P6301,Rutgers Busch Livingston Lot B & C,NJ,Middlesex,staged_only,,1.5,,OP
67293:71334,EDF - Liberty NY - Real Term CSG,NY,Westchester,staged_only,,1.8,,OP
67293:71335,EDF - Liberty NY - Real Term CSG,NY,Westchester,staged_only,,0.3,,OP
67294:P5294,Rutgers Cook Douglass Lot 97 & 98a,NJ,Middlesex,staged_only,,1.2,,OP
67295:P5564,Source Power NY II - Locust 1,NY,Cortland,staged_only,,5.0,,OP
67296:3658,CVEC Round 4 Brewster Captn Golf Course,MA,Barnstable,staged_only,,0.8,,OP
67296:3658B,CVEC Round 4 Brewster Captn Golf Course,MA,Barnstable,staged_only,,0.4,,OP
67297:P5658,FFP - MD Foxhall,MD,Baltimore,staged_only,,2.0,,OP
67298:CANAD,"SR Canadaville, LLC",TN,Fayette,staged_only,,16.0,,OP
67299:10101,Pome BESS,CA,San Diego,staged_only,,100.0,,OP
67300:RATBA,Rattlesnake Ridge Battery Storage,CO,Weld,staged_only,,11.8,,OP
67301:PKWBA,Parkway Battery Storage,CO,Broomfield,staged_only,,7.8,,OP
67302:FREBA,Frederick Battery Storage,CO,Weld,staged_only,,7.8,,OP
67303:MEABA,Mead Battery Storage,CO,Weld,staged_only,,7.8,,OP
67304:DAVBA,Davis Battery Storage,CO,Weld,staged_only,,11.8,,OP
67305:BROBA,Bromley Battery Storage,CO,Adams,staged_only,,11.8,,OP
67306:KEEBA,Keenesburg Battery Storage,CO,Weld,staged_only,,11.8,,OP
67307:PLVBA,Platte Valley Battery Storage,CO,Weld,staged_only,,7.8,,OP
67308:AB1,AbbVie Waco,TX,McLennan,staged_only,,0.4,,OP
67308:AB10,AbbVie Waco,TX,McLennan,staged_only,,0.4,,OP
67308:AB11,AbbVie Waco,TX,McLennan,staged_only,,0.4,,OP
67308:AB12,AbbVie Waco,TX,McLennan,staged_only,,0.4,,OP
67308:AB13,AbbVie Waco,TX,McLennan,staged_only,,0.4,,OP
67308:AB14,AbbVie Waco,TX,McLennan,staged_only,,0.4,,OP
67308:AB2,AbbVie Waco,TX,McLennan,staged_only,,0.4,,OP
67308:AB3,AbbVie Waco,TX,McLennan,staged_only,,0.4,,OP
67308:AB4,AbbVie Waco,TX,McLennan,staged_only,,0.4,,OP
67308:AB5,AbbVie Waco,TX,McLennan,staged_only,,0.4,,OP
67308:AB6,AbbVie Waco,TX,McLennan,staged_only,,0.4,,OP
67308:AB7,AbbVie Waco,TX,McLennan,staged_only,,0.4,,OP
67308:AB8,AbbVie Waco,TX,McLennan,staged_only,,0.4,,OP
67308:AB9,AbbVie Waco,TX,McLennan,staged_only,,0.4,,OP
67309:BEK1,OTHERBenEKDallas,TX,Dallas,staged_only,,0.4,,OP
67309:BEK2,OTHERBenEKDallas,TX,Dallas,staged_only,,0.4,,OP
67309:BEK3,OTHERBenEKDallas,TX,Dallas,staged_only,,0.4,,OP
67309:BEK4,OTHERBenEKDallas,TX,Dallas,staged_only,,0.4,,OP
67310:H0551,HEB00055,TX,Tarrant,staged_only,,0.4,,OP
67310:H0552,HEB00055,TX,Tarrant,staged_only,,0.4,,OP
67310:H0553,HEB00055,TX,Tarrant,staged_only,,0.4,,OP
67311:H7601,HEB00760,TX,Brazoria,staged_only,,0.4,,OP
67311:H7602,HEB00760,TX,Brazoria,staged_only,,0.4,,OP
67311:H7603,HEB00760,TX,Brazoria,staged_only,,0.4,,OP
67312:H7761,HEB00776,TX,Harris,staged_only,,0.4,,OP
67312:H7762,HEB00776,TX,Harris,staged_only,,0.4,,OP
67312:H7763,HEB00776,TX,Harris,staged_only,,0.4,,OP
67313:H7891,HEB00789,TX,Denton,staged_only,,0.4,,OP
67313:H7892,HEB00789,TX,Denton,staged_only,,0.4,,OP
67313:H7893,HEB00789,TX,Denton,staged_only,,0.4,,OP
67314:H7901,HEB00790,TX,Collin,staged_only,,0.4,,OP
67314:H7902,HEB00790,TX,Collin,staged_only,,0.4,,OP
67314:H7903,HEB00790,TX,Collin,staged_only,,0.4,,OP
67315:H7961,HEB00796,TX,Collin,staged_only,,0.4,,OP
67315:H7962,HEB00796,TX,Collin,staged_only,,0.4,,OP
67315:H7963,HEB00796,TX,Collin,staged_only,,0.4,,OP
67316:NFB1,OTHERNFBWA,TX,Fort Bend,staged_only,,0.4,,OP
67316:NFB2,OTHERNFBWA,TX,Fort Bend,staged_only,,0.4,,OP
67316:NFB3,OTHERNFBWA,TX,Fort Bend,staged_only,,0.4,,OP
67316:NFB4,OTHERNFBWA,TX,Fort Bend,staged_only,,0.4,,OP
67316:NFB5,OTHERNFBWA,TX,Fort Bend,staged_only,,0.4,,OP
67316:NFB6,OTHERNFBWA,TX,Fort Bend,staged_only,,0.4,,OP
67317:HT1B1,HEBTEMDistCenter,TX,Bell,staged_only,,0.4,,OP
67317:HT1B2,HEBTEMDistCenter,TX,Bell,staged_only,,0.4,,OP
67317:HT1B3,HEBTEMDistCenter,TX,Bell,staged_only,,0.4,,OP
67317:HT1B4,HEBTEMDistCenter,TX,Bell,staged_only,,0.4,,OP
67317:HTE10,HEBTEMDistCenter,TX,Bell,staged_only,,0.4,,OP
67317:HTE11,HEBTEMDistCenter,TX,Bell,staged_only,,0.4,,OP
67317:HTE12,HEBTEMDistCenter,TX,Bell,staged_only,,0.4,,OP
67317:HTEM1,HEBTEMDistCenter,TX,Bell,staged_only,,0.4,,OP
67317:HTEM2,HEBTEMDistCenter,TX,Bell,staged_only,,0.4,,OP
67317:HTEM3,HEBTEMDistCenter,TX,Bell,staged_only,,0.4,,OP
67317:HTEM4,HEBTEMDistCenter,TX,Bell,staged_only,,0.4,,OP
67317:HTEM5,HEBTEMDistCenter,TX,Bell,staged_only,,0.4,,OP
67317:HTEM6,HEBTEMDistCenter,TX,Bell,staged_only,,0.4,,OP
67317:HTEM7,HEBTEMDistCenter,TX,Bell,staged_only,,0.4,,OP
67317:HTEM8,HEBTEMDistCenter,TX,Bell,staged_only,,0.4,,OP
67317:HTEM9,HEBTEMDistCenter,TX,Bell,staged_only,,0.4,,OP
67318:TAM10,OTHERTexasA&M,TX,Brazos,staged_only,,0.4,,OP
67318:TAM11,OTHERTexasA&M,TX,Brazos,staged_only,,0.4,,OP
67318:TAM12,OTHERTexasA&M,TX,Brazos,staged_only,,0.4,,OP
67318:TAM13,OTHERTexasA&M,TX,Brazos,staged_only,,0.4,,OP
67318:TAM14,OTHERTexasA&M,TX,Brazos,staged_only,,0.4,,OP
67318:TAM15,OTHERTexasA&M,TX,Brazos,staged_only,,0.4,,OP
67318:TAM16,OTHERTexasA&M,TX,Brazos,staged_only,,0.4,,OP
67318:TAM17,OTHERTexasA&M,TX,Brazos,staged_only,,0.4,,OP
67318:TAM18,OTHERTexasA&M,TX,Brazos,staged_only,,0.4,,OP
67318:TAM19,OTHERTexasA&M,TX,Brazos,staged_only,,0.4,,OP
67318:TAM20,OTHERTexasA&M,TX,Brazos,staged_only,,0.4,,OP
67318:TAM21,OTHERTexasA&M,TX,Brazos,staged_only,,0.4,,OP
67318:TAM22,OTHERTexasA&M,TX,Brazos,staged_only,,0.4,,OP
67318:TAM23,OTHERTexasA&M,TX,Brazos,staged_only,,0.4,,OP
67318:TAM24,OTHERTexasA&M,TX,Brazos,staged_only,,0.4,,OP
67318:TAMU1,OTHERTexasA&M,TX,Brazos,staged_only,,0.4,,OP
67318:TAMU2,OTHERTexasA&M,TX,Brazos,staged_only,,0.4,,OP
67318:TAMU3,OTHERTexasA&M,TX,Brazos,staged_only,,0.4,,OP
67318:TAMU4,OTHERTexasA&M,TX,Brazos,staged_only,,0.4,,OP
67318:TAMU5,OTHERTexasA&M,TX,Brazos,staged_only,,0.4,,OP
67318:TAMU6,OTHERTexasA&M,TX,Brazos,staged_only,,0.4,,OP
67318:TAMU7,OTHERTexasA&M,TX,Brazos,staged_only,,0.4,,OP
67318:TAMU8,OTHERTexasA&M,TX,Brazos,staged_only,,0.4,,OP
67318:TAMU9,OTHERTexasA&M,TX,Brazos,staged_only,,0.4,,OP
67319:H7691,HEB00769,TX,Harris,staged_only,,0.4,,OP
67319:H7692,HEB00769,TX,Harris,staged_only,,0.4,,OP
67319:H7693,HEB00769,TX,Harris,staged_only,,0.4,,OP
67320:1,Russell,KS,Russell,staged_only,,20.4,,OP
67321:BESS1,Yuma Solar + Storage,AZ,Yuma,staged_only,,70.0,,OP
67321:PV1,Yuma Solar + Storage,AZ,Yuma,staged_only,,70.0,,OP
67322:MCESS,Mamm Creek,CO,Garfield,staged_only,,11.2,,OP
67322:MCSCO,Mamm Creek,CO,Garfield,staged_only,,11.2,,OP
67323:HMESS,High Mesa CO,CO,Garfield,staged_only,,11.2,,OP
67323:HMSCO,High Mesa CO,CO,Garfield,staged_only,,11.2,,OP
67326:NOS17,Norcap South,CT,Hartford,staged_only,,2.0,,OP
67327:NON17,Norcap North,CT,Hartford,staged_only,,2.0,,OP
67328:PLUTO,Pluto Energy Storage,AZ,Maricopa,staged_only,,75.0,,OP
67329:SC,Sheesley (CSG),NY,St Lawrence,staged_only,,4.4,,OP
67330:SC,Sidney,ME,Kennebec,staged_only,,1.5,,OP
67331:SC,SolarClub 03,MN,Pope,staged_only,,1.0,,OP
67332:SC,SolarClub 30 (CSG),MN,Meeker,staged_only,,1.0,,OP
67333:SC,Standish,ME,Cumberland,staged_only,,5.0,,OP
67334:SC,Ten Oaks,MD,Howard,staged_only,,2.0,,OP
67335:SC,Tiffany,NY,Chenango,staged_only,,5.0,,OP
67336:SC,Town House,ME,Kennebec,staged_only,,5.0,,OP
67337:SC,Ver Plank North (CSG),NY,Onondaga,staged_only,,4.0,,OP
67338:SC,Ver Plank South (CSG),NY,Onondaga,staged_only,,5.0,,OP
67339:SC,Washington WS01,ME,Knox,staged_only,,4.0,,OP
67340:SC,Wells (ME),ME,York,staged_only,,4.8,,OP
67342:CARV,Carvers Creek Solar,VA,Gloucester,staged_only,,54.9,,OP
67342:CARV2,Carvers Creek Solar,VA,Gloucester,staged_only,,99.0,,OP
67345:SMI21,Smith Creek,NY,Tioga,staged_only,,3.8,,OP
67349:WLWCH,ME-EDFR-Phase I-Woolwich,ME,Sagadahoc,staged_only,,5.0,,OP
67350:EMBDN,ME-EDFR-Phase I-Embden,ME,Somerset,staged_only,,5.0,,OP
67351:PARK,Park Solar,CT,New Haven,staged_only,,1.0,,OP
67360:HAT01,Hat Creek Bioenergy,CA,Shasta,staged_only,,3.6,,OP
67361:DOVES,Dove Solar CSG,CO,Weld,staged_only,,5.0,,OP
67362:LARKS,Lark Bunting Solar CSG,CO,Weld,staged_only,,5.0,,OP
67364:BECLS,BecLee Solar CSG,CO,Weld,staged_only,,5.0,,OP
67365:17180,Tejon Castac Water District Solar,CA,Kern,staged_only,,1.3,,OP
67366:CATER,Caterpillar Hill,ME,Hancock,staged_only,,4.9,,OP
67367:FREET,"Freetown MA 1, LLC",MA,Bristol,staged_only,,1.0,,OP
67368:MIDDL,Middlesex Vo Tech Solar 1 LLC,NJ,Middlesex,staged_only,,1.5,,OP
67369:OSGSO,OSG Solar 1 LLC,MA,Franklin,staged_only,,2.5,,OP
67370:CHARL,"Seaboard Charlton, LLC",MA,Worcester,staged_only,,2.0,,OP
67371:OXFOR,"Seaboard Oxford, LLC",MA,Worcester,staged_only,,1.7,,OP
67372:SEASH,"Seaboard Sheffield, LLC",MA,Berkshire,staged_only,,2.0,,OP
67373:IRISH,"TPE Irish Road Solar, LLC",VA,Pittsylvania,staged_only,,5.0,,OP
67374:WHITM,"TPE Whitmell Solar, LLC",VA,Pittsylvania,staged_only,,5.0,,OP
67375:SCARB,"BWC Beech Ridge Brook, LLC",ME,Cumberland,staged_only,,5.0,,OP
67376:BEVER,BWC Rams Horn Channel LLC,MA,Essex,staged_only,,3.5,,OP
67377:DOUGP,"Douglas Pike Solar, LLC",RI,Providence,staged_only,,1.8,,OP
67380:MID,ERock MID Claribel Generation Station,CA,Stanislaus,staged_only,,48.0,,OP
67381:CLFK1,OTHERTraditionClearfork,TX,Tarrant,staged_only,,0.4,,OP
67381:CLFK2,OTHERTraditionClearfork,TX,Tarrant,staged_only,,0.4,,OP
67381:CLFK3,OTHERTraditionClearfork,TX,Tarrant,staged_only,,0.4,,OP
67382:1,Harley-Davison Powertrain Operations,WI,Waukesha,staged_only,,2.2,,OP
67383:1,City of Milwaukee Landfill,WI,Milwaukee,staged_only,,2.3,,OP
67384:1,ATI,WI,Milwaukee,staged_only,,2.3,,OP
67385:1,CREE,WI,Racine,staged_only,,1.5,,OP
67386:1,Jones Dairy,WI,Jefferson,staged_only,,2.3,,OP
67387:1,Regal Ware,WI,Washington,staged_only,,1.9,,OP
67388:SC,Farmingdale FA01,ME,Kennebec,staged_only,,4.9,,OP
67389:SC,Fryeburg,ME,Oxford,staged_only,,4.9,,OP
67391:SC,KE73 CSG,DE,Kent,staged_only,,4.0,,OP
67392:SC,Lion One,MD,Baltimore,staged_only,,2.0,,OP
67393:SC,Livingston Crossing (CSG),MD,Prince Georges,staged_only,,2.0,,OP
67394:1,Washington County,WI,Washington,staged_only,,2.3,,OP
67395:1,UW Parkside,WI,Kenosha,staged_only,,2.3,,OP
67396:SC,Mechanic Street (CSG),ME,Aroostook,staged_only,,3.0,,OP
67397:SC,Meeting House,MD,Cecil,staged_only,,2.0,,OP
67398:SC,Missile Street (CSG),ME,Aroostook,staged_only,,3.0,,OP
67399:SC,Mustang One,MD,Dorchester,staged_only,,1.5,,OP
673:MU1,Tom G Smith,FL,Palm Beach,existing_only,2.0,,OP,
673:MU2,Tom G Smith,FL,Palm Beach,existing_only,2.0,,OP,
673:MU5,Tom G Smith,FL,Palm Beach,existing_only,2.0,,OP,
67400:SC,North Bridgton,ME,Cumberland,staged_only,,5.0,,OP
67401:P5292,"Rutgers Busch Liv (Lot 55, 58, 58A, 58B)",NJ,Middlesex,staged_only,,1.3,,OP
67402:P5815,Mainely Solar (Wyman Hill Solar LLC),ME,Oxford,staged_only,,4.0,,OP
67403:SC,Altamont (NY) (CSG),NY,Albany,staged_only,,2.3,,OP
67404:SC,Bear One,MD,Washington,staged_only,,2.0,,OP
67405:SC,Beech Road (CSG),MD,Prince Geroges,staged_only,,3.0,,OP
67406:SC,Comfort CSG,NY,Erie,staged_only,,4.0,,OP
67407:CLEM,Clemons Road Solar,NY,Onondaga,staged_only,,2.8,,OP
67408:PIKE,Pike Road Solar (NY),NY,Genesee,staged_only,,3.0,,OP
67409:ALEX,Alexander Road Solar,NY,Genesee,staged_only,,1.6,,OP
67410:SC,Exeter Ten (CSG),RI,Washington,staged_only,,2.8,,OP
67411:SC,Exeter Mail CSG,RI,Washington,staged_only,,5.0,,OP
67412:GEER2,Geer Road Solar 2 CSG,NY,Washington,staged_only,,5.0,,OP
67414:PRNC1,Princetown Solar 1,NY,Schenectady,staged_only,,5.0,,OP
67415:CTHW1,County Highway Solar 1 CSG,NY,Fulton,staged_only,,5.0,,OP
67416:CTHW2,County Highway Solar 2 (CSG),NY,Fulton,staged_only,,5.0,,OP
67417:EXTR1,Exeter Renewables 1,RI,Washington,staged_only,,10.0,,OP
67418:GEER1,Geer Road Solar 1 CSG,NY,Washington,staged_only,,5.0,,OP
67419:PV1,CSWIND America Inc.,CO,Pueblo,staged_only,,12.3,,OP
67420:CAVPV,Cavalier Solar,VA,Isle of Wight,staged_only,,155.6,,OP
67421:CAVA2,Cavalier Solar A2,VA,Isle of Wight,staged_only,,84.4,,OP
67422:POW20,Powder Hill,CT,Hartford,staged_only,,2.0,,OP
67423:PLA22,Platt Hill,CT,Litchfield,staged_only,,2.0,,OP
67424:HOPKS,Hopkins Energy LLC,TX,Hopkins,staged_only,,250.0,,OP
67425:COAKW,"Century Oak Wind Project, LLC",TX,Eastland,staged_only,,151.5,,OP
67426:SC,Wolcott Hill (Camden) (CSG),NY,Oneida,staged_only,,5.0,,OP
67427:SC,BNRG Masardis (CSG),ME,Aroostook,staged_only,,5.0,,OP
67428:SC,BRNG Nicolin (CSG),ME,Hancock,staged_only,,3.3,,OP
67429:SC,BNRG Norridgewock (CSG),ME,Somerset,staged_only,,2.0,,OP
67430:1,Lannon Stone,WI,Waukesha,staged_only,,2.3,,OP
67431:SC,BNRG North Anson (CSG),ME,Somerset,staged_only,,2.0,,OP
67432:DBL-J,Double J Dairy Array,CA,Tulare,staged_only,,4.0,,OP
67433:H7941,HEB00794,TX,Collin,staged_only,,0.4,,OP
67433:H7942,HEB00794,TX,Collin,staged_only,,0.4,,OP
67433:H7943,HEB00794,TX,Collin,staged_only,,0.4,,OP
67434:H7671,HEB00767,TX,Montgomery,staged_only,,0.4,,OP
67434:H7672,HEB00767,TX,Montgomery,staged_only,,0.4,,OP
67434:H7673,HEB00767,TX,Montgomery,staged_only,,0.4,,OP
67436:WPRG,West Point RNG,ID,Gooding,staged_only,,1.6,,OP
67436:WPRG1,West Point RNG,ID,Gooding,staged_only,,1.6,,OP
67437:SC,North Woods (CSG),NY,St Lawrence,staged_only,,5.0,,OP
67438:SC,Oakland,ME,Kennebec,staged_only,,5.0,,OP
67439:SC,Parker Place,MD,Wicomico,staged_only,,2.0,,OP
67440:SC,Peterboro (CSG),NY,Oneida,staged_only,,4.0,,OP
67441:SC,Pivot Solar 9,CO,Arapahoe,staged_only,,1.7,,OP
67442:SC,Gowans (CSG),NY,Erie,staged_only,,3.8,,OP
67443:LCW1,Lane City Wind,TX,Wharton,staged_only,,202.5,,OP
67445:1,Logan City 2,UT,Cache,staged_only,,2.5,,OP
67445:2,Logan City 2,UT,Cache,staged_only,,2.5,,OP
67445:3,Logan City 2,UT,Cache,staged_only,,2.5,,OP
67445:4,Logan City 2,UT,Cache,staged_only,,2.5,,OP
67446:SC,Pivot Solar 10,CO,Arapahoe,staged_only,,1.7,,OP
67447:SC,Pomham Islander (CSG),RI,Providence,staged_only,,2.5,,OP
67448:SC,Quarry,ME,York,staged_only,,5.0,,OP
67449:SC,Ryans Ranch,ME,Oxford,staged_only,,5.0,,OP
67450:SC,Sabattus SB01,ME,Androscoggin,staged_only,,4.9,,OP
67451:SC,Sanford CGA,ME,York,staged_only,,5.0,,OP
67452:SC,Sanford -NY,ME,York,staged_only,,4.9,,OP
67453:SC,Shaker,ME,Cumberland,staged_only,,5.0,,OP
67454:SW1,Scatter Wash 1,AZ,Maricopa,staged_only,,170.0,,OP
67455:SW2,Scatter Wash 2,AZ,Maricopa,staged_only,,85.0,,OP
67456:7BPV1,700 Binnewater,NY,Ulster,staged_only,,1.1,,OP
67457:SHBE1,665 Scenic Highway,MA,Barnstable,staged_only,,1.5,,OP
67457:SHPV1,665 Scenic Highway,MA,Barnstable,staged_only,,4.3,,OP
67458:LHAPV,Boyd Soccerplex,MD,Montgomery,staged_only,,1.0,,OP
67459:SYCPV,Sycamore,OH,Wyandot,staged_only,,1.3,,OP
67460:HLPV1,Howell (Lowes),NJ,Monmouth,staged_only,,1.0,,OP
67461:LHAPV,Hamilton,NJ,Mercer,staged_only,,1.0,,OP
67462:FMPV1,Farmington,ME,Franklin,staged_only,,4.9,,OP
67463:MGPV1,Mineral Gap,VA,Wise,staged_only,,3.0,,OP
67464:CM1BS,1 Commercial,MA,Norfolk,staged_only,,1.0,,OP
67464:CM1PV,1 Commercial,MA,Norfolk,staged_only,,0.5,,OP
67465:CBEP1,"CBEP Solar 1, LLC",CO,Logan,staged_only,,5.0,,OP
67466:CBEP4,"CBEP Solar 4, LLC",CO,Weld,staged_only,,4.0,,OP
67467:CBEP5,"CBEP Solar 5, LLC",CO,Weld,staged_only,,5.0,,OP
67468:FOX,"GSPP 7024 Fox Rd, LLC",NY,Oneida,staged_only,,5.0,,OP
67469:NESV,"GSPP NESV, LLC",MA,Bristol,staged_only,,1.1,,OP
67470:TWEL,"GSPP 4643 Twelve Corners Road, LLC",NY,Cayuga,staged_only,,4.7,,OP
67471:LBN,"GSPP 126 Little Bow Rd N, LLC",NY,St. Lawrence,staged_only,,4.8,,OP
67472:LBS,"GSPP 126 Little Bow Rd S, LLC",NY,St. Lawrence,staged_only,,5.0,,OP
67473:RAJPV,RA Jones Roof Mounted Solar System,KY,Kenton,staged_only,,1.3,,OP
67474:BESS1,Harquahala 2,AZ,Maricopa,staged_only,,300.0,,OP
67474:PV1,Harquahala 2,AZ,Maricopa,staged_only,,300.0,,OP
67475:SARA3,"Saratoga Solar III, LLC",NY,Saratoga,staged_only,,3.5,,OP
67476:SARA4,"Saratoga Solar IV, LLC",NY,Saratoga,staged_only,,3.5,,OP
67477:PUL19,Pulpit Hill,MA,Hampshire,staged_only,,5.0,,OP
67478:SAN21,Sand Road,CT,Litchfield,staged_only,,2.0,,OP
67479:PORT1,Portland SP,NY,Chautauqua,staged_only,,2.5,,OP
67480:FCHVL,NY Finchville Tpke CSG,NY,Orange,staged_only,,1.8,,OP
67481:LWRD2,NY Lower Road II CSG,NY,Orange,staged_only,,2.0,,OP
67482:LWRD3,NY Lower Road III CSG,NY,Orange,staged_only,,2.0,,OP
67483:NRFLK,Norfolk Landfill Solar Project,CT,Litchfield,staged_only,,4.0,,OP
67484:FLRFT,Raffia Road Solar Project,CT,Hartford,staged_only,,4.0,,OP
67485:CG101,Union Sanitary District Cogen,CA,Alameda,staged_only,,0.9,,OP
67485:CG102,Union Sanitary District Cogen,CA,Alameda,staged_only,,0.9,,OP
67486:HALLP,Hall Property,MD,Prince Georges,staged_only,,2.0,,OP
67487:1,Jonesboro CWL Solar Park,AR,Craighead,staged_only,,10.0,,OP
67488:PV1,TAI Huntsville Solar Hybrid,AL,Madison,staged_only,,32.4,,OP
67489:CAVBS,Cavalry Solar Hybrid,IN,White,staged_only,,45.0,,OP
67489:CAVPV,Cavalry Solar Hybrid,IN,White,staged_only,,200.0,,OP
67490:1,Spectrum Solar Hybrid,MD,Prince Georges,staged_only,,3.0,,OP
67490:2,Spectrum Solar Hybrid,MD,Prince Georges,staged_only,,2.6,,OP
67491:DORAF,Mount Dora Solar Farm F,FL,Lake,staged_only,,2.1,,OP
67492:DORAW,Mount Dora Solar Farm W,FL,Lake,staged_only,,1.9,,OP
67493:PAVLV,Pavlov,TX,Matagorda,staged_only,,9.9,,OP
67494:MLNDB,Mainland,TX,Galveston,staged_only,,9.9,,OP
67495:RUSSK,Russek,TX,Reagan,staged_only,,9.9,,OP
67496:SDLKB,Sandlake,TX,Reeves,staged_only,,9.9,,OP
67497:HSL,"Hornshadow Solar, LLC",UT,Emery,staged_only,,100.0,,OP
67498:MCFRC,McFarland C,AZ,Yuma,staged_only,,185.0,,OP
67499:SC,Brewer (CSG),ME,Penobscot,staged_only,,5.0,,OP
67500:GT5,"Pin Oak Creek Energy Center, LLC",TX,Freestone,staged_only,,222.0,,OP
67500:GT6,"Pin Oak Creek Energy Center, LLC",TX,Freestone,staged_only,,222.0,,OP
67502:GEN4,Oliver Wind IV,ND,Oliver,staged_only,,198.8,,OP
67503:GEN01,Serrano,AZ,Pima,staged_only,,170.0,,OP
67503:GEN02,Serrano,AZ,Pima,staged_only,,213.8,,OP
67504:WN1,Walnut Bend Solar Station PV,AR,Lee,staged_only,,100.0,,OP
67505:STB18,Sturbridge Barn,MA,Worcester,staged_only,,1.0,,OP
67506:BUN23,Bunce,CT,Litchfield,staged_only,,2.0,,OP
67507:62289,ACC,AR,Howard,staged_only,,2.0,,OP
67508:883,Oaks Landfill CS 1,MD,Montgomery,staged_only,,2.0,,OP
67509:19064,Grossmont College,CA,San Diego,staged_only,,2.6,,OP
67511:HS2L,"Hornshadow Solar II, LLC",UT,Emery,staged_only,,200.0,,OP
67512:LNOAK,Lone Oak,CA,Kings,staged_only,,2.9,,OP
67513:63612,ADC Varner,AR,Lincoln,staged_only,,4.9,,OP
67514:56757,City of Green Forest (Carroll),AR,Carroll,staged_only,,1.2,,OP
67515:60845,Crossett SD,AR,Ashley,staged_only,,1.0,,OP
67516:59211,CSU Sacramento I,CA,Sacramento,staged_only,,1.3,,OP
67517:63154,El Dorado AR,AR,Union,staged_only,,1.8,,OP
67518:63583,Fayetteville Public Schools (Ozarks),AR,Washington,staged_only,,1.0,,OP
67519:63617,Fayetteville Public Schools (SWEPCO),AR,Logan,staged_only,,4.0,,OP
67520:63617,LRWRA,AR,Logan,staged_only,,4.0,,OP
67521:60336,Rivercrest SD,AR,Mississippi,staged_only,,1.0,,OP
67522:69620,Searcy Water I,AR,White,staged_only,,1.0,,OP
67523:52418,Searcy Water II,AR,White,staged_only,,2.8,,OP
67524:60334,Southside SD,AR,Pulaski,staged_only,,1.0,,OP
67526:62293,UADA,AR,Howard,staged_only,,2.8,,OP
67527:63613,White River Medical Center,AR,Jackson,staged_only,,2.9,,OP
67528:MLRBS,Milagro Solar I,NM,Dona Ana,staged_only,,75.0,,OP
67528:MLRPV,Milagro Solar I,NM,Dona Ana,staged_only,,150.0,,OP
67529:AUGUS,"Augusta CSG, LLC",VA,Augusta,staged_only,,2.9,,OP
67530:WAYNE,"Waynesboro Bridge Solar, LLC Community S",VA,Augusta,staged_only,,5.0,,OP
67531:SUFFO,"Suffolk CSG, LLC",VA,Suffolk,staged_only,,3.8,,OP
67532:FAIRF,"Fairfield Lee Solar, LLC Community Solar",VA,Rockbridge,staged_only,,5.0,,OP
67533:INYO1,RB Inyokern Solar WDAT 1203 (CSG),CA,Kern,staged_only,,19.9,,OP
67534:INYO2,RB Inyokern Solar WDAT 1281 (CSG),CA,Kern,staged_only,,11.9,,OP
67536:PV1,Creston Solar (50 MW),IA,Union,staged_only,,50.0,,OP
67537:PV1,Pleasant Creek Unit 2,IA,Linn,staged_only,,150.0,,OP
67538:BESS1,Wever Solar (150MW),IA,Lee,staged_only,,99.0,,OP
67538:PV1,Wever Solar (150MW),IA,Lee,staged_only,,150.0,,OP
67539:PV1,Nortera Customer Hosted Solar,WI,Fond du Lac,staged_only,,1.6,,OP
67540:PV1,UW Kegonsa Customer Hosted Solar,WI,Dane,staged_only,,2.3,,OP
67545:MARSL,Marshall Solar Plus LLC,MN,Lyon,staged_only,,10.0,,OP
67545:MARST,Marshall Solar Plus LLC,MN,Lyon,staged_only,,5.0,,OP
67546:USGSP,USS Golden Spike Solar LLC CSG,MN,Benton,staged_only,,1.0,,OP
67547:USRSW,USS Rosewood Solar LLC (CSG),MN,Chippewa,staged_only,,1.0,,OP
67548:USSLY,USS Slayton Solar LLC (CSG),MN,Murray,staged_only,,1.0,,OP
67549:1,Kuna BESS,ID,Ada,staged_only,,150.0,,OP
67550:SR5,State Route 5,NY,Oneida,staged_only,,4.4,,OP
67554:11069,Cedarville (IL),IL,Stephenson,staged_only,,2.0,,OP
67557:SKLDF,Sicklerville Landfill,NJ,Gloucester,staged_only,,1.6,,OP
67569:PV1,Bourbonnais,IL,Kankakee,staged_only,,1.7,,OP
67571:20880,NY Newark St Rt 31 - Environomics S1,NY,Ontario,staged_only,,5.0,,OP
67572:PV-A,AstraZeneca Newark Solar,DE,New Castle,staged_only,,1.6,,OP
67572:PV-B,AstraZeneca Newark Solar,DE,New Castle,staged_only,,1.6,,OP
67573:HPVY,Happy Valley Battery Storage,ID,Canyon,staged_only,,82.0,,OP
67574:SS2,Sunnyside 2 Solar,NY,Schenectady,staged_only,,5.0,,OP
67577:MON22,Monument Valley,MA,Berkshire,staged_only,,2.0,,OP
67577:MONBA,Monument Valley,MA,Berkshire,staged_only,,1.0,,OP
67578:SWABA,Sandwich,MA,Barnstable,staged_only,,2.0,,OP
67578:SWI23,Sandwich,MA,Barnstable,staged_only,,2.0,,OP
67579:ALMT2,AES ES Alamitos 2 LLC,CA,Los Angeles,staged_only,,82.0,,OP
67580:MKM,Markum Solar Farm,TX,Bosque,staged_only,,161.0,,OP
67582:COLLI,Collins (NY) (CSG),NY,Oneida,staged_only,,5.0,,OP
67583:DCWAT,DC Water,DC,District of Columbia,staged_only,,1.3,,OP
67584:ONEID,Oneida East,NY,Oneida,staged_only,,4.8,,OP
67585:21015,Ny Frankfort Bleecker St - Frankfort -NG,NY,Herkimer,staged_only,,4.0,,OP
67586:20654,NY Newark ST RT 31 - Environomics S2,NY,Ontario,staged_only,,4.0,,OP
67587:SVA,SV CSG AFTON I,MN,Washington,staged_only,,1.0,,OP
67588:DSID,DSI Don Solar,MN,Renville,staged_only,,1.0,,OP
67589:21106,NY Evans 7690 SW Blvd - SL Evans Array 1,NY,Erie,staged_only,,4.3,,OP
67590:21107,NY Evans 7690 SW Blvd - SL Evans Array 2,NY,Erie,staged_only,,4.0,,OP
67591:CHINV,NV - Nokomis - CHI,NV,Clark,staged_only,,3.0,,OP
67592:PV1,NSF Aurelius Site 1 LLC,NY,Cayuga,staged_only,,5.0,,OP
67593:PV1,"NSF Aurelius Site 2, LLC",NY,Cayuga,staged_only,,5.0,,OP
67594:PV1,NSF Aurelius Site 3 LLC,NY,Cayuga,staged_only,,5.0,,OP
67595:PV1,NSF Aurelius Site 4 LLC,NY,Cayuga,staged_only,,4.9,,OP
67596:AD329,Adams PV Plant,WI,Adams,staged_only,,8.3,,OP
67597:PG329,Portage Solar Plant,WI,Columbia,staged_only,,11.8,,OP
67598:DWES,Desert Willow Energy Storage,TX,Ellis,staged_only,,150.0,,OP
67599:20641,NY ALTONA MAYOTT - Environomics P1,NY,Clinton,staged_only,,5.0,,OP
67600:20641,NY ALTONA MAYOTT - Environomics P2,NY,Clinton,staged_only,,5.0,,OP
67601:DIV01,Diversion Wind Energy LLC,TX,Baylor,staged_only,,98.6,,OP
67601:DIV02,Diversion Wind Energy LLC,TX,Baylor,staged_only,,102.0,,OP
67602:17444,Zonneveld Oak Grove,CA,Fresno,staged_only,,1.5,,OP
67603:18821,River Ranch Dairy,CA,Kings,staged_only,,4.0,,OP
67604:TRY03,NSF Torrey Site 3,NY,Yates,staged_only,,5.0,,OP
67605:TRY02,NSF Torrey Site 2,NY,Yates,staged_only,,5.0,,OP
67606:TRY01,NSF Torrey Site 1,NY,Yates,staged_only,,4.6,,OP
67610:21602,NY PAVILION 6464 SHEPARD RD - Genesee 4,NY,Genesee,staged_only,,4.3,,OP
67611:10993,Glen Mary 1,NY,Tioga,staged_only,,4.9,,OP
67612:10994,Glen Mary 2,NY,Tioga,staged_only,,2.2,,OP
67613:11034,Barone,NY,Sullivan,staged_only,,3.0,,OP
67614:11113,"Dakota Solar 1, LLC",IL,Stephenson,staged_only,,2.0,,OP
67615:11086,"Krumkill Road Solar North, LLC",NY,Albany,staged_only,,5.0,,OP
67616:11087,"Krumkill Road Solar South, LLC",NY,Albany,staged_only,,3.8,,OP
67617:11017,Spencer (NY),NY,Tioga,staged_only,,4.9,,OP
67618:11054,Eddy,NY,Wayne,staged_only,,2.3,,OP
67619:10898,Janiak,NY,Orange,staged_only,,2.0,,OP
67620:11018,Ridgeway 1,NY,Monroe,staged_only,,5.0,,OP
67621:11012,Rivard 2,NY,Chautauqua,staged_only,,4.6,,OP
67622:11110,"9521 US 14 SOLAR 1, LLC",IL,McHenry,staged_only,,2.0,,OP
67623:11111,"Lilly Pond Road Solar 1, LLC",IL,McHenry,staged_only,,2.0,,OP
67624:11084,Freeport 18th Solar,IL,Stephenson,staged_only,,2.0,,OP
67625:11112,"Goodenow Road West Solar 1, LLC",IL,Will,staged_only,,2.0,,OP
67626:11060,Trenton East,IL,Clinton,staged_only,,2.0,,OP
67627:11061,Trenton West,IL,Clinton,staged_only,,2.0,,OP
67628:11057,Trinity Freeport,IL,Stephenson,staged_only,,2.0,,OP
67629:11114,"Cottage Grove North Solar 1, LLC",IL,Will,staged_only,,2.0,,OP
67630:11115,"Cottage Grove South Solar 1, LLC",IL,Will,staged_only,,2.0,,OP
67631:10983,County Route 11B,NY,Clinton,staged_only,,4.9,,OP
67632:ACER,Acer,NY,St Lawrence,staged_only,,4.3,,OP
67633:BREEZ,Breezewood,IL,McLean,staged_only,,2.0,,OP
67634:BUCKR,Buck Run,NY,Monroe,staged_only,,5.0,,OP
67635:DAKOT,Dakota,IL,Stephenson,staged_only,,5.0,,OP
67636:GALT,Galt,IL,Whiteside,staged_only,,5.0,,OP
67638:GRASS,Grass River,NY,St Lawrence,staged_only,,4.1,,OP
67640:MELTW,Meltwater,NY,Onondaga,staged_only,,5.0,,OP
67641:NIAGA,Niagara (NY),NY,Niagara,staged_only,,4.2,,OP
67642:SKYLN,Skyline,IL,Christian,staged_only,,5.0,,OP
67644:TWNDA,Towanda,IL,McLean,staged_only,,5.0,,OP
67646:WALLD,Walldog,IL,Livingston,staged_only,,5.0,,OP
67648:30200,Rio Vista Solar,CA,Solano,staged_only,,2.7,,OP
67670:22337,MD JESSUP 7950 OCEANO AVE,MD,Howard,staged_only,,1.5,,OP
67671:21376,MD BALTIMORE 4851 HOLABIRD AVE,MD,Baltimore,staged_only,,1.8,,OP
67672:1,Cedar Trail,FL,Baker,staged_only,,74.5,,OP
67673:1,Swallowtail,FL,Walton,staged_only,,74.5,,OP
67675:ENX33,Northumberland Solar,PA,Northumberland,staged_only,,65.0,,OP
67677:HWS,Heartwood Solar,MI,Hillsdale,staged_only,,150.0,,OP
67678:WTS,White Tail Solar,MI,Washtenaw,staged_only,,140.0,,OP
67679:21601,NY FONDA 182 BOSHART RD - Montgomery 1,NY,Montgomery,staged_only,,5.0,,OP
67680:KOLA,Kola Energy Center,CA,San Joaquin,staged_only,,275.0,,OP
67680:KOLA2,Kola Energy Center,CA,San Joaquin,staged_only,,125.0,,OP
67681:LAWS1,Lawrence Solar 1 LLC,IL,McHenry,staged_only,,2.0,,OP
67682:LAWS2,Lawrence Solar 2 LLC,IL,McHenry,staged_only,,2.0,,OP
67683:PLATO,SV CSG Plato Solar 1 LLC,IL,Kane,staged_only,,4.3,,OP
67684:BSHP1,SV CSG Bishop 1 LLC,IL,Williamson,staged_only,,2.0,,OP
67685:SHMT2,Schmidt CSG 1,IL,St Clair,staged_only,,2.0,,OP
67686:DEKTY,DeKalb Taylor LLC,IL,DeKalb,staged_only,,4.9,,OP
67687:GEVA1,SV CSG German Valley 1 LLC,IL,Stephenson,staged_only,,2.0,,OP
67688:WAGNA,SV CSG Wagner A LLC,IL,Randolph,staged_only,,2.0,,OP
67689:WAGNB,SV CSG Wagner B LLC,IL,Randolph,staged_only,,2.0,,OP
67690:884,Oaks Landfill CS 2,MD,Montgomery,staged_only,,2.0,,OP
67692:68049,Sundance Renewable Energy Center,FL,Madison,staged_only,,74.9,,OP
67693:TUBOL,Tubolino CSG,NY,Jefferson,staged_only,,5.0,,OP
67694:CPS01,Capon Bridge Solar LLC,WV,Hampshire,staged_only,,20.0,,OP
67695:823,Holtville,CA,Imperial,staged_only,,30.0,,OP
67696:TWNLK,Twin Lakes Solar LLC,IN,White,staged_only,,150.0,,OP
67698:CCRK1,Coffee Creek BESS,OR,Washington,staged_only,,17.0,,OP
67699:OSAGE,Osage City Solar,KS,Osage,staged_only,,1.8,,OP
67700:WT2,Peyton Creek Wind Farm II,TX,Matagorda,staged_only,,243.0,,OP
67701:AS1,Ashwood Solar I,KY,Lyon,staged_only,,86.0,,OP
67702:PV1,Creston School Customer Hosted Solar,IA,Union,staged_only,,1.4,,OP
67703:PV1,Grinnell Customer Hosted Solar,IA,Poweshiek,staged_only,,5.0,,OP
67704:PV1,Rock County Customer Hosted Solar,WI,Rock,staged_only,,1.4,,OP
67705:PV1,Janesville Community Solar,WI,Rock,staged_only,,2.3,,OP
67706:GEN1,Spring Lane,PA,Westmoreland,staged_only,,13.8,,OP
67707:CUAWS,CUA West Campus - South (CSG),DC,District of Columbia,staged_only,,2.8,,OP
67708:EDFSV,EDF Saucon Valley,PA,Northampton,staged_only,,2.6,,OP
67709:CUAWN,CUA West Campus - North (CSG),DC,District of Columbia,staged_only,,3.0,,OP
67710:TAGB1,TAG,NM,Sandoval,staged_only,,57.8,,OP
67710:TAGS1,TAG,NM,Sandoval,staged_only,,140.0,,OP
67711:SESD1,Seaside BESS,OR,Multnomah,staged_only,,200.0,,OP
67712:CSTB1,Constable BESS,OR,Washington,staged_only,,75.0,,OP
67713:19581,IL Joliet 1101 Cherry Hl Rd,IL,Will,staged_only,,4.0,,OP
67714:19578,IL Rochelle 975 S. Caron Rd,IL,Ogle,staged_only,,1.5,,OP
67715:VERM2,Vermilion Solar II LLC CSG,IL,Livingston,staged_only,,2.0,,OP
67716:VERM1,Vermilion Solar I LLC CSG,IL,Livingston,staged_only,,1.9,,OP
67717:TRIP1,Triple S Solar I LLC CSG,IL,Coles,staged_only,,2.0,,OP
67718:BEND2,"AES Bend Solar II, LLC CSG",IL,Winnebago,staged_only,,1.9,,OP
67719:BEND1,"AES Bend Solar I, LLC CSG",IL,Winnebago,staged_only,,2.0,,OP
67720:PV1,Whiskey Acres,IL,DeKalb,staged_only,,2.0,,OP
67721:ALPTR,Al Pastor Battery Storage Plant,TX,Dawson,staged_only,,100.3,,OP
67722:WPWP,WPWP,KS,Sumner,staged_only,,307.2,,OP
67724:20243,Antigo-Forrest Street Solar Project,WI,Langlade,staged_only,,6.0,,OP
67725:20245,"Auburn Solar WI, LLC",WI,Fond Du Lac,staged_only,,5.0,,OP
67726:20233,"Bonduel Solar WI, LLC",WI,Shawano,staged_only,,7.5,,OP
67727:20241,"Caledonia Solar WI, LLC",WI,Racine,staged_only,,6.0,,OP
67728:20244,"Hackbarth Solar WI, LLC",WI,Jefferson,staged_only,,5.0,,OP
67729:20234,"Jackson Solar WI, LLC",WI,Ozaukee,staged_only,,7.5,,OP
67730:20246,"LaFayette Solar WI, LLC",WI,Walworth,staged_only,,6.0,,OP
67731:20242,"Raymond Solar WI, LLC",WI,Racine,staged_only,,6.0,,OP
67732:20232,"Silver Lake Solar WI, LLC",WI,Kenosha,staged_only,,7.5,,OP
67733:20231,"Spring Prairie Solar WI, LLC",WI,Walworth,staged_only,,7.5,,OP
67734:SSSB,Silver State South Storage,NV,Clark,staged_only,,200.0,,OP
67735:4516,"Sebree Solar, LLC",KY,Henderson,staged_only,,250.0,,OP
67736:SP1,Silver Peak,NV,Clark,staged_only,,60.0,,OP
67736:SP2,Silver Peak,NV,Clark,staged_only,,109.0,,OP
67736:SP3,Silver Peak,NV,Clark,staged_only,,110.0,,OP
67737:SMTIR,SMT Ironman Battery Storage Plant,TX,Brazoria,staged_only,,304.0,,OP
67738:CITDL,Citadel Battery Storage Plant,TX,Harris,staged_only,,204.0,,OP
67739:WIDWH,Wigeon Whistle Battery Storage Plant,TX,Collin,staged_only,,120.0,,OP
67740:AES,Anole Energy Storage,TX,Dallas,staged_only,,240.0,,OP
67743:4057B,Bishop Ranch BR 1-X,CA,Contra Costa,staged_only,,0.5,,OP
67743:4057C,Bishop Ranch BR 1-X,CA,Contra Costa,staged_only,,0.6,,OP
67743:4057R,Bishop Ranch BR 1-X,CA,Contra Costa,staged_only,,0.3,,OP
67744:P5876,Dynamic Energy CT STAG,CT,New Haven,staged_only,,1.5,,OP
67745:4075,White Plains RFP Shapham Place,NY,Westchester,staged_only,,1.2,,OP
67745:4075B,White Plains RFP Shapham Place,NY,Westchester,staged_only,,5.0,,OP
67746:HWY43,Highway 43 1887-WD,CA,Kern,staged_only,,2.3,,OP
67747:NACHT,Nachtigall 1836-WD,CA,Kern,staged_only,,4.6,,OP
67748:TERRY,Terry 1818-WD,CA,Kern,staged_only,,4.6,,OP
67750:WEEDP,Kern Sunset 1886-WD,CA,Kern,staged_only,,2.4,,OP
67751:HM701,DG Harlem Solar,IL,Stephenson,staged_only,,2.0,,OP
67752:FTDUN,Fort Duncan BESS,TX,Maverick,staged_only,,102.6,,OP
67753:PV1,Plote Somonauk,IL,DeKalb,staged_only,,2.0,,OP
67754:FSCSP,Fish Creek Solar Park,MI,Montcalm,staged_only,,146.2,,OP
67756:MSRSP,Mission Road Solar Park,MI,Isabella,staged_only,,172.0,,OP
67757:PLRSP,Polaris Solar Park,MI,Gratiot,staged_only,,100.0,,OP
67758:SLOES,Slocum Energy Storage,MI,Wayne,staged_only,,14.0,,OP
67760:AWM,All World Solar Facility,IL,Winnebago,staged_only,,1.5,,OP
67761:1,Bypass BESS,TX,Fort Bend,staged_only,,200.0,,OP
67762:STMPB,Stampede Solar Hybrid,TX,Hopkins,staged_only,,72.2,,OP
67762:STMPS,Stampede Solar Hybrid,TX,Hopkins,staged_only,,255.9,,OP
67763:5932,Hart Wind,TX,Castro,staged_only,,166.4,,OP
67764:RBESS,Rosamond South 1,CA,Kern,staged_only,,117.0,,OP
67764:RS1,Rosamond South 1,CA,Kern,staged_only,,140.0,,OP
67765:5191,Compadre Solar,TX,Cooke,staged_only,,150.0,,OP
67766:YGS01,Yellowstone County Generating Station,MT,Yellowstone,staged_only,,11.5,,OP
67766:YGS02,Yellowstone County Generating Station,MT,Yellowstone,staged_only,,11.5,,OP
67766:YGS03,Yellowstone County Generating Station,MT,Yellowstone,staged_only,,11.5,,OP
67766:YGS04,Yellowstone County Generating Station,MT,Yellowstone,staged_only,,11.5,,OP
67766:YGS05,Yellowstone County Generating Station,MT,Yellowstone,staged_only,,11.5,,OP
67766:YGS06,Yellowstone County Generating Station,MT,Yellowstone,staged_only,,11.5,,OP
67766:YGS07,Yellowstone County Generating Station,MT,Yellowstone,staged_only,,11.5,,OP
67766:YGS08,Yellowstone County Generating Station,MT,Yellowstone,staged_only,,11.5,,OP
67766:YGS09,Yellowstone County Generating Station,MT,Yellowstone,staged_only,,11.5,,OP
67766:YGS10,Yellowstone County Generating Station,MT,Yellowstone,staged_only,,11.5,,OP
67766:YGS11,Yellowstone County Generating Station,MT,Yellowstone,staged_only,,11.5,,OP
67766:YGS12,Yellowstone County Generating Station,MT,Yellowstone,staged_only,,11.5,,OP
67766:YGS13,Yellowstone County Generating Station,MT,Yellowstone,staged_only,,11.5,,OP
67766:YGS14,Yellowstone County Generating Station,MT,Yellowstone,staged_only,,11.5,,OP
67766:YGS15,Yellowstone County Generating Station,MT,Yellowstone,staged_only,,11.5,,OP
67766:YGS16,Yellowstone County Generating Station,MT,Yellowstone,staged_only,,11.5,,OP
67766:YGS17,Yellowstone County Generating Station,MT,Yellowstone,staged_only,,11.5,,OP
67766:YGS18,Yellowstone County Generating Station,MT,Yellowstone,staged_only,,11.5,,OP
67769:I,Rock Creek Wind,WY,Carbon,staged_only,,190.0,,OP
67769:II,Rock Creek Wind,WY,Carbon,staged_only,,400.0,,OP
67771:PV1,Valley Sun Solar,ME,Aroostook,staged_only,,3.1,,OP
67786:GEN01,Hickory Solar,IL,Jersey,staged_only,,110.0,,OP
67790:PV1,Abel Solar,IL,Whiteside,staged_only,,2.0,,OP
67791:PV1,ABIA Parking Structure,TX,Travis,staged_only,,1.8,,OP
67792:PV1,Bunker Hill Solar,IL,Whiteside,staged_only,,2.0,,OP
67793:OPSKY,Open Sky Ranch Inc,CA,Fresno,staged_only,,1.7,,OP
67794:PV1,City of Atwater NEM,CA,Merced,staged_only,,1.5,,OP
67795:PV1,DPC Madison,IA,Winneshiek,staged_only,,1.5,,OP
67796:PV1,DPC York,IL,Carroll,staged_only,,1.5,,OP
67797:BS,Babacomari Solar,AZ,Cochise,staged_only,,160.0,,OP
67799:GEN01,Brittlebush Solar,AZ,Pinal,staged_only,,200.0,,OP
67801:PV1,FedEx Hagerstown,MD,Washington,staged_only,,1.8,,OP
67802:PV1,French Road Solar,ME,Aroostook,staged_only,,2.5,,OP
67803:PV1,GRE Cambridge Solar,MN,Isanti,staged_only,,2.0,,OP
67804:PV1,Harmony Solar Project,IL,Stephenson,staged_only,,2.0,,OP
67805:PV1,Illinois PV Knox 1B,IL,Knox,staged_only,,2.0,,OP
67806:PV1,Macomb 2A,IL,McDonough,staged_only,,2.0,,OP
67807:PV1,Madawaska Solar,ME,Aroostook,staged_only,,4.0,,OP
67808:PV1,NJ Airport Solar Project A,NJ,Essex,staged_only,,1.0,,OP
67809:PV1,NJ Airport Solar Project B,NJ,Essex,staged_only,,1.0,,OP
67810:PV1,NJ Airport Solar Project C,NJ,Essex,staged_only,,1.0,,OP
67811:PV1,NJ Airport Solar Project D,NJ,Essex,staged_only,,1.0,,OP
67812:PV1,Rockford Plant,IL,Winnebago,staged_only,,2.0,,OP
67813:PV1,Round Grove 1,IL,Whiteside,staged_only,,2.0,,OP
67814:PV1,Round Grove 2,IL,Whiteside,staged_only,,2.0,,OP
67815:PV1,Fond du Lac Community Solar,WI,Fond Du Lac,staged_only,,1.0,,OP
67816:PV1,Illinois PV Knox 1A,IL,Knox,staged_only,,2.0,,OP
67818:CIDFL,Corcoran Irrigation District Floating So,CA,Kings,staged_only,,3.1,,OP
67820:DXCRK,Dixie Creek Dairy Solar,CA,Kings,staged_only,,2.9,,OP
67821:PV1,TJX Tucson,AZ,Pima,staged_only,,1.0,,OP
67822:PV1,Unity Solar Project (IL),IL,Stephenson,staged_only,,2.0,,OP
67823:RRBES,Roadrunner Solar and BESS,AZ,Cochise,staged_only,,235.0,,OP
67823:RRPV,Roadrunner Solar and BESS,AZ,Cochise,staged_only,,235.0,,OP
67824:PV1,TJX Phoenix,AZ,Maricopa,staged_only,,2.9,,OP
67825:PV1,TJX Las Vegas,NV,Clark,staged_only,,1.0,,OP
67826:PV1,Caribou Solar,ME,Aroostook,staged_only,,5.0,,OP
67827:PV1,TJX 2021 DG El Paso DC,TX,El Paso,staged_only,,1.5,,OP
67828:MES1,Mordor ES1,CA,Inyo,staged_only,,25.0,,OP
67829:MES2,Mordor ES2,CA,Inyo,staged_only,,20.0,,OP
67830:PV1,Jericho Gravel Solar Farm,VT,Chittenden,staged_only,,2.0,,OP
67831:PV1,Jericho Landfill Solar Farm,VT,Chittenden,staged_only,,2.0,,OP
67832:PV1,Yorktown 1 Solar,IL,Whiteside,staged_only,,2.0,,OP
67833:PV1,Yorktown 2 Solar,IL,Whiteside,staged_only,,2.0,,OP
67834:GBSP1,Great Bend Solar Project,OH,Meigs,staged_only,,48.0,,OP
67835:64544,Costa View Farms,CA,Madera,staged_only,,5.0,,OP
67842:22085,ME Fort Fairfield Solar Plant,ME,Aroostook,staged_only,,2.8,,OP
67843:FARM,Farmersville West,TX,Collin,staged_only,,9.9,,OP
67845:JUTX5,Junction BESS,TX,Kimble,staged_only,,9.9,,OP
67846:RIVA,Rivanna Solar,VA,Albemarle,staged_only,,13.3,,OP
67847:703,Moscow,ME,Somerset,staged_only,,58.8,,OP
67848:LVPV,Luna Valley,CA,Fresno,staged_only,,200.0,,OP
67849:BTS,BT Signal Ranch,TX,Hunt,staged_only,,50.0,,OP
67850:ALBS1,Arrowleaf Solar and Storage,CA,Imperial,staged_only,,35.0,,OP
67850:ALS1,Arrowleaf Solar and Storage,CA,Imperial,staged_only,,42.0,,OP
67851:MONT1,Montague Energy Storage,NJ,Sussex,staged_only,,20.0,,OP
67852:HHSPV,Hardy Hills Solar Energy LLC,IN,Clinton,staged_only,,195.0,,OP
67853:PV1,Delta Electronics Fremont,CA,Alameda,staged_only,,0.6,,OP
67853:PV4,Delta Electronics Fremont,CA,Alameda,staged_only,,0.4,,OP
67855:WEST2,Westwing,AZ,Maricopa,staged_only,,118.0,,OP
67855:WESTW,Westwing,AZ,Maricopa,staged_only,,82.0,,OP
67859:BESSB,Foster Clean Power B,CA,Humboldt,staged_only,,1.2,,OP
67859:FOSTB,Foster Clean Power B,CA,Humboldt,staged_only,,4.0,,OP
67860:GFTX,GFTX BESS,TX,Travis,staged_only,,125.0,,OP
67861:CNLY,Connolly BESS,TX,Wise,staged_only,,125.0,,OP
67863:TWC,TWC,CA,Tulare,staged_only,,1.2,,OP
67864:1,McIntosh Solar,GA,Effingham,staged_only,,10.0,,OP
67865:10634,Ellington - 277 Sadds Mill,CT,Tolland,staged_only,,2.0,,OP
67866:10221,Paso Robles - Municipal Airport,CA,San Luis Obispo,staged_only,,3.0,,OP
67867:LIB1,Liberty Hybrid Solar and Storage Project,TX,Harris,staged_only,,67.2,,OP
67867:LIB2,Liberty Hybrid Solar and Storage Project,TX,Harris,staged_only,,65.0,,OP
67868:HF1,Harris Farms Solar Facility,CA,Fresno,staged_only,,1.3,,OP
67869:BTD,Sundial (Troutdale) BESS,OR,Multnomah,staged_only,,200.0,,OP
67872:RAT1,RATTS 1,IN,Pike,staged_only,,150.0,,OP
67873:RAT2,Heirloom Solar,IN,Pike,staged_only,,60.0,,OP
67875:GEN1,Monte Cristo 1,TX,Hidalgo,staged_only,,238.5,,OP
67880:ND009,"Arthur Kill Energy, LLC",NY,Richmond,staged_only,,5.0,,OP
67882:ND007,"Empire Clean Energy, LLC",NY,Richmond,staged_only,,5.0,,OP
67882:ND008,"Empire Clean Energy, LLC",NY,Richmond,staged_only,,5.0,,OP
67883:ND003,"Gabby Giffords Clean Energy, LLC",NY,Richmond,staged_only,,5.0,,OP
67883:ND004,"Gabby Giffords Clean Energy, LLC",NY,Richmond,staged_only,,3.0,,OP
67885:ND005,"Nelson Clean Energy, LLC",NY,Richmond,staged_only,,3.0,,OP
67885:ND006,"Nelson Clean Energy, LLC",NY,Richmond,staged_only,,5.0,,OP
67886:ND001,Gunther,NY,Bronx,staged_only,,1.5,,OP
67886:ND002,Gunther,NY,Bronx,staged_only,,1.5,,OP
67893:DB2BS,Dunns Bridge II Solar,IN,Starke,staged_only,,56.3,,OP
67893:DB2PV,Dunns Bridge II Solar,IN,Starke,staged_only,,435.0,,OP
67898:ESPH1,Escape Solar Plant,NV,Lincoln,staged_only,,70.0,,OP
67898:ESPH2,Escape Solar Plant,NV,Lincoln,staged_only,,115.0,,OP
67898:ESPHB,Escape Solar Plant,NV,Lincoln,staged_only,,100.0,,OP
67899:GEN5,PNY BESS LLC,PA,Philadelphia,staged_only,,6.2,,OP
67900:DOOLI,Oak Leaf Solar XVII Community Solar,MA,Berkshire,staged_only,,3.2,,OP
67901:EARHA,Oak Leaf Solar XVI Community Solar,MA,Berkshire,staged_only,,1.0,,OP
67902:HAMPD,BWC Jimmie Pond,ME,Penobscot,staged_only,,5.0,,OP
67903:SHEPH,ISM Solar Shepherd Acres,ME,Oxford,staged_only,,4.0,,OP
67904:SOUTH,"Southwick Solar, LLC Community Solar",MA,Hampden,staged_only,,4.7,,OP
67905:RDR1,Roadrunner Reserve Phase 1,AZ,Pima,staged_only,,200.0,,OP
67907:1,Strix Solar,WI,Dane,staged_only,,6.0,,OP
67908:RICH1,Richmond (NY),NY,Ontario,staged_only,,5.0,,OP
67909:SHS01,Sherco Solar I,MN,Sherburne,staged_only,,222.9,,OP
67910:TIMBY,"Timbermill Wind, LLC",NC,Chowan,staged_only,,189.0,,OP
67911:CATSK,Catskill Solar,NY,Columbia,staged_only,,5.0,,OP
67912:CLAVE,Claverack Creek Solar,NY,Columbia,staged_only,,5.0,,OP
67913:WOWV,Wonderful Orchards - West Valley,CA,Kern,staged_only,,3.0,,OP
67915:CROSS,Crossett Solar,AR,Ashley,staged_only,,100.0,,OP
67916:1,Foote Creek Rim,WY,Carbon,staged_only,,134.8,,OP
67920:AUGUS,"Augusta Road Bowdoin Solar, LLC",ME,Sagadahoc,staged_only,,3.8,,OP
67921:CANTN,"Canton GLC Solar, LLC",ME,Oxford,staged_only,,3.0,,OP
67922:CHURC,"Church Hill Road Augusta Solar, LLC",ME,Kennebec,staged_only,,3.8,,OP
67923:HOLTN,Houlton Road Solar Farm (CSG),ME,Aroostook,staged_only,,2.0,,OP
67924:LK ST,Plympton Lake Street Solar,MA,Plymouth,staged_only,,2.4,,OP
67925:MARIA,"Mariaville Road Elsworth Solar, LLC",ME,Hancock,staged_only,,1.6,,OP
67926:MN ST,"Plympton Main Street Solar, LLC",MA,Plymouth,staged_only,,5.0,,OP
67927:MKTST,"Market Street Gardiner Solar, LLC",ME,Kennebec,staged_only,,3.3,,OP
67928:N NOB,"North Nobleboro Road, LLC",ME,Lincoln,staged_only,,2.5,,OP
67929:NNTRG,"Nutting Ridge Solar, LLC",ME,Oxford,staged_only,,4.0,,OP
67930:CR,Crossroads Solar (IN),IN,Fountain,staged_only,,200.0,,OP
67931:DAG1,Daggett 1,CA,San Bernardino,staged_only,,113.5,,OP
67932:BODHI,Bodhi Solar,NY,Monroe,staged_only,,5.0,,OP
67933:HALIF,Halifax CSG LLC,VA,Halifax,staged_only,,3.1,,OP
67935:CLV1,Clearview Solar 1,OH,Champaign,staged_only,,144.0,,OP
67938:PERK,"Perkins Road Belfast Solar, LLC",ME,Waldo,staged_only,,4.8,,OP
67939:RT3,"Route 3 China Solar, LLC",ME,Kennebec,staged_only,,4.5,,OP
67940:SEARS,"Searsmont Road Lincolnville Solar, LLC",ME,Waldo,staged_only,,4.0,,OP
67941:PNRSP,Pine River Solar Park,MI,Gratiot,staged_only,,80.0,,OP
67942:SAUSP,Sauk Solar Park,MI,Branch,staged_only,,150.0,,OP
67943:SHBUN,"Sherburne Solar Holdings, LLC",MN,Sherburne,staged_only,,3.0,,OP
67944:SHDAN,Sheridan Road Solar Farm,ME,Aroostook,staged_only,,3.0,,OP
67946:SKYWY,Skyway Avenue Solar Farm,ME,Aroostook,staged_only,,2.5,,OP
67947:WARD,"Ward Solar 1, LLC",MA,Plymouth,staged_only,,2.0,,OP
67948:MP1,Hampton Substation Energy Storage,IA,Franklin,staged_only,,1.8,,OP
67949:POTEB,Poteet,TX,Atascosa,staged_only,,9.9,,OP
67952:PV001,LPEA Sunnyside Solar 1 Facility,CO,La Plata,staged_only,,1.7,,OP
67957:EATMR,East Atmore Solar,AL,Escambia,staged_only,,80.0,,OP
67958:DSIJ,DSI Julie Solar,MN,Stearns,staged_only,,1.0,,OP
67959:CWCP,Crossover Wind,AR,Cross,staged_only,,144.0,,OP
67960:WCW01,Willow Creek Wind (OK),OK,Noble,staged_only,,220.0,,OP
67962:DMTN,Dans Mountain,MD,Allegany,staged_only,,54.9,,OP
67963:TYNNB,Tynan,TX,Bee,staged_only,,9.9,,OP
67964:A150M,Agave,AZ,Maricopa,staged_only,,150.0,,OP
67965:PV1,Clinton Schools,IA,Clinton,staged_only,,1.3,,OP
67967:180FW,Toledo Air National Guard,OH,Lucas,staged_only,,1.5,,OP
67968:BES,Burksol Energy Storage,TX,Dickens,staged_only,,100.0,,OP
67969:PGR28,Two Hearted Solar,NC,Yadkin,staged_only,,22.0,,OP
67972:ELD15,Eldorado Solar I,IL,Saline,staged_only,,150.0,,OP
67973:SP01,Sierra Pinta BESS,AZ,Yuma,staged_only,,113.0,,OP
67974:LAUBA,AES Laubacher Solar CSG,NY,Orleans,staged_only,,2.5,,OP
67975:BAIRD,AES Baird Solar CSG,NY,Orleans,staged_only,,4.5,,OP
67979:BROOK,Brookhaven Landfill Solar Farm 1,NY,Suffolk,staged_only,,5.0,,OP
67980:MOMPO,Mompano,OR,Clackamas,staged_only,,2.0,,OP
67991:CKML,Cooks Mill PV I,IL,Coles,staged_only,,99.0,,OP
67992:CHVLY,Cherry Valley PV I,AR,Cross,staged_only,,135.0,,OP
67993:CRDCK,Crooked Creek PV I,IL,Marion,staged_only,,99.0,,OP
67994:COLBA,City of Long Beach Airport Lot A & B,CA,Los Angeles,staged_only,,1.8,,OP
67997:PGR28,Apex NC Solar,NC,Cleveland,staged_only,,28.9,,OP
68003:18205,NY Breesport 625 Breesport Rd,NY,Chemung,staged_only,,3.5,,OP
68004:21108,Ontario 2 CDG,NY,Ontario,staged_only,,5.0,,OP
68008:20435,Above Grid Montour Solar LLC,NY,Schuyler,staged_only,,5.0,,OP
68010:18878,Johnson City Solar,NY,Broome,staged_only,,5.0,,OP
68011:HBS,Huckleberry Solar,OK,Mayes,staged_only,,124.7,,OP
68012:CAB11,Caballero,CA,San Luis Obispo,staged_only,,99.7,,OP
68013:BDL4,Amazon BDL4,CT,Hartford,staged_only,,3.9,,OP
68016:HOLWF,Hollister Wastewater Facility,CA,San Benito,staged_only,,1.0,,OP
68020:IE,Independence East,NY,Allegany,staged_only,,5.0,,OP
68021:IFPP1,IFP Peaking Plant,ID,Bonneville,staged_only,,2.5,,OP
68021:IFPP2,IFP Peaking Plant,ID,Bonneville,staged_only,,2.5,,OP
68021:IFPP3,IFP Peaking Plant,ID,Bonneville,staged_only,,2.5,,OP
68021:IFPP4,IFP Peaking Plant,ID,Bonneville,staged_only,,2.5,,OP
68021:IFPP5,IFP Peaking Plant,ID,Bonneville,staged_only,,2.5,,OP
68021:IFPP6,IFP Peaking Plant,ID,Bonneville,staged_only,,2.5,,OP
68021:IFPP7,IFP Peaking Plant,ID,Bonneville,staged_only,,2.5,,OP
68023:SBBS1,BCE Seal Beach,CA,Orange,staged_only,,16.7,,OP
68023:SBPV1,BCE Seal Beach,CA,Orange,staged_only,,12.0,,OP
68025:21103,SL JAMESTOWN ARRAY 1,NY,Chautauqua,staged_only,,3.0,,OP
68026:21108,SL JAMESTOWN ARRAY 2,NY,Chautauqua,staged_only,,4.8,,OP
68027:LEW1,Lemoore West,CA,Kings,staged_only,,7.9,,OP
68037:18211,NY Selkirk S Albany RD - Hemlock Hills S,NY,Albany,staged_only,,5.0,,OP
68038:VSPRC,KDC Solar Madera LLC,CA,Madera,staged_only,,10.0,,OP
68041:948,Overland,CO,Weld,staged_only,,11.0,,OP
68042:378,Dairy Farm,ME,Somerset,staged_only,,4.0,,OP
68045:LOC3,"Desert Breeze Solar, LLC",CA,San Bernardino,staged_only,,125.0,,OP
68046:30801,Lake Wilson Solar,MN,Murray,staged_only,,1.0,,OP
68047:30796,Lake Lilian Solar,MN,Kandiyohi,staged_only,,1.0,,OP
68048:MORRI,Morris Solar,MO,Adair,staged_only,,250.0,,OP
68049:MS4B,Marion Solar 4b LLC,IL,Marion,staged_only,,2.0,,OP
68050:PUT1,Putnam Solar 1,IL,Putnam,staged_only,,2.0,,OP
68051:PUT1B,Putnam Solar 1B,IL,Putnam,staged_only,,2.0,,OP
68055:PPB,Prospect Power BESS,VA,Rockingham,staged_only,,150.0,,OP
68056:GEN01,Wolf Run Solar,IL,Morgan,staged_only,,140.0,,OP
68058:PCEBS,Prairie Center Energy LLC,CO,Adams,staged_only,,35.4,,OP
68059:KANK1,Kankakee Solar 1,IL,Kankakee,staged_only,,2.0,,OP
68060:CAT01,Catalina Solar (SC),SC,Saluda,staged_only,,75.0,,OP
68062:MPLR,Montpelier Solar Project,OH,Williams,staged_only,,49.0,,OP
68063:USM,VA- US Foods- Manassas,VA,Prince William,staged_only,,2.0,,OP
68064:LBA,CA- US Foods- Livermore,CA,Alameda,staged_only,,1.2,,OP
68064:USFL,CA- US Foods- Livermore,CA,Alameda,staged_only,,1.2,,OP
68066:1,Poet Bioprocessing Emmetsburg,IA,Palo Alto,staged_only,,3.5,,OP
68067:NIAGA,Niagara Solar Project,NY,Niagara,staged_only,,5.0,,OP
68069:16501,Old Frontier Solar III,MA,Franklin,staged_only,,2.0,,OP
68069:16502,Old Frontier Solar III,MA,Franklin,staged_only,,2.0,,OP
68077:NRIDG,North Ridge Solar,VA,Powhatan,staged_only,,20.0,,OP
68088:TS1,Twelvemile Solar 1,OK,Mayes,staged_only,,152.0,,OP
68091:IR,Independence Road (CSG),NY,Allegany,staged_only,,5.0,,OP
68092:RA,Ruhlmann A (CSG),NY,Niagara,staged_only,,5.0,,OP
68095:BENTN,SR Benton,TN,Benton,staged_only,,3.0,,OP
68096:BROWN,SR Brownsville,TN,Haywood,staged_only,,3.0,,OP
68102:FDEER,SR Forked Deer,TN,Lauderdale,staged_only,,2.5,,OP
68103:HICK,SR Hickman,TN,Hickman,staged_only,,5.5,,OP
68106:LAMB2,SR Lambert II,SC,Georgetown,staged_only,,100.0,,OP
68107:LEXTN,SR Lexington,TN,Henderson,staged_only,,6.5,,OP
68108:MARYE,SR Maryville East,TN,Blount,staged_only,,7.5,,OP
68109:MARY,SR Maryville,TN,Blount,staged_only,,1.3,,OP
68112:GIBSN,SR South Gibson,TN,Gibson,staged_only,,4.8,,OP
68113:TRENT,SR Trenton,TN,Gibson,staged_only,,2.3,,OP
68114:TREZE,SR Trezevant,TN,Carroll,staged_only,,6.5,,OP
68115:TICON,Ticon Solar,NY,Essex,staged_only,,5.0,,OP
68116:BENZ1,Benz Solar 1,CT,New Haven,staged_only,,1.0,,OP
68117:BENZ2,Benz Solar 2,CT,New Haven,staged_only,,1.0,,OP
68131:CH819,Des Plaines 7-SLCHI819,IL,Cook,staged_only,,1.4,,OP
68136:CH803,Franklin Park 3-SLCHI803,IL,Cook,staged_only,,1.2,,OP
68145:ANGSO,Angelo Solar,TX,Tom Green,staged_only,,195.0,,OP
68146:ANGBA,Angelo Storage,TX,Tom Green,staged_only,,100.0,,OP
68147:1,Coffeen Solar BESS,IL,Montgomery,staged_only,,44.2,,OP
68147:2,Coffeen Solar BESS,IL,Montgomery,staged_only,,2.0,,OP
68148:1,Baldwin Solar BESS,IL,Randolph,staged_only,,68.4,,OP
68148:2,Baldwin Solar BESS,IL,Randolph,staged_only,,2.0,,OP
68150:19073,Allied Potato,CA,Kern,staged_only,,1.2,,OP
68151:IE001,Mountain View Ind Park 1-sline001,CA,San Bernardino,staged_only,,1.1,,OP
68152:RUSH1,Rush Solar,NY,Monroe,staged_only,,5.0,,OP
68154:GDRLD,Guilderland Solar,NY,Albany,staged_only,,5.0,,OP
68156:ATWA,MN CSG 2019-82,MN,Kandiyohi,staged_only,,1.0,,OP
68157:MIRG,MN CSG 2019-60,MN,Renville,staged_only,,1.0,,OP
68158:ENFI2,Enfield Solar Site 2,NY,Tompkins,staged_only,,5.0,,OP
68159:ENFI3,Enfield Solar Site 3,NY,Tompkins,staged_only,,5.0,,OP
68160:ENFI1,Enfield Solar Site 1,NY,Tompkins,staged_only,,5.0,,OP
68161:MAUME,Maumee Solar,OH,Lucas,staged_only,,2.4,,OP
68162:COVE2,Coventry Solar Site 2,NY,Broome,staged_only,,5.0,,OP
68163:COVE3,Coventry Solar Site 3,NY,Broome,staged_only,,5.0,,OP
68180:BELMS,Big Elm Solar,TX,Bell,staged_only,,200.0,,OP
68182:BWMW,Bowman Wind,ND,Bowman,staged_only,,200.0,,OP
68183:CRS,Coldwater River Solar,MI,Branch,staged_only,,150.0,,OP
68185:DOWNW,Downeast Wind,ME,Washington,staged_only,,126.0,,OP
68188:TROU1,Trousdale Solar I,NY,Genesee,staged_only,,5.0,,OP
68189:GKDBS,Great Kiskadee Storage,TX,Hidalgo,staged_only,,100.0,,OP
68190:TROU1,Trousdale Solar II,NY,Genesee,staged_only,,5.0,,OP
68192:LOTUS,Lotus Wind,IL,Macoupin,staged_only,,200.0,,OP
68193:PROSP,Prosperity Wind,IL,Piatt,staged_only,,300.0,,OP
68199:WHEAT,Wheatsborough Solar,OH,Erie,staged_only,,125.0,,OP
68200:SEQ1,Sequoia 1,TX,Eastland,staged_only,,401.4,,OP
68206:CAM B,CAMILLUS B (CSG),NY,Onondaga,staged_only,,5.0,,OP
68207:CAM A,CAMILLUS A (CSG),NY,Onondaga,staged_only,,5.0,,OP
68220:NK2PV,North Kern 2,CA,Kern,staged_only,,2.5,,OP
68221:NK1PV,North Kern 1,CA,Kern,staged_only,,2.5,,OP
68222:OP,Flat Ridge 4,KS,Kingsman,staged_only,,134.0,,OP
68223:67693,Beaverdam Renewable Energy Center,SC,Laurens,staged_only,,40.8,,OP
68232:STCL3,St. Clair Solar 3,IL,St Clair,staged_only,,2.0,,OP
68233:KANK3,Kankakee Solar 3,IL,Kankakee,staged_only,,2.0,,OP
68234:GEN1,Vinelands Power Plant,CO,Mesa,staged_only,,4.5,,OP
68235:C234B,Romeoville 34 - SLCHI234 - BSCHI234,IL,Will,staged_only,,1.1,,OP
68242:GRARW,DG Green Arrow,MN,Pipestone,staged_only,,1.0,,OP
68244:GRTX1,"Gransolar Texas One, LLC",TX,Milam,staged_only,,50.0,,OP
68246:JUNGM,BT Jungmann,TX,Milam,staged_only,,40.0,,OP
68248:GRAY,SR Gray,TN,Washington,staged_only,,6.0,,OP
68259:21108,Oneida 2 CDG,NY,Oneida,staged_only,,3.3,,OP
68260:GCC1,GCC Trident Solar Project,MT,Gallatin,staged_only,,2.0,,OP
68260:GCC2,GCC Trident Solar Project,MT,Gallatin,staged_only,,2.0,,OP
68262:FVFPV,Fairview Farms,MD,Harford,staged_only,,30.0,,OP
68265:PV1,South County Detention Center Solar,CA,Tulare,staged_only,,1.1,,OP
68266:BA1,North Juvenile Detention Center Solar,CA,Tulare,staged_only,,0.3,,OP
68266:PV1,North Juvenile Detention Center Solar,CA,Tulare,staged_only,,1.1,,OP
68267:PV1,Government Plaza Solar,CA,Tulare,staged_only,,1.1,,OP
68268:PV1,Tulare Akers Professional Center,CA,Tulare,staged_only,,1.0,,OP
68269:PV1,Bob Wiley Detention Center,CA,Tulare,staged_only,,1.8,,OP
68270:PV1,Civic Center East,CA,Tulare,staged_only,,1.5,,OP
68272:18249,CA OXNARD 2600 Sakioka Dr,CA,Ventura,staged_only,,1.6,,OP
68272:21387,CA OXNARD 2600 Sakioka Dr,CA,Ventura,staged_only,,1.6,,OP
68274:MOR01,Morris Ridge Solar,NY,Livingston,staged_only,,177.0,,OP
68276:1,Swamp Cabbage,FL,Hendry,staged_only,,74.5,,OP
68279:10022,NCS FCPA LLC,DC,District of Columbia,staged_only,,1.1,,OP
68280:10021,NCS Paradise LLC,DC,District of Columbia,staged_only,,1.3,,OP
68281:BOCA1,Box Canyon (AZ),AZ,Pinal,staged_only,,300.0,,OP
68286:KSPV1,Kennett Solar,MO,Dunklin,staged_only,,4.9,,OP
68297:4598,Green River Solar,KY,Meade,staged_only,,200.0,,OP
68301:CABCR,Cabin Creek MD,MD,Dorchester,staged_only,,2.0,,OP
68318:DKR01,Dakota Range Wind,SD,Grant,staged_only,,304.0,,OP
68320:BC24,Blackwell Creek Solar,OR,Jackson,staged_only,,1.4,,OP
68322:ALT7A,Atlas VII,AZ,La Paz,staged_only,,180.0,,OP
68322:ALT7B,Atlas VII,AZ,La Paz,staged_only,,120.0,,OP
68324:ALT9,Atlas IX,AZ,La Paz,staged_only,,150.0,,OP
68326:MILL2,SR Millington II,TN,Shelby,staged_only,,74.9,,OP
68327:EHAMP,CP East Hampton I & II Solar,CT,Middlesex,staged_only,,2.0,,OP
68329:TWS,"Tower Solar, LLC",OR,Morrow,staged_only,,120.0,,OP
68330:DV2PV,DIVOCSG 2 LLC,MN,Wright,staged_only,,1.0,,OP
68335:FAIRH,Fairhaven,MD,Anne Arundel,staged_only,,2.5,,OP
68336:SP842,Sand Prairie Solar,IL,Tazewell,staged_only,,2.0,,OP
68338:VERDE,Verde Light Community Solar,OR,Malheur,staged_only,,3.0,,OP
68346:ESSBR,Brownsville Energy Storage System,NY,Kings,staged_only,,5.6,,OP
68365:8681,Old 300 Storage Center,TX,Fort Bend,staged_only,,250.0,,OP
68372:BROS,Bronson Solar,FL,Levy,staged_only,,74.5,,OP
68373:HAGER,MN CSG 2019-105,MN,Wabasha,staged_only,,1.0,,OP
68374:MONK,MN CSG 2019-67,MN,Sherburne,staged_only,,1.0,,OP
68375:169,Buzzard Flop,OK,Hughes,staged_only,,2.5,,OP
68375:170,Buzzard Flop,OK,Hughes,staged_only,,2.5,,OP
68375:171,Buzzard Flop,OK,Hughes,staged_only,,2.5,,OP
68376:142,Centrahoma East,OK,Coal,staged_only,,2.5,,OP
68376:143,Centrahoma East,OK,Coal,staged_only,,2.5,,OP
68376:144,Centrahoma East,OK,Coal,staged_only,,2.5,,OP
68376:145,Centrahoma East,OK,Coal,staged_only,,2.5,,OP
68376:149,Centrahoma East,OK,Coal,staged_only,,2.5,,OP
68376:150,Centrahoma East,OK,Coal,staged_only,,2.5,,OP
68376:155,Centrahoma East,OK,Coal,staged_only,,2.5,,OP
68376:156,Centrahoma East,OK,Coal,staged_only,,2.5,,OP
68376:157,Centrahoma East,OK,Coal,staged_only,,2.5,,OP
68376:158,Centrahoma East,OK,Coal,staged_only,,2.5,,OP
68377:151,Centrahoma West,OK,Coal,staged_only,,2.5,,OP
68377:152,Centrahoma West,OK,Coal,staged_only,,2.5,,OP
68377:153,Centrahoma West,OK,Coal,staged_only,,2.5,,OP
68377:154,Centrahoma West,OK,Coal,staged_only,,2.5,,OP
68377:161,Centrahoma West,OK,Coal,staged_only,,2.5,,OP
68377:164,Centrahoma West,OK,Coal,staged_only,,2.5,,OP
68377:165,Centrahoma West,OK,Coal,staged_only,,2.5,,OP
68377:166,Centrahoma West,OK,Coal,staged_only,,2.5,,OP
68377:167,Centrahoma West,OK,Coal,staged_only,,2.5,,OP
68377:168,Centrahoma West,OK,Coal,staged_only,,2.5,,OP
68378:146,Little Dixie,OK,Coal,staged_only,,2.5,,OP
68378:147,Little Dixie,OK,Coal,staged_only,,2.5,,OP
68378:148,Little Dixie,OK,Coal,staged_only,,2.5,,OP
68378:159,Little Dixie,OK,Coal,staged_only,,2.5,,OP
68378:160,Little Dixie,OK,Coal,staged_only,,2.5,,OP
68379:162,Stuart (OK),OK,Pittsburg,staged_only,,2.5,,OP
68379:163,Stuart (OK),OK,Pittsburg,staged_only,,2.5,,OP
68386:MPP_1,Mountain Peak Power Station,CO,Weld,staged_only,,27.1,,OP
68386:MPP_2,Mountain Peak Power Station,CO,Weld,staged_only,,27.1,,OP
68386:MPP_3,Mountain Peak Power Station,CO,Weld,staged_only,,27.1,,OP
68386:MPP_4,Mountain Peak Power Station,CO,Weld,staged_only,,27.1,,OP
68386:MPP_5,Mountain Peak Power Station,CO,Weld,staged_only,,27.1,,OP
68386:MPP_6,Mountain Peak Power Station,CO,Weld,staged_only,,27.1,,OP
68387:WASP1,Warrior Solar Partners,NY,Herkimer,staged_only,,5.0,,OP
68390:ECOPV,118 Echo,MA,Barnstable,staged_only,,1.0,,OP
68391:VVDPV,3100 Valleyview Drive,OH,Franklin,staged_only,,1.0,,OP
68393:NOSPV,North Stafford HS,VA,Stafford,staged_only,,1.3,,OP
68394:WBMPV,Waterboro,ME,York,staged_only,,4.9,,OP
68395:WR2PV,Wheeler Ridge 2,CA,Kern,staged_only,,5.0,,OP
68398:LH001,Lake Hallie,WI,Chippewa,staged_only,,5.0,,OP
68399:DIXNY,TJA-NY- Dix Solar Farm LLC,NY,Schuyler,staged_only,,3.9,,OP
68400:CHEST,"TJA-NY-Chestnut Ridge Rd Moravia, LLC",NY,Cayuga,staged_only,,3.6,,OP
68401:OSWEG,"TJA-NY-1454 CR 15 Oswegatchie, LLC",NY,St Lawrence,staged_only,,4.9,,OP
68402:COHOC,"TJA-NY-Cohocton Solar Farm, LLC",NY,Steuben,staged_only,,5.0,,OP
68403:CANTO,TJA-NY-Canton Solar Farm LLC,NY,St Lawrence,staged_only,,4.9,,OP
68404:BARNY,"TJA-NY-Barrett Rd New Woodstock, LLC",NY,Madison,staged_only,,4.7,,OP
68405:CALED,Caledonia CSG LLC,NY,Livingston,staged_only,,5.0,,OP
68406:LEBAN,Lebanon CSG LLC,ME,York,staged_only,,3.8,,OP
68407:MARTI,Martinsburg CSG LLC,NY,Lewis,staged_only,,2.2,,OP
68408:NEWA1,Newark Solar 1 LLC,NJ,Essex,staged_only,,2.2,,OP
68409:VSPRC,"VS RXI Mason-Chatsworth, LLC",CA,Los Angeles,staged_only,,1.8,,OP
68412:DIV13,DIVOCSG 13,MN,Wabasha,staged_only,,1.0,,OP
68415:810,Armstrong 1,IL,McHenry,staged_only,,2.0,,OP
68418:KEYDT,Keydet Solar Center,VA,Charles City,staged_only,,120.0,,OP
68419:RN,Richland North,NY,Oswego,staged_only,,5.0,,OP
68420:RS,Richland South,NY,Oswego,staged_only,,5.0,,OP
68421:EB,Ellisburg,NY,Jefferson,staged_only,,5.0,,OP
68423:SGES2,St Gall Energy Storage II,TX,Pecos,staged_only,,100.0,,OP
68424:TIBB1,Tibbits Energy Storage,MI,Branch,staged_only,,104.9,,OP
68427:1,Ardagh Solar,CA,Madera,staged_only,,12.9,,OP
68429:FBNKS,Fairbanks Solar Project,IN,Sullivan,staged_only,,250.0,,OP
68430:960,515 Main Saugus,MA,Essex,staged_only,,1.3,,OP
68431:CADNC,Cadence Solar Energy Center,OH,Union,staged_only,,240.0,,OP
68432:18253,Aegean Drive Solar,MA,Essex,staged_only,,1.8,,OP
68433:4761,Banner Solar Ironwood,AZ,Pinal,staged_only,,1.4,,OP
68434:961,Downing Parkway Solar,MA,Berkshire,staged_only,,2.3,,OP
68435:13998,Millbury MA #1092,MA,Worcester,staged_only,,1.0,,OP
68436:22323,WPR RE Holdings,CA,Kern,staged_only,,2.9,,OP
68437:11998,Millis MA 1,MA,Norfolk,staged_only,,1.0,,OP
68438:12998,Rochester MA 2,MA,Plymouth,staged_only,,1.0,,OP
68440:693,Sutter Santa Rosa Solar,CA,Sonoma,staged_only,,1.3,,OP
68441:14998,Wendell MA 1,MA,Franklin,staged_only,,1.0,,OP
68442:17188,Ellis Creek Solar,CA,Sonoma,staged_only,,4.0,,OP
68444:PV1,Antelope Creek,OR,Jackson,staged_only,,2.3,,OP
68445:GNCLB,OR - Green Key - Gun Club,OR,Yamhill,staged_only,,2.5,,OP
68446:MARQM,OR - Green Key - Marquam,OR,Clackamas,staged_only,,1.9,,OP
68447:DG1,Kuihelani Substation,HI,Maui,staged_only,,1.0,,OP
68448:CLAFD,OR - Solops - SPI 18 - Clayfield,OR,Clackamas,staged_only,,2.6,,OP
68449:CORK,OR -Solops - SPI 18 - Cork,OR,Clackamas,staged_only,,1.3,,OP
68450:DOVER,OR - Solops - SPI 18 - Dover,OR,Clackamas,staged_only,,2.0,,OP
68451:BELVD,OR - Solops - SPI 18 - Belvedere,OR,Marion,staged_only,,3.0,,OP
68454:LEEDS,Walden Solar Maine V,ME,Androscoggin,staged_only,,20.0,,OP
68455:GIBBY,Gibson Solar,IN,Gibson,staged_only,,200.0,,OP
68456:BSIIS,Blue Summit II Storage,TX,Wilbarger,staged_only,,150.0,,OP
68457:DIV14,DIVOCSG 14 LLC,MN,Wabasha,staged_only,,1.0,,OP
68458:5840,"Roaring Springs, LLC",TX,Motley,staged_only,,250.0,,OP
68460:7137,Roadrunner Crossing Energy Storage,TX,Eastland,staged_only,,150.0,,OP
68462:PV1,Pine Grove - (OR),OR,Klamath,staged_only,,1.4,,OP
68463:PV1,Orchard Knob,OR,Polk,staged_only,,2.3,,OP
68464:PV1,Round Lake,OR,Klamath,staged_only,,1.0,,OP
68467:PV1,Machesney Park,IL,Winnebago,staged_only,,1.7,,OP
68469:PV1,Pontiac 1A,IL,Livingston,staged_only,,2.0,,OP
68470:AZ1,Azalea Springs Solar Park,TX,Angelina,staged_only,,180.0,,OP
68471:18880,Open Sky Dairy,CA,Fresno,staged_only,,1.7,,OP
68472:1,Long Branch Solar,FL,Manatee,staged_only,,74.9,,OP
68474:TXPC1,Peacock Energy Project,TX,San Patricio,staged_only,,150.0,,OP
68475:RIV1,Kearsarge Riverpark I LLC,MA,Middlesex,staged_only,,5.0,,OP
68476:RIV2,Kearsarge Riverpark II LLC,MA,Middlesex,staged_only,,5.0,,OP
68477:1,Pediment BESS I,AZ,Maricopa,staged_only,,250.0,,OP
68482:CLN,Clinton Solar (OH),OH,Clinton,staged_only,,49.9,,OP
68483:5665,"Diver Solar, LLC",TX,Limestone,staged_only,,225.0,,OP
68484:MRSHL,ME - Novel (Lighthouse Ph I) Mars Hill,ME,Aroostook,staged_only,,2.5,,OP
68487:PVS2,Pleasant Valley Solar 2 Project,ID,Ada,staged_only,,125.0,,OP
68488:GMS,Garnet Mesa Solar,CO,Delta,staged_only,,80.0,,OP
68489:19575,IL BEDFORD PARK 7035 W 65TH ST,IL,Cook,staged_only,,2.0,,OP
68492:GEN01,Sun Pond,AZ,Maricopa,staged_only,,85.0,,OP
68492:GEN02,Sun Pond,AZ,Maricopa,staged_only,,85.0,,OP
68493:BAT1,Central Heating Plant,MA,Hampshire,staged_only,,1.3,,OP
68493:BAT2,Central Heating Plant,MA,Hampshire,staged_only,,2.0,,OP
68493:CTG,Central Heating Plant,MA,Hampshire,staged_only,,11.0,,OP
68493:STG1,Central Heating Plant,MA,Hampshire,staged_only,,2.1,,OP
68493:STG2,Central Heating Plant,MA,Hampshire,staged_only,,4.0,,OP
68494:SHRK1,Shirk Energy Storage,CA,Tulare,staged_only,,80.0,,OP
68496:LOWR1,Lower Rio Energy Storage,TX,Hidalgo,staged_only,,60.0,,OP
68498:PIXLY,Pixley Solar Energy,KS,Barber,staged_only,,189.0,,OP
68505:BONNI,MN CSG 2019-79,MN,Renville,staged_only,,1.0,,OP
68506:BRAUN,MN CSG 2019-22,MN,Renville,staged_only,,1.0,,OP
68508:ZENA,Zena Solar,OR,Polk,staged_only,,2.5,,OP
68509:VNT,"Ventasso Energy Storage, LLC",CA,San Diego,staged_only,,50.0,,OP
68513:CWHBA,"Cartwheel 1 - Storage, LLC",TX,Hopkins,staged_only,,300.0,,OP
68516:WLD,Wildwood Solar Plant,MS,Tallahatchie,staged_only,,100.0,,OP
68517:BHS,Boot Hill Solar,KS,Ford,staged_only,,150.0,,OP
68521:JDF,JD Foods - JD Foods,CA,Fresno,staged_only,,1.5,,OP
68522:4975B,Bishop Ranch - BR 8-O,CA,Contra Costa,staged_only,,0.5,,OP
68522:4975C,Bishop Ranch - BR 8-O,CA,Contra Costa,staged_only,,1.0,,OP
68523:4977B,Bishop Ranch - BR 8-Q,CA,Contra Costa,staged_only,,0.5,,OP
68523:4977C,Bishop Ranch - BR 8-Q,CA,Contra Costa,staged_only,,0.7,,OP
68524:4654B,Bishop Ranch - BR 15-AA,CA,Contra Costa,staged_only,,0.5,,OP
68524:4654C,Bishop Ranch - BR 15-AA,CA,Contra Costa,staged_only,,0.5,,OP
68524:4654R,Bishop Ranch - BR 15-AA,CA,Contra Costa,staged_only,,0.2,,OP
68525:4656B,Bishop Ranch - BR 15-CC,CA,Contra Costa,staged_only,,0.5,,OP
68525:4656C,Bishop Ranch - BR 15-CC,CA,Contra Costa,staged_only,,0.5,,OP
68525:4656R,Bishop Ranch - BR 15-CC,CA,Contra Costa,staged_only,,0.2,,OP
68526:11,Kama 1 LLC,CA,Mendocino,staged_only,,1.6,,OP
68526:11B,Kama 1 LLC,CA,Mendocino,staged_only,,0.4,,OP
68529:FS01,Flatland Storage,AZ,Pinal,staged_only,,200.0,,OP
68530:703,Agrimony 2,IL,Jo Daviess,staged_only,,2.0,,OP
68531:703,Agrimony 1,IL,Jo Daviess,staged_only,,2.0,,OP
68532:PPA22,Pivot Energy PPA 22,CA,Tulare,staged_only,,1.3,,OP
68533:BMOON,Blue Moon Farms,CA,Tulare,staged_only,,1.0,,OP
68534:OEIN1,Wheatland,IN,Knox,staged_only,,150.0,,OP
68535:DEVNY,MN CSG 2019-77,MN,Dakota,staged_only,,1.0,,OP
68536:MS7_S,Optimist,MS,Clay,staged_only,,50.0,,OP
68536:OEMS7,Optimist,MS,Clay,staged_only,,200.0,,OP
68537:OSAS1,Swift Air Solar I,TX,Ector,staged_only,,145.0,,OP
68538:20424,IL University Park 450 Central Ave,IL,Will,staged_only,,2.3,,OP
68539:19572,IL Bolingbrook 279 Marquette Dr,IL,Will,staged_only,,1.0,,OP
68540:6245,Bayer Oxnard - Meter# 4719,CA,Ventura,staged_only,,1.3,,OP
68544:19574,IL Bedford Park 6901 W 65th St,IL,Cook,staged_only,,2.0,,OP
68545:GEDDE,USNY - Geddes,NY,Onondaga,staged_only,,3.3,,OP
68547:TIP1B,Tipton 1 - (CA),CA,Tulare,staged_only,,1.0,,OP
68547:TIP1S,Tipton 1 - (CA),CA,Tulare,staged_only,,4.2,,OP
68548:TIP2B,Tipton 2 - (CA),CA,Tulare,staged_only,,0.7,,OP
68548:TIP2S,Tipton 2 - (CA),CA,Tulare,staged_only,,2.1,,OP
68549:PNVW1,"Pineview Solar, LLC",GA,Wilcox,staged_only,,80.0,,OP
68550:KELLY,Kelly Creek Solar,OR,Josephine,staged_only,,2.3,,OP
68551:1,Cottonmouth Ranch Solar,FL,Hillsborough,staged_only,,74.5,,OP
68552:PV1,Old Route 17,NY,Sullivan,staged_only,,4.0,,OP
68573:7509,"Lowe's - 1845 - Chicago Brickyard, IL",IL,Cook,staged_only,,1.0,,OP
68575:UPSB1,Visalia Solar,CA,Tulare,staged_only,,1.1,,OP
68575:UPSV1,Visalia Solar,CA,Tulare,staged_only,,2.5,,OP
68576:BRKES,Breckinridge Energy Storage,OK,Garfield,staged_only,,65.0,,OP
68577:BESS1,Woodward Energy Storage,OK,Woodward,staged_only,,40.0,,OP
68586:FC1,Stamford Health Tully Health Center,CT,Fairfield,staged_only,,0.7,,OP
68586:G1,Stamford Health Tully Health Center,CT,Fairfield,staged_only,,0.8,,OP
68587:OSAS2,Swift Air Solar II,TX,Ector,staged_only,,100.0,,OP
68588:OSAS3,Swift Air Solar III,TX,Ector,staged_only,,100.0,,OP
68589:UTICA,"Community Solar Utica 1, LLC",CA,Kings,staged_only,,3.0,,OP
68590:FLATV,Flat Ridge 5,KS,Harper,staged_only,,153.0,,OP
68591:HARD3,Hardin Solar III,OH,Hardin,staged_only,,250.0,,OP
68595:OEFL8,Whistling Duck I,FL,Levy,staged_only,,75.0,,OP
68596:DES1,Dominguez Energy Storage,UT,Salt Lake,staged_only,,200.0,,OP
68599:NK3PV,North Kern 3,CA,Kern,staged_only,,5.0,,OP
68601:16-24,Davidson III,NC,Davidson,staged_only,,4.5,,OP
68602:29,Davidson IV,NC,Davidson,staged_only,,3.0,,OP
68603:13-15,Davidson V,NC,Davidson,staged_only,,1.5,,OP
68605:3146B,Mauna Loa Macadamia Nut,HI,Hawaii,staged_only,,0.5,,OP
68605:3146G,Mauna Loa Macadamia Nut,HI,Hawaii,staged_only,,0.8,,OP
68608:UNIT1,Western Berks,PA,Berks,staged_only,,1.6,,OP
68608:UNIT2,Western Berks,PA,Berks,staged_only,,1.6,,OP
68609:TBOYD,Tift Boyd,GA,Tift,staged_only,,2.9,,OP
68610:KDORO,Whitfield Cooper,GA,Whitfield,staged_only,,1.1,,OP
68611:IBSS,International Battery Substation (IBSS),AK,Anchorage,staged_only,,40.0,,OP
68612:CESAN,Central San,CA,Contra Costa,staged_only,,1.8,,OP
68613:GUAJ1,Guajillo Energy Storage,TX,Webb,staged_only,,228.7,,OP
68614:KDORO,Kern Del Oro,CA,Kern,staged_only,,1.2,,OP
68615:5663,"ADP Roseland, NJ",NJ,Essex,staged_only,,2.4,,OP
68616:R66,Route 66 Energy Storage,NM,Cibola,staged_only,,49.5,,OP
68617:SRII,Sky Ranch BESS II,NM,Valencia,staged_only,,100.0,,OP
68618:GTHOM,Gordon Thompson,GA,Gordon,staged_only,,3.0,,OP
68619:POLC2,Polk Cedartown 2,GA,Polk,staged_only,,2.4,,OP
68620:OVERL,Overlook,MA,Worcester,staged_only,,4.9,,OP
68621:PEUN,Pierce Eunice,GA,Pierce,staged_only,,1.9,,OP
68622:BRUSH,Bulloch Rushing,GA,Bulloch,staged_only,,2.9,,OP
68623:AGYR2,Amazon Goodyear,AZ,Maricopa,staged_only,,2.4,,OP
68624:SHGIR,Sutter Home Winery GIR,CA,Napa,staged_only,,1.1,,OP
68625:BCSKO,Bates College Skowhegan,ME,Somerset,staged_only,,5.0,,OP
68626:GPINH,Gordon Pine Hall,GA,Gordon,staged_only,,2.4,,OP
68627:CGORE,Chattooga Gore,GA,Chattooga,staged_only,,2.4,,OP
68628:EDDOW,Eden Dowmont Road,NY,Washington,staged_only,,5.0,,OP
68629:EHMEA,Eden Hidden Meadows,NY,Washington,staged_only,,5.0,,OP
68630:SHTCC,Sutter Home Winery TCC,CA,San Luis Obispo,staged_only,,1.1,,OP
68631:HEUVE,CES Heuvelton,NY,St Lawrence,staged_only,,5.0,,OP
68632:RWDEB,Wymans Deblois,ME,Washington,staged_only,,4.9,,OP
68634:18904,Avalon Dairy,CA,Kern,staged_only,,3.1,,OP
68636:FERR,GSPP 409 Ferris Road,NY,St. Lawrence,staged_only,,5.0,,OP
68637:FERRE,GSPP 641 Ferris Road East,NY,St. Lawrence,staged_only,,4.0,,OP
68638:FERRW,GSPP 641 Ferris Road West,NY,St. Lawrence,staged_only,,2.5,,OP
68639:CBEP7,CBEP Solar 7,CO,Weld,staged_only,,5.0,,OP
68640:GREEL,ECA CO Greeley,CO,Weld,staged_only,,3.3,,OP
68641:RAND1,Randall Road Solar I,NY,Saratoga,staged_only,,3.4,,OP
68642:RAND2,Randall Road Solar II,NY,Saratoga,staged_only,,2.3,,OP
68643:SWAG1,Swaggertown Solar I,NY,Schenectady,staged_only,,2.8,,OP
68644:HFREC,Huck Finn Renewable Energy Center,MO,Audrain,staged_only,,200.0,,OP
68645:121,Belair,NY,Rensselaer,staged_only,,4.0,,OP
68646:171,Kilmer,NY,Niagara,staged_only,,5.0,,OP
68647:116,Manlius East,NY,Onondaga,staged_only,,5.0,,OP
68648:115,Manlius North,NY,Onondaga,staged_only,,1.4,,OP
68649:117,Manlius West,NY,Onondaga,staged_only,,5.0,,OP
68650:166,Mantisi,NY,Monroe,staged_only,,5.0,,OP
68651:1,New Marlborough,MA,Berkshire,staged_only,,5.0,,OP
68652:12,Peru (MA),MA,Berkshire,staged_only,,3.3,,OP
68653:122,Quaker,NY,Warren,staged_only,,5.0,,OP
68654:169,Rak 1,NY,Chautauqua,staged_only,,5.0,,OP
68655:3,Russell (MA),MA,Hampden,staged_only,,3.0,,OP
68656:10,Tolland,MA,Hampden,staged_only,,5.0,,OP
68657:11,Westhampton,MA,Hampshire,staged_only,,5.0,,OP
68658:13,Westport (MA),MA,Bristol,staged_only,,2.5,,OP
68659:100,Wheatfield,NY,Niagara,staged_only,,4.0,,OP
68660:165,Wolf,NY,Monroe,staged_only,,3.6,,OP
68664:SWAG2,Swaggertown Solar II,NY,Schenectady,staged_only,,5.0,,OP
68669:OEALH,Walker Springs II,AL,Clarke,staged_only,,80.0,,OP
68670:OEALG,Walker Springs I,AL,Clarke,staged_only,,80.0,,OP
68674:EWNDR,East Windsor,CT,Hartford,staged_only,,4.0,,OP
68675:4611,Maple North 1,NY,Fulton,staged_only,,4.1,,OP
68676:46112,Maple North 2,NY,Fulton,staged_only,,3.6,,OP
68677:4672,Maple West,NY,Fulton,staged_only,,5.0,,OP
68678:MDES,Museum Drive East Solar,NE,Hall,staged_only,,9.9,,OP
68679:BA1,Partridge Solar,MA,Berkshire,staged_only,,3.0,,OP
68679:PV1,Partridge Solar,MA,Berkshire,staged_only,,4.5,,OP
68680:BA1,Saddleback Solar,MA,Berkshire,staged_only,,2.5,,OP
68680:PV1,Saddleback Solar,MA,Berkshire,staged_only,,3.6,,OP
68681:PKRRD,Parker Road Solar,NJ,Morris,staged_only,,15.4,,OP
68682:GTBRY,Glastonbury Solar One,CT,Hartford,staged_only,,3.0,,OP
68683:HO241,Crockett BESS,TX,Harris,staged_only,,10.0,,OP
68684:DL805,Century BESS,TX,Tarrant,staged_only,,10.0,,OP
68685:DL745,Liggett Switch,TX,Tarrant,staged_only,,10.0,,OP
68686:MCC01,Citrus City BESS,TX,Hidalgo,staged_only,,9.9,,OP
68687:RGC01,Rio Grande City BESS 2,TX,Starr,staged_only,,9.9,,OP
68688:AVECC,Arkansas Valley,AR,Franklin,staged_only,,1.0,,OP
68689:BPKNZ,BP-Kanza,KS,Pratt,staged_only,,1.0,,OP
68690:CNVY1,Caney Valley,KS,Chautauqua,staged_only,,1.0,,OP
68691:CNTRV,Centerville (NE),NE,Lancaster,staged_only,,1.0,,OP
68692:CMSCW,CMS-Coldwater,KS,Comanche,staged_only,,2.0,,OP
68693:DESCH,Deshler Solar,NE,Thayer,staged_only,,1.0,,OP
68694:GRNBG,Greensburg Solar,KS,Kiowa,staged_only,,1.0,,OP
68695:HARVY,Harvey County,KS,Harvey,staged_only,,1.0,,OP
68696:HUNTS,"Huntsville-Ark Valley, KS",KS,Reno,staged_only,,1.0,,OP
68697:LINDB,Lindsborg,KS,McPherson,staged_only,,1.0,,OP
68698:MAIZE,Maize,KS,Sedgwick,staged_only,,1.0,,OP
68699:MOUND,Mound,KS,Labette,staged_only,,1.0,,OP
68700:MUNSN,Munson-DS&O,KS,Geary,staged_only,,1.0,,OP
68701:NLR2,NLRED 2MW,AR,Pulaski,staged_only,,2.0,,OP
68702:NLR5,NLRED 5MW,AR,Pulaski,staged_only,,5.0,,OP
68703:OSKAL,Oskaloosa,KS,Jefferson,staged_only,,1.0,,OP
68704:MAN1,Manilus,NY,Onondaga,staged_only,,4.5,,OP
68706:CLRKS,City of Clarksville,AR,Johnson,staged_only,,10.0,,OP
68707:GRNBH,Greenbush-Heartland,KS,Crawford,staged_only,,1.0,,OP
68708:HINDS,Hindsville,AR,Madison,staged_only,,5.0,,OP
68709:NAEC,North Arkansas Electric Cooperative,AR,Fulton,staged_only,,1.0,,OP
68710:OZKSP,Ozark Solar Park,AR,Washington,staged_only,,2.4,,OP
68711:PEOPL,People's,OK,Pontotoc,staged_only,,5.0,,OP
68712:PTJE,Petit Jean,AR,Van Buren,staged_only,,1.0,,OP
68713:RCHMT,Rich Mountain Electric Cooperative,AR,Polk,staged_only,,1.0,,OP
68714:RUBY,Ruby-Norris,NE,Seward,staged_only,,1.0,,OP
68715:SAUT,SAU Tech,AR,Ouachita,staged_only,,1.0,,OP
68716:SOLOM,Solomon-DS&O,KS,Dickinson,staged_only,,1.0,,OP
68717:SCAEC,South Central Electric Cooperative,AR,Clark,staged_only,,1.0,,OP
68718:SWAEC,Southwest Arkansas Electric,AR,Miller,staged_only,,1.0,,OP
68719:SPRNG,Springdale School District,AR,Washington,staged_only,,2.9,,OP
68720:STGEO,St. George,KS,Pottawatomie,staged_only,,1.0,,OP
68721:STPHG,St. Paul-Howard Greeley,NE,Howard,staged_only,,1.0,,OP
68722:STAR,Star City School District,AR,Lincoln,staged_only,,1.0,,OP
68723:STROM,Stromsburg-Polk County,NE,Polk,staged_only,,1.0,,OP
68724:STDBR,Studebaker,KS,Wilson,staged_only,,1.0,,OP
68725:TRICO,Tri County - TenK,OK,Texas,staged_only,,1.0,,OP
68726:URBNA,Urbana-Heartland,KS,Neosho,staged_only,,1.0,,OP
68727:VNA,Veolia (Gum Springs),AR,Clark,staged_only,,5.0,,OP
68728:WDRFF,Woodruff Electric Cooperative,AR,St. Francis,staged_only,,1.0,,OP
68729:XNA,XNA (NW AR Natnl Airport),AR,Benton,staged_only,,3.0,,OP
68730:H7501,HEB00750,TX,Tarrant,staged_only,,0.4,,OP
68730:H7502,HEB00750,TX,Tarrant,staged_only,,0.4,,OP
68730:H7503,HEB00750,TX,Tarrant,staged_only,,0.4,,OP
68731:H7791,HEB00779,TX,Harris,staged_only,,0.4,,OP
68731:H7792,HEB00779,TX,Harris,staged_only,,0.4,,OP
68731:H7793,HEB00779,TX,Harris,staged_only,,0.4,,OP
68732:H7971,HEB00797,TX,Harris,staged_only,,0.4,,OP
68732:H7972,HEB00797,TX,Harris,staged_only,,0.4,,OP
68732:H7973,HEB00797,TX,Harris,staged_only,,0.4,,OP
68733:H7981,HEB00798,TX,Harris,staged_only,,0.4,,OP
68733:H7982,HEB00798,TX,Harris,staged_only,,0.4,,OP
68733:H7983,HEB00798,TX,Harris,staged_only,,0.4,,OP
68734:H8011,HEB00801,TX,Tarrant,staged_only,,0.4,,OP
68734:H8012,HEB00801,TX,Tarrant,staged_only,,0.4,,OP
68734:H8013,HEB00801,TX,Tarrant,staged_only,,0.4,,OP
68736:HT210,HEBTEMDistCenter2A,TX,Bell,staged_only,,0.4,,OP
68736:HT211,HEBTEMDistCenter2A,TX,Bell,staged_only,,0.4,,OP
68736:HT212,HEBTEMDistCenter2A,TX,Bell,staged_only,,0.4,,OP
68736:HT213,HEBTEMDistCenter2A,TX,Bell,staged_only,,0.4,,OP
68736:HT214,HEBTEMDistCenter2A,TX,Bell,staged_only,,0.4,,OP
68736:HT215,HEBTEMDistCenter2A,TX,Bell,staged_only,,0.4,,OP
68736:HT216,HEBTEMDistCenter2A,TX,Bell,staged_only,,0.4,,OP
68736:HT2A1,HEBTEMDistCenter2A,TX,Bell,staged_only,,0.4,,OP
68736:HT2A2,HEBTEMDistCenter2A,TX,Bell,staged_only,,0.4,,OP
68736:HT2A3,HEBTEMDistCenter2A,TX,Bell,staged_only,,0.4,,OP
68736:HT2A4,HEBTEMDistCenter2A,TX,Bell,staged_only,,0.4,,OP
68736:HT2A5,HEBTEMDistCenter2A,TX,Bell,staged_only,,0.4,,OP
68736:HT2A6,HEBTEMDistCenter2A,TX,Bell,staged_only,,0.4,,OP
68736:HT2A7,HEBTEMDistCenter2A,TX,Bell,staged_only,,0.4,,OP
68736:HT2A8,HEBTEMDistCenter2A,TX,Bell,staged_only,,0.4,,OP
68736:HT2A9,HEBTEMDistCenter2A,TX,Bell,staged_only,,0.4,,OP
68737:TBUF1,OTHERTraditionBuffalo,TX,Harris,staged_only,,0.4,,OP
68737:TBUF2,OTHERTraditionBuffalo,TX,Harris,staged_only,,0.4,,OP
68737:TBUF3,OTHERTraditionBuffalo,TX,Harris,staged_only,,0.4,,OP
68740:PUCOZ,Zeuber,AR,Pulaski,staged_only,,4.6,,OP
68742:BA1,Skyline Solar,MA,Berkshire,staged_only,,3.0,,OP
68742:PV1,Skyline Solar,MA,Berkshire,staged_only,,4.5,,OP
68743:BA1,Adams Grove Solar,MA,Berkshire,staged_only,,3.3,,OP
68743:PV1,Adams Grove Solar,MA,Berkshire,staged_only,,5.0,,OP
68746:10648,North Troy,NY,Rensselaer,staged_only,,4.0,,OP
68747:10616,Oaks HOA,CA,Amador,staged_only,,1.0,,OP
68748:TS,Tierra Seca,TX,Val Verde,staged_only,,100.0,,OP
68749:23864,Superior Almond Hulling,CA,Fresno,staged_only,,2.1,,OP
68750:HC1,City of Peru Hydro-Electric Generating S,IL,Lasalle,staged_only,,1.9,,OP
68750:HC2,City of Peru Hydro-Electric Generating S,IL,Lasalle,staged_only,,1.9,,OP
68750:HC3,City of Peru Hydro-Electric Generating S,IL,Lasalle,staged_only,,1.9,,OP
68750:HC4,City of Peru Hydro-Electric Generating S,IL,Lasalle,staged_only,,1.9,,OP
68751:16,City of Peru Rail Generating Station,IL,Lasalle,staged_only,,2.7,,OP
68751:17,City of Peru Rail Generating Station,IL,Lasalle,staged_only,,2.7,,OP
68752:6,City of Peru Water Street Generating Sta,IL,Lasalle,staged_only,,6.3,,OP
68752:GT1,City of Peru Water Street Generating Sta,IL,Lasalle,staged_only,,10.0,,OP
68754:USORI,USS Origami Solar,IL,Whiteside,staged_only,,4.3,,OP
68755:USCAT,USS Cattail Solar,IL,Whiteside,staged_only,,2.3,,OP
68756:USDUC,USS Ducks Solar CSG,IL,Ogle,staged_only,,5.0,,OP
68757:USBRD,USS Beard Solar,IL,Cass,staged_only,,3.5,,OP
68764:170,Rak 2,NY,Chautauqua,staged_only,,3.5,,OP
68770:BTREC,Boomtown Renewable Energy Center,IL,White,staged_only,,150.0,,OP
68771:CCREC,Cass County Renewable Energy Center,IL,Cass,staged_only,,150.0,,OP
68773:52,Apollo,MA,Bristol,staged_only,,2.5,,OP
68773:52B,Apollo,MA,Bristol,staged_only,,1.3,,OP
68774:FTCR,Fountain Creek Solar,VA,Greensville,staged_only,,80.0,,OP
68775:WNTB,Winterberry Solar,VA,Gloucester,staged_only,,20.0,,OP
68776:SHS02,Sherco Solar II,MN,Sherburne,staged_only,,237.1,,OP
68778:20421,IL Chicago 2635 S Western Ave. (West),IL,Cook,staged_only,,1.8,,OP
68779:MD001,MD CDG 001,MD,Garrett,staged_only,,2.0,,OP
68780:MD002,MD CDG 002,MD,Garrett,staged_only,,2.0,,OP
68781:ME004,ME CDG 004,ME,Penobscot,staged_only,,2.0,,OP
68782:ME005,ME CDG 005,ME,Penobscot,staged_only,,2.0,,OP
68784:NY010,NY CDG 010,NY,Queens,staged_only,,1.2,,OP
68791:LA601,Chatsworth Industrial Center 1-SLLAX601,CA,Los Angeles,staged_only,,1.1,,OP
68794:BS418,Tracy 18 - SLCVA418,CA,San Joaquin,staged_only,,1.5,,OP
68794:CV418,Tracy 18 - SLCVA418,CA,San Joaquin,staged_only,,1.5,,OP
68795:CV516,IPC 16 - SLCVA516,CA,San Joaquin,staged_only,,1.7,,OP
68796:EB202,Stockton 6 - SLEBA202,CA,San Joaquin,staged_only,,1.1,,OP
68797:IN207,Crossroads Bus Park 7 - SLINE207,CA,San Bernardino,staged_only,,1.0,,OP
68798:1MW,Lockheed Martin Palmdale Solar PV,CA,Los Angeles,staged_only,,0.9,,OP
68798:20MW,Lockheed Martin Palmdale Solar PV,CA,Los Angeles,staged_only,,20.0,,OP
68800:SCHAG,Franklin CSG 1,MN,Renville,staged_only,,1.0,,OP
68801:NUCOR,Kingman Energy Storage,AZ,Mohave,staged_only,,50.0,,OP
68802:MINS2,Minco II Energy Storage,OK,Grady,staged_only,,65.0,,OP
68803:WSTTN,Westtown School Solar,PA,Chester,staged_only,,1.5,,OP
68804:11011,Rivard 1,NY,Chautauqua,staged_only,,4.6,,OP
68806:11027,Ridgeway 2,NY,Monroe,staged_only,,2.5,,OP
68807:11021,Catskill,NY,Broome,staged_only,,3.8,,OP
68808:P1001,Dos Palos Cooperative Gin,CA,Merced,staged_only,,1.0,,OP
68809:HL001,Hidden Lakes Reliability Project,TX,Galveston,staged_only,,220.0,,OP
68816:GBHBM,Google Bayhill Solar PV and Microgrid,CA,San Mateo,staged_only,,2.6,,OP
68816:GBHPV,Google Bayhill Solar PV and Microgrid,CA,San Mateo,staged_only,,1.2,,OP
68817:1,Mallard,FL,Brevard,staged_only,,74.5,,OP
68818:1,Sand Pine,FL,Calhoun,staged_only,,74.5,,OP
68819:1,Sea Grape,FL,St Lucie,staged_only,,74.5,,OP
68820:1,Big Brook,FL,Calhoun,staged_only,,74.5,,OP
68821:1,Clover FL,FL,St Lucie,staged_only,,74.5,,OP
68822:1,Flatford,FL,Manatee,staged_only,,74.5,,OP
68823:1,Goldenrod,FL,Collier,staged_only,,74.5,,OP
68837:GEN1,Godinho Dairy Digester,CA,Merced,staged_only,,1.0,,OP
68837:GEN2,Godinho Dairy Digester,CA,Merced,staged_only,,1.0,,OP
68838:RROS,Hecate Energy Outpost Solar LLC,TX,Webb,staged_only,,515.0,,OP
68839:RRPS,Hecate Energy Longhorn Solar LLC,TX,Jack,staged_only,,650.0,,OP
68840:P1002,Da Silva Dairy,CA,San Joaquin,staged_only,,1.0,,OP
68842:CHILB,Chillingham Storage,TX,Bell,staged_only,,150.0,,OP
68844:CPCC1,CalPortland Company Mojave Wind,CA,Kern,staged_only,,23.5,,OP
68845:BEIER,Bavaria Solar LLC,MN,Murray,staged_only,,1.0,,OP
68846:S5,Edwards Sanborn 1C,CA,Kern,staged_only,,46.0,,OP
68846:S6,Edwards Sanborn 1C,CA,Kern,staged_only,,102.0,,OP
68849:SFAO1,SF Auto O1,UT,Weber,staged_only,,3.4,,OP
68854:ABESS,Angela Solar Project,CA,Tulare,staged_only,,40.0,,OP
68854:ANG1,Angela Solar Project,CA,Tulare,staged_only,,40.0,,OP
68856:1,Tyson Nick,TX,Lamar,staged_only,,90.5,,OP
68857:HM701,Richmond Solar,IL,McHenry,staged_only,,2.0,,OP
68868:SBBS1,Shallow Basket,NM,Rio Arriba,staged_only,,50.0,,OP
68868:SBPV1,Shallow Basket,NM,Rio Arriba,staged_only,,140.0,,OP
68872:SHWF,Shenandoah Hills Wind Farm,IA,Page,staged_only,,214.3,,OP
68874:IES,Inertia Energy Storage,TX,Haskell,staged_only,,13.0,,OP
68875:90914,Wakefield MA BESS 1,MA,Middlesex,staged_only,,5.0,,OP
68878:LONGH,Longhorn Storage,TX,Eastland,staged_only,,165.0,,OP
68879:BCNV1,Bocanova Energy Storage,TX,Brazoria,staged_only,,150.0,,OP
68880:PVSI,Pleasantville Solar Park,IL,Fulton,staged_only,,150.0,,OP
68881:KENDL,NL IL - Kendall,IL,Kendall,staged_only,,2.0,,OP
68882:S1,SAE Taylorville IL S1,IL,Christian,staged_only,,1.1,,OP
68885:ELMRD,"Elam Road Solar, LLC",VA,Prince Edward,staged_only,,3.0,,OP
68886:SNDLE,"Sandale Solar, LLC",VA,Lancaster,staged_only,,3.0,,OP
68887:PV1,PAC Aviation Solar,CA,Los Angeles,staged_only,,2.5,,OP
68888:CHPMN,OR - Chapman Creek - Greenkey CSG,OR,Josephine,staged_only,,3.0,,OP
68890:P66RS,P66 Rodeo Solar,CA,Contra Costa,staged_only,,30.2,,OP
68891:VISB,Visalia - (CA),CA,Tulare,staged_only,,1.0,,OP
68891:VISS,Visalia - (CA),CA,Tulare,staged_only,,4.2,,OP
68892:11684,Airport Commons 7-slbal210,MD,Anne Arundel,staged_only,,1.4,,OP
68893:USSUP,USS University Park Solar,IL,Will,staged_only,,2.0,,OP
68894:RSS04,Riverstart Solar Park IV,IN,Randolph,staged_only,,150.0,,OP
68895:LIBR,Libra Storage,TX,Guadalupe,staged_only,,236.3,,OP
68896:SUNVB,Sun Valley Storage,TX,Hill,staged_only,,123.3,,OP
68899:1,Mississippi State University,MS,Oktibbeha,staged_only,,13.0,,OP
68899:2,Mississippi State University,MS,Oktibbeha,staged_only,,13.0,,OP
68904:BUKNR,OR - Green Key - Buckner CSG,OR,Clackamas,staged_only,,2.5,,OP
68905:BLFST,ME - EDF - Phase II - Belfast,ME,Waldo,staged_only,,5.0,,OP
68906:PFBA,Pine Forest Solar I,TX,Hopkins,staged_only,,200.0,,OP
68906:PFPV,Pine Forest Solar I,TX,Hopkins,staged_only,,300.0,,OP
68908:45067,Tesoro RV & Boat Storage,CA,San Joaquin,staged_only,,2.5,,OP
68912:12341,Padua 1,TX,Bexar,staged_only,,50.0,,OP
68918:S1,SAE Paris IL S1,IL,Edgar,staged_only,,2.0,,OP
68919:S1,Macon County IL S1,IL,Macon,staged_only,,2.0,,OP
68920:S1,Peoria County IL S2,IL,Peoria,staged_only,,2.0,,OP
68921:S1,Tazewell County IL S1,IL,Tazewell,staged_only,,2.0,,OP
68922:BAK,AVI Bakersfield,CA,Kern,staged_only,,2.2,,OP
68927:ADELI,"Adelite Solar, LLC",MO,Caldwell,staged_only,,25.0,,OP
68928:RICH2,"Richland Township Solar II, LLC",IL,Marshall,staged_only,,10.8,,OP
68941:BHC3,BH CSG 3,CO,Otero,staged_only,,1.5,,OP
68942:CHAB,Chaberton Solar Catherine,MD,Howard,staged_only,,2.0,,OP
68943:PI20,Pivot Solar 20,CO,Weld,staged_only,,5.0,,OP
68944:PI21,Pivot Solar 21,CO,Arapahoe,staged_only,,5.0,,OP
68945:PI37,Pivot Solar 37,CO,Logan,staged_only,,2.5,,OP
68946:PNY1,Pivot Solar NY 1,NY,Essex,staged_only,,5.0,,OP
68947:PNY3,Pivot Solar NY 3,NY,Cattaraugus,staged_only,,2.3,,OP
68948:PNY6,Pivot Solar NY 6,NY,Essex,staged_only,,5.0,,OP
68949:PNY9,Pivot Solar NY 9,NY,Essex,staged_only,,5.0,,OP
68950:BA,Marston Mills Solar,MA,Barnstable,staged_only,,3.0,,OP
68950:PV1,Marston Mills Solar,MA,Barnstable,staged_only,,5.0,,OP
68951:PV1,Illinois PV Knox 3A,IL,Knox,staged_only,,2.0,,OP
68952:PV1,Illinois PV Knox 3B,IL,Knox,staged_only,,2.0,,OP
68955:CLI2,Clinton Solar 2,IL,Clinton,staged_only,,2.0,,OP
68956:MAS2,Marion Solar 2,IL,Marion,staged_only,,1.0,,OP
68957:PI30,Pivot Solar 30,CO,Weld,staged_only,,5.0,,OP
68958:EDG1,Edgar Solar 1,IL,Edgar,staged_only,,4.0,,OP
68959:KA5B,Kankakee Solar 5b,IL,Kankakee,staged_only,,1.9,,OP
68960:LAS1,LaSalle Solar 1,IL,LaSalle,staged_only,,2.0,,OP
68961:CL4B,Clinton Solar 4b,IL,Clinton,staged_only,,2.0,,OP
68962:PNY4,Pivot Solar NY 4,NY,Oneida,staged_only,,2.4,,OP
68963:CL2B,Clinton Solar 2b,IL,Clinton,staged_only,,2.0,,OP
68964:PI35,Pivot Solar 35,CO,Weld,staged_only,,3.9,,OP
68965:PNY5,Pivot Solar NY 5,NY,Essex,staged_only,,2.5,,OP
68966:WNDSR,Windsor Solar One,CT,Hartford,staged_only,,3.0,,OP
68967:SPL,Sun Pacific - Lerdo,CA,Kern,staged_only,,2.9,,OP
68971:39302,Moseley Hermon Solar,VA,Chesterfield,staged_only,,5.0,,OP
68976:GDBR,GD Richmond Beaver River I LLC,RI,Washington,staged_only,,5.3,,OP
68977:WB1,White Brook Renewables PV,RI,Kent,staged_only,,4.0,,OP
68978:PV1,Sunset Ridge Solar (CSG),OR,Klamath,staged_only,,2.3,,OP
68979:PV1,Hanover II PV (CSG),NY,Chautauqua,staged_only,,4.8,,OP
68983:23086,KP South Sacramento Hospital Solar,CA,Sacramento,staged_only,,1.7,,OP
68989:CHLI,Chaberton Solar Lime Kiln,MD,Howard,staged_only,,2.0,,OP
68990:CHMA,Chaberton Solar Matterhorn,MD,Baltimore,staged_only,,2.0,,OP
68991:PI32,Pivot Solar 32,CO,Morgan,staged_only,,5.0,,OP
68992:TP93,TPE MD HO93,MD,Howard,staged_only,,2.0,,OP
68996:1,Ohio Solar LLC,IL,Bureau,staged_only,,5.0,,OP
68997:TFPBA,Thermo Fisher Pleasanton,CA,Alameda,staged_only,,0.7,,OP
68997:TFPPV,Thermo Fisher Pleasanton,CA,Alameda,staged_only,,1.9,,OP
68998:GEN1,Long Point Solar,TX,Brazoria,staged_only,,120.0,,OP
68999:677,N Solon Road (North),IL,McHenry,staged_only,,2.0,,OP
69000:19,MLH 2,FL,Alachua,staged_only,,1.0,,OP
69001:0020,MLH 3,FL,Alachua,staged_only,,1.0,,OP
69002:220,Brattleboro (Windham Landfill),VT,Windham,staged_only,,5.0,,OP
69003:0540,Windshare LLC,MN,Murray,staged_only,,5.4,,OP
69005:CHGR,Chaberton Solar Greyrock,MD,Wicomico,staged_only,,2.0,,OP
69006:STC5,St. Clair Solar 5,IL,St Clair,staged_only,,5.0,,OP
69007:T137,TPE MD GA137,MD,Garrett,staged_only,,2.0,,OP
69008:T140,TPE MD GA140,MD,Garrett,staged_only,,2.0,,OP
69009:S-1,Madison Solar (NE),NE,Madison,staged_only,,2.0,,OP
69011:GBMYP,CTGB Manson Youth,CT,New Haven,staged_only,,2.0,,OP
69012:GBOPV,CTGB Osborn,CT,Tolland,staged_only,,1.8,,OP
69013:GBMWP,CTGB Maloney and Webster,CT,Tolland,staged_only,,2.0,,OP
69014:NFRKN,North Franklin Solar,CT,New London,staged_only,,5.0,,OP
69015:BUR1,Bureau Solar 1,IL,Bureau,staged_only,,5.0,,OP
69016:PI34,Pivot Solar 34,CO,Boulder,staged_only,,4.5,,OP
69017:PI52,Pivot Solar 52,CO,Morgan,staged_only,,3.7,,OP
69018:NY10,Pivot Solar NY 10,NY,St Lawrence,staged_only,,5.0,,OP
69019:LEWIS,MD - EDFR - Phase II - Lewiston,ME,Androscoggin,staged_only,,5.0,,OP
69020:WATER,"Waterford Solar, LLC CSG",OR,Polk,staged_only,,2.6,,OP
69023:KNBA1,Knightdale Battery,NC,Wake,staged_only,,100.0,,OP
69026:TANZ,Tanzanite Storage,TX,Henderson,staged_only,,283.2,,OP
69027:SSPV,"Stoneridge Solar, LLC",TX,Milam,staged_only,,100.0,,OP
69028:BUCKE,Buckeye Solar,OH,Pickaway,staged_only,,100.0,,OP
69029:PICKA,Pickaway Solar,OH,Pickaway,staged_only,,100.0,,OP
69031:NBYRN,"Nuby Run Solar, LLC",VA,Isle of Wight,staged_only,,2.0,,OP
69032:LAS6,LaSalle Solar 6,IL,Lasalle,staged_only,,3.6,,OP
69033:PEO3,Peoria Solar 3,IL,Peoria,staged_only,,4.9,,OP
69036:CHANS,Chanute Solar,KS,Neosho,staged_only,,6.0,,OP
69037:10651,Riley III - Site 6 Community Solar,KS,Riley,staged_only,,2.1,,OP
69038:10638,Riley III - Site 12 Community Solar,KS,Riley,staged_only,,1.0,,OP
69039:SHWST,Sutter Home Winery Westside,CA,San Joaquin,staged_only,,2.3,,OP
69041:ISBA,Iron Springs BESS,UT,Iron,staged_only,,80.0,,OP
69042:AM-PV,Kit Carson Co-Op,NM,Taos,staged_only,,10.8,,OP
69042:AMBES,Kit Carson Co-Op,NM,Taos,staged_only,,12.9,,OP
69043:BC25,Big Creek Solar (IL) (CSG),IL,Macoupin,staged_only,,5.0,,OP
69044:PLAT,Platinum Storage,TX,Fannin,staged_only,,348.0,,OP
69045:WAL,Sealy BESS,TX,Austin,staged_only,,200.0,,OP
69046:11131,Grant,IL,McHenry,staged_only,,2.0,,OP
69047:11163,Yager,IL,Whiteside,staged_only,,2.0,,OP
69048:ENEV,MN CSG 2019-113,MN,Chippewa,staged_only,,1.0,,OP
69049:APPLE,MD - WL Gore - Appleton,MD,Cecil,staged_only,,1.1,,OP
69050:CHRRY,MD - WL Gore - Cherry Hill,MD,Cecil,staged_only,,4.0,,OP
69051:CHBL,Chaberton Solar Blackburn,DE,Kent,staged_only,,3.0,,OP
69061:ASG-4,ASG-4 Community Solar,NM,Valencia,staged_only,,5.0,,OP
69062:ASG-8,ASG-8,NM,Valencia,staged_only,,5.0,,OP
69063:APLS,Appleseed Solar,IN,Cass,staged_only,,200.0,,OP
69065:BURN,Burns Road Solar,NY,Erie,staged_only,,3.2,,OP
69066:11132,Goldenrod (IL),IL,Mercer,staged_only,,5.0,,OP
69067:NIAG,Pivot Niagara Solar,NY,Niagara,staged_only,,3.0,,OP
69068:19064,"CA - Fresno, City of - SE Surface WTP",CA,Fresno,staged_only,,3.0,,OP
69069:10OAK,MD - CPG - Ten Oaks,MD,Howard,staged_only,,2.0,,OP
69070:11134,Anacott,IL,Montgomery,staged_only,,5.0,,OP
69072:19064,Fresno-Clovis RWRF,CA,Fresno,staged_only,,14.2,,OP
69072:20,Fresno-Clovis RWRF,CA,Fresno,staged_only,,2.3,,OP
69073:BA237,20 Bedford,MA,Plymouth,staged_only,,1.0,,OP
69073:SP237,20 Bedford,MA,Plymouth,staged_only,,0.5,,OP
69074:SP231,SP-231 Clifton,ME,Penobscot,staged_only,,4.9,,OP
69075:BA149,376 Nash,MA,Bristol,staged_only,,0.5,,OP
69075:SP149,376 Nash,MA,Bristol,staged_only,,0.5,,OP
69076:BA148,342 Circuit,MA,Plymouth,staged_only,,1.0,,OP
69076:SP148,342 Circuit,MA,Plymouth,staged_only,,1.0,,OP
69078:SP282,Green Acres (VA),VA,Henry,staged_only,,5.0,,OP
69079:GEN01,Carpenter Wind Farm LLC,IN,Jasper,staged_only,,200.1,,OP
69080:SP236,Claggett Landing,MD,Prince Georges,staged_only,,1.6,,OP
69081:SP298,Crowne Plaza,NJ,Camden,staged_only,,1.8,,OP
69082:SP336,Roosevelt Trail,ME,Cumberland,staged_only,,1.0,,OP
69083:SP341,Spring Street Road,NY,Cayuga,staged_only,,5.0,,OP
69084:SP339,SP-339 Mechanic Falls,ME,Oxford,staged_only,,1.0,,OP
69085:SP328,Orefield,PA,Lehigh,staged_only,,2.2,,OP
69086:SP425,SP-425 Memphis,NY,Onondaga,staged_only,,5.0,,OP
69087:SP326,Allentown - Ruppsville,PA,Lehigh,staged_only,,2.8,,OP
69088:SP332,Cromwell,MD,Anne Arundel,staged_only,,1.8,,OP
69089:ANGEL,Angell Road,NY,Chautauqua,staged_only,,2.2,,OP
69090:HANOV,Hanover Road,NY,Chautauqua,staged_only,,2.7,,OP
69091:KIRK,Kirkland,NY,Oneida,staged_only,,4.2,,OP
69092:ARCAD,Arcadia,NY,Wayne,staged_only,,3.0,,OP
69093:HARIS,Harris (NY),NY,Sullivan,staged_only,,2.0,,OP
69094:ST17C,State HWY 17C,NY,Tioga,staged_only,,5.0,,OP
69095:DAYH,Day Hollow,NY,Tioga,staged_only,,5.0,,OP
69096:JERIC,Jericho,NY,Allegany,staged_only,,5.0,,OP
69097:BRKL1,NJ - CS Energy - Berkeley 1,NJ,Ocean,staged_only,,4.0,,OP
69098:BRKL2,NJ - CS Energy - Berkeley II,NJ,Ocean,staged_only,,4.0,,OP
69100:RKMB,Rocky Mountain Solar,CO,Pueblo,staged_only,,200.0,,OP
69100:RKMS,Rocky Mountain Solar,CO,Pueblo,staged_only,,325.0,,OP
69101:MLB01,Millers Branch Solar,TX,Haskell,staged_only,,200.0,,OP
69103:ASG-2,ASG-2 Community Solar,NM,Sandoval,staged_only,,5.0,,OP
69104:SLO-1,SLO-1 Community Solar,NM,Valencia,staged_only,,5.0,,OP
69106:SLO-3,SLO-3 Community Solar,NM,Dona Ana,staged_only,,5.0,,OP
69107:XCL-1,XCEL-1 Community Solar,NM,Chaves,staged_only,,5.0,,OP
69109:ESSEX,CCBC Essex,MD,Baltimore,staged_only,,1.4,,OP
69112:DEPT,Deptford Solar Farm,NJ,Gloucester,staged_only,,1.3,,OP
69113:UNI,Uniqlo Phase 1 Solar Farm,NJ,Warren,staged_only,,2.7,,OP
69114:SP410,Amazon Visalia (FAT2),CA,Tulare,staged_only,,3.5,,OP
69115:SP411,DIVOCSG 11  - Sherburne,MN,Sherburne,staged_only,,1.0,,OP
69116:SP427,Lime Bluff 1,PA,Lycoming,staged_only,,2.5,,OP
69117:SP428,Lime Bluff 2,PA,Lycoming,staged_only,,1.0,,OP
69118:SP329,LL Scranton PA,PA,Lackawanna,staged_only,,1.1,,OP
69122:5937,Jackson Fuller Energy Storage,CO,El Paso,staged_only,,100.0,,OP
69123:14380,1519 Crandall Road,RI,Newport,staged_only,,3.5,,OP
69124:180,BWC Mystic River,MA,Worcester,staged_only,,1.0,,OP
69125:155,BWC Origination 19,MA,Worcester,staged_only,,1.0,,OP
69126:214,BWC Origination 8 LLC Sturbridge 1,MA,Worcester,staged_only,,1.0,,OP
69127:7643,BWC Origination 8 LLC Sturbridge 2,MA,Worcester,staged_only,,1.0,,OP
69128:22620,Chesapeake Beach BESS,MD,Calvert,staged_only,,1.1,,OP
69129:26046,Dudley Landfill Solar LLC,MA,Worcester,staged_only,,1.3,,OP
69129:53976,Dudley Landfill Solar LLC,MA,Worcester,staged_only,,1.3,,OP
69130:50594,ESNY-Yorktown,NY,Westchester,staged_only,,4.0,,OP
69131:24009,Hampden Landfill Solar LLC,MA,Hampden,staged_only,,1.9,,OP
69131:27726,Hampden Landfill Solar LLC,MA,Hampden,staged_only,,3.0,,OP
69132:24477,KP Ontario Vineyard Solar,CA,San Bernardino,staged_only,,1.7,,OP
69133:15834,Manville Hill Road Solar,RI,Providence,staged_only,,4.5,,OP
69134:22616,Penobscot Narrows Solar I,ME,Hancock,staged_only,,5.0,,OP
69135:45410,Reston Town Center Solar 1,VA,Fairfax,staged_only,,1.0,,OP
69137:ALP1,Althea Avenue Solar,CA,Fresno,staged_only,,5.0,,OP
69140:UNIP2,Uniqlo NJ CS Ph 2 CSG,NJ,Warren,staged_only,,1.3,,OP
69141:HRTLY,DE-ECA CS Hartly,DE,Kent,staged_only,,4.0,,OP
69142:STMPF,Novel Stumpf 1 Solar CSG,MN,Goodhue,staged_only,,1.0,,OP
69143:ELD12,Eldorado Solar II,IL,Saline,staged_only,,120.0,,OP
69145:GIS-I,GIUD Solar I,NE,Hall,staged_only,,1.0,,OP
69146:CUYA1,Cuyahoga Generating Facility,OH,Cuyahoga,staged_only,,3.2,,OP
69152:WZRD,Wizard Energy Storage,TX,Galveston,staged_only,,150.0,,OP
69153:PV1,NSF Edmeston Site 1,NY,Otsego,staged_only,,5.0,,OP
69154:PV1,NSF Edmeston Site 2,NY,Otsego,staged_only,,4.7,,OP
69161:GANDR,SV CSG Gander Farms 1 A,IL,Williamson,staged_only,,2.0,,OP
69163:PV1,10601 Seymour Ave East 2 CSG,IL,Cook,staged_only,,2.0,,OP
69164:TILDN,Tilden Solar,IL,Randolph,staged_only,,150.0,,OP
69165:BESS1,Bayside Battery Storage,FL,Hillsborough,staged_only,,20.0,,OP
69166:3603,"New Madrid Solar, LLC",MO,New Madrid,staged_only,,200.0,,OP
69171:ALBA1,Allen 1 Battery Energy Storage System,NC,Gaston,staged_only,,50.0,,OP
69172:68055,Red Bud Solar Plant,NC,Nash,staged_only,,80.0,,OP
69173:TXCTY,Air Products Texas City,TX,Galveston,staged_only,,65.2,,OP
69179:11154,Chester,NY,Orange,staged_only,,5.0,,OP
69183:S1,SAE Ottawa IL,IL,Lasalle,staged_only,,2.0,,OP
69187:1,Big Bend 1 Solar and Battery Storage,FL,Hillsborough,staged_only,,19.8,,OP
69187:BESS1,Big Bend 1 Solar and Battery Storage,FL,Hillsborough,staged_only,,12.6,,OP
69188:PV1,10701 Seymour Ave East 1 CSG,IL,Cook,staged_only,,2.9,,OP
69190:BATT,"GreenStruxure BBU004, LLC",CA,Los Angeles,staged_only,,0.2,,OP
69190:SOLAR,"GreenStruxure BBU004, LLC",CA,Los Angeles,staged_only,,1.6,,OP
69191:BATT,"GreenStruxure REP009, LLC",CA,Los Angeles,staged_only,,0.2,,OP
69191:GEN,"GreenStruxure REP009, LLC",CA,Los Angeles,staged_only,,1.4,,OP
69192:OLDMI,AETS Old Michigan Solar LLC,TX,Culberson,staged_only,,10.0,,OP
69193:KANE3,KaneSolar03 LLC,IL,Kane,staged_only,,2.5,,OP
69201:11220,KA361,IL,Kankakee,staged_only,,2.0,,OP
69210:383,Salem Henningsen,OR,Marion,staged_only,,1.1,,OP
69210:383B,Salem Henningsen,OR,Marion,staged_only,,1.0,,OP
69212:11157,Ransom,NY,Broome,staged_only,,5.0,,OP
69213:11176,Sawyer,IL,Whiteside,staged_only,,5.0,,OP
69214:11185,Shoddy Hollow,NY,Orange,staged_only,,5.0,,OP
69216:11164,State Route 42,NY,Sullivan,staged_only,,5.0,,OP
69219:11160,Wedge NY,NY,Chemung,staged_only,,3.0,,OP
69221:11684,Edison 0203 Community Solar - SLNNJ203,NJ,Middlesex,staged_only,,1.2,,OP
69224:WGNWL,Wagon Wheel Wind,OK,Logan,staged_only,,598.4,,OP
69225:TPHAT,Top Hat Wind,IL,Logan,staged_only,,204.0,,OP
69227:74486,MEVS Clark LLC,ME,Somerset,staged_only,,5.0,,OP
69228:10296,Mound City Solar,IL,Pulaski,staged_only,,5.0,,OP
69230:62873,Pope Creek Solar PV,IL,Mercer,staged_only,,5.0,,OP
69231:SR3,Sunset Road Solar 3 Community Solar,IL,Macoupin,staged_only,,5.0,,OP
69232:SR4,Sunset Road Solar 4 Community Solar,IL,Macoupin,staged_only,,2.5,,OP
69233:USFS,CA- US Foods- Sacramento (McClellan),CA,Sacramento,staged_only,,1.0,,OP
69234:MPBA1,Meadow Park Energy Center,TX,Tarrant,staged_only,,9.9,,OP
69235:BVCCE,Blairs Valley Solar Project,PA,Franklin,staged_only,,20.0,,OP
69236:VREC,Vandalia Renewable Energy Center,MO,Audrain,staged_only,,50.0,,OP
69240:RMES,Rocky Mountain Elk Solar Community Solar,IL,Bureau,staged_only,,5.0,,OP
69241:BCS1,Buckheart Creek Solar I Community Solar,IL,Fulton,staged_only,,4.5,,OP
69243:MCPV1,REG Mason City Solar,IA,Cerro Gordo,staged_only,,2.6,,OP
69244:ESR1,Cross Trails Energy Storage Project,TX,Scurry,staged_only,,58.3,,OP
69247:NJ305,Prologis Meadowlands 9305 - SLNNJ305,NJ,Bergen,staged_only,,1.3,,OP
69248:NV701,Speedway North Bldg 1-sllas701,NV,Clark,staged_only,,1.0,,OP
69249:NTLPK,National Park Solar,NJ,Gloucester,staged_only,,6.0,,OP
69250:SWBES,Suwannee,FL,Suwannee,staged_only,,5.0,,OP
69251:CTWST,Cottonwood Bayou Storage,TX,Brazoria,staged_only,,150.0,,OP
69254:WIL2B,Wilmot Energy Center II,AZ,Pima,staged_only,,100.0,,OP
69254:WIL2S,Wilmot Energy Center II,AZ,Pima,staged_only,,100.0,,OP
69256:PPAPV,Papago PV,AZ,Maricopa,staged_only,,150.0,,OP
69258:CHCB,Cunningham Solar I & BESS,NM,Lea,staged_only,,36.0,,OP
69258:CHCS1,Cunningham Solar I & BESS,NM,Lea,staged_only,,72.0,,OP
69259:CGWTR,Changewater 1,NJ,Warren,staged_only,,11.0,,OP
69260:MEXA1,Mexia Solar Project,TX,Limestone,staged_only,,4.0,,OP
69260:MEXA2,Mexia Solar Project,TX,Limestone,staged_only,,4.0,,OP
69261:MLKF1,Malakoff Solar Project,TX,Henderson,staged_only,,5.0,,OP
69261:MLKF2,Malakoff Solar Project,TX,Henderson,staged_only,,5.0,,OP
69263:FRFWS,Fairfield Solar Project,TX,Freestone,staged_only,,10.0,,OP
69264:CFPV1,CFF Rice Mill Solar Plant,CA,Colusa,staged_only,,3.5,,OP
69265:TALCO,Talco Solar Project,TX,Franklin,staged_only,,7.5,,OP
69267:CDRV1,Cedarvale Gas,TX,Ward,staged_only,,2.5,,OP
69267:CDRV2,Cedarvale Gas,TX,Ward,staged_only,,2.5,,OP
69267:CDRV3,Cedarvale Gas,TX,Ward,staged_only,,2.5,,OP
69267:CDRV4,Cedarvale Gas,TX,Ward,staged_only,,2.5,,OP
69273:100DA,Danton XI Solar LLC,MA,Essex,staged_only,,1.8,,OP
69280:5KING,NY 5 King LLC,NY,Saratoga,staged_only,,5.0,,OP
69281:SHE24,NY 24 Sherman LLC,NY,Saratoga,staged_only,,5.0,,OP
69282:STFRD,Stafford Solar One,CT,Tolland,staged_only,,4.0,,OP
69284:LI262,NY 262 Libertyville LLC,NY,Ulster,staged_only,,2.9,,OP
69285:COU67,NY Country Road 67 and Majorana,NY,Greene,staged_only,,2.8,,OP
69287:HUSON,"Wheeler Gulch Solar, LLC",CO,Garfield,staged_only,,9.9,,OP
69288:PSBA1,Palm Springs DAC PV,CA,Riverside,staged_only,,0.3,,OP
69288:PSPV1,Palm Springs DAC PV,CA,Riverside,staged_only,,1.6,,OP
69289:BLUEB,EDFR Bluebonnet,TX,McLennan,staged_only,,9.9,,OP
69296:LFBA1,BESS La Feria,TX,Cameron,staged_only,,10.0,,OP
69297:STBA1,BESS Stadium,TX,Jim Wells,staged_only,,10.0,,OP
69298:ESR1,PP Jaguar BESS LLC,TX,McLennan,staged_only,,150.0,,OP
69298:ESR2,PP Jaguar BESS LLC,TX,McLennan,staged_only,,150.0,,OP
69300:CONT,Regis Continental,TX,Starr,staged_only,,9.9,,OP
69301:GREG,Regis Gregory,TX,San Patricio,staged_only,,9.9,,OP
69302:PALAC,Regis Palacios,TX,Matagorda,staged_only,,9.9,,OP
69303:BUSCH,Enterprise MN - Buscho CSG,MN,Steele,staged_only,,1.0,,OP
69304:FERCH,Enterprise MN - Ferche CSG,MN,Stearns,staged_only,,1.0,,OP
69306:COSTN,Costen Solar,MD,Worcester,staged_only,,8.8,,OP
69307:HUSON,Enterprise MN - Hu's on First CSG,MN,Rice,staged_only,,1.0,,OP
69308:ESMNE,NL IL - Esmen East CSG,IL,Livingston,staged_only,,5.0,,OP
69311:BLTB,Blount BESS,WI,Dane,staged_only,,7.0,,OP
69312:HKPB,Huiskamp BESS,WI,Dane,staged_only,,7.0,,OP
69313:WMB,West Middleton BESS,WI,Dane,staged_only,,7.0,,OP
69314:CZION,Cenergy IL - Zion CSG,IL,Lake,staged_only,,2.0,,OP
69315:241NO,NL IL - 241 North CSG,IL,Will,staged_only,,5.0,,OP
69316:1875N,NL IL - 1875 North Road CSG,IL,Livingston,staged_only,,5.0,,OP
69317:2000N,NL IL - 2000 North Road CSG,IL,Kankakee,staged_only,,5.0,,OP
69319:KLSO1,Kelso Solar,MO,Scott,staged_only,,200.0,,OP
69320:PAR1,Parliament Solar,TX,Waller,staged_only,,241.0,,OP
69320:PAR2,Parliament Solar,TX,Waller,staged_only,,239.0,,OP
69321:KLSO2,Kelso 2 Solar,MO,Scott,staged_only,,149.0,,OP
69325:PIATE,NL IL - Piatt 1 - East CSG,IL,Piatt,staged_only,,2.0,,OP
69326:PIATW,NL IL - Piatt 2 - West CSG,IL,Piatt,staged_only,,2.0,,OP
69327:SCW1,Salt Creek Wind,IA,Tama,staged_only,,169.4,,OP
69328:SYSAB,V Street Solar,DC,District of Columbia,staged_only,,2.8,,OP
69328:SYSD,V Street Solar,DC,District of Columbia,staged_only,,1.3,,OP
69329:SMITH,TE Smith Storage,TX,Rockwall,staged_only,,125.0,,OP
69330:CBAFA,Cenergy IL - BA Family CSG,IL,Kankakee,staged_only,,5.0,,OP
69331:CARRI,Regis Carrizo Springs,TX,Dimmit,staged_only,,9.9,,OP
69333:GOODW,Regis Goodwin LLC,TX,Starr,staged_only,,9.9,,OP
69334:JCBAT,Johnson City BESS,TX,Blanco,staged_only,,2.3,,OP
69335:HIDD,Regis Hidden Valley,TX,Harris,staged_only,,9.9,,OP
69336:GEARS,Regis Gears Harris,TX,Harris,staged_only,,9.9,,OP
69337:LAURE,Regis Laureles,TX,Cameron,staged_only,,9.9,,OP
69339:LYSSY,Regis Lyssy,TX,Karnes,staged_only,,9.9,,OP
69341:MEDLA,Regis Medina Lake,TX,Bandera,staged_only,,9.9,,OP
69342:MILT,Regis Milton,TX,Karnes,staged_only,,9.9,,OP
69343:UTOP,Regis Utopia,TX,Bandera,staged_only,,9.9,,OP
69344:HEARN,Regis Hearn,TX,Nueces,staged_only,,9.9,,OP
69345:MASON,Regis Mason,TX,Mason,staged_only,,9.9,,OP
69346:MONTE,Regis Monte Cristo LLC,TX,Hidalgo,staged_only,,9.9,,OP
69347:MUENS,Regis Muenster,TX,Cooke,staged_only,,9.9,,OP
69348:PIRAT,Regis Pirate,TX,San Patricio,staged_only,,9.9,,OP
69349:FALFU,Regis Falfurrias,TX,Brooks,staged_only,,9.9,,OP
69350:MPS23,Matta Power Station,TX,Reeves,staged_only,,10.0,,OP
69353:SUNRI,"Sunset Ridge Energy Center, LLC",TX,Frio,staged_only,,9.9,,OP
69354:RTLR1,Rattler Solar Plant,FL,Hernando,staged_only,,74.9,,OP
69355:HMSP1,Half Moon Solar Plant,FL,Sumter,staged_only,,74.9,,OP
69358:CRCBA,Calistoga Resilency Center,CA,Napa,staged_only,,11.3,,OP
69358:CRCFC,Calistoga Resilency Center,CA,Napa,staged_only,,8.0,,OP
69359:BARS1,Barrett Solar Project,TX,Rains,staged_only,,125.0,,OP
69360:BAYS1,Bynum Solar Project,TX,Coryell,staged_only,,56.0,,OP
69361:FPBAT,DGS Five Points,TX,Taylor,staged_only,,9.9,,OP
69362:PSBAT,Plaza Street,TX,Taylor,staged_only,,9.9,,OP
69365:SMTD1,SMT Dallas BESS,TX,Dallas,staged_only,,10.0,,OP
69366:SMTM2,SME Mission II BESS,TX,Hidalgo,staged_only,,10.0,,OP
69367:SMTD3,SMT Dallas III BESS,TX,Dallas,staged_only,,10.0,,OP
69368:PI01A,Tinta Wita 5 MW Solar PV System,MN,Goodhue,staged_only,,4.5,,OP
69370:CONEJ,RP Minnesota Solar,CA,Ventura,staged_only,,1.8,,OP
69374:LIVER,Liverpool Solar Partners,PA,Perry,staged_only,,1.5,,OP
69376:MACHI,Machias PV,NY,Cattaraugus,staged_only,,2.0,,OP
69378:RIATA,RP SCG Texas Solar,TX,Travis,staged_only,,1.5,,OP
69379:CHAT1,NSF Chateaugay Site 1,NY,Franklin,staged_only,,5.0,,OP
69380:CHAT2,NSF Chateaugay Site 2,NY,Franklin,staged_only,,4.4,,OP
69381:KELS1,Kelso Community Solar I,MD,Baltimore,staged_only,,1.6,,OP
69382:KELS2,Kelso Community Solar II,MD,Baltimore,staged_only,,1.4,,OP
69386:COPIC,NL MA - Copicut,MA,Bristol,staged_only,,5.0,,OP
69387:11174,Beecher (IL),IL,Kendall,staged_only,,5.0,,OP
69388:APLSR,"Apple River Solar, LLC",WI,Polk,staged_only,,100.0,,OP
69389:11098,O'Brien 1,NY,Cortland,staged_only,,5.0,,OP
69390:11099,O'Brien 2,NY,Cortland,staged_only,,5.0,,OP
69391:11155,Broadlea,NY,Orange,staged_only,,4.9,,OP
69394:REDF1,Redfield Solar,AR,Grant,staged_only,,100.0,,OP
69395:11156,Blue Barns,NY,Saratoga,staged_only,,2.3,,OP
69396:11185,Chenunda Creek,NY,Allegany,staged_only,,2.4,,OP
69397:11148,Gougar,IL,Will,staged_only,,2.0,,OP
69398:11151,Green Haven,NY,Dutchess,staged_only,,3.2,,OP
69399:11165,Guyer,NY,Saratoga,staged_only,,3.5,,OP
69400:11186,Independence North,NY,Allegany,staged_only,,5.0,,OP
69401:11173,Jeffery,IL,Kankakee,staged_only,,5.0,,OP
69402:11178,Oak Orchard,NY,Genesse,staged_only,,5.0,,OP
69405:PV1,NSF Marshall Site 2,NY,Oneida,staged_only,,5.0,,OP
69406:PV1,NSF Marshall Site 1,NY,Oneida,staged_only,,5.0,,OP
69407:3008,Dogfish BESS,TX,Pecos,staged_only,,75.0,,OP
69408:BG,Burlingame Solar Community Solar,OR,Linn,staged_only,,2.1,,OP
69409:PV1,"NSF Danby Site 1, LLC",NY,Tompkins,staged_only,,5.0,,OP
69410:PV1,"NSF Danby Site 2, LLC",NY,Tompkins,staged_only,,5.0,,OP
69411:3005,Snyder BESS,TX,Scurry,staged_only,,10.0,,OP
69412:PV1,"NSF Danby Site 3, LLC",NY,Tompkins,staged_only,,3.0,,OP
69413:3006,Sweetwater BESS,TX,Nolan,staged_only,,10.0,,OP
69414:BSBES,Blevins Solar & Storage,TX,Falls,staged_only,,180.0,,OP
69415:3007,Westover BESS,TX,Ector,staged_only,,10.0,,OP
69416:PC2,Aggreko MSR Grid PC2,TX,Nueces,staged_only,,10.0,,OP
69417:PC5,Aggreko MSR Grid PC5,TX,Cameron,staged_only,,10.0,,OP
69418:PC7,Aggreko MSR Grid PC7,TX,Cameron,staged_only,,10.0,,OP
69419:ESMNW,NE IL - Esmen West,IL,Livingston,staged_only,,5.0,,OP
69420:KIWI,NL IL - Kiwi,IL,Perry,staged_only,,2.0,,OP
69421:SOUBE,"South Belleville Solar, LLC",IL,St Clair,staged_only,,5.0,,OP
69425:PV1,NSF Marshall Site 3,NY,Oneida,staged_only,,3.0,,OP
69428:BA,Petersburg Energy Center,IN,Pike,staged_only,,250.0,,OP
69428:PECPV,Petersburg Energy Center,IN,Pike,staged_only,,250.0,,OP
69430:20251,"Spring Brook Solar WI, LLC",WI,Walworth,staged_only,,6.0,,OP
69431:20252,"Rock LakeSolar WI, LLC",WI,Jefferson,staged_only,,5.0,,OP
69432:20255,"Antigo Solar Partners, LLC",WI,Langlade,staged_only,,6.0,,OP
69433:20253,"La Grange Solar Partners, LLC",WI,Walworth,staged_only,,6.0,,OP
69434:NN480,Gourmet Lane - SLNNJ480,NJ,Middlesex,staged_only,,2.0,,OP
69435:PLXS,Plant X Solar,TX,Lamb,staged_only,,150.0,,OP
69438:CN405,Prologis Edison 0405 - SLCNJ405 - Community Solar,NJ,Middlesex,staged_only,,1.2,,OP
69439:MEDAN,Medanos Solar LLC,IL,Champaign,staged_only,,5.0,,OP
69440:DRUMM,Drummer Creek I Solar LLC,IL,Ford,staged_only,,5.0,,OP
69441:WALIL,Water Lily Solar LLC,IL,Kendall,staged_only,,2.6,,OP
69442:BECKH,Beckham Solar LLC,IL,Livingston,staged_only,,5.0,,OP
69443:UNION,Union Solar LLC,NJ,Union,staged_only,,2.3,,OP
69446:FRD1,Frieden,NC,Guilford,staged_only,,3.5,,OP
69447:BILT,Bilton Solar,CT,Tolland,staged_only,,2.0,,OP
69448:AVA,Ava Solar,MA,Hampshire,staged_only,,4.0,,OP
69451:WCAMP,West Camp Wind Farm,AZ,Navajo,staged_only,,500.0,,OP
69452:Z0001,Jasper County Solar Project,IN,Jasper,staged_only,,60.0,,OP
69453:ALBA1,Alamo Clean Energy Center (BESS),TX,Pecos,staged_only,,10.1,,OP
69454:CRBA1,Crosby Clean Energy Center (BESS),TX,Harris,staged_only,,12.0,,OP
69455:FSBA1,Fort Stockton Clean Energy Center (BESS),TX,Pecos,staged_only,,10.1,,OP
69456:MABA1,Maverick Clean Energy Center (BESS),TX,Brazoria,staged_only,,12.0,,OP
69458:NPBA1,North Pecos Clean Energy Center (BESS),TX,Reeves,staged_only,,10.1,,OP
69459:SPBA1,Spencer Clean Energy Center (BESS),TX,Harris,staged_only,,12.0,,OP
69460:WIBA1,Winmil Clean Energy Center (BESS),TX,Brazoria,staged_only,,12.0,,OP
69469:JES1,Justice Energy Storage,AZ,Maricopa,staged_only,,150.0,,OP
69476:RNGDE,Renegade Solar Energy LLC,MI,Delta,staged_only,,100.0,,OP
69483:PS40,Pivot Solar 40,CO,Weld,staged_only,,2.8,,OP
69484:BNCFT,Bancroft (MN),MN,Freeborn,staged_only,,3.0,,OP
69485:BRGCR,Bridge Creek,WI,Eau Claire,staged_only,,2.5,,OP
69486:BRIFT,Bright Future,WI,St Croix,staged_only,,2.5,,OP
69487:DOUGL,Douglas (IA),IA,Mitchell,staged_only,,2.5,,OP
69488:ELKMO,Elk Mound (PV),WI,Chippewa,staged_only,,2.5,,OP
69489:GRNDM,Grand Meadow (PV),MN,Mower,staged_only,,3.0,,OP
69490:GRNFD,Greenfield,WI,La Crosse,staged_only,,2.5,,OP
69491:HANBL,Hannibal,WI,Taylor,staged_only,,2.5,,OP
69492:LTCDR,Little Cedar,IA,Mitchell,staged_only,,2.5,,OP
69493:LUCK,Luck,WI,Polk,staged_only,,2.5,,OP
69494:NXGEN,Next Generation,WI,St Croix,staged_only,,2.5,,OP
69495:VIOLA,Viola,WI,Burnett,staged_only,,2.5,,OP
69498:QKTN2,Quakertown Solar Farm II,NJ,Hunterdon,staged_only,,8.8,,OP
69499:MRS1,Mousam River Solar,ME,York,staged_only,,20.0,,OP
69500:PITVN,Pittsylvania CSG LLC,VA,Pittsylvania,staged_only,,3.8,,OP
69501:20254,"Bristol Woods Solar WI, LLC",WI,Kenosha,staged_only,,6.0,,OP
69502:20256,Adams Road Solar,WI,Racine,staged_only,,4.0,,OP
69503:20257,"Perch Solar WI, LLC",WI,Winnebago,staged_only,,6.0,,OP
69504:20258,"Strawberry Creek Solar WI, LLC",WI,Kenosha,staged_only,,6.0,,OP
69505:NSFU1,NSF Union,NY,Broome,staged_only,,5.0,,OP
69505:NSFU2,NSF Union,NY,Broome,staged_only,,5.0,,OP
69505:NSFU3,NSF Union,NY,Broome,staged_only,,4.8,,OP
69518:Q0666,Pilot Rock Solar 1,OR,Umatilla,staged_only,,2.0,,OP
69519:Q1045,Pilot Rock Solar 2,OR,Umatilla,staged_only,,3.0,,OP
69525:PNSVL,Pennsville Landfill (CSG),NJ,Salem,staged_only,,4.3,,OP
69526:MPLRD,NL IL - Maples Road,IL,Lee,staged_only,,5.0,,OP
69527:MCNRD,NL IL - McConnell Road,IL,Stephenson,staged_only,,5.0,,OP
69528:CURRY,Pluma - Curry Road North,NM,Curry,staged_only,,3.0,,OP
69529:PINO,Pluma - Pino,NM,San Miguel,staged_only,,5.0,,OP
69530:BENT,Emi NM Bent Bow,NM,Dona Ana,staged_only,,5.0,,OP
69531:TRENT,REDP - Trenton,ME,Hancock,staged_only,,5.0,,OP
69532:SLTLC,Pluma - SLT Las Cruces,NM,Dona Ana,staged_only,,5.0,,OP
69536:DMAT,"DMAT Denso - SEAT Solar Holdings, LLC",TN,McMinn,staged_only,,5.3,,OP
69538:TS2,Twelvemile Solar 2,OK,Mayes,staged_only,,52.2,,OP
69542:SP438,Fairfax Landfill,VA,Fairfax,staged_only,,5.0,,OP
69543:P401,Great Valley Gernatt,NY,Cattaraugus,staged_only,,3.3,,OP
69544:BA108,0 Middle,MA,Barnstable,staged_only,,1.5,,OP
69544:SP108,0 Middle,MA,Barnstable,staged_only,,2.5,,OP
69545:BA073,15 Lincoln,MA,Norfolk,staged_only,,0.5,,OP
69545:SP073,15 Lincoln,MA,Norfolk,staged_only,,1.0,,OP
69546:SP136,Broadhead,ME,Kennebec,staged_only,,4.9,,OP
69547:CHPS1,Morristown Medical Center,NJ,Morris,staged_only,,4.6,,OP
69550:DODSN,"Dodson Creek Solar, LLC",OH,Highland,staged_only,,117.0,,OP
69556:CLOCN,Pluma - Clovis Concrete North CSG,NM,Curry,staged_only,,3.4,,OP
69557:REYNO,Pluma - Reynolds (CSG),NM,Otero,staged_only,,5.0,,OP
69561:LINCO,Sunrise Solar Lincoln DE (CSG),DE,Sussex,staged_only,,4.0,,OP
69563:LPC1,Las Positas College,CA,Alameda,staged_only,,2.3,,OP
69564:1,Gillespie Street Solar,NC,Cumberland,staged_only,,1.9,,OP
69565:1,Rockfish Solar,NC,Cumberland,staged_only,,4.9,,OP
69567:DFORK,NL VA - Dry Fork,VA,Pittsylvania,staged_only,,3.0,,OP
69568:DIVIB,NL MA - Division,MA,Bristol,staged_only,,1.0,,OP
69568:DIVIS,NL MA - Division,MA,Bristol,staged_only,,1.0,,OP
69569:WAKEB,TJA MA Wakeby Road,MA,Barnstable,staged_only,,5.0,,OP
69570:KIEFF,Kieffer Funk,MD,Washington,staged_only,,12.0,,OP
69571:11126,Cambridge Solar,NY,Washington,staged_only,,5.0,,OP
69572:11175,Beebalm Solar,IL,Livingston,staged_only,,5.0,,OP
69573:11130,Geranium Solar,IL,Bureau,staged_only,,5.0,,OP
69574:BSOU2,BESS TX Top Gear - BSHOU002,TX,Harris,staged_only,,10.0,,OP
69575:BSOU4,BESS TX Panda - BSHOU004,TX,Harris,staged_only,,10.0,,OP
69576:BS004,Non-PLD US-El Paso - BSSAT004,TX,Ector,staged_only,,9.9,,OP
69580:LW1,Lone Wolfe Phase One,TX,Mitchell,staged_only,,1.1,,OP
69581:75503,MEVS Waterhouse,ME,Cumberland,staged_only,,2.0,,OP
69587:SOLAR,Pekin Community High School,IL,Tazewell,staged_only,,1.4,,OP
69596:11152,Owens 1,NY,Orange,staged_only,,4.0,,OP
69597:11153,Owens 2,NY,Orange,staged_only,,5.0,,OP
69598:11143,Trenton East Phase 2,IL,Clinton,staged_only,,2.0,,OP
69599:11129,Trenton West Phase 2,IL,Clinton,staged_only,,2.0,,OP
69600:11211,Route 19N,NY,Genesee,staged_only,,5.0,,OP
69601:11212,Route 19W,NY,Genesee,staged_only,,2.0,,OP
69604:CZ444,"CZ Solar Warren, LLC",OH,Warren,staged_only,,19.9,,OP
69610:USTGS,USS Tall Grass Solar LLC,CO,Arapahoe,staged_only,,5.0,,OP
69611:USCA,USS Calico Solar LLC,CO,Arapahoe,staged_only,,5.0,,OP
69612:USGPL,USS Great Plains Solar LLC,CO,Arapahoe,staged_only,,5.0,,OP
69613:USHAM,USS Hampden Solar LLC,CO,Arapahoe,staged_only,,5.0,,OP
69614:USHPL,USS High Plains Solar LLC,CO,Arapahoe,staged_only,,5.0,,OP
69615:USRAP,USS Raptor Solar LLC,CO,Arapahoe,staged_only,,5.0,,OP
69617:RLII,Rice Lake II,WI,Barron,staged_only,,2.8,,OP
69618:WISP1,Winema Solar Partners,NY,Madison,staged_only,,5.0,,OP
69619:CN005,Prologis Edison 0503 - SLCNJ005 - Community Solar,NJ,Middlesex,staged_only,,1.4,,OP
69621:BEPV,Bethlehem,NY,Albany,staged_only,,5.0,,OP
69622:NHPV,New Hartford,NY,Oneida,staged_only,,5.0,,OP
69623:SPAF2,Rose Hill Road Solar 2 - Spafford 2,NY,Onondaga,staged_only,,2.0,,OP
69624:SPAF1,Rose Hill Road Solar 1 - Spafford 1,NY,Onondaga,staged_only,,5.0,,OP
69625:MRPV,Moore Rd,NY,Rensselaer,staged_only,,4.8,,OP
69627:JCSP1,Jumper Creek Solar Plant,FL,Sumter,staged_only,,74.9,,OP
69630:USMAN,USS Man Solar LLC,IL,Livingston,staged_only,,1.0,,OP
69632:G1,Alverno Hydro Plant,MI,Cheboygan,staged_only,,0.5,,OP
69632:G2,Alverno Hydro Plant,MI,Cheboygan,staged_only,,0.5,,OP
69645:PRINC,Princeton Solar,IL,Bureau,staged_only,,1.0,,OP
69646:MARSH,Marshall Solar (IL),IL,Clark,staged_only,,1.0,,OP
69651:PV1,S-Pulaski Solar,IL,Cook,staged_only,,2.0,,OP
69652:PV1,Illinois PV Knox 2A,IL,Knox,staged_only,,2.0,,OP
69653:PV1,Illinois PV Knox 2B,IL,Knox,staged_only,,2.0,,OP
69655:50446,Oreana Renewables,IL,Macon,staged_only,,5.0,,OP
69656:14516,950th Sun 2,IL,Crawford,staged_only,,2.3,,OP
69671:GEN1,Glendale Hydroelectric Project,MA,Berkshire,staged_only,,0.2,,OP
69671:GEN2,Glendale Hydroelectric Project,MA,Berkshire,staged_only,,0.2,,OP
69671:GEN3,Glendale Hydroelectric Project,MA,Berkshire,staged_only,,0.3,,OP
69671:GEN4,Glendale Hydroelectric Project,MA,Berkshire,staged_only,,0.2,,OP
69671:GEN5,Glendale Hydroelectric Project,MA,Berkshire,staged_only,,0.2,,OP
69672:GEN1,Pawtucket Hydroelectric Project,RI,Providence,staged_only,,0.8,,OP
69672:GEN2,Pawtucket Hydroelectric Project,RI,Providence,staged_only,,0.8,,OP
69673:GEN1,Wyre Wynd Hydroelectric Project,CT,New London,staged_only,,2.7,,OP
69673:GEN2,Wyre Wynd Hydroelectric Project,CT,New London,staged_only,,0.1,,OP
69675:EMPV,"Emily Solar, LLC",IL,Cumberland,staged_only,,273.6,,OP
69676:LAPV,"Lafitte Solar, LLC",LA,Ouachita,staged_only,,100.0,,OP
69677:ESCBA,Escalante BESS I,UT,Beaver,staged_only,,80.0,,OP
69678:ESBA,Enterprise Storage,UT,Iron,staged_only,,80.0,,OP
69679:GMEBA,Granite Mountain BESS East,UT,Iron,staged_only,,80.0,,OP
69680:RSBT1,BHER Ravenswood Solar 1,WV,Jackson,staged_only,,79.0,,OP
69680:RSPV1,BHER Ravenswood Solar 1,WV,Jackson,staged_only,,113.1,,OP
69682:GCS1,Goodling Community Solar,OR,Multnomah,staged_only,,1.0,,OP
69683:SOLV1,Solvita,OH,Montgomery,staged_only,,1.3,,OP
69686:SOLAR,"RE Solar, LLC",SD,Spink,staged_only,,8.3,,OP
69692:ILS05,ILSOLAR05 LLC,IL,Kane,staged_only,,5.0,,OP
69693:LISBO,Lisbon CSG LLC,ME,Androscoggin,staged_only,,1.0,,OP
69696:MTOI3,Mount Olive Solar 3 LLC,NJ,Morris,staged_only,,2.2,,OP
69700:SKANE,"Skaneateles PV, LLC",NY,Onondaga,staged_only,,4.7,,OP
69703:SUSS2,Sussex CSG 2 LLC,DE,Sussex,staged_only,,3.3,,OP
69705:TURNE,Turner CSG LLC,ME,Androscoggin,staged_only,,1.0,,OP
69707:UWELD,USS Weld Solar LLC,ME,Franklin,staged_only,,1.0,,OP
69709:WATRL,"Water Line Solar, LLC",ME,Cumberland,staged_only,,1.0,,OP
69712:162B,San Diego Sockers,CA,San Diego,staged_only,,0.5,,OP
69712:16C,San Diego Sockers,CA,San Diego,staged_only,,0.6,,OP
69714:AVON1,Avon CSG 1 LLC,NY,Livingston,staged_only,,3.6,,OP
69715:BOUND,"Boundary Line Solar, LLC",ME,Cumberland,staged_only,,1.0,,OP
69716:FRAN3,Franklin Solar 3 LLC,NJ,Somerset,staged_only,,4.0,,OP
69717:GNVA1,Geneva CSG 1 LLC,NY,Ontario,staged_only,,5.0,,OP
69718:GNVA2,Geneva CSG 2 LLC,NY,Ontario,staged_only,,4.8,,OP
69719:UPMA1,Upper Macungie CSG 1 LLC,PA,Lehigh,staged_only,,2.8,,OP
69720:MEDWA,Medway Grid,MA,Norfolk,staged_only,,250.0,,OP
69727:MBSS,Martinsville BESS,VA,Henry,staged_only,,10.1,,OP
69728:SHBSS,Shelby BESS,OH,Richland,staged_only,,10.1,,OP
69729:10679,Stanley Black & Decker,MA,Hampden,staged_only,,3.0,,OP
69730:10689,Amazon - SAN5,CA,San Diego,staged_only,,2.9,,OP
69731:10667,Bystronic Manufacturing,IL,Cook,staged_only,,1.3,,OP
69732:10650,Fort Polk (fka Johnson) - Chaffee East,LA,Vernon,staged_only,,5.0,,OP
69733:10637,Fort Polk (fka Johnson) - Chaffee West,LA,Vernon,staged_only,,4.5,,OP
69734:10617,Legoland CA Phase I,CA,San Diego,staged_only,,1.4,,OP
69735:10676,Marathon Petroleum - Robinson Refinery,IL,Crawford,staged_only,,5.0,,OP
69736:10635,New Britain - 142 Deming Rd,CT,Hartford,staged_only,,1.2,,OP
69737:10769,Pacific Aviation,CA,Los Angeles,staged_only,,2.5,,OP
69738:10441,BRE - Ritz Carlton Kapalua,HI,Maui,staged_only,,1.5,,OP
69739:10677,Toyota Boshoku,IL,Lawrence,staged_only,,4.8,,OP
69740:10620,Tucson - CAVSARP,AZ,Pima,staged_only,,7.2,,OP
69744:11085,"Altamont Road Solar, LLC",NY,Albany,staged_only,,5.0,,OP
69745:8100,MCLB Biosteam to Energy,GA,Dougherty,staged_only,,8.5,,OP
69746:10899,"Brodhead Solar, LLC",NY,Ulster,staged_only,,2.0,,OP
69748:FARPV,Faraday Solar,UT,Utah,staged_only,,525.0,,OP
69751:H7931,HEB_CPS00793,TX,Bexar,staged_only,,0.4,,OP
69751:H7932,HEB_CPS00793,TX,Bexar,staged_only,,0.4,,OP
69751:H7933,HEB_CPS00793,TX,Bexar,staged_only,,0.4,,OP
69752:CHP01,OTHERChildrensPlano,TX,Collin,staged_only,,0.4,,OP
69752:CHP02,OTHERChildrensPlano,TX,Collin,staged_only,,0.4,,OP
69752:CHP03,OTHERChildrensPlano,TX,Collin,staged_only,,0.4,,OP
69752:CHP04,OTHERChildrensPlano,TX,Collin,staged_only,,0.4,,OP
69752:CHP05,OTHERChildrensPlano,TX,Collin,staged_only,,0.4,,OP
69752:CHP06,OTHERChildrensPlano,TX,Collin,staged_only,,0.4,,OP
69752:CHP07,OTHERChildrensPlano,TX,Collin,staged_only,,0.4,,OP
69752:CHP08,OTHERChildrensPlano,TX,Collin,staged_only,,0.4,,OP
69752:CHP09,OTHERChildrensPlano,TX,Collin,staged_only,,0.4,,OP
69752:CHP10,OTHERChildrensPlano,TX,Collin,staged_only,,0.4,,OP
69752:CHP11,OTHERChildrensPlano,TX,Collin,staged_only,,0.4,,OP
69752:CHP12,OTHERChildrensPlano,TX,Collin,staged_only,,0.4,,OP
69752:CHP13,OTHERChildrensPlano,TX,Collin,staged_only,,0.4,,OP
69752:CHP14,OTHERChildrensPlano,TX,Collin,staged_only,,0.4,,OP
69752:CHP15,OTHERChildrensPlano,TX,Collin,staged_only,,0.4,,OP
69752:CHP16,OTHERChildrensPlano,TX,Collin,staged_only,,0.4,,OP
69754:MH123,Moores Hill,NY,Orange,staged_only,,2.5,,OP
69757:56501,Netflix ABQ System A,NM,Bernalillo,staged_only,,2.6,,OP
69758:56502,Netflix ABQ System B,NM,Bernalillo,staged_only,,2.0,,OP
69759:LINB,Tracy Linne,CA,San Joaquin,staged_only,,1.3,,OP
69759:LINS,Tracy Linne,CA,San Joaquin,staged_only,,1.4,,OP
69768:PR232,TPE MD PR232,MD,Prince Georges,staged_only,,2.0,,OP
69769:PR270,TPE MD PR270,MD,Prince Georges,staged_only,,2.0,,OP
69774:CBEP3,CBEP Solar 3,CO,Larimer,staged_only,,2.4,,OP
69781:CW140,Cartwright Solar I,OR,Crook,staged_only,,44.0,,OP
69787:HILLS,AC IL - Hillsboro CSG,IL,Montgomery,staged_only,,5.0,,OP
69789:GREEN,SPG IL Green River CSG,IL,Henry,staged_only,,2.8,,OP
69792:NLDET,NL DE Taylor CSG,DE,Sussex,staged_only,,3.0,,OP
69794:ROSE,Rose Solar,MA,Hampshire,staged_only,,4.0,,OP
69800:ORENA,Oreana Solar,IL,Macon,staged_only,,5.0,,OP
69801:LW754,Lebanon West Lebanon Solar 1,ME,York,staged_only,,2.0,,OP
69802:BH448,Berwick Hubbard Solar 1,ME,York,staged_only,,3.5,,OP
69803:55DRI,55 Drive BESS,NY,Queens,staged_only,,4.6,,OP
69822:HOLTS,Holtsville Coast Solar Project,NY,Suffolk,staged_only,,1.0,,OP
69824:26056,Blackwater Rd Solar,NH,Strafford,staged_only,,2.0,,OP
69826:OHAR1,Ohara CSG 1 LLC,PA,Allegheny,staged_only,,3.0,,OP
69827:MTLA2,Mount Laurel Solar 2 LLC CSG,NJ,Burlington,staged_only,,1.9,,OP
69836:DEPT1,West Deptford Solar 1 LLC,NJ,Gloucester,staged_only,,1.4,,OP
69850:BLUIR,"Blue Iris Solar, LLC CSG",IL,DeWitt,staged_only,,5.0,,OP
69853:DEPT2,West Deptford Solar 2 LLC CSG,NJ,Gloucester,staged_only,,1.7,,OP
69856:MCRS1,Morongo CRS 1,CA,Riverside,staged_only,,3.0,,OP
69863:GALF,Galva Landfill,IL,Henry,staged_only,,3.7,,OP
69875:SYCSL,"Sycamore Creek Solar, LLC",OH,Crawford,staged_only,,117.0,,OP
69876:11205,New Road,NY,Erie,staged_only,,5.0,,OP
69880:GTG1,University of Montana CHP,MT,Missoula,staged_only,,1.8,,OP
69880:GTG2,University of Montana CHP,MT,Missoula,staged_only,,1.8,,OP
69880:STG,University of Montana CHP,MT,Missoula,staged_only,,2.5,,OP
69897:CN006,Midline Commerce Center - SLCNJ006,NJ,Burlington,staged_only,,1.2,,OP
69898:25812,Lakeside Pipeline,CA,Kings,staged_only,,4.1,,OP
69899:24813,Merced Pipeline,CA,Merced,staged_only,,4.1,,OP
69900:26818,Five Points Pipeline,CA,Fresno,staged_only,,4.1,,OP
69905:BRSC1,Briscoe Solar 1,IL,LaSalle,staged_only,,2.0,,OP
69906:BRSC2,Briscoe Solar 2,IL,LaSalle,staged_only,,2.0,,OP
69907:CLRK1,Clark Solar 1,IL,Mason,staged_only,,2.0,,OP
69908:CLK1A,Clark Solar 1A,IL,Mason,staged_only,,2.0,,OP
69909:CRWF1,Crawford 1 Solar,IL,Lee,staged_only,,2.0,,OP
69910:CRW1A,Crawford 1A Solar,IL,Lee,staged_only,,2.0,,OP
69911:HEIN2,Heinsohn Solar 2,IL,DeKalb,staged_only,,2.0,,OP
69912:HIN2A,Heinsohn Solar 2A,IL,DeKalb,staged_only,,2.0,,OP
69913:HPNZ1,Hoppe Nitzberg Solar 1,IL,DeKalb,staged_only,,2.0,,OP
69914:HPN1A,Hoppe Nitzberg Solar 1A,IL,DeKalb,staged_only,,2.0,,OP
69915:ENG1A,Engel Solar 1A,IL,DeKalb,staged_only,,2.0,,OP
69916:BRIMF,Brimfield Solar,IL,Peoria,staged_only,,2.0,,OP
69917:ESSEX,Essex Solar,IL,Stark,staged_only,,4.0,,OP
69918:PIROL,Midwest Power Partners LLC (Pirolo),IL,Madison,staged_only,,5.0,,OP
69919:RCKCT,Rock Cut Solar,IL,Winnebago,staged_only,,4.0,,OP
69920:SHISS,Shissler Solar,IL,Peoria,staged_only,,2.0,,OP
69921:USSCC,USS Clear Creek Solar,IL,Cass,staged_only,,3.0,,OP
69922:LOWE,USS Lowe Solar,IL,Kankakee,staged_only,,2.0,,OP
69923:USSV1,USS Vermilion Solar 1 LLC (Vermilion 1),IL,Vermilion,staged_only,,2.0,,OP
69924:USSV2,USS Vermilion Solar 1 LLC (Vermilion 2),IL,Vermilion,staged_only,,2.0,,OP
69926:TRPPV,Trane Pueblo,CO,Pueblo,staged_only,,1.4,,OP
69928:OSDF1,Osmond 1,NE,Pierce,staged_only,,1.6,,OP
69942:DUBA,Dudley,MA,Worcester,staged_only,,2.4,,OP
69942:DUDL,Dudley,MA,Worcester,staged_only,,3.6,,OP
69943:HEWIN,Sheffield Hewins,MA,Berkshire,staged_only,,2.1,,OP
69951:VNLD2,Vineland Solar LLC,NJ,Cumberland,staged_only,,15.0,,OP
69953:DSC,DS Containers,IL,Dupage,staged_only,,1.8,,OP
69954:SOUTH,Kearsarge Southampton,NY,Suffolk,staged_only,,4.5,,OP
69955:SJOHN,Kearsarge St Johnsville,NY,Montgomery,staged_only,,5.0,,OP
69957:PV,Illinois PV Adams 1A,IL,Adams,staged_only,,2.0,,OP
69958:PV,Illinois PV Adams 1B,IL,Adams,staged_only,,2.0,,OP
69959:PV,Illinois PV Adams 2A,IL,Adams,staged_only,,2.0,,OP
69960:PV,Illinois PV Adams 2B,IL,Adams,staged_only,,2.0,,OP
69961:PV,Illinois PV Peoria 2A,IL,Peoria,staged_only,,2.0,,OP
69962:PV,Illinois PV Peoria 2B,IL,Peoria,staged_only,,2.0,,OP
69975:TELV1,Telview ESS,TX,Harris,staged_only,,10.0,,OP
69976:IEYE1,I-Eye ESS,TX,Wharton,staged_only,,10.0,,OP
69979:GT1,MPH Elwood,IL,Will,staged_only,,192.0,,OP
69979:GT2,MPH Elwood,IL,Will,staged_only,,192.0,,OP
69980:UNIT4,Kiefer Landfill Generating Phase II,CA,Sacramento,staged_only,,3.1,,OP
69980:UNIT5,Kiefer Landfill Generating Phase II,CA,Sacramento,staged_only,,3.1,,OP
69985:PV1,Cortlandville,NY,Cortland,staged_only,,5.0,,OP
69986:PV1,Pomfret II Community Solar,NY,Chautauqua,staged_only,,4.7,,OP
69987:PV1,2065 George St Community Solar,IL,Cook,staged_only,,3.2,,OP
69:11,Haines,AK,Haines,capacity_or_status_changed,1.9,1.8,OP,OP
69:IC8A,Haines,AK,Haines,existing_only,1.6,,OP,
70013:1,Arrowhead Emergency Generating Station,MN,Cook,staged_only,,2.0,,OP
70013:2,Arrowhead Emergency Generating Station,MN,Cook,staged_only,,2.0,,OP
70013:3,Arrowhead Emergency Generating Station,MN,Cook,staged_only,,2.0,,OP
70013:4,Arrowhead Emergency Generating Station,MN,Cook,staged_only,,2.0,,OP
70013:5,Arrowhead Emergency Generating Station,MN,Cook,staged_only,,2.0,,OP
70013:6,Arrowhead Emergency Generating Station,MN,Cook,staged_only,,2.0,,OP
70013:7,Arrowhead Emergency Generating Station,MN,Cook,staged_only,,2.0,,OP
70013:8,Arrowhead Emergency Generating Station,MN,Cook,staged_only,,2.0,,OP
70013:9,Arrowhead Emergency Generating Station,MN,Cook,staged_only,,2.0,,OP
70014:BCHS1,IL - ForeFront CS (BBCHS 1) Community Solar,IL,Kankakee,staged_only,,5.0,,OP
70015:BCHS2,IL - ForeFront CS (BBCHS 2) Community Solar,IL,Kankakee,staged_only,,2.0,,OP
70016:BRMF2,IL - ForeFront CS (Brimfield 2),IL,Peoria,staged_only,,2.0,,OP
70017:HNTLY,IL - ForeFront CS (Huntley),IL,McHenry,staged_only,,2.9,,OP
70037:TOTAL,LAX Rental Car Center Solar Power Plant,CA,Los Angeles,staged_only,,4.8,,OP
70038:WINGM,Wingmaster,CA,Kern,staged_only,,1.5,,OP
70039:HALOS,Wonderful Citrus - Delano,CA,Kern,staged_only,,2.8,,OP
70041:BGREC,Bowling Green Renewable Energy Center,MO,Pike,staged_only,,50.0,,OP
70042:19332,Limestone - (ME),ME,Aroostook,staged_only,,4.0,,OP
70043:16877,Clover - (IL) CSG,IL,Whiteside,staged_only,,5.0,,OP
70054:SP603,DG CS NY Townline,NY,Erie,staged_only,,5.0,,OP
70057:ERDS,"GSPP 9557 E Rd S, LLC",NY,Lewis,staged_only,,2.3,,OP
70058:ERDN,"GSPP 9605 E Rd N, LLC",NY,Lewis,staged_only,,2.3,,OP
70059:RT262,"GSPP ROUTE 262, LLC",NY,Genesee,staged_only,,5.0,,OP
70060:WBC,"GSPP Worcester Business Center, LLC",MA,Worcester,staged_only,,1.5,,OP
70061:LOST,"AEDG CA I, LLC",CA,Kern,staged_only,,2.2,,OP
70062:CBEP6,"CBEP SOLAR 6, LLC",CO,Weld,staged_only,,4.5,,OP
70063:CURT,"GSPP 1450 Curtiss Rd, LLC",NY,Oneida,staged_only,,3.5,,OP
70066:HIGH1,"Highland Solar 1, LLC",IL,Madison,staged_only,,2.0,,OP
70067:PEARL,"Pearl St Solar 1, LLC",IL,Tazewell,staged_only,,2.0,,OP
70068:GCLK1,"Clark Solar 2, LLC",IL,Mason,staged_only,,2.0,,OP
70069:MARN1,"Marine Solar 1, LLC",IL,Madison,staged_only,,2.0,,OP
70070:MARN2,"Marine Solar 2, LLC",IL,Madison,staged_only,,2.0,,OP
70071:SCHMT,"Schmidt Huser Solar, LLC",IL,Tazewell,staged_only,,1.5,,OP
70072:CAMRN,"Cameron Solar, LLC - (IL)",IL,Peoria,staged_only,,2.0,,OP
70073:GB650,"Galesburg 650 Solar 1, LLC",IL,Knox,staged_only,,2.0,,OP
70074:HPWLL,"Hopewell Solar, LLC",IL,Marshall,staged_only,,1.6,,OP
70096:RCCBA,Riverside Community College,CA,Riverside,staged_only,,0.5,,OP
70096:RCCPV,Riverside Community College,CA,Riverside,staged_only,,2.1,,OP
70110:PLPV,Parkton Landfill,MD,Baltimore,staged_only,,4.7,,OP
70111:KSBA,Kern Co Sheriff,CA,Kern,staged_only,,0.4,,OP
70111:KSPV,Kern Co Sheriff,CA,Kern,staged_only,,0.8,,OP
70113:USAUB,USS Auburn Solar,CO,Weld,staged_only,,4.9,,OP
70121:GEN1,Fort Morgan Solar,CO,Morgan,staged_only,,3.4,,OP
70122:GEN1,Yuma Solar,CO,Yuma,staged_only,,2.8,,OP
70124:GEN1,Alliance Solar,NE,Box Butte,staged_only,,7.8,,OP
70125:GEN1,Crete Solar,NE,Saline,staged_only,,1.6,,OP
70127:GEN1,Gering Solar,NE,Scotts Bluff,staged_only,,4.0,,OP
70129:GEN1,Sidney Solar,NE,Cheyenne,staged_only,,3.8,,OP
70131:GEN1,Indianola Solar,IA,Warren,staged_only,,3.4,,OP
70133:GEN1,Waverly Solar - (IA),IA,Bremer,staged_only,,3.6,,OP
70139:TWLAN,Twin Lantern Solar Project,NY,Madison,staged_only,,1.4,,OP
70140:KNTPD,"Knights Pond Solar, LLC",ME,York,staged_only,,3.9,,OP
70141:BETHL,"NRS Bethel Solar, LLC",ME,Oxford,staged_only,,3.0,,OP
70142:REGRD,"RE Gardiner Solar, LLC",ME,Kennebec,staged_only,,3.9,,OP
70143:RESID,"RE Sidney Solar, LLC",ME,Kennebec,staged_only,,2.1,,OP
70144:HERMN,"Hermon Solar, LLC",ME,Penobscot,staged_only,,5.0,,OP
70145:SMRST,"Somerset Solar, LLC (ME)",ME,Somerset,staged_only,,5.0,,OP
70146:BRWER,"Brewer PV, LLC",ME,Penobscot,staged_only,,5.0,,OP
70147:SPRIS,"South Paris PV, LLC",ME,Oxford,staged_only,,5.0,,OP
70148:VASSL,"Vassalboro PV, LLC",ME,Kennebec,staged_only,,3.3,,OP
70149:WNSLW,"Winslow PV, LLC",ME,Kennebec,staged_only,,4.1,,OP
70150:SPRLN,"Sparland Solar, LLC",IL,Marshall,staged_only,,2.0,,OP
70151:REF2B,"SV CSG Reifschneider II B, LLC",IL,St Clair,staged_only,,2.0,,OP
70152:REF3A,"SV CSG Reifschneider III A, LLC",IL,St Clair,staged_only,,2.0,,OP
70153:ALDGA,"SV CSG Aldridge A, LLC",IL,Lawrence,staged_only,,2.0,,OP
70154:ALDGB,"SV CSG Aldridge B, LLC",IL,Lawrence,staged_only,,2.0,,OP
70155:REF1A,"SV CSG Reifschneider I A, LLC",IL,St Clair,staged_only,,1.0,,OP
70156:REF1B,"SV CSG Reifschneider I B, LLC",IL,St Clair,staged_only,,2.0,,OP
70157:REF2A,"SV CSG Reifschneider II A, LLC",IL,St Clair,staged_only,,2.0,,OP
70158:MARSH,"Marshfield Solar, LLC",ME,Washington,staged_only,,2.0,,OP
70159:GTWAY,"Gateway Solar, LLC",ME,Penobscot,staged_only,,4.0,,OP
70160:OXFRD,"Oxford Solar, LLC",ME,Oxford,staged_only,,1.6,,OP
70161:BLFST,"Belfast PV, LLC",ME,Waldo,staged_only,,2.5,,OP
70162:GARDA,"Gardiner A, LLC",ME,Kennebec,staged_only,,4.0,,OP
70163:CHSTA,"Chester A, LLC",ME,Franklin,staged_only,,3.3,,OP
70173:SOLAR,San Francisco Bay Coffee,CA,Placer,staged_only,,1.0,,OP
70174:NBOPA,Niagara Bottling Ontario PHI,CA,San Bernardino,staged_only,,2.7,,OP
70179:1,"FL Solar D1, LLC",FL,Gadsden,staged_only,,4.0,,OP
70180:1,"FL Solar D2, LLC",FL,Wakulla,staged_only,,2.0,,OP
70184:COVEN,WSD Coventry,RI,Kent,staged_only,,5.0,,OP
70189:MAXCY,"Maxcy's Mill Solar, LLC",ME,Kennebec,staged_only,,2.0,,OP
70190:UNION,"Union Street Solar, LLC",ME,Penobscot,staged_only,,2.0,,OP
70191:WALDO,"Waldoboro Solar, LLC",ME,Knox,staged_only,,2.0,,OP
70192:CRWLY,"Crowley Solar, LLC",ME,Androscoggin,staged_only,,2.0,,OP
70208:PENCC,PCC Solar Array,OH,Wood,staged_only,,1.0,,OP
70209:VERTI,Vertiv Solar,OH,Delaware,staged_only,,1.1,,OP
70213:SUPPV,City of Superior,NE,Nuckolls,staged_only,,1.0,,OP
70214:KSBAT,KSU Solar Array,OH,Portage,staged_only,,1.9,,OP
70214:KSUSA,KSU Solar Array,OH,Portage,staged_only,,5.5,,OP
70215:TJXEN,TJX Engine,PA,Philadelphia,staged_only,,3.0,,OP
70216:TOSOH,Tosoh SMD,OH,Franklin,staged_only,,3.5,,OP
70217:KPENG,Kroger,OH,Licking,staged_only,,1.5,,OP
70224:GVECS,GVEC,TX,Guadalupe,staged_only,,2.0,,OP
7147:3,Mill Creek 3,CA,San Bernardino,existing_only,1.0,,OP,
7147:4,Mill Creek 3,CA,San Bernardino,existing_only,1.0,,OP,
7147:5,Mill Creek 3,CA,San Bernardino,existing_only,1.0,,OP,
7169:1A,Northway,AK,Southeast Fairbanks,existing_only,0.5,,OP,
7169:2A,Northway,AK,Southeast Fairbanks,existing_only,0.2,,OP,
7169:2B,Northway,AK,Southeast Fairbanks,staged_only,,0.3,,OP
7169:3A,Northway,AK,Southeast Fairbanks,staged_only,,0.4,,OP
7169:5,Northway,AK,Southeast Fairbanks,existing_only,0.4,,OP,
7493:1,King Cove,AK,Aleutians East,capacity_or_status_changed,0.3,1.1,OP,OP
7493:2,King Cove,AK,Aleutians East,existing_only,0.5,,OP,
7493:3,King Cove,AK,Aleutians East,capacity_or_status_changed,0.7,0.5,OP,OP
7493:4,King Cove,AK,Aleutians East,capacity_or_status_changed,0.8,0.5,OP,OP
7493:5,King Cove,AK,Aleutians East,capacity_or_status_changed,0.3,0.8,OP,OP
7927:1,Buffalo Mountain,TN,Anderson,existing_only,0.6,,OP,
7927:2,Buffalo Mountain,TN,Anderson,existing_only,0.6,,OP,
7927:3,Buffalo Mountain,TN,Anderson,existing_only,0.6,,OP,
808:2,Jarvis (Hinckley),NY,Oneida,existing_only,4.5,,OP,
